entrega_id,pedido_id,fecha_salida_id,fecha_entrega_id,conductor_id,vehiculo_id,ruta_id,hora_salida,hora_entrega,tiempo_real_min,tiempo_estimado_min,retraso_min,entrega_a_tiempo,estado_entrega
600000,509935,20250414,20250414,20018,30011,40035,14:15:00,17:44:00,209,107,102,No,Entregada
600001,506390,20250318,20250318,20041,30009,40073,11:30:00,14:25:00,175,83,92,No,Entregada
600002,509816,20260412,20260412,20037,30023,40028,08:11:00,11:52:00,221,115,106,No,Entregada
600003,508001,20260814,20260814,20032,30020,40032,07:20:00,09:15:00,115,55,60,No,Entregada
600004,502102,20260504,20260504,20048,30002,40006,09:01:00,11:53:00,172,70,102,No,Entregada
600005,505717,20260520,20260520,20031,30007,40049,10:34:00,13:05:00,151,69,82,No,Entregada
600006,502702,20260706,20260706,20028,30005,40044,14:38:00,17:04:00,146,72,74,No,Retrasada
600007,509257,20250919,20250919,20033,30020,40008,13:12:00,15:37:00,145,58,87,No,Entregada
600008,509095,20250824,20250824,20045,30024,40046,09:10:00,11:22:00,132,33,99,No,Entregada
600009,508783,20250822,20250822,20031,30010,40020,12:08:00,13:12:00,64,43,21,No,Retrasada
600010,509783,20251128,20251128,20037,30021,40052,12:43:00,13:39:00,56,55,1,Sí,Retrasada
600011,508597,20250429,20250429,20031,30002,40066,13:53:00,17:01:00,188,81,107,No,Entregada
600012,505493,20251226,20251226,20017,30029,40062,13:25:00,15:18:00,113,76,37,No,Entregada
600013,502009,20260205,20260205,20018,30009,40080,11:36:00,12:54:00,78,15,63,No,Entregada
600014,500643,20261009,20261009,20026,30011,40090,14:39:00,15:47:00,68,36,32,No,Entregada
600015,505038,20260917,20260917,20048,30020,40090,07:21:00,08:54:00,93,36,57,No,Entregada
600016,506949,20260723,20260723,20031,30023,40098,16:20:00,18:38:00,138,31,107,No,Retrasada
600017,507184,20260305,20260305,20024,30011,40066,07:58:00,10:49:00,171,81,90,No,Entregada
600018,508382,20251124,20251124,20024,30017,40018,14:55:00,16:56:00,121,80,41,No,Entregada
600019,505057,20250416,20250416,20017,30012,40059,10:09:00,11:31:00,82,23,59,No,Entregada
600020,506711,20250212,20250212,20033,30026,40089,16:22:00,18:20:00,118,57,61,No,Entregada
600021,501648,20250317,20250317,20018,30019,40096,16:26:00,18:50:00,144,37,107,No,Retrasada
600022,509175,20260916,20260916,20005,30026,40095,15:24:00,18:32:00,188,73,115,No,Entregada
600023,504286,20251218,20251218,20017,30014,40049,15:04:00,16:15:00,71,69,2,Sí,Entregada
600024,500987,20261024,20261024,20042,30002,40085,17:46:00,19:17:00,91,41,50,No,Entregada
600025,501915,20250919,20250919,20032,30001,40094,09:46:00,10:30:00,44,24,20,No,Entregada
600026,505732,20260814,20260814,20022,30026,40011,13:27:00,15:02:00,95,78,17,No,Entregada
600027,504996,20261026,20261026,20001,30024,40090,12:15:00,14:19:00,124,36,88,No,Entregada
600028,503209,20260605,20260605,20048,30005,40006,11:01:00,12:24:00,83,70,13,Sí,Entregada
600029,504447,20250309,20250309,20035,30015,40015,12:45:00,13:57:00,72,64,8,Sí,Entregada
600030,507562,20260208,20260208,20026,30020,40008,12:39:00,14:29:00,110,58,52,No,Entregada
600031,503044,20260606,20260606,20026,30027,40037,13:06:00,15:58:00,172,81,91,No,Entregada
600032,508812,20250816,20250816,20028,30027,40078,14:34:00,16:57:00,143,84,59,No,Retrasada
600033,507109,20250720,20250720,20049,30002,40094,15:28:00,16:35:00,67,24,43,No,Entregada
600034,504727,20250407,20250407,20026,30014,40099,07:34:00,08:13:00,39,32,7,Sí,Retrasada
600035,500744,20251101,20251101,20035,30017,40066,08:20:00,10:58:00,158,81,77,No,Entregada
600036,502906,20260806,20260806,20032,30030,40092,16:21:00,17:19:00,58,23,35,No,Entregada
600037,509947,20250703,20250703,20049,30001,40003,13:27:00,15:52:00,145,42,103,No,Entregada
600038,506756,20250721,20250721,20024,30016,40034,13:29:00,14:07:00,38,37,1,Sí,Entregada
600039,508953,20260628,20260628,20022,30003,40078,08:45:00,11:02:00,137,84,53,No,Entregada
600040,505020,20261228,20261228,20018,30011,40040,14:56:00,16:15:00,79,76,3,Sí,Entregada
600041,508362,20260225,20260225,20031,30019,40028,13:41:00,16:38:00,177,115,62,No,Retrasada
600042,507293,20251112,20251112,20046,30005,40092,16:15:00,18:07:00,112,23,89,No,Entregada
600043,502671,20261127,20261127,20003,30003,40093,10:21:00,11:33:00,72,39,33,No,Entregada
600044,502925,20250915,20250915,20026,30014,40077,11:29:00,12:54:00,85,24,61,No,Entregada
600045,506081,20250914,20250914,20028,30010,40039,11:30:00,14:17:00,167,73,94,No,Entregada
600046,507255,20250609,20250609,20026,30027,40060,14:41:00,16:58:00,137,66,71,No,Entregada
600047,509699,20260904,20260904,20048,30026,40082,11:11:00,13:51:00,160,74,86,No,Retrasada
600048,509853,20260223,20260223,20001,30002,40096,11:55:00,14:32:00,157,37,120,No,Entregada
600049,500310,20260912,20260912,20002,30009,40065,12:37:00,15:02:00,145,61,84,No,Entregada
600050,504414,20260102,20260102,20024,30024,40032,07:52:00,10:37:00,165,55,110,No,Retrasada
600051,508115,20250328,20250328,20018,30015,40093,10:36:00,11:38:00,62,39,23,No,Retrasada
600052,506269,20260123,20260123,20046,30015,40004,13:19:00,15:18:00,119,60,59,No,Entregada
600053,506551,20251215,20251215,20003,30015,40059,07:40:00,09:51:00,131,23,108,No,Entregada
600054,504834,20251108,20251108,20048,30010,40081,07:14:00,09:16:00,122,94,28,No,Entregada
600055,509832,20260707,20260707,20047,30013,40035,08:04:00,10:35:00,151,107,44,No,Entregada
600056,508968,20260131,20260131,20022,30023,40008,15:40:00,18:06:00,146,58,88,No,Retrasada
600057,503302,20260913,20260913,20048,30026,40087,09:08:00,12:28:00,200,113,87,No,Entregada
600058,501095,20250620,20250620,20011,30009,40099,17:47:00,20:06:00,139,32,107,No,Entregada
600059,502249,20251129,20251129,20035,30024,40010,08:02:00,10:44:00,162,75,87,No,Entregada
600060,501677,20261209,20261209,20005,30002,40073,15:18:00,16:51:00,93,83,10,Sí,Entregada
600061,507214,20250423,20250423,20018,30030,40035,13:31:00,16:38:00,187,107,80,No,Entregada
600062,500677,20261102,20261102,20018,30014,40005,13:58:00,15:20:00,82,48,34,No,Entregada
600063,505240,20250817,20250817,20018,30015,40021,13:18:00,15:50:00,152,120,32,No,Retrasada
600064,501668,20250503,20250503,20003,30011,40082,15:09:00,16:27:00,78,74,4,Sí,Entregada
600065,506968,20260917,20260917,20018,30015,40058,07:40:00,10:55:00,195,93,102,No,Entregada
600066,502913,20260820,20260820,20031,30013,40049,09:14:00,10:50:00,96,69,27,No,Entregada
600067,504177,20260402,20260402,20024,30015,40082,07:32:00,09:58:00,146,74,72,No,Entregada
600068,502039,20261001,20261001,20003,30029,40041,15:22:00,17:41:00,139,92,47,No,Entregada
600069,503154,20260601,20260601,20037,30005,40018,16:33:00,18:15:00,102,80,22,No,Entregada
600070,502635,20250729,20250729,20018,30003,40063,08:38:00,10:57:00,139,52,87,No,Entregada
600071,505648,20250325,20250325,20047,30021,40005,16:06:00,17:37:00,91,48,43,No,Entregada
600072,503360,20260404,20260404,20031,30010,40093,17:12:00,18:55:00,103,39,64,No,Entregada
600073,506296,20260707,20260707,20001,30029,40057,14:41:00,16:23:00,102,56,46,No,Entregada
600074,500411,20260207,20260207,20028,30012,40047,07:04:00,07:43:00,39,37,2,Sí,Entregada
600075,505065,20260103,20260103,20041,30006,40003,15:22:00,17:33:00,131,42,89,No,Retrasada
600076,500339,20261216,20261216,20017,30009,40002,13:32:00,14:40:00,68,55,13,Sí,Retrasada
600077,507777,20250422,20250422,20032,30007,40005,07:14:00,09:20:00,126,48,78,No,Entregada
600078,500791,20260710,20260710,20024,30027,40040,16:13:00,18:58:00,165,76,89,No,Entregada
600079,501266,20260222,20260222,20035,30013,40039,16:34:00,19:03:00,149,73,76,No,Retrasada
600080,503076,20260611,20260611,20003,30021,40065,11:00:00,13:36:00,156,61,95,No,Entregada
600081,506198,20260501,20260501,20041,30007,40055,08:35:00,10:44:00,129,78,51,No,Retrasada
600082,504394,20250103,20250103,20026,30013,40018,15:04:00,16:27:00,83,80,3,Sí,Entregada
600083,506422,20261213,20261213,20048,30011,40095,10:50:00,12:25:00,95,73,22,No,Entregada
600084,506517,20260522,20260522,20026,30024,40028,17:54:00,21:37:00,223,115,108,No,Entregada
600085,504438,20250711,20250711,20024,30019,40022,16:00:00,18:32:00,152,110,42,No,Entregada
600086,508922,20260404,20260404,20048,30011,40008,15:44:00,17:17:00,93,58,35,No,Entregada
600087,504369,20261020,20261020,20037,30024,40051,11:02:00,12:16:00,74,43,31,No,Entregada
600088,504424,20260917,20260917,20017,30030,40093,16:37:00,18:41:00,124,39,85,No,Entregada
600089,507020,20260316,20260316,20017,30019,40086,16:16:00,18:40:00,144,103,41,No,Entregada
600090,502374,20260127,20260127,20037,30010,40028,17:45:00,20:41:00,176,115,61,No,Entregada
600091,505609,20251204,20251204,20024,30019,40090,07:27:00,08:30:00,63,36,27,No,Entregada
600092,502035,20260414,20260414,20047,30001,40055,16:15:00,19:20:00,185,78,107,No,Entregada
600093,504205,20251009,20251009,20018,30027,40032,12:30:00,14:48:00,138,55,83,No,Entregada
600094,506339,20251211,20251211,20035,30015,40078,12:47:00,16:09:00,202,84,118,No,Retrasada
600095,500951,20260125,20260125,20033,30003,40089,10:50:00,13:15:00,145,57,88,No,Entregada
600096,500976,20250613,20250613,20016,30009,40084,10:44:00,12:18:00,94,33,61,No,Entregada
600097,506315,20261017,20261017,20026,30016,40098,13:16:00,13:47:00,31,31,0,Sí,Entregada
600098,506100,20250831,20250831,20024,30023,40029,17:32:00,19:14:00,102,76,26,No,Entregada
600099,505710,20260901,20260901,20047,30024,40001,11:18:00,13:58:00,160,45,115,No,Retrasada
600100,507405,20250601,20250601,20049,30002,40008,14:35:00,17:15:00,160,58,102,No,Entregada
600101,507017,20260616,20260616,20047,30011,40009,17:48:00,18:54:00,66,40,26,No,Entregada
600102,501646,20260422,20260422,20022,30023,40027,10:44:00,13:06:00,142,81,61,No,Entregada
600103,506605,20260417,20260417,20048,30014,40032,10:53:00,12:38:00,105,55,50,No,Entregada
600104,504737,20250920,20250920,20048,30030,40039,13:13:00,15:09:00,116,73,43,No,Entregada
600105,503686,20261221,20261221,20024,30007,40084,17:07:00,18:11:00,64,33,31,No,Entregada
600106,500685,20251130,20251130,20024,30020,40084,10:52:00,12:52:00,120,33,87,No,Retrasada
600107,504363,20250422,20250422,20033,30009,40034,08:52:00,10:20:00,88,37,51,No,Entregada
600108,505186,20260305,20260305,20048,30024,40086,15:16:00,18:00:00,164,103,61,No,Entregada
600109,504136,20250907,20250907,20007,30009,40087,16:23:00,19:13:00,170,113,57,No,Retrasada
600110,509216,20260601,20260601,20017,30029,40057,15:29:00,16:36:00,67,56,11,Sí,Entregada
600111,508734,20260916,20260916,20024,30007,40060,13:25:00,15:09:00,104,66,38,No,Retrasada
600112,501782,20260612,20260612,20047,30020,40099,08:52:00,09:26:00,34,32,2,Sí,Entregada
600113,502751,20260807,20260807,20048,30024,40005,17:24:00,19:52:00,148,48,100,No,Entregada
600114,507409,20260603,20260603,20045,30024,40095,08:20:00,10:28:00,128,73,55,No,Entregada
600115,507772,20251204,20251204,20022,30023,40084,08:52:00,10:23:00,91,33,58,No,Entregada
600116,500032,20250119,20250119,20024,30014,40096,17:41:00,18:19:00,38,37,1,Sí,Entregada
600117,501624,20250529,20250529,20049,30001,40082,16:25:00,19:10:00,165,74,91,No,Entregada
600118,506193,20260220,20260220,20033,30001,40032,10:44:00,13:05:00,141,55,86,No,Entregada
600119,503722,20260627,20260627,20018,30007,40054,13:42:00,15:04:00,82,82,0,Sí,Entregada
600120,505335,20261117,20261117,20003,30019,40087,07:52:00,09:46:00,114,113,1,Sí,Entregada
600121,504856,20260910,20260910,20048,30029,40059,13:55:00,15:01:00,66,23,43,No,Retrasada
600122,501806,20250903,20250903,20048,30016,40054,14:18:00,17:38:00,200,82,118,No,Entregada
600123,503368,20260716,20260716,20026,30016,40084,10:03:00,11:50:00,107,33,74,No,Entregada
600124,508493,20260515,20260515,20018,30016,40089,11:53:00,13:06:00,73,57,16,No,Entregada
600125,508272,20250412,20250412,20017,30016,40077,17:09:00,17:56:00,47,24,23,No,Entregada
600126,502977,20251025,20251025,20003,30005,40037,15:30:00,18:00:00,150,81,69,No,Entregada
600127,501385,20250929,20250929,20041,30016,40059,09:23:00,11:37:00,134,23,111,No,Entregada
600128,502024,20250223,20250223,20035,30021,40073,10:20:00,13:19:00,179,83,96,No,Entregada
600129,509732,20250829,20250829,20048,30009,40035,12:25:00,15:10:00,165,107,58,No,Entregada
600130,503173,20250113,20250113,20022,30023,40032,12:48:00,15:02:00,134,55,79,No,Entregada
600131,500083,20260715,20260715,20003,30011,40062,17:59:00,19:17:00,78,76,2,Sí,Retrasada
600132,507013,20250624,20250624,20005,30003,40008,13:42:00,15:38:00,116,58,58,No,Entregada
600133,505574,20260208,20260208,20026,30006,40008,15:30:00,17:57:00,147,58,89,No,Entregada
600134,508260,20251030,20251030,20017,30003,40040,09:27:00,11:01:00,94,76,18,No,Entregada
600135,509674,20251110,20251110,20026,30019,40009,15:08:00,17:23:00,135,40,95,No,Entregada
600136,500579,20260712,20260712,20031,30021,40005,17:39:00,18:59:00,80,48,32,No,Entregada
600137,501803,20251209,20251209,20003,30011,40006,12:37:00,14:25:00,108,70,38,No,Entregada
600138,505158,20260514,20260514,20024,30015,40042,17:40:00,21:03:00,203,100,103,No,Entregada
600139,500651,20250917,20250917,20026,30007,40006,14:52:00,16:12:00,80,70,10,Sí,Retrasada
600140,501526,20250302,20250302,20024,30030,40087,09:30:00,12:12:00,162,113,49,No,Entregada
600141,503835,20261008,20261008,20017,30013,40058,11:57:00,14:00:00,123,93,30,No,Retrasada
600142,506617,20261210,20261210,20046,30023,40021,11:22:00,15:00:00,218,120,98,No,Entregada
600143,505435,20250713,20250713,20033,30015,40041,12:45:00,14:32:00,107,92,15,Sí,Entregada
600144,505013,20250118,20250118,20031,30006,40065,16:31:00,19:23:00,172,61,111,No,Entregada
600145,505999,20250513,20250513,20003,30029,40057,07:01:00,09:49:00,168,56,112,No,Retrasada
600146,507574,20251020,20251020,20028,30026,40013,12:03:00,13:30:00,87,87,0,Sí,Entregada
600147,507977,20260101,20260101,20047,30015,40059,14:32:00,15:06:00,34,23,11,Sí,Entregada
600148,500429,20250211,20250211,20024,30027,40042,09:39:00,11:55:00,136,100,36,No,Retrasada
600149,504814,20260921,20260921,20026,30027,40076,07:08:00,10:10:00,182,64,118,No,Entregada
600150,509523,20260111,20260111,20047,30012,40059,08:38:00,10:45:00,127,23,104,No,Entregada
600151,507221,20250829,20250829,20024,30019,40046,10:27:00,11:18:00,51,33,18,No,Entregada
600152,501344,20250729,20250729,20033,30024,40071,13:43:00,14:49:00,66,64,2,Sí,Retrasada
600153,500406,20251021,20251021,20001,30003,40072,07:53:00,10:08:00,135,112,23,No,Entregada
600154,508725,20260123,20260123,20041,30007,40089,17:27:00,20:23:00,176,57,119,No,Entregada
600155,505210,20250225,20250225,20042,30002,40029,17:24:00,19:54:00,150,76,74,No,Entregada
600156,507360,20260520,20260520,20017,30030,40093,13:59:00,15:49:00,110,39,71,No,Entregada
600157,504542,20260115,20260115,20024,30030,40007,08:43:00,10:10:00,87,50,37,No,Entregada
600158,500502,20251229,20251229,20026,30016,40032,11:13:00,13:31:00,138,55,83,No,Entregada
600159,500292,20260703,20260703,20041,30010,40009,08:51:00,11:09:00,138,40,98,No,Entregada
600160,503350,20260205,20260205,20017,30027,40086,08:38:00,11:49:00,191,103,88,No,Entregada
600161,502345,20250623,20250623,20031,30017,40086,12:37:00,14:44:00,127,103,24,No,Entregada
600162,500131,20250402,20250402,20017,30017,40098,09:42:00,11:18:00,96,31,65,No,Entregada
600163,503307,20260826,20260826,20047,30019,40084,09:40:00,11:32:00,112,33,79,No,Entregada
600164,500409,20250516,20250516,20003,30017,40078,13:37:00,16:08:00,151,84,67,No,Entregada
600165,503943,20250115,20250115,20024,30006,40059,15:23:00,16:06:00,43,23,20,No,Entregada
600166,506842,20250211,20250211,20003,30005,40073,09:14:00,10:44:00,90,83,7,Sí,Entregada
600167,501191,20250218,20250218,20041,30009,40014,13:40:00,15:35:00,115,49,66,No,Entregada
600168,502491,20250331,20250331,20022,30017,40032,14:39:00,16:06:00,87,55,32,No,Entregada
600169,504186,20250313,20250313,20003,30011,40001,14:49:00,16:32:00,103,45,58,No,Entregada
600170,506610,20261116,20261116,20035,30010,40042,07:21:00,10:59:00,218,100,118,No,Entregada
600171,507964,20251224,20251224,20003,30019,40089,07:37:00,10:23:00,166,57,109,No,Entregada
600172,507932,20260210,20260210,20017,30014,40021,13:04:00,16:45:00,221,120,101,No,Entregada
600173,501229,20260404,20260404,20048,30011,40022,14:17:00,16:57:00,160,110,50,No,Entregada
600174,509381,20260710,20260710,20031,30006,40014,11:42:00,12:38:00,56,49,7,Sí,Entregada
600175,501312,20260308,20260308,20048,30003,40089,10:45:00,12:08:00,83,57,26,No,Entregada
600176,502840,20250901,20250901,20005,30013,40011,17:08:00,18:46:00,98,78,20,No,Entregada
600177,506053,20260331,20260331,20047,30016,40018,15:00:00,16:47:00,107,80,27,No,Entregada
600178,501375,20250422,20250422,20005,30005,40082,17:58:00,20:20:00,142,74,68,No,Entregada
600179,505078,20251110,20251110,20026,30019,40005,16:06:00,16:57:00,51,48,3,Sí,Entregada
600180,508891,20250907,20250907,20028,30005,40034,07:48:00,09:28:00,100,37,63,No,Entregada
600181,501234,20250608,20250608,20018,30012,40018,09:51:00,11:27:00,96,80,16,No,Entregada
600182,509609,20261220,20261220,20047,30001,40003,09:37:00,11:50:00,133,42,91,No,Retrasada
600183,501321,20250103,20250103,20029,30002,40021,07:45:00,11:17:00,212,120,92,No,Entregada
600184,509834,20260703,20260703,20047,30023,40054,15:37:00,18:55:00,198,82,116,No,Retrasada
600185,509258,20260719,20260719,20047,30026,40029,07:36:00,10:30:00,174,76,98,No,Retrasada
600186,505762,20250823,20250823,20048,30006,40035,12:48:00,14:58:00,130,107,23,No,Entregada
600187,500172,20250704,20250704,20024,30029,40086,12:01:00,15:36:00,215,103,112,No,Entregada
600188,504421,20260329,20260329,20022,30015,40094,17:06:00,18:22:00,76,24,52,No,Entregada
600189,505652,20251006,20251006,20041,30001,40085,08:55:00,11:14:00,139,41,98,No,Entregada
600190,500547,20250506,20250506,20029,30009,40010,11:12:00,13:29:00,137,75,62,No,Retrasada
600191,507149,20260918,20260918,20028,30017,40049,09:40:00,12:13:00,153,69,84,No,Retrasada
600192,508068,20260417,20260417,20018,30019,40021,09:07:00,12:13:00,186,120,66,No,Entregada
600193,500048,20251120,20251120,20032,30013,40010,16:25:00,17:57:00,92,75,17,No,Retrasada
600194,504187,20250901,20250901,20005,30015,40010,12:22:00,14:34:00,132,75,57,No,Entregada
600195,509425,20260208,20260208,20047,30029,40040,17:25:00,20:24:00,179,76,103,No,Retrasada
600196,503169,20260217,20260217,20001,30021,40032,17:38:00,19:04:00,86,55,31,No,Entregada
600197,506897,20260722,20260722,20017,30026,40077,15:09:00,15:59:00,50,24,26,No,Entregada
600198,502418,20260206,20260206,20033,30020,40011,08:43:00,10:02:00,79,78,1,Sí,Entregada
600199,502428,20250814,20250814,20045,30017,40032,13:32:00,14:59:00,87,55,32,No,Entregada
600200,501498,20250410,20250410,20041,30024,40029,11:05:00,13:03:00,118,76,42,No,Entregada
600201,501108,20260311,20260311,20046,30005,40041,07:38:00,09:57:00,139,92,47,No,Entregada
600202,507147,20250724,20250724,20028,30014,40008,15:57:00,18:27:00,150,58,92,No,Entregada
600203,507892,20250826,20250826,20048,30030,40092,13:47:00,15:48:00,121,23,98,No,Entregada
600204,505356,20250929,20250929,20037,30021,40013,15:25:00,17:04:00,99,87,12,Sí,Entregada
600205,502369,20260426,20260426,20026,30027,40046,07:35:00,08:14:00,39,33,6,Sí,Entregada
600206,505361,20251012,20251012,20018,30019,40019,07:19:00,09:34:00,135,91,44,No,Entregada
600207,500586,20250723,20250723,20001,30010,40027,15:31:00,17:56:00,145,81,64,No,Entregada
600208,509379,20250821,20250821,20022,30005,40038,13:39:00,16:05:00,146,37,109,No,Entregada
600209,500324,20260902,20260902,20041,30007,40011,14:50:00,16:21:00,91,78,13,Sí,Entregada
600210,508325,20250525,20250525,20047,30001,40059,08:31:00,09:08:00,37,23,14,Sí,Retrasada
600211,509975,20250514,20250514,20037,30021,40020,07:50:00,10:10:00,140,43,97,No,Entregada
600212,507842,20251112,20251112,20024,30011,40046,16:34:00,17:31:00,57,33,24,No,Entregada
600213,504901,20250417,20250417,20041,30003,40047,09:04:00,10:42:00,98,37,61,No,Retrasada
600214,500122,20260202,20260202,20033,30005,40095,12:13:00,13:47:00,94,73,21,No,Retrasada
600215,503266,20260705,20260705,20032,30003,40002,12:41:00,14:33:00,112,55,57,No,Entregada
600216,500944,20250127,20250127,20046,30013,40042,07:53:00,10:21:00,148,100,48,No,Entregada
600217,507809,20260624,20260624,20035,30009,40003,14:23:00,16:51:00,148,42,106,No,Entregada
600218,502928,20261006,20261006,20022,30017,40046,11:23:00,13:36:00,133,33,100,No,Retrasada
600219,508090,20261226,20261226,20047,30019,40040,16:31:00,18:39:00,128,76,52,No,Retrasada
600220,505513,20260916,20260916,20001,30002,40047,17:19:00,19:43:00,144,37,107,No,Entregada
600221,506569,20260313,20260313,20031,30010,40008,08:42:00,09:44:00,62,58,4,Sí,Entregada
600222,501307,20260630,20260630,20047,30019,40076,12:49:00,15:00:00,131,64,67,No,Entregada
600223,501329,20260524,20260524,20047,30012,40098,17:55:00,19:12:00,77,31,46,No,Retrasada
600224,505935,20250907,20250907,20017,30019,40095,13:09:00,14:34:00,85,73,12,Sí,Retrasada
600225,509093,20260512,20260512,20022,30015,40003,17:58:00,20:25:00,147,42,105,No,Entregada
600226,507895,20260328,20260328,20018,30014,40081,08:59:00,10:49:00,110,94,16,No,Entregada
600227,503062,20250202,20250202,20028,30020,40099,17:03:00,18:37:00,94,32,62,No,Retrasada
600228,506257,20250225,20250225,20003,30010,40055,12:45:00,15:00:00,135,78,57,No,Entregada
600229,505399,20260506,20260506,20005,30023,40022,14:53:00,18:23:00,210,110,100,No,Entregada
600230,504593,20260810,20260810,20018,30027,40018,09:06:00,12:22:00,196,80,116,No,Entregada
600231,506228,20260418,20260418,20001,30006,40062,17:40:00,19:04:00,84,76,8,Sí,Entregada
600232,504199,20250607,20250607,20032,30016,40052,17:33:00,19:25:00,112,55,57,No,Retrasada
600233,509403,20251201,20251201,20031,30013,40076,08:35:00,09:39:00,64,64,0,Sí,Entregada
600234,505791,20250217,20250217,20017,30021,40065,16:19:00,19:17:00,178,61,117,No,Retrasada
600235,504800,20260411,20260411,20028,30012,40010,15:07:00,17:50:00,163,75,88,No,Entregada
600236,507776,20251110,20251110,20022,30026,40051,11:31:00,14:02:00,151,43,108,No,Entregada
600237,503502,20250416,20250416,20024,30030,40019,14:26:00,16:57:00,151,91,60,No,Entregada
600238,502180,20251221,20251221,20018,30009,40042,11:06:00,13:54:00,168,100,68,No,Entregada
600239,503231,20260520,20260520,20024,30013,40003,08:15:00,10:03:00,108,42,66,No,Entregada
600240,506329,20261214,20261214,20032,30020,40081,17:55:00,19:54:00,119,94,25,No,Entregada
600241,508390,20250311,20250311,20046,30024,40093,08:25:00,09:54:00,89,39,50,No,Entregada
600242,506919,20260830,20260830,20031,30029,40035,11:44:00,14:27:00,163,107,56,No,Entregada
600243,500708,20250801,20250801,20047,30012,40072,10:39:00,13:48:00,189,112,77,No,Entregada
600244,504812,20250425,20250425,20037,30005,40066,07:46:00,10:15:00,149,81,68,No,Entregada
600245,502966,20260327,20260327,20037,30021,40014,08:33:00,11:14:00,161,49,112,No,Entregada
600246,507041,20251003,20251003,20024,30021,40013,14:32:00,17:48:00,196,87,109,No,Retrasada
600247,505243,20250525,20250525,20005,30021,40077,10:37:00,12:16:00,99,24,75,No,Entregada
600248,500733,20250527,20250527,20026,30027,40065,14:11:00,16:41:00,150,61,89,No,Entregada
600249,508669,20250916,20250916,20017,30014,40027,16:10:00,18:55:00,165,81,84,No,Entregada
600250,501520,20250326,20250326,20005,30024,40065,11:48:00,14:28:00,160,61,99,No,Entregada
600251,500693,20250618,20250618,20047,30011,40071,12:56:00,15:33:00,157,64,93,No,Entregada
600252,501454,20261226,20261226,20046,30017,40072,15:41:00,17:55:00,134,112,22,No,Entregada
600253,505941,20250106,20250106,20032,30007,40086,08:39:00,12:19:00,220,103,117,No,Entregada
600254,503099,20250602,20250602,20026,30019,40058,09:59:00,12:05:00,126,93,33,No,Entregada
600255,502352,20260701,20260701,20047,30030,40054,17:58:00,20:54:00,176,82,94,No,Retrasada
600256,501775,20260627,20260627,20032,30014,40082,17:07:00,19:18:00,131,74,57,No,Entregada
600257,509530,20260817,20260817,20028,30001,40055,12:24:00,13:42:00,78,78,0,Sí,Retrasada
600258,509479,20251030,20251030,20026,30011,40011,15:35:00,18:41:00,186,78,108,No,Entregada
600259,502419,20260331,20260331,20003,30002,40095,12:35:00,14:03:00,88,73,15,Sí,Entregada
600260,500204,20260602,20260602,20032,30020,40085,11:17:00,13:56:00,159,41,118,No,Entregada
600261,508785,20260904,20260904,20024,30024,40073,09:39:00,12:54:00,195,83,112,No,Entregada
600262,502539,20250329,20250329,20031,30030,40032,13:19:00,15:44:00,145,55,90,No,Retrasada
600263,508150,20250213,20250213,20017,30019,40054,14:06:00,16:00:00,114,82,32,No,Retrasada
600264,506445,20260811,20260811,20047,30014,40042,11:27:00,14:47:00,200,100,100,No,Entregada
600265,503800,20250623,20250623,20005,30020,40058,16:36:00,19:15:00,159,93,66,No,Entregada
600266,507468,20250407,20250407,20035,30015,40032,09:47:00,11:14:00,87,55,32,No,Entregada
600267,504247,20260221,20260221,20017,30009,40092,07:42:00,09:18:00,96,23,73,No,Entregada
600268,500660,20261110,20261110,20031,30017,40084,11:44:00,13:00:00,76,33,43,No,Entregada
600269,504348,20250728,20250728,20026,30019,40003,07:11:00,08:05:00,54,42,12,Sí,Entregada
600270,508834,20261205,20261205,20003,30012,40073,12:01:00,14:58:00,177,83,94,No,Entregada
600271,506722,20260201,20260201,20028,30015,40005,11:12:00,12:01:00,49,48,1,Sí,Entregada
600272,506236,20260419,20260419,20018,30019,40035,07:34:00,11:15:00,221,107,114,No,Entregada
600273,507019,20260206,20260206,20018,30023,40003,08:29:00,10:37:00,128,42,86,No,Entregada
600274,502907,20260511,20260511,20048,30012,40055,17:04:00,18:29:00,85,78,7,Sí,Entregada
600275,505147,20260519,20260519,20024,30026,40086,17:01:00,19:09:00,128,103,25,No,Entregada
600276,507485,20261005,20261005,20031,30014,40022,08:54:00,11:17:00,143,110,33,No,Retrasada
600277,502865,20250903,20250903,20048,30020,40062,10:15:00,13:15:00,180,76,104,No,Entregada
600278,504855,20260426,20260426,20031,30012,40071,15:20:00,17:21:00,121,64,57,No,Entregada
600279,502078,20250320,20250320,20018,30016,40065,15:12:00,18:06:00,174,61,113,No,Entregada
600280,502590,20250921,20250921,20041,30030,40062,13:52:00,16:22:00,150,76,74,No,Entregada
600281,509627,20260802,20260802,20018,30019,40080,13:59:00,16:13:00,134,15,119,No,Entregada
600282,507438,20250226,20250226,20003,30017,40076,11:36:00,14:08:00,152,64,88,No,Retrasada
600283,503159,20251119,20251119,20026,30013,40029,13:33:00,16:49:00,196,76,120,No,Entregada
600284,501785,20250709,20250709,20032,30006,40039,14:36:00,17:29:00,173,73,100,No,Retrasada
600285,502175,20260812,20260812,20037,30003,40029,10:11:00,11:50:00,99,76,23,No,Entregada
600286,503812,20260617,20260617,20005,30013,40010,08:38:00,11:31:00,173,75,98,No,Entregada
600287,504623,20260601,20260601,20037,30026,40037,16:07:00,19:19:00,192,81,111,No,Retrasada
600288,501738,20260104,20260104,20048,30030,40077,08:35:00,10:20:00,105,24,81,No,Entregada
600289,506564,20260606,20260606,20003,30014,40002,10:09:00,11:27:00,78,55,23,No,Entregada
600290,500683,20260925,20260925,20031,30030,40066,07:36:00,10:32:00,176,81,95,No,Entregada
600291,509646,20260315,20260315,20041,30026,40086,13:08:00,15:02:00,114,103,11,Sí,Retrasada
600292,503220,20250706,20250706,20032,30007,40015,15:44:00,17:42:00,118,64,54,No,Entregada
600293,504212,20250608,20250608,20008,30002,40018,10:36:00,12:18:00,102,80,22,No,Entregada
600294,501736,20250909,20250909,20024,30002,40080,11:32:00,13:25:00,113,15,98,No,Entregada
600295,508255,20250319,20250319,20018,30015,40001,08:01:00,10:38:00,157,45,112,No,Retrasada
600296,503856,20261229,20261229,20033,30013,40037,12:41:00,15:25:00,164,81,83,No,Entregada
600297,502871,20250716,20250716,20047,30024,40044,07:18:00,08:42:00,84,72,12,Sí,Entregada
600298,503608,20260522,20260522,20047,30027,40081,17:11:00,19:33:00,142,94,48,No,Retrasada
600299,501978,20251217,20251217,20037,30029,40077,14:24:00,14:59:00,35,24,11,Sí,Entregada
600300,502246,20250629,20250629,20026,30005,40028,08:15:00,11:54:00,219,115,104,No,Entregada
600301,506392,20260813,20260813,20028,30016,40008,14:34:00,15:40:00,66,58,8,Sí,Entregada
600302,505468,20261018,20261018,20035,30015,40098,13:23:00,14:21:00,58,31,27,No,Entregada
600303,501349,20260108,20260108,20048,30015,40042,15:25:00,17:56:00,151,100,51,No,Entregada
600304,508214,20250517,20250517,20017,30021,40095,09:23:00,12:26:00,183,73,110,No,Entregada
600305,505598,20250803,20250803,20041,30016,40071,08:08:00,11:08:00,180,64,116,No,Entregada
600306,500823,20260808,20260808,20017,30014,40021,13:35:00,17:13:00,218,120,98,No,Entregada
600307,508936,20260712,20260712,20031,30005,40046,14:48:00,15:45:00,57,33,24,No,Entregada
600308,505456,20250714,20250714,20041,30020,40022,16:24:00,19:53:00,209,110,99,No,Entregada
600309,503813,20260602,20260602,20041,30016,40058,09:23:00,11:18:00,115,93,22,No,Entregada
600310,505554,20261012,20261012,20005,30026,40027,07:38:00,09:55:00,137,81,56,No,Entregada
600311,504783,20260614,20260614,20028,30015,40072,07:41:00,11:21:00,220,112,108,No,Entregada
600312,505857,20250818,20250818,20041,30030,40002,13:37:00,15:29:00,112,55,57,No,Entregada
600313,501183,20250206,20250206,20048,30010,40069,17:33:00,19:59:00,146,52,94,No,Entregada
600314,509410,20250204,20250204,20003,30023,40046,09:42:00,10:19:00,37,33,4,Sí,Entregada
600315,504588,20250331,20250331,20037,30029,40084,10:54:00,12:53:00,119,33,86,No,Entregada
600316,506622,20261108,20261108,20045,30002,40035,17:57:00,20:58:00,181,107,74,No,Entregada
600317,507271,20250829,20250829,20041,30029,40020,16:47:00,19:20:00,153,43,110,No,Entregada
600318,503979,20261130,20261130,20041,30027,40085,08:13:00,09:02:00,49,41,8,Sí,Entregada
600319,509262,20260208,20260208,20005,30020,40002,15:11:00,17:03:00,112,55,57,No,Entregada
600320,504126,20261108,20261108,20024,30005,40089,11:12:00,12:25:00,73,57,16,No,Entregada
600321,507642,20261227,20261227,20047,30006,40098,15:38:00,17:50:00,132,31,101,No,Entregada
600322,507425,20260913,20260913,20017,30005,40042,17:52:00,20:17:00,145,100,45,No,Entregada
600323,509757,20261123,20261123,20026,30027,40098,09:49:00,10:59:00,70,31,39,No,Entregada
600324,502244,20260320,20260320,20033,30015,40051,17:33:00,18:24:00,51,43,8,Sí,Retrasada
600325,504469,20251010,20251010,20017,30011,40093,15:36:00,17:20:00,104,39,65,No,Entregada
600326,505580,20250626,20250626,20041,30012,40021,09:44:00,12:12:00,148,120,28,No,Entregada
600327,508933,20250824,20250824,20048,30020,40049,12:38:00,14:24:00,106,69,37,No,Entregada
600328,508703,20260804,20260804,20046,30029,40076,15:15:00,16:26:00,71,64,7,Sí,Retrasada
600329,503138,20250401,20250401,20032,30006,40069,12:41:00,15:21:00,160,52,108,No,Entregada
600330,502861,20260315,20260315,20028,30005,40055,17:56:00,21:09:00,193,78,115,No,Entregada
600331,500913,20260530,20260530,20031,30005,40008,10:36:00,12:44:00,128,58,70,No,Entregada
600332,509179,20261101,20261101,20033,30006,40073,09:11:00,11:18:00,127,83,44,No,Entregada
600333,504068,20250728,20250728,20035,30009,40055,08:09:00,10:02:00,113,78,35,No,Entregada
600334,501489,20260620,20260620,20026,30002,40034,14:24:00,15:31:00,67,37,30,No,Entregada
600335,502340,20261107,20261107,20047,30015,40060,10:01:00,12:54:00,173,66,107,No,Entregada
600336,504715,20260408,20260408,20024,30029,40022,08:30:00,10:58:00,148,110,38,No,Entregada
600337,507550,20250402,20250402,20007,30002,40013,15:50:00,18:30:00,160,87,73,No,Entregada
600338,509019,20250522,20250522,20024,30019,40060,09:05:00,10:49:00,104,66,38,No,Entregada
600339,500763,20260710,20260710,20045,30006,40005,09:52:00,11:46:00,114,48,66,No,Entregada
600340,503598,20260816,20260816,20018,30030,40084,10:39:00,11:24:00,45,33,12,Sí,Entregada
600341,508604,20250813,20250813,20031,30024,40071,17:59:00,20:00:00,121,64,57,No,Entregada
600342,501296,20260601,20260601,20003,30027,40003,14:35:00,16:48:00,133,42,91,No,Retrasada
600343,500448,20261119,20261119,20046,30026,40065,13:00:00,15:01:00,121,61,60,No,Entregada
600344,502808,20250122,20250122,20032,30016,40072,07:00:00,09:30:00,150,112,38,No,Entregada
600345,501899,20250120,20250120,20028,30006,40047,12:47:00,13:26:00,39,37,2,Sí,Entregada
600346,503200,20261009,20261009,20024,30002,40020,15:24:00,17:08:00,104,43,61,No,Entregada
600347,505028,20251106,20251106,20035,30003,40037,15:27:00,17:50:00,143,81,62,No,Entregada
600348,507355,20251230,20251230,20035,30024,40094,13:48:00,16:04:00,136,24,112,No,Entregada
600349,500300,20260501,20260501,20003,30027,40084,08:56:00,10:24:00,88,33,55,No,Entregada
600350,501771,20261220,20261220,20047,30007,40035,07:57:00,09:49:00,112,107,5,Sí,Entregada
600351,501580,20250615,20250615,20033,30021,40058,09:52:00,12:08:00,136,93,43,No,Entregada
600352,505492,20260422,20260422,20047,30011,40005,09:28:00,11:16:00,108,48,60,No,Entregada
600353,508384,20260730,20260730,20033,30029,40006,10:32:00,13:01:00,149,70,79,No,Entregada
600354,506082,20261215,20261215,20024,30029,40086,10:48:00,13:45:00,177,103,74,No,Retrasada
600355,502891,20250223,20250223,20032,30013,40028,10:46:00,13:16:00,150,115,35,No,Entregada
600356,500043,20260319,20260319,20032,30019,40073,15:51:00,17:32:00,101,83,18,No,Entregada
600357,508905,20261221,20261221,20001,30023,40052,13:41:00,15:32:00,111,55,56,No,Retrasada
600358,507325,20260823,20260823,20018,30027,40071,10:52:00,12:42:00,110,64,46,No,Entregada
600359,506881,20251115,20251115,20031,30003,40047,15:45:00,17:10:00,85,37,48,No,Entregada
600360,504972,20260803,20260803,20041,30006,40052,13:54:00,15:03:00,69,55,14,Sí,Entregada
600361,509166,20260708,20260708,20026,30027,40086,13:12:00,14:55:00,103,103,0,Sí,Retrasada
600362,500864,20260302,20260302,20033,30020,40005,11:18:00,12:59:00,101,48,53,No,Entregada
600363,508733,20260309,20260309,20005,30020,40047,14:50:00,15:42:00,52,37,15,Sí,Entregada
600364,504063,20260916,20260916,20005,30029,40080,07:11:00,08:22:00,71,15,56,No,Entregada
600365,500079,20251128,20251128,20022,30001,40039,12:57:00,15:23:00,146,73,73,No,Entregada
600366,509873,20260916,20260916,20048,30020,40069,13:47:00,15:54:00,127,52,75,No,Entregada
600367,502786,20260822,20260822,20032,30015,40090,13:12:00,14:15:00,63,36,27,No,Retrasada
600368,502220,20250317,20250317,20017,30005,40028,09:01:00,11:03:00,122,115,7,Sí,Entregada
600369,507581,20260823,20260823,20028,30010,40092,08:29:00,10:23:00,114,23,91,No,Entregada
600370,506171,20251207,20251207,20046,30017,40080,12:15:00,12:37:00,22,15,7,Sí,Retrasada
600371,504173,20250816,20250816,20003,30014,40055,15:59:00,18:06:00,127,78,49,No,Entregada
600372,502447,20260820,20260820,20035,30023,40034,07:40:00,09:48:00,128,37,91,No,Entregada
600373,504958,20251222,20251222,20018,30011,40027,15:21:00,18:21:00,180,81,99,No,Entregada
600374,504533,20260315,20260315,20017,30023,40078,09:24:00,11:50:00,146,84,62,No,Retrasada
600375,503880,20260606,20260606,20033,30020,40001,14:40:00,16:37:00,117,45,72,No,Entregada
600376,501347,20260515,20260515,20017,30017,40062,16:17:00,19:04:00,167,76,91,No,Entregada
600377,507024,20250302,20250302,20017,30019,40002,11:12:00,12:41:00,89,55,34,No,Retrasada
600378,508623,20250921,20250921,20018,30003,40028,16:53:00,18:53:00,120,115,5,Sí,Retrasada
600379,507839,20261102,20261102,20047,30016,40010,11:15:00,14:24:00,189,75,114,No,Entregada
600380,508225,20250315,20250315,20028,30011,40009,14:29:00,16:17:00,108,40,68,No,Entregada
600381,500607,20250713,20250713,20032,30013,40044,11:01:00,12:22:00,81,72,9,Sí,Retrasada
600382,505638,20251019,20251019,20001,30003,40041,07:04:00,10:24:00,200,92,108,No,Entregada
600383,507049,20260326,20260326,20024,30005,40059,13:13:00,15:34:00,141,23,118,No,Entregada
600384,505187,20261229,20261229,20026,30026,40096,09:25:00,11:06:00,101,37,64,No,Entregada
600385,502629,20250927,20250927,20018,30010,40076,10:58:00,13:37:00,159,64,95,No,Entregada
600386,507236,20260623,20260623,20032,30016,40004,11:41:00,13:29:00,108,60,48,No,Entregada
600387,505581,20251010,20251010,20041,30021,40014,10:36:00,12:27:00,111,49,62,No,Entregada
600388,506702,20250527,20250527,20005,30013,40019,14:40:00,17:36:00,176,91,85,No,Retrasada
600389,503114,20250905,20250905,20007,30002,40089,17:09:00,18:38:00,89,57,32,No,Entregada
600390,508691,20251027,20251027,20048,30013,40078,08:38:00,11:46:00,188,84,104,No,Entregada
600391,506383,20260809,20260809,20041,30030,40082,13:44:00,14:58:00,74,74,0,Sí,Entregada
600392,503421,20250409,20250409,20047,30030,40086,15:37:00,19:11:00,214,103,111,No,Entregada
600393,508778,20251008,20251008,20022,30024,40081,17:44:00,20:49:00,185,94,91,No,Entregada
600394,508511,20250126,20250126,20026,30003,40089,14:16:00,16:54:00,158,57,101,No,Entregada
600395,502754,20251101,20251101,20049,30001,40038,16:24:00,17:23:00,59,37,22,No,Entregada
600396,501264,20250529,20250529,20026,30019,40039,14:37:00,16:26:00,109,73,36,No,Entregada
600397,500102,20250115,20250115,20005,30003,40052,09:24:00,11:41:00,137,55,82,No,Retrasada
600398,503938,20260704,20260704,20003,30014,40069,08:17:00,10:33:00,136,52,84,No,Entregada
600399,502724,20260829,20260829,20047,30017,40022,07:00:00,10:02:00,182,110,72,No,Entregada
600400,507595,20250409,20250409,20005,30013,40090,14:25:00,15:51:00,86,36,50,No,Entregada
600401,500596,20251027,20251027,20024,30007,40018,15:07:00,17:31:00,144,80,64,No,Entregada
600402,505473,20260806,20260806,20031,30002,40081,07:33:00,09:38:00,125,94,31,No,Entregada
600403,506148,20250315,20250315,20003,30024,40035,08:34:00,11:52:00,198,107,91,No,Entregada
600404,503462,20250726,20250726,20018,30021,40092,16:10:00,17:44:00,94,23,71,No,Retrasada
600405,501122,20261227,20261227,20046,30026,40032,11:09:00,12:29:00,80,55,25,No,Entregada
600406,503811,20260108,20260108,20003,30027,40058,14:17:00,16:23:00,126,93,33,No,Entregada
600407,509498,20261219,20261219,20032,30030,40008,12:05:00,15:00:00,175,58,117,No,Entregada
600408,504107,20250614,20250614,20018,30010,40090,07:53:00,08:40:00,47,36,11,Sí,Retrasada
600409,508378,20260329,20260329,20032,30003,40014,13:28:00,16:04:00,156,49,107,No,Entregada
600410,508231,20250903,20250903,20024,30005,40041,13:40:00,16:45:00,185,92,93,No,Retrasada
600411,502743,20261223,20261223,20018,30016,40073,12:02:00,15:16:00,194,83,111,No,Entregada
600412,502493,20260701,20260701,20022,30024,40041,10:26:00,12:20:00,114,92,22,No,Entregada
600413,504471,20250907,20250907,20018,30012,40032,16:37:00,19:12:00,155,55,100,No,Entregada
600414,501015,20260326,20260326,20041,30024,40022,14:14:00,17:18:00,184,110,74,No,Entregada
600415,500636,20261119,20261119,20041,30021,40071,14:01:00,16:47:00,166,64,102,No,Entregada
600416,501636,20250319,20250319,20047,30021,40004,12:05:00,14:08:00,123,60,63,No,Entregada
600417,503408,20261026,20261026,20003,30005,40086,12:34:00,15:54:00,200,103,97,No,Entregada
600418,500194,20260406,20260406,20041,30026,40018,14:14:00,17:04:00,170,80,90,No,Entregada
600419,505771,20251109,20251109,20003,30023,40059,12:07:00,13:32:00,85,23,62,No,Entregada
600420,504930,20260128,20260128,20048,30027,40039,09:45:00,12:58:00,193,73,120,No,Retrasada
600421,504495,20250825,20250825,20003,30006,40049,12:34:00,15:19:00,165,69,96,No,Entregada
600422,506773,20250917,20250917,20017,30026,40086,08:45:00,10:57:00,132,103,29,No,Entregada
600423,502890,20251118,20251118,20005,30021,40004,08:20:00,10:10:00,110,60,50,No,Entregada
600424,503553,20260628,20260628,20011,30002,40039,09:17:00,10:34:00,77,73,4,Sí,Retrasada
600425,509230,20250418,20250418,20018,30002,40007,13:40:00,15:25:00,105,50,55,No,Entregada
600426,505715,20250129,20250129,20017,30007,40006,15:27:00,17:50:00,143,70,73,No,Entregada
600427,507569,20260907,20260907,20032,30014,40007,08:08:00,10:21:00,133,50,83,No,Entregada
600428,505302,20260304,20260304,20032,30030,40049,07:52:00,09:34:00,102,69,33,No,Retrasada
600429,503818,20260605,20260605,20033,30017,40071,10:24:00,12:33:00,129,64,65,No,Entregada
600430,501910,20251211,20251211,20018,30016,40035,07:42:00,11:15:00,213,107,106,No,Entregada
600431,504535,20260612,20260612,20047,30030,40037,08:50:00,12:02:00,192,81,111,No,Entregada
600432,508902,20251016,20251016,20008,30009,40092,10:02:00,12:25:00,143,23,120,No,Entregada
600433,505053,20250330,20250330,20046,30026,40098,08:34:00,10:24:00,110,31,79,No,Entregada
600434,508013,20260905,20260905,20005,30024,40082,13:13:00,15:41:00,148,74,74,No,Entregada
600435,504602,20260905,20260905,20028,30012,40029,15:39:00,17:10:00,91,76,15,Sí,Entregada
600436,506589,20260503,20260503,20041,30015,40015,12:59:00,14:06:00,67,64,3,Sí,Entregada
600437,500303,20251111,20251111,20028,30005,40085,11:40:00,12:24:00,44,41,3,Sí,Entregada
600438,500453,20250411,20250411,20048,30019,40052,10:14:00,12:15:00,121,55,66,No,Entregada
600439,508585,20250809,20250809,20001,30024,40040,08:32:00,10:14:00,102,76,26,No,Entregada
600440,508324,20261003,20261003,20047,30014,40029,08:00:00,09:47:00,107,76,31,No,Entregada
600441,504340,20250628,20250628,20024,30005,40057,13:42:00,15:28:00,106,56,50,No,Retrasada
600442,509746,20250407,20250407,20041,30005,40021,07:04:00,09:24:00,140,120,20,No,Entregada
600443,500225,20250731,20250731,20048,30016,40001,17:03:00,19:09:00,126,45,81,No,Entregada
600444,501774,20250729,20250729,20041,30024,40022,15:53:00,18:24:00,151,110,41,No,Entregada
600445,509174,20250806,20250806,20047,30019,40093,15:32:00,16:31:00,59,39,20,No,Entregada
600446,505833,20250616,20250616,20026,30021,40098,10:52:00,11:27:00,35,31,4,Sí,Entregada
600447,501606,20260328,20260328,20028,30011,40010,12:45:00,14:11:00,86,75,11,Sí,Entregada
600448,506415,20260812,20260812,20022,30010,40059,16:05:00,17:13:00,68,23,45,No,Entregada
600449,508489,20250322,20250322,20041,30030,40096,08:17:00,09:42:00,85,37,48,No,Entregada
600450,503332,20260405,20260405,20032,30019,40098,08:12:00,10:12:00,120,31,89,No,Entregada
600451,502145,20250509,20250509,20022,30005,40078,11:08:00,12:57:00,109,84,25,No,Entregada
600452,501524,20250723,20250723,20022,30026,40051,09:00:00,10:29:00,89,43,46,No,Entregada
600453,502441,20250604,20250604,20018,30014,40019,10:58:00,13:54:00,176,91,85,No,Entregada
600454,501801,20260628,20260628,20031,30030,40058,12:49:00,15:17:00,148,93,55,No,Entregada
600455,504169,20260823,20260823,20035,30013,40087,07:47:00,11:26:00,219,113,106,No,Retrasada
600456,501835,20260118,20260118,20035,30023,40028,12:36:00,15:31:00,175,115,60,No,Entregada
600457,503495,20251210,20251210,20031,30005,40004,11:16:00,12:41:00,85,60,25,No,Retrasada
600458,501452,20260913,20260913,20031,30006,40007,17:24:00,18:21:00,57,50,7,Sí,Entregada
600459,504510,20260515,20260515,20026,30007,40073,11:12:00,14:13:00,181,83,98,No,Retrasada
600460,501334,20260531,20260531,20003,30013,40006,12:02:00,14:03:00,121,70,51,No,Entregada
600461,500906,20261107,20261107,20026,30014,40037,15:45:00,18:01:00,136,81,55,No,Retrasada
600462,507123,20260920,20260920,20018,30030,40051,07:27:00,09:39:00,132,43,89,No,Entregada
600463,507559,20250403,20250403,20005,30002,40085,08:17:00,10:24:00,127,41,86,No,Retrasada
600464,501951,20250506,20250506,20031,30007,40005,13:25:00,15:40:00,135,48,87,No,Entregada
600465,508821,20261105,20261105,20026,30014,40037,15:45:00,18:54:00,189,81,108,No,Retrasada
600466,503587,20261229,20261229,20037,30023,40035,12:11:00,14:56:00,165,107,58,No,Entregada
600467,508321,20260219,20260219,20047,30014,40055,07:06:00,10:18:00,192,78,114,No,Retrasada
600468,505877,20260315,20260315,20017,30014,40078,17:22:00,18:48:00,86,84,2,Sí,Entregada
600469,506824,20260708,20260708,20035,30003,40010,13:02:00,14:39:00,97,75,22,No,Retrasada
600470,506240,20260320,20260320,20032,30024,40044,15:27:00,18:29:00,182,72,110,No,Entregada
600471,501604,20261009,20261009,20041,30017,40057,11:33:00,14:17:00,164,56,108,No,Entregada
600472,509958,20251011,20251011,20041,30013,40066,07:14:00,09:12:00,118,81,37,No,Entregada
600473,508544,20261022,20261022,20032,30016,40027,17:30:00,19:54:00,144,81,63,No,Entregada
600474,508737,20260206,20260206,20032,30029,40010,07:27:00,10:22:00,175,75,100,No,Entregada
600475,507151,20260120,20260120,20018,30029,40003,07:38:00,09:33:00,115,42,73,No,Entregada
600476,500625,20251109,20251109,20047,30007,40013,11:32:00,13:55:00,143,87,56,No,Entregada
600477,502870,20250617,20250617,20001,30017,40084,08:25:00,10:40:00,135,33,102,No,Entregada
600478,505821,20260418,20260418,20018,30007,40096,09:05:00,11:11:00,126,37,89,No,Entregada
600479,501277,20260412,20260412,20037,30010,40035,15:56:00,18:26:00,150,107,43,No,Entregada
600480,508438,20250728,20250728,20024,30030,40037,15:44:00,17:21:00,97,81,16,No,Entregada
600481,507005,20260910,20260910,20037,30024,40019,07:24:00,10:18:00,174,91,83,No,Retrasada
600482,506345,20250227,20250227,20024,30019,40084,13:33:00,15:13:00,100,33,67,No,Entregada
600483,504810,20250506,20250506,20024,30019,40096,10:52:00,12:35:00,103,37,66,No,Entregada
600484,508471,20261024,20261024,20003,30027,40007,09:25:00,12:03:00,158,50,108,No,Entregada
600485,507480,20250221,20250221,20016,30001,40020,10:47:00,13:20:00,153,43,110,No,Entregada
600486,505401,20250908,20250908,20037,30005,40094,14:49:00,17:03:00,134,24,110,No,Entregada
600487,503417,20260412,20260412,20041,30030,40082,17:22:00,19:09:00,107,74,33,No,Retrasada
600488,502694,20260626,20260626,20026,30029,40004,13:08:00,14:15:00,67,60,7,Sí,Entregada
600489,504686,20260126,20260126,20017,30016,40002,16:54:00,19:36:00,162,55,107,No,Entregada
600490,508030,20261122,20261122,20032,30011,40077,14:04:00,15:09:00,65,24,41,No,Retrasada
600491,503140,20260122,20260122,20032,30009,40080,15:37:00,17:32:00,115,15,100,No,Retrasada
600492,504586,20250422,20250422,20017,30013,40044,11:41:00,13:44:00,123,72,51,No,Entregada
600493,507608,20250205,20250205,20005,30005,40046,14:22:00,15:58:00,96,33,63,No,Entregada
600494,503353,20250309,20250309,20033,30026,40066,12:14:00,14:30:00,136,81,55,No,Entregada
600495,506606,20260129,20260129,20032,30011,40085,13:16:00,15:45:00,149,41,108,No,Entregada
600496,505470,20250303,20250303,20018,30017,40047,14:16:00,15:25:00,69,37,32,No,Retrasada
600497,509101,20250322,20250322,20003,30003,40085,11:36:00,12:38:00,62,41,21,No,Entregada
600498,504148,20250826,20250826,20022,30002,40001,16:41:00,18:35:00,114,45,69,No,Entregada
600499,506204,20260623,20260623,20033,30023,40060,17:23:00,20:27:00,184,66,118,No,Retrasada
600500,501880,20260706,20260706,20035,30023,40063,12:49:00,13:44:00,55,52,3,Sí,Entregada
600501,501295,20260320,20260320,20037,30013,40010,14:25:00,16:54:00,149,75,74,No,Entregada
600502,508743,20250215,20250215,20047,30012,40021,12:49:00,15:50:00,181,120,61,No,Entregada
600503,509630,20261130,20261130,20024,30027,40047,09:16:00,11:27:00,131,37,94,No,Entregada
600504,500870,20260601,20260601,20047,30005,40042,11:02:00,14:40:00,218,100,118,No,Entregada
600505,506673,20251004,20251004,20026,30012,40069,07:39:00,09:01:00,82,52,30,No,Entregada
600506,500427,20251110,20251110,20048,30013,40094,16:07:00,18:11:00,124,24,100,No,Entregada
600507,502105,20260925,20260925,20003,30019,40042,10:42:00,12:45:00,123,100,23,No,Entregada
600508,508345,20250406,20250406,20045,30026,40066,12:21:00,13:47:00,86,81,5,Sí,Entregada
600509,507878,20260505,20260505,20022,30002,40096,08:14:00,10:14:00,120,37,83,No,Entregada
600510,504007,20250712,20250712,20031,30024,40021,17:45:00,19:48:00,123,120,3,Sí,Entregada
600511,509508,20261117,20261117,20026,30014,40020,17:05:00,19:45:00,160,43,117,No,Entregada
600512,507218,20251110,20251110,20026,30014,40092,16:33:00,18:55:00,142,23,119,No,Entregada
600513,505930,20250520,20250520,20041,30011,40049,10:13:00,12:18:00,125,69,56,No,Retrasada
600514,507209,20260430,20260430,20045,30017,40019,13:31:00,16:20:00,169,91,78,No,Retrasada
600515,505150,20261007,20261007,20047,30023,40086,14:14:00,16:22:00,128,103,25,No,Entregada
600516,504207,20250930,20250930,20018,30014,40001,11:59:00,13:28:00,89,45,44,No,Entregada
600517,505875,20260510,20260510,20031,30026,40078,12:25:00,13:53:00,88,84,4,Sí,Entregada
600518,500523,20251110,20251110,20045,30020,40013,08:57:00,10:49:00,112,87,25,No,Retrasada
600519,507980,20260731,20260731,20026,30007,40046,10:44:00,12:24:00,100,33,67,No,Entregada
600520,507025,20250721,20250721,20041,30017,40073,08:52:00,10:34:00,102,83,19,No,Entregada
600521,508396,20250804,20250804,20024,30011,40087,16:18:00,18:22:00,124,113,11,Sí,Entregada
600522,509435,20250321,20250321,20043,30001,40054,08:29:00,09:51:00,82,82,0,Sí,Entregada
600523,502856,20250710,20250710,20031,30010,40073,12:19:00,13:55:00,96,83,13,Sí,Entregada
600524,504144,20250130,20250130,20026,30017,40037,09:18:00,11:16:00,118,81,37,No,Entregada
600525,506636,20251201,20251201,20049,30001,40069,11:18:00,13:49:00,151,52,99,No,Entregada
600526,509868,20261028,20261028,20024,30006,40057,07:09:00,08:37:00,88,56,32,No,Entregada
600527,500901,20250507,20250507,20031,30024,40099,17:49:00,18:25:00,36,32,4,Sí,Retrasada
600528,501553,20251206,20251206,20028,30017,40081,07:12:00,09:29:00,137,94,43,No,Entregada
600529,501670,20261116,20261116,20047,30013,40082,17:41:00,19:34:00,113,74,39,No,Entregada
600530,506820,20260610,20260610,20046,30009,40011,12:20:00,15:01:00,161,78,83,No,Retrasada
600531,507116,20260928,20260928,20041,30013,40041,17:12:00,19:46:00,154,92,62,No,Entregada
600532,505115,20250414,20250414,20018,30016,40008,16:09:00,18:19:00,130,58,72,No,Entregada
600533,503453,20260928,20260928,20046,30021,40005,13:58:00,16:44:00,166,48,118,No,Entregada
600534,503845,20260220,20260220,20041,30013,40095,08:34:00,11:20:00,166,73,93,No,Entregada
600535,502011,20250203,20250203,20028,30010,40021,16:40:00,19:28:00,168,120,48,No,Entregada
600536,508916,20250531,20250531,20017,30020,40077,10:55:00,12:20:00,85,24,61,No,Retrasada
600537,507490,20260612,20260612,20048,30007,40060,12:33:00,14:28:00,115,66,49,No,Entregada
600538,507605,20251128,20251128,20033,30010,40052,13:15:00,16:06:00,171,55,116,No,Entregada
600539,508000,20251115,20251115,20026,30030,40003,09:16:00,11:12:00,116,42,74,No,Entregada
600540,500236,20260524,20260524,20045,30003,40051,16:47:00,18:03:00,76,43,33,No,Retrasada
600541,508934,20250411,20250411,20033,30017,40084,16:06:00,18:17:00,131,33,98,No,Entregada
600542,508413,20260413,20260413,20026,30014,40040,11:55:00,13:11:00,76,76,0,Sí,Entregada
600543,502189,20250121,20250121,20026,30016,40001,16:31:00,18:19:00,108,45,63,No,Entregada
600544,504770,20261208,20261208,20005,30003,40072,12:48:00,15:43:00,175,112,63,No,Entregada
600545,504476,20261111,20261111,20033,30005,40029,10:48:00,13:15:00,147,76,71,No,Entregada
600546,500872,20250907,20250907,20032,30016,40032,11:50:00,12:58:00,68,55,13,Sí,Entregada
600547,504808,20250320,20250320,20032,30005,40051,09:44:00,11:51:00,127,43,84,No,Entregada
600548,500421,20250828,20250828,20018,30024,40051,13:18:00,14:05:00,47,43,4,Sí,Entregada
600549,508026,20260317,20260317,20029,30001,40063,13:49:00,15:58:00,129,52,77,No,Retrasada
600550,503500,20260714,20260714,20024,30006,40057,09:11:00,11:08:00,117,56,61,No,Entregada
600551,504253,20250110,20250110,20031,30012,40085,07:41:00,09:50:00,129,41,88,No,Retrasada
600552,503869,20260403,20260403,20005,30013,40060,13:41:00,16:15:00,154,66,88,No,Retrasada
600553,503749,20260916,20260916,20024,30021,40011,11:54:00,13:51:00,117,78,39,No,Entregada
600554,508239,20250422,20250422,20024,30012,40090,15:45:00,18:04:00,139,36,103,No,Entregada
600555,501884,20251227,20251227,20035,30029,40089,17:36:00,19:04:00,88,57,31,No,Entregada
600556,503108,20251128,20251128,20031,30015,40052,07:22:00,08:54:00,92,55,37,No,Entregada
600557,507906,20260121,20260121,20005,30002,40002,09:22:00,11:19:00,117,55,62,No,Entregada
600558,506346,20250512,20250512,20031,30010,40022,09:24:00,12:50:00,206,110,96,No,Entregada
600559,506907,20250626,20250626,20041,30016,40007,15:22:00,17:48:00,146,50,96,No,Entregada
600560,503823,20260504,20260504,20037,30021,40002,17:15:00,19:15:00,120,55,65,No,Entregada
600561,508329,20260713,20260713,20032,30007,40001,07:38:00,10:06:00,148,45,103,No,Retrasada
600562,507146,20250915,20250915,20017,30006,40013,10:17:00,12:34:00,137,87,50,No,Entregada
600563,500958,20251114,20251114,20047,30010,40039,16:38:00,17:56:00,78,73,5,Sí,Entregada
600564,509098,20250924,20250924,20028,30029,40019,09:58:00,11:35:00,97,91,6,Sí,Retrasada
600565,500241,20250611,20250611,20048,30001,40087,16:13:00,19:17:00,184,113,71,No,Entregada
600566,505411,20260506,20260506,20024,30026,40092,15:19:00,16:45:00,86,23,63,No,Entregada
600567,508245,20261102,20261102,20001,30006,40080,17:22:00,17:51:00,29,15,14,Sí,Entregada
600568,509288,20250622,20250622,20001,30013,40021,11:48:00,14:16:00,148,120,28,No,Entregada
600569,504287,20260503,20260503,20028,30009,40085,14:57:00,17:33:00,156,41,115,No,Retrasada
600570,505675,20250828,20250828,20017,30027,40009,13:59:00,16:21:00,142,40,102,No,Entregada
600571,501715,20261024,20261024,20024,30015,40019,16:09:00,18:08:00,119,91,28,No,Entregada
600572,504025,20261218,20261218,20045,30006,40098,08:36:00,10:03:00,87,31,56,No,Retrasada
600573,505043,20250427,20250427,20017,30017,40013,13:50:00,16:57:00,187,87,100,No,Entregada
600574,509327,20260225,20260225,20026,30012,40096,11:48:00,13:19:00,91,37,54,No,Entregada
600575,503999,20260805,20260805,20032,30026,40084,16:57:00,18:37:00,100,33,67,No,Entregada
600576,501283,20260117,20260117,20028,30027,40044,15:41:00,17:58:00,137,72,65,No,Entregada
600577,505128,20261129,20261129,20032,30012,40095,17:34:00,18:51:00,77,73,4,Sí,Entregada
600578,508999,20260215,20260215,20008,30002,40028,08:57:00,12:05:00,188,115,73,No,Entregada
600579,500054,20260802,20260802,20026,30009,40082,09:38:00,11:29:00,111,74,37,No,Entregada
600580,506579,20260428,20260428,20018,30011,40082,10:47:00,12:47:00,120,74,46,No,Retrasada
600581,501273,20250927,20250927,20031,30019,40027,10:35:00,13:44:00,189,81,108,No,Entregada
600582,507622,20260102,20260102,20005,30005,40008,07:14:00,09:03:00,109,58,51,No,Entregada
600583,500286,20260402,20260402,20046,30013,40027,17:47:00,19:36:00,109,81,28,No,Entregada
600584,500246,20250326,20250326,20035,30023,40094,09:36:00,10:04:00,28,24,4,Sí,Entregada
600585,509888,20260505,20260505,20032,30006,40087,12:23:00,15:02:00,159,113,46,No,Entregada
600586,503242,20261001,20261001,20028,30013,40019,09:09:00,11:55:00,166,91,75,No,Entregada
600587,506259,20260325,20260325,20018,30024,40005,08:34:00,09:48:00,74,48,26,No,Entregada
600588,505742,20250921,20250921,20047,30030,40029,11:51:00,15:01:00,190,76,114,No,Entregada
600589,503684,20260221,20260221,20043,30001,40029,11:42:00,13:23:00,101,76,25,No,Entregada
600590,502143,20250907,20250907,20031,30007,40035,17:59:00,20:54:00,175,107,68,No,Retrasada
600591,504711,20261220,20261220,20003,30030,40054,11:13:00,12:45:00,92,82,10,Sí,Entregada
600592,503642,20260129,20260129,20031,30013,40046,16:09:00,17:55:00,106,33,73,No,Retrasada
600593,500114,20251030,20251030,20033,30021,40006,07:22:00,08:37:00,75,70,5,Sí,Retrasada
600594,508502,20260501,20260501,20042,30002,40047,12:45:00,14:08:00,83,37,46,No,Entregada
600595,502483,20251109,20251109,20024,30019,40093,13:02:00,14:26:00,84,39,45,No,Entregada
600596,504729,20250816,20250816,20047,30016,40055,10:37:00,12:06:00,89,78,11,Sí,Entregada
600597,501369,20250402,20250402,20024,30015,40001,17:15:00,18:12:00,57,45,12,Sí,Entregada
600598,501583,20251113,20251113,20028,30027,40096,10:29:00,12:07:00,98,37,61,No,Entregada
600599,506085,20251211,20251211,20031,30005,40093,17:22:00,19:29:00,127,39,88,No,Retrasada
600600,500331,20250410,20250410,20003,30013,40013,14:39:00,17:49:00,190,87,103,No,Entregada
600601,505509,20260414,20260414,20017,30027,40089,12:55:00,15:39:00,164,57,107,No,Entregada
600602,509719,20260819,20260819,20003,30017,40002,12:23:00,15:09:00,166,55,111,No,Retrasada
600603,503593,20260217,20260217,20047,30010,40002,09:06:00,10:05:00,59,55,4,Sí,Entregada
600604,503726,20260731,20260731,20042,30009,40005,17:03:00,19:36:00,153,48,105,No,Entregada
600605,505849,20251223,20251223,20041,30013,40069,13:17:00,14:39:00,82,52,30,No,Entregada
600606,506347,20260220,20260220,20018,30014,40055,07:50:00,09:16:00,86,78,8,Sí,Retrasada
600607,509971,20260308,20260308,20001,30005,40051,14:41:00,15:52:00,71,43,28,No,Retrasada
600608,508533,20261214,20261214,20005,30026,40093,11:56:00,13:14:00,78,39,39,No,Retrasada
600609,509260,20261003,20261003,20032,30016,40054,13:46:00,16:33:00,167,82,85,No,Entregada
600610,509560,20250311,20250311,20041,30016,40087,17:12:00,19:05:00,113,113,0,Sí,Retrasada
600611,504320,20250511,20250511,20046,30020,40081,12:45:00,14:39:00,114,94,20,No,Entregada
600612,500691,20260503,20260503,20032,30010,40011,13:59:00,17:06:00,187,78,109,No,Entregada
600613,500945,20260207,20260207,20018,30013,40037,07:00:00,09:14:00,134,81,53,No,Entregada
600614,503713,20260225,20260225,20005,30029,40052,16:26:00,18:23:00,117,55,62,No,Entregada
600615,507990,20261116,20261116,20046,30017,40021,14:10:00,18:04:00,234,120,114,No,Retrasada
600616,502059,20261225,20261225,20037,30024,40057,12:08:00,14:16:00,128,56,72,No,Entregada
600617,508655,20260928,20260928,20028,30015,40060,10:21:00,11:35:00,74,66,8,Sí,Retrasada
600618,506398,20260618,20260618,20048,30016,40087,12:12:00,14:56:00,164,113,51,No,Entregada
600619,502186,20250108,20250108,20026,30012,40018,16:34:00,19:50:00,196,80,116,No,Retrasada
600620,508114,20251123,20251123,20046,30017,40093,15:56:00,18:30:00,154,39,115,No,Retrasada
600621,504721,20260509,20260509,20048,30030,40018,08:14:00,11:03:00,169,80,89,No,Entregada
600622,500488,20260812,20260812,20022,30023,40020,13:25:00,14:45:00,80,43,37,No,Entregada
600623,500073,20250321,20250321,20048,30007,40089,10:29:00,11:32:00,63,57,6,Sí,Retrasada
600624,500089,20260208,20260208,20001,30020,40007,13:57:00,16:17:00,140,50,90,No,Retrasada
600625,502562,20260809,20260809,20026,30016,40087,15:48:00,19:11:00,203,113,90,No,Entregada
600626,506472,20250707,20250707,20024,30021,40008,09:58:00,11:38:00,100,58,42,No,Entregada
600627,501040,20251231,20251231,20002,30002,40069,07:24:00,09:09:00,105,52,53,No,Entregada
600628,501873,20250221,20250221,20026,30003,40058,09:59:00,12:42:00,163,93,70,No,Retrasada
600629,502426,20250228,20250228,20017,30014,40084,15:20:00,17:02:00,102,33,69,No,Entregada
600630,507413,20261117,20261117,20017,30011,40082,09:40:00,12:21:00,161,74,87,No,Entregada
600631,509906,20250928,20250928,20046,30017,40006,11:44:00,13:42:00,118,70,48,No,Entregada
600632,504631,20260101,20260101,20031,30029,40015,09:35:00,11:41:00,126,64,62,No,Retrasada
600633,507162,20260703,20260703,20017,30019,40029,14:48:00,17:57:00,189,76,113,No,Entregada
600634,500568,20250508,20250508,20024,30010,40060,08:23:00,10:17:00,114,66,48,No,Entregada
600635,504390,20260530,20260530,20033,30020,40018,09:27:00,12:31:00,184,80,104,No,Retrasada
600636,509949,20251229,20251229,20047,30016,40089,12:41:00,15:35:00,174,57,117,No,Retrasada
600637,504931,20250415,20250415,20018,30014,40004,08:02:00,10:33:00,151,60,91,No,Retrasada
600638,509722,20260909,20260909,20028,30016,40051,12:59:00,14:42:00,103,43,60,No,Entregada
600639,507170,20260604,20260604,20031,30007,40085,12:26:00,13:55:00,89,41,48,No,Entregada
600640,507471,20260330,20260330,20047,30002,40009,09:20:00,10:00:00,40,40,0,Sí,Retrasada
600641,506971,20260210,20260210,20008,30001,40008,10:34:00,13:05:00,151,58,93,No,Retrasada
600642,505418,20250610,20250610,20028,30023,40019,12:17:00,14:38:00,141,91,50,No,Entregada
600643,508256,20260919,20260919,20042,30002,40018,11:44:00,13:35:00,111,80,31,No,Retrasada
600644,504403,20250503,20250503,20037,30024,40092,14:08:00,15:19:00,71,23,48,No,Entregada
600645,502370,20260305,20260305,20047,30010,40054,11:45:00,14:39:00,174,82,92,No,Retrasada
600646,500027,20250820,20250820,20041,30005,40057,14:03:00,15:14:00,71,56,15,Sí,Entregada
600647,506663,20261231,20261231,20001,30029,40065,07:17:00,08:36:00,79,61,18,No,Entregada
600648,509012,20260619,20260619,20037,30020,40007,16:49:00,17:39:00,50,50,0,Sí,Entregada
600649,501972,20260317,20260317,20003,30019,40065,09:54:00,12:49:00,175,61,114,No,Entregada
600650,503157,20250628,20250628,20028,30021,40089,10:13:00,13:03:00,170,57,113,No,Retrasada
600651,500886,20250901,20250901,20046,30029,40085,08:52:00,11:30:00,158,41,117,No,Entregada
600652,501937,20250521,20250521,20017,30012,40055,10:41:00,13:52:00,191,78,113,No,Retrasada
600653,507018,20260717,20260717,20018,30020,40044,17:43:00,19:32:00,109,72,37,No,Entregada
600654,500611,20260903,20260903,20031,30014,40078,11:23:00,12:47:00,84,84,0,Sí,Entregada
600655,503652,20260415,20260415,20045,30001,40087,07:54:00,10:15:00,141,113,28,No,Entregada
600656,506924,20250129,20250129,20047,30010,40013,17:42:00,20:51:00,189,87,102,No,Entregada
600657,502807,20260529,20260529,20048,30021,40029,14:37:00,16:24:00,107,76,31,No,Retrasada
600658,500601,20250606,20250606,20037,30015,40044,09:41:00,12:15:00,154,72,82,No,Entregada
600659,505534,20261120,20261120,20041,30011,40099,08:26:00,10:34:00,128,32,96,No,Entregada
600660,500396,20260327,20260327,20001,30017,40080,14:55:00,16:04:00,69,15,54,No,Retrasada
600661,509271,20260311,20260311,20033,30029,40013,09:57:00,11:55:00,118,87,31,No,Entregada
600662,506934,20260714,20260714,20026,30030,40086,12:48:00,14:37:00,109,103,6,Sí,Retrasada
600663,506684,20250120,20250120,20046,30020,40029,12:12:00,13:35:00,83,76,7,Sí,Entregada
600664,504052,20260110,20260110,20047,30005,40054,14:22:00,17:42:00,200,82,118,No,Retrasada
600665,505497,20251218,20251218,20001,30017,40006,07:53:00,10:14:00,141,70,71,No,Retrasada
600666,506796,20250327,20250327,20022,30020,40020,10:58:00,13:41:00,163,43,120,No,Entregada
600667,505561,20260227,20260227,20026,30021,40004,16:38:00,19:18:00,160,60,100,No,Retrasada
600668,506332,20260118,20260118,20003,30007,40042,17:08:00,19:38:00,150,100,50,No,Retrasada
600669,505179,20250428,20250428,20024,30030,40049,11:23:00,14:03:00,160,69,91,No,Entregada
600670,503466,20260714,20260714,20018,30007,40047,08:35:00,09:45:00,70,37,33,No,Entregada
600671,507484,20260212,20260212,20046,30006,40040,08:17:00,11:00:00,163,76,87,No,Retrasada
600672,506909,20260629,20260629,20031,30012,40055,08:59:00,10:48:00,109,78,31,No,Entregada
600673,500104,20260309,20260309,20041,30007,40049,15:10:00,17:04:00,114,69,45,No,Entregada
600674,506153,20261230,20261230,20028,30027,40093,14:31:00,15:25:00,54,39,15,Sí,Entregada
600675,500815,20260702,20260702,20005,30001,40018,09:44:00,12:59:00,195,80,115,No,Retrasada
600676,508575,20260702,20260702,20037,30006,40069,14:48:00,16:33:00,105,52,53,No,Entregada
600677,505541,20260801,20260801,20024,30012,40072,07:06:00,09:11:00,125,112,13,Sí,Entregada
600678,508224,20250609,20250609,20024,30001,40009,09:30:00,11:23:00,113,40,73,No,Retrasada
600679,503696,20250704,20250704,20029,30009,40058,09:26:00,12:23:00,177,93,84,No,Entregada
600680,504402,20261004,20261004,20024,30005,40081,13:20:00,16:45:00,205,94,111,No,Entregada
600681,502070,20250904,20250904,20003,30011,40057,16:07:00,17:21:00,74,56,18,No,Retrasada
600682,503753,20260106,20260106,20041,30017,40099,08:21:00,09:21:00,60,32,28,No,Entregada
600683,505287,20260912,20260912,20003,30017,40065,15:42:00,16:44:00,62,61,1,Sí,Entregada
600684,503973,20251125,20251125,20018,30011,40037,13:25:00,16:31:00,186,81,105,No,Entregada
600685,505934,20261216,20261216,20008,30002,40058,14:50:00,17:29:00,159,93,66,No,Entregada
600686,509620,20250220,20250220,20028,30006,40028,13:35:00,17:28:00,233,115,118,No,Entregada
600687,508998,20250423,20250423,20029,30001,40081,11:20:00,13:13:00,113,94,19,No,Entregada
600688,507121,20251101,20251101,20032,30021,40003,11:15:00,12:33:00,78,42,36,No,Entregada
600689,503606,20250721,20250721,20018,30014,40087,10:45:00,14:11:00,206,113,93,No,Entregada
600690,508722,20260309,20260309,20011,30009,40054,15:19:00,17:33:00,134,82,52,No,Entregada
600691,500155,20251212,20251212,20033,30023,40034,13:03:00,15:05:00,122,37,85,No,Retrasada
600692,502944,20250406,20250406,20022,30029,40093,16:52:00,17:54:00,62,39,23,No,Retrasada
600693,501310,20250416,20250416,20028,30017,40005,09:37:00,11:38:00,121,48,73,No,Entregada
600694,509765,20250612,20250612,20032,30010,40038,07:58:00,10:34:00,156,37,119,No,Entregada
600695,505154,20260304,20260304,20028,30011,40028,09:07:00,12:51:00,224,115,109,No,Entregada
600696,504813,20260614,20260614,20048,30011,40041,08:54:00,12:01:00,187,92,95,No,Entregada
600697,502951,20261218,20261218,20037,30013,40066,15:45:00,18:26:00,161,81,80,No,Entregada
600698,504881,20251030,20251030,20045,30006,40051,16:11:00,17:02:00,51,43,8,Sí,Entregada
600699,504192,20260515,20260515,20032,30027,40002,10:56:00,12:56:00,120,55,65,No,Entregada
600700,504445,20250218,20250218,20018,30029,40092,12:58:00,13:45:00,47,23,24,No,Entregada
600701,505006,20251007,20251007,20017,30019,40057,11:37:00,13:45:00,128,56,72,No,Entregada
600702,501675,20250429,20250429,20003,30013,40029,15:13:00,18:15:00,182,76,106,No,Entregada
600703,503122,20261114,20261114,20047,30003,40041,14:21:00,15:56:00,95,92,3,Sí,Entregada
600704,502270,20250310,20250310,20048,30021,40095,08:48:00,10:29:00,101,73,28,No,Entregada
600705,505713,20261121,20261121,20003,30017,40094,08:14:00,10:15:00,121,24,97,No,Retrasada
600706,502376,20260103,20260103,20026,30015,40029,09:25:00,11:50:00,145,76,69,No,Entregada
600707,505175,20261002,20261002,20028,30014,40044,07:41:00,10:17:00,156,72,84,No,Entregada
600708,508758,20251224,20251224,20001,30001,40014,07:40:00,10:08:00,148,49,99,No,Entregada
600709,504638,20250515,20250515,20046,30010,40077,07:33:00,08:34:00,61,24,37,No,Retrasada
600710,501982,20260411,20260411,20045,30013,40032,09:32:00,10:43:00,71,55,16,No,Entregada
600711,503197,20261016,20261016,20032,30009,40086,13:17:00,16:41:00,204,103,101,No,Entregada
600712,508917,20260726,20260726,20045,30029,40042,16:58:00,19:53:00,175,100,75,No,Entregada
600713,501282,20260213,20260213,20048,30017,40008,12:41:00,15:35:00,174,58,116,No,Retrasada
600714,506324,20250813,20250813,20003,30012,40037,07:26:00,10:11:00,165,81,84,No,Entregada
600715,507864,20250313,20250313,20028,30002,40011,11:46:00,14:00:00,134,78,56,No,Entregada
600716,508364,20251004,20251004,20024,30006,40055,09:47:00,11:10:00,83,78,5,Sí,Entregada
600717,500950,20260530,20260530,20045,30020,40095,11:27:00,14:17:00,170,73,97,No,Retrasada
600718,504395,20260215,20260215,20041,30010,40042,14:34:00,18:02:00,208,100,108,No,Entregada
600719,502329,20250916,20250916,20017,30016,40020,13:40:00,14:32:00,52,43,9,Sí,Entregada
600720,508621,20250128,20250128,20017,30019,40021,14:55:00,17:20:00,145,120,25,No,Entregada
600721,503070,20250117,20250117,20022,30002,40044,17:33:00,19:46:00,133,72,61,No,Retrasada
600722,508172,20250909,20250909,20047,30024,40013,16:35:00,18:47:00,132,87,45,No,Entregada
600723,508795,20260409,20260409,20047,30027,40084,13:02:00,13:36:00,34,33,1,Sí,Entregada
600724,505459,20260926,20260926,20041,30007,40081,11:51:00,14:29:00,158,94,64,No,Entregada
600725,503271,20250321,20250321,20041,30014,40076,07:28:00,10:26:00,178,64,114,No,Entregada
600726,502275,20260304,20260304,20017,30011,40065,11:55:00,13:16:00,81,61,20,No,Entregada
600727,509314,20260827,20260827,20031,30026,40093,15:31:00,16:20:00,49,39,10,Sí,Entregada
600728,502104,20261020,20261020,20031,30011,40010,08:52:00,10:42:00,110,75,35,No,Entregada
600729,504329,20261011,20261011,20047,30029,40055,10:46:00,13:02:00,136,78,58,No,Entregada
600730,509629,20250615,20250615,20017,30010,40028,08:37:00,11:25:00,168,115,53,No,Entregada
600731,501023,20251101,20251101,20035,30026,40093,17:22:00,18:55:00,93,39,54,No,Entregada
600732,500065,20260414,20260414,20017,30024,40037,13:45:00,15:29:00,104,81,23,No,Entregada
600733,507207,20261022,20261022,20024,30021,40086,12:11:00,15:02:00,171,103,68,No,Retrasada
600734,500939,20250213,20250213,20026,30015,40020,16:07:00,17:22:00,75,43,32,No,Entregada
600735,500318,20260624,20260624,20018,30027,40095,09:27:00,12:30:00,183,73,110,No,Entregada
600736,504876,20250531,20250531,20018,30014,40015,11:03:00,13:29:00,146,64,82,No,Retrasada
600737,501219,20260226,20260226,20048,30014,40001,15:26:00,17:57:00,151,45,106,No,Entregada
600738,508442,20251014,20251014,20048,30020,40009,15:01:00,17:29:00,148,40,108,No,Entregada
600739,500023,20250722,20250722,20028,30002,40038,09:33:00,11:22:00,109,37,72,No,Entregada
600740,502695,20250425,20250425,20048,30019,40057,15:20:00,17:21:00,121,56,65,No,Retrasada
600741,509286,20260114,20260114,20005,30021,40052,11:55:00,14:02:00,127,55,72,No,Entregada
600742,506029,20260731,20260731,20037,30026,40028,17:40:00,19:51:00,131,115,16,No,Entregada
600743,505144,20260120,20260120,20049,30009,40094,08:00:00,09:52:00,112,24,88,No,Entregada
600744,506899,20260912,20260912,20018,30029,40029,17:15:00,19:13:00,118,76,42,No,Retrasada
600745,504601,20260626,20260626,20018,30013,40022,07:24:00,09:55:00,151,110,41,No,Entregada
600746,509830,20260603,20260603,20048,30012,40002,09:10:00,10:43:00,93,55,38,No,Entregada
600747,501962,20260306,20260306,20024,30003,40094,10:48:00,13:05:00,137,24,113,No,Entregada
600748,504090,20250306,20250306,20046,30010,40089,09:51:00,12:35:00,164,57,107,No,Entregada
600749,507053,20250131,20250131,20026,30010,40078,14:57:00,17:11:00,134,84,50,No,Entregada
600750,509686,20250123,20250123,20028,30027,40041,15:43:00,18:56:00,193,92,101,No,Entregada
600751,506208,20251027,20251027,20047,30011,40054,17:12:00,18:52:00,100,82,18,No,Retrasada
600752,500413,20250718,20250718,20028,30003,40073,07:16:00,09:22:00,126,83,43,No,Entregada
600753,504116,20260304,20260304,20048,30027,40002,16:28:00,18:36:00,128,55,73,No,Retrasada
600754,508221,20250915,20250915,20024,30007,40066,15:16:00,17:31:00,135,81,54,No,Entregada
600755,505499,20250805,20250805,20005,30002,40094,07:11:00,08:21:00,70,24,46,No,Entregada
600756,508072,20260805,20260805,20048,30029,40003,16:51:00,18:34:00,103,42,61,No,Retrasada
600757,506869,20260301,20260301,20026,30013,40006,12:38:00,15:15:00,157,70,87,No,Entregada
600758,509422,20251114,20251114,20005,30013,40087,08:20:00,10:20:00,120,113,7,Sí,Retrasada
600759,507021,20260323,20260323,20035,30021,40089,15:04:00,17:27:00,143,57,86,No,Retrasada
600760,509844,20260117,20260117,20022,30013,40065,10:19:00,13:17:00,178,61,117,No,Entregada
600761,502140,20260619,20260619,20017,30014,40034,14:45:00,15:46:00,61,37,24,No,Entregada
600762,504648,20260905,20260905,20035,30020,40035,11:27:00,14:42:00,195,107,88,No,Entregada
600763,507555,20250221,20250221,20041,30010,40098,16:30:00,17:15:00,45,31,14,Sí,Entregada
600764,507683,20260220,20260220,20028,30020,40019,15:08:00,17:04:00,116,91,25,No,Entregada
600765,507166,20250607,20250607,20003,30016,40054,15:57:00,19:07:00,190,82,108,No,Entregada
600766,505668,20260331,20260331,20046,30001,40035,11:47:00,14:20:00,153,107,46,No,Entregada
600767,505250,20261208,20261208,20047,30007,40018,07:15:00,08:44:00,89,80,9,Sí,Entregada
600768,505730,20260822,20260822,20045,30021,40089,13:40:00,15:47:00,127,57,70,No,Entregada
600769,507213,20261229,20261229,20033,30023,40078,08:25:00,10:11:00,106,84,22,No,Entregada
600770,502665,20250514,20250514,20026,30021,40062,12:34:00,13:56:00,82,76,6,Sí,Entregada
600771,507077,20260914,20260914,20032,30007,40042,15:38:00,19:14:00,216,100,116,No,Retrasada
600772,502511,20261206,20261206,20024,30016,40002,15:17:00,16:20:00,63,55,8,Sí,Retrasada
600773,505113,20250802,20250802,20017,30010,40027,14:56:00,17:15:00,139,81,58,No,Entregada
600774,501436,20250607,20250607,20047,30003,40037,10:42:00,13:24:00,162,81,81,No,Entregada
600775,502813,20261228,20261228,20026,30013,40014,13:11:00,15:33:00,142,49,93,No,Entregada
600776,505216,20260108,20260108,20022,30023,40039,13:41:00,15:32:00,111,73,38,No,Entregada
600777,502176,20250818,20250818,20026,30029,40087,15:09:00,18:00:00,171,113,58,No,Entregada
600778,506062,20250519,20250519,20017,30016,40034,11:32:00,13:51:00,139,37,102,No,Retrasada
600779,506761,20260320,20260320,20018,30002,40041,09:38:00,11:23:00,105,92,13,Sí,Retrasada
600780,503844,20261216,20261216,20031,30015,40021,17:19:00,19:42:00,143,120,23,No,Entregada
600781,509319,20261111,20261111,20035,30015,40013,08:37:00,11:03:00,146,87,59,No,Entregada
600782,507908,20260324,20260324,20033,30024,40001,09:50:00,10:37:00,47,45,2,Sí,Entregada
600783,508017,20260527,20260527,20049,30009,40051,10:02:00,11:24:00,82,43,39,No,Entregada
600784,509423,20251116,20251116,20001,30029,40089,13:03:00,15:26:00,143,57,86,No,Entregada
600785,506123,20251116,20251116,20002,30001,40057,15:46:00,17:20:00,94,56,38,No,Entregada
600786,503663,20261029,20261029,20028,30030,40042,15:16:00,18:55:00,219,100,119,No,Entregada
600787,500553,20251104,20251104,20041,30016,40035,12:48:00,14:38:00,110,107,3,Sí,Entregada
600788,503934,20261119,20261119,20026,30030,40018,13:36:00,16:21:00,165,80,85,No,Entregada
600789,502460,20250812,20250812,20026,30029,40092,09:40:00,11:24:00,104,23,81,No,Entregada
600790,504313,20260427,20260427,20035,30024,40099,15:12:00,15:59:00,47,32,15,Sí,Entregada
600791,505621,20261127,20261127,20035,30021,40015,08:47:00,10:32:00,105,64,41,No,Entregada
600792,502555,20260730,20260730,20035,30015,40042,12:10:00,14:55:00,165,100,65,No,Entregada
600793,503267,20250511,20250511,20045,30017,40010,09:49:00,12:42:00,173,75,98,No,Entregada
600794,506364,20261218,20261218,20045,30017,40073,13:53:00,15:49:00,116,83,33,No,Retrasada
600795,506845,20260721,20260721,20047,30021,40041,09:20:00,12:50:00,210,92,118,No,Entregada
600796,503088,20260322,20260322,20037,30015,40034,13:55:00,14:49:00,54,37,17,No,Entregada
600797,502383,20250213,20250213,20033,30023,40086,07:38:00,10:56:00,198,103,95,No,Entregada
600798,501248,20250912,20250912,20026,30026,40057,07:28:00,09:09:00,101,56,45,No,Entregada
600799,508064,20251124,20251124,20028,30001,40049,14:56:00,17:06:00,130,69,61,No,Retrasada
600800,506261,20261122,20261122,20022,30020,40071,11:04:00,13:09:00,125,64,61,No,Entregada
600801,502600,20261002,20261002,20017,30012,40054,11:31:00,14:40:00,189,82,107,No,Entregada
600802,501905,20260719,20260719,20026,30016,40049,10:58:00,13:02:00,124,69,55,No,Entregada
600803,503677,20250416,20250416,20048,30026,40005,11:25:00,14:13:00,168,48,120,No,Entregada
600804,500624,20250925,20250925,20033,30020,40063,12:58:00,14:19:00,81,52,29,No,Retrasada
600805,509155,20261114,20261114,20026,30010,40086,13:28:00,16:34:00,186,103,83,No,Entregada
600806,500263,20250525,20250525,20032,30030,40052,07:02:00,09:01:00,119,55,64,No,Entregada
600807,501371,20260522,20260522,20045,30015,40062,09:21:00,11:21:00,120,76,44,No,Entregada
600808,503743,20260609,20260609,20022,30026,40054,12:23:00,15:44:00,201,82,119,No,Entregada
600809,508470,20260102,20260102,20046,30024,40071,11:52:00,13:13:00,81,64,17,No,Entregada
600810,506830,20260215,20260215,20046,30001,40098,14:11:00,15:06:00,55,31,24,No,Entregada
600811,505455,20260822,20260822,20005,30013,40055,16:44:00,19:06:00,142,78,64,No,Entregada
600812,501155,20260329,20260329,20011,30002,40010,12:43:00,14:12:00,89,75,14,Sí,Retrasada
600813,504580,20250225,20250225,20028,30030,40027,09:19:00,11:47:00,148,81,67,No,Entregada
600814,509886,20261102,20261102,20041,30007,40040,08:00:00,10:14:00,134,76,58,No,Entregada
600815,501404,20250723,20250723,20022,30006,40001,13:19:00,15:44:00,145,45,100,No,Retrasada
600816,509758,20260106,20260106,20043,30009,40034,14:19:00,16:05:00,106,37,69,No,Entregada
600817,506367,20250303,20250303,20003,30019,40054,12:01:00,14:25:00,144,82,62,No,Entregada
600818,505768,20251227,20251227,20047,30001,40029,07:10:00,09:53:00,163,76,87,No,Retrasada
600819,508027,20251014,20251014,20018,30029,40052,10:45:00,12:41:00,116,55,61,No,Entregada
600820,509881,20250922,20250922,20018,30013,40022,16:23:00,18:37:00,134,110,24,No,Entregada
600821,506871,20260701,20260701,20018,30016,40077,16:30:00,16:57:00,27,24,3,Sí,Entregada
600822,500910,20250126,20250126,20017,30005,40089,17:59:00,20:07:00,128,57,71,No,Entregada
600823,500454,20250409,20250409,20048,30002,40041,16:34:00,19:38:00,184,92,92,No,Entregada
600824,504693,20260213,20260213,20026,30026,40054,11:02:00,13:17:00,135,82,53,No,Retrasada
600825,505695,20260224,20260224,20003,30014,40041,13:05:00,16:25:00,200,92,108,No,Retrasada
600826,500061,20260707,20260707,20018,30030,40019,08:46:00,11:30:00,164,91,73,No,Entregada
600827,500816,20250118,20250118,20028,30021,40018,10:37:00,13:34:00,177,80,97,No,Entregada
600828,507178,20260911,20260911,20018,30007,40098,15:25:00,16:36:00,71,31,40,No,Retrasada
600829,500235,20261127,20261127,20031,30006,40022,15:36:00,17:28:00,112,110,2,Sí,Retrasada
600830,502384,20250320,20250320,20041,30003,40044,07:53:00,09:09:00,76,72,4,Sí,Entregada
600831,505465,20251201,20251201,20033,30005,40080,15:40:00,16:41:00,61,15,46,No,Entregada
600832,501006,20250102,20250102,20046,30015,40021,07:19:00,10:57:00,218,120,98,No,Entregada
600833,503860,20251017,20251017,20022,30017,40089,16:32:00,19:21:00,169,57,112,No,Entregada
600834,504055,20250529,20250529,20033,30017,40054,13:58:00,17:05:00,187,82,105,No,Entregada
600835,506000,20251017,20251017,20028,30014,40001,08:01:00,09:35:00,94,45,49,No,Entregada
600836,506328,20260413,20260413,20031,30027,40077,10:35:00,11:15:00,40,24,16,No,Retrasada
600837,508414,20250715,20250715,20028,30023,40086,09:39:00,11:24:00,105,103,2,Sí,Entregada
600838,501098,20260103,20260103,20041,30019,40011,08:59:00,11:55:00,176,78,98,No,Entregada
600839,508012,20260610,20260610,20032,30030,40087,08:28:00,12:11:00,223,113,110,No,Entregada
600840,500118,20250602,20250602,20031,30012,40090,16:39:00,18:27:00,108,36,72,No,Entregada
600841,505267,20250821,20250821,20001,30017,40001,12:56:00,13:54:00,58,45,13,Sí,Entregada
600842,502084,20250822,20250822,20003,30006,40004,11:26:00,14:03:00,157,60,97,No,Entregada
600843,505945,20250920,20250920,20017,30030,40018,12:22:00,15:26:00,184,80,104,No,Entregada
600844,505460,20251002,20251002,20018,30007,40021,16:00:00,19:31:00,211,120,91,No,Entregada
600845,503419,20260505,20260505,20018,30010,40021,10:14:00,12:22:00,128,120,8,Sí,Retrasada
600846,500674,20251208,20251208,20003,30007,40042,12:31:00,14:35:00,124,100,24,No,Entregada
600847,501513,20250628,20250628,20035,30001,40094,15:40:00,16:45:00,65,24,41,No,Entregada
600848,503493,20261108,20261108,20032,30027,40073,07:39:00,10:20:00,161,83,78,No,Retrasada
600849,507172,20250204,20250204,20018,30006,40014,11:20:00,12:33:00,73,49,24,No,Retrasada
600850,501628,20261127,20261127,20032,30019,40089,10:45:00,11:52:00,67,57,10,Sí,Retrasada
600851,503988,20260817,20260817,20046,30015,40093,09:03:00,11:09:00,126,39,87,No,Entregada
600852,507491,20260709,20260709,20041,30015,40080,07:37:00,09:10:00,93,15,78,No,Retrasada
600853,509140,20260528,20260528,20003,30006,40057,11:10:00,13:17:00,127,56,71,No,Entregada
600854,500137,20251103,20251103,20022,30005,40099,09:55:00,10:31:00,36,32,4,Sí,Entregada
600855,505788,20261213,20261213,20048,30011,40010,14:33:00,17:17:00,164,75,89,No,Entregada
600856,509973,20261004,20261004,20001,30005,40021,12:15:00,14:51:00,156,120,36,No,Entregada
600857,507201,20260430,20260430,20029,30001,40098,16:52:00,18:10:00,78,31,47,No,Retrasada
600858,504225,20260129,20260129,20037,30006,40087,07:39:00,11:25:00,226,113,113,No,Entregada
600859,500171,20250321,20250321,20018,30027,40009,10:43:00,12:07:00,84,40,44,No,Retrasada
600860,501653,20251209,20251209,20017,30007,40008,12:48:00,14:47:00,119,58,61,No,Entregada
600861,506641,20260918,20260918,20024,30017,40080,12:22:00,14:31:00,129,15,114,No,Retrasada
600862,504537,20251230,20251230,20047,30003,40093,07:39:00,09:13:00,94,39,55,No,Entregada
600863,501485,20260827,20260827,20037,30005,40076,07:39:00,10:20:00,161,64,97,No,Retrasada
600864,506925,20261003,20261003,20005,30010,40001,11:48:00,14:03:00,135,45,90,No,Entregada
600865,503005,20260422,20260422,20037,30021,40009,10:35:00,11:20:00,45,40,5,Sí,Entregada
600866,506742,20250626,20250626,20046,30010,40032,12:35:00,13:48:00,73,55,18,No,Entregada
600867,509767,20250224,20250224,20048,30010,40046,08:31:00,09:43:00,72,33,39,No,Entregada
600868,505017,20260514,20260514,20041,30006,40082,16:30:00,19:20:00,170,74,96,No,Entregada
600869,505928,20250512,20250512,20026,30013,40094,13:02:00,14:24:00,82,24,58,No,Retrasada
600870,508826,20260212,20260212,20046,30017,40055,12:44:00,14:46:00,122,78,44,No,Entregada
600871,502357,20260701,20260701,20045,30017,40037,09:49:00,12:02:00,133,81,52,No,Retrasada
600872,501769,20260304,20260304,20024,30027,40060,10:10:00,12:55:00,165,66,99,No,Entregada
600873,504657,20250818,20250818,20048,30026,40095,14:01:00,15:40:00,99,73,26,No,Entregada
600874,504747,20260314,20260314,20035,30002,40028,07:06:00,10:00:00,174,115,59,No,Entregada
600875,500884,20250702,20250702,20018,30021,40027,16:16:00,17:41:00,85,81,4,Sí,Entregada
600876,506180,20260515,20260515,20018,30010,40098,07:30:00,08:58:00,88,31,57,No,Entregada
600877,502794,20260224,20260224,20001,30015,40062,14:05:00,15:43:00,98,76,22,No,Entregada
600878,505083,20260603,20260603,20032,30026,40069,13:02:00,14:03:00,61,52,9,Sí,Entregada
600879,500223,20251117,20251117,20018,30010,40078,16:10:00,18:26:00,136,84,52,No,Entregada
600880,500120,20250604,20250604,20042,30009,40076,08:21:00,09:55:00,94,64,30,No,Entregada
600881,500473,20250110,20250110,20035,30015,40008,11:17:00,13:54:00,157,58,99,No,Entregada
600882,507952,20261025,20261025,20033,30010,40087,16:48:00,19:58:00,190,113,77,No,Entregada
600883,503910,20250106,20250106,20026,30005,40046,15:43:00,17:48:00,125,33,92,No,Entregada
600884,501353,20250918,20250918,20031,30012,40076,10:43:00,12:25:00,102,64,38,No,Entregada
600885,503315,20260523,20260523,20045,30017,40081,07:45:00,09:31:00,106,94,12,Sí,Entregada
600886,501070,20250910,20250910,20048,30021,40032,08:52:00,10:13:00,81,55,26,No,Retrasada
600887,503672,20250111,20250111,20028,30027,40028,07:16:00,10:55:00,219,115,104,No,Entregada
600888,501479,20260409,20260409,20028,30007,40073,10:42:00,13:48:00,186,83,103,No,Entregada
600889,507497,20260303,20260303,20041,30012,40037,14:27:00,17:25:00,178,81,97,No,Entregada
600890,508180,20260429,20260429,20045,30003,40077,13:04:00,14:55:00,111,24,87,No,Entregada
600891,507621,20250605,20250605,20046,30009,40085,12:25:00,13:40:00,75,41,34,No,Entregada
600892,509332,20251112,20251112,20033,30006,40021,13:53:00,17:15:00,202,120,82,No,Entregada
600893,502832,20260303,20260303,20035,30003,40055,16:45:00,19:13:00,148,78,70,No,Entregada
600894,505814,20260201,20260201,20032,30014,40099,10:43:00,12:59:00,136,32,104,No,Retrasada
600895,504419,20250319,20250319,20018,30009,40060,13:51:00,16:34:00,163,66,97,No,Entregada
600896,506054,20251016,20251016,20018,30011,40006,12:34:00,14:43:00,129,70,59,No,Entregada
600897,509264,20260501,20260501,20037,30010,40008,07:36:00,10:07:00,151,58,93,No,Entregada
600898,508389,20260509,20260509,20017,30017,40019,11:37:00,14:40:00,183,91,92,No,Entregada
600899,508482,20260912,20260912,20048,30021,40035,15:03:00,17:57:00,174,107,67,No,Entregada
600900,507911,20260807,20260807,20028,30002,40044,12:23:00,15:28:00,185,72,113,No,Retrasada
600901,505408,20260412,20260412,20047,30030,40052,10:11:00,12:36:00,145,55,90,No,Entregada
600902,507664,20250704,20250704,20024,30011,40032,15:43:00,16:54:00,71,55,16,No,Entregada
600903,505376,20260808,20260808,20026,30019,40047,13:40:00,14:38:00,58,37,21,No,Entregada
600904,507354,20260413,20260413,20048,30013,40022,07:21:00,09:20:00,119,110,9,Sí,Entregada
600905,502178,20260912,20260912,20041,30006,40062,08:59:00,11:44:00,165,76,89,No,Retrasada
600906,509100,20250701,20250701,20005,30026,40066,12:05:00,14:47:00,162,81,81,No,Entregada
600907,501777,20260426,20260426,20032,30014,40066,11:44:00,13:18:00,94,81,13,Sí,Entregada
600908,505211,20261231,20261231,20041,30016,40060,10:46:00,13:07:00,141,66,75,No,Retrasada
600909,509040,20250123,20250123,20048,30030,40084,13:20:00,14:44:00,84,33,51,No,Entregada
600910,506487,20260613,20260613,20047,30002,40046,07:06:00,08:54:00,108,33,75,No,Entregada
600911,503292,20260109,20260109,20031,30005,40066,07:32:00,09:21:00,109,81,28,No,Entregada
600912,500653,20260423,20260423,20032,30014,40034,08:18:00,09:00:00,42,37,5,Sí,Retrasada
600913,501009,20260917,20260917,20045,30017,40032,14:38:00,16:04:00,86,55,31,No,Retrasada
600914,501876,20260223,20260223,20037,30015,40038,15:57:00,17:31:00,94,37,57,No,Entregada
600915,502095,20250915,20250915,20017,30027,40028,14:09:00,17:41:00,212,115,97,No,Entregada
600916,508101,20260218,20260218,20017,30002,40059,11:44:00,13:44:00,120,23,97,No,Entregada
600917,501707,20261027,20261027,20017,30023,40021,08:38:00,10:41:00,123,120,3,Sí,Entregada
600918,507190,20250302,20250302,20031,30011,40001,15:08:00,16:05:00,57,45,12,Sí,Entregada
600919,502974,20250523,20250523,20035,30015,40044,11:30:00,13:20:00,110,72,38,No,Entregada
600920,503675,20261007,20261007,20046,30026,40002,09:36:00,12:29:00,173,55,118,No,Entregada
600921,502162,20251223,20251223,20035,30001,40019,09:09:00,11:54:00,165,91,74,No,Entregada
600922,507339,20250314,20250314,20041,30015,40011,08:23:00,10:27:00,124,78,46,No,Entregada
600923,509791,20250424,20250424,20003,30012,40089,14:38:00,15:56:00,78,57,21,No,Entregada
600924,508474,20251123,20251123,20026,30009,40001,13:21:00,14:32:00,71,45,26,No,Entregada
600925,503284,20250812,20250812,20032,30003,40098,14:19:00,16:37:00,138,31,107,No,Entregada
600926,502666,20250128,20250128,20003,30019,40035,07:20:00,10:38:00,198,107,91,No,Entregada
600927,509380,20250620,20250620,20028,30019,40041,08:23:00,10:41:00,138,92,46,No,Entregada
600928,503627,20261001,20261001,20047,30020,40062,17:58:00,19:19:00,81,76,5,Sí,Retrasada
600929,507101,20250222,20250222,20022,30003,40094,14:32:00,15:52:00,80,24,56,No,Entregada
600930,507637,20250905,20250905,20031,30012,40001,15:26:00,16:13:00,47,45,2,Sí,Entregada
600931,504891,20250611,20250611,20028,30003,40085,16:29:00,17:10:00,41,41,0,Sí,Entregada
600932,509774,20250206,20250206,20048,30030,40081,15:46:00,17:57:00,131,94,37,No,Retrasada
600933,509214,20250217,20250217,20032,30024,40014,09:42:00,11:04:00,82,49,33,No,Entregada
600934,502850,20250607,20250607,20047,30027,40007,15:43:00,17:36:00,113,50,63,No,Entregada
600935,507273,20260114,20260114,20026,30015,40098,11:30:00,12:18:00,48,31,17,No,Entregada
600936,501505,20251202,20251202,20028,30002,40073,10:27:00,13:37:00,190,83,107,No,Entregada
600937,508609,20251002,20251002,20026,30001,40046,16:43:00,17:42:00,59,33,26,No,Entregada
600938,507272,20251008,20251008,20003,30011,40018,14:09:00,16:28:00,139,80,59,No,Entregada
600939,501676,20250120,20250120,20041,30011,40073,17:56:00,20:47:00,171,83,88,No,Entregada
600940,502514,20260409,20260409,20031,30005,40022,12:08:00,15:30:00,202,110,92,No,Retrasada
600941,508029,20250416,20250416,20001,30005,40035,16:50:00,18:44:00,114,107,7,Sí,Entregada
600942,509781,20251017,20251017,20028,30024,40099,16:21:00,17:19:00,58,32,26,No,Retrasada
600943,500095,20251002,20251002,20032,30027,40077,10:18:00,12:37:00,139,24,115,No,Entregada
600944,509203,20260328,20260328,20047,30015,40040,12:48:00,14:06:00,78,76,2,Sí,Entregada
600945,503398,20250625,20250625,20024,30011,40019,15:55:00,18:29:00,154,91,63,No,Entregada
600946,506264,20251119,20251119,20041,30016,40081,13:17:00,15:50:00,153,94,59,No,Entregada
600947,501382,20260829,20260829,20031,30003,40090,16:17:00,16:55:00,38,36,2,Sí,Entregada
600948,509337,20261210,20261210,20032,30003,40052,09:32:00,10:41:00,69,55,14,Sí,Entregada
600949,505151,20260616,20260616,20029,30002,40028,10:25:00,13:53:00,208,115,93,No,Entregada
600950,501973,20250324,20250324,20001,30006,40014,11:32:00,13:31:00,119,49,70,No,Entregada
600951,502748,20250125,20250125,20035,30017,40071,15:40:00,18:31:00,171,64,107,No,Entregada
600952,506205,20261012,20261012,20017,30030,40090,15:20:00,16:33:00,73,36,37,No,Entregada
600953,504641,20261007,20261007,20048,30026,40013,13:25:00,16:48:00,203,87,116,No,Entregada
600954,505511,20250526,20250526,20001,30001,40057,16:43:00,19:06:00,143,56,87,No,Entregada
600955,508312,20260426,20260426,20028,30014,40009,08:03:00,08:53:00,50,40,10,Sí,Retrasada
600956,506947,20260519,20260519,20046,30026,40020,08:11:00,10:10:00,119,43,76,No,Entregada
600957,500239,20251211,20251211,20032,30017,40003,11:33:00,12:35:00,62,42,20,No,Retrasada
600958,509048,20261105,20261105,20032,30007,40080,12:19:00,14:07:00,108,15,93,No,Entregada
600959,506836,20250208,20250208,20022,30029,40039,13:05:00,15:39:00,154,73,81,No,Entregada
600960,504920,20260814,20260814,20003,30014,40098,17:06:00,19:27:00,141,31,110,No,Entregada
600961,501685,20251219,20251219,20017,30027,40039,16:03:00,17:53:00,110,73,37,No,Entregada
600962,505481,20261025,20261025,20017,30020,40042,12:00:00,13:50:00,110,100,10,Sí,Entregada
600963,509677,20250417,20250417,20031,30027,40004,08:41:00,11:09:00,148,60,88,No,Entregada
600964,506866,20261009,20261009,20032,30002,40069,13:31:00,15:03:00,92,52,40,No,Entregada
600965,504516,20260818,20260818,20047,30014,40085,10:33:00,11:24:00,51,41,10,Sí,Entregada
600966,500041,20250210,20250210,20022,30026,40063,08:27:00,10:09:00,102,52,50,No,Entregada
600967,502545,20260617,20260617,20017,30014,40042,13:40:00,16:00:00,140,100,40,No,Entregada
600968,509335,20260102,20260102,20024,30016,40013,07:45:00,10:27:00,162,87,75,No,Entregada
600969,503829,20250519,20250519,20045,30005,40082,14:42:00,16:27:00,105,74,31,No,Retrasada
600970,507795,20251021,20251021,20032,30005,40095,12:09:00,14:41:00,152,73,79,No,Retrasada
600971,502482,20251106,20251106,20022,30010,40015,08:31:00,11:00:00,149,64,85,No,Entregada
600972,500224,20250429,20250429,20022,30021,40005,11:01:00,12:08:00,67,48,19,No,Entregada
600973,504248,20250516,20250516,20007,30009,40013,07:01:00,10:04:00,183,87,96,No,Entregada
600974,504071,20260322,20260322,20017,30023,40005,16:48:00,19:12:00,144,48,96,No,Entregada
600975,504343,20260724,20260724,20035,30006,40065,08:42:00,11:38:00,176,61,115,No,Entregada
600976,506628,20260515,20260515,20026,30006,40010,09:45:00,12:05:00,140,75,65,No,Entregada
600977,505792,20250209,20250209,20047,30026,40051,08:29:00,10:54:00,145,43,102,No,Entregada
600978,508682,20251212,20251212,20048,30029,40055,09:01:00,11:04:00,123,78,45,No,Retrasada
600979,506186,20250912,20250912,20017,30013,40085,09:22:00,11:56:00,154,41,113,No,Entregada
600980,507181,20260121,20260121,20047,30013,40027,08:45:00,11:43:00,178,81,97,No,Retrasada
600981,508435,20260814,20260814,20035,30029,40014,14:07:00,16:54:00,167,49,118,No,Entregada
600982,501493,20250410,20250410,20032,30009,40090,12:16:00,13:40:00,84,36,48,No,Entregada
600983,506967,20250322,20250322,20024,30015,40005,17:34:00,19:28:00,114,48,66,No,Entregada
600984,505139,20261105,20261105,20017,30015,40019,07:08:00,08:44:00,96,91,5,Sí,Entregada
600985,504945,20261229,20261229,20026,30001,40047,08:12:00,08:54:00,42,37,5,Sí,Entregada
600986,502110,20261212,20261212,20032,30026,40027,10:42:00,13:45:00,183,81,102,No,Entregada
600987,501331,20250905,20250905,20018,30023,40081,16:12:00,18:17:00,125,94,31,No,Entregada
600988,506568,20251219,20251219,20003,30003,40003,11:23:00,13:58:00,155,42,113,No,Entregada
600989,502314,20250621,20250621,20017,30014,40066,12:17:00,14:49:00,152,81,71,No,Retrasada
600990,501267,20261202,20261202,20022,30001,40081,12:17:00,15:14:00,177,94,83,No,Retrasada
600991,502895,20260227,20260227,20047,30005,40038,11:10:00,13:37:00,147,37,110,No,Retrasada
600992,501062,20260422,20260422,20026,30016,40040,14:38:00,16:00:00,82,76,6,Sí,Entregada
600993,504125,20260629,20260629,20047,30002,40022,10:27:00,13:40:00,193,110,83,No,Entregada
600994,506978,20250420,20250420,20048,30029,40015,13:29:00,14:36:00,67,64,3,Sí,Entregada
600995,502348,20260225,20260225,20026,30029,40087,07:21:00,10:11:00,170,113,57,No,Entregada
600996,505748,20250322,20250322,20026,30015,40049,15:34:00,17:08:00,94,69,25,No,Entregada
600997,508280,20261101,20261101,20028,30030,40008,07:13:00,08:51:00,98,58,40,No,Entregada
600998,501704,20250928,20250928,20028,30030,40052,07:11:00,09:20:00,129,55,74,No,Retrasada
600999,504966,20260312,20260312,20041,30014,40034,15:43:00,17:46:00,123,37,86,No,Entregada
601000,507800,20260530,20260530,20017,30027,40015,15:56:00,17:12:00,76,64,12,Sí,Entregada
601001,503692,20261024,20261024,20024,30014,40076,11:02:00,12:50:00,108,64,44,No,Entregada
601002,503363,20260709,20260709,20001,30017,40062,16:26:00,18:00:00,94,76,18,No,Entregada
601003,500036,20260226,20260226,20035,30017,40059,12:55:00,15:07:00,132,23,109,No,Entregada
601004,503831,20261128,20261128,20003,30030,40003,17:30:00,18:56:00,86,42,44,No,Entregada
601005,506966,20261208,20261208,20032,30011,40010,11:47:00,13:54:00,127,75,52,No,Retrasada
601006,503955,20250820,20250820,20047,30020,40021,16:53:00,19:43:00,170,120,50,No,Entregada
601007,502731,20250904,20250904,20031,30017,40063,16:08:00,18:09:00,121,52,69,No,Entregada
601008,509716,20261203,20261203,20028,30020,40001,12:11:00,14:31:00,140,45,95,No,Entregada
601009,504933,20250607,20250607,20041,30006,40019,07:58:00,11:13:00,195,91,104,No,Entregada
601010,506789,20250303,20250303,20018,30027,40082,07:34:00,08:50:00,76,74,2,Sí,Entregada
601011,508163,20250515,20250515,20005,30003,40013,08:32:00,10:59:00,147,87,60,No,Entregada
601012,506156,20250621,20250621,20037,30026,40063,10:26:00,12:11:00,105,52,53,No,Entregada
601013,508877,20250803,20250803,20026,30019,40044,12:31:00,15:19:00,168,72,96,No,Entregada
601014,501592,20250205,20250205,20041,30015,40066,09:38:00,11:47:00,129,81,48,No,Entregada
601015,508649,20250324,20250324,20046,30024,40035,07:23:00,10:07:00,164,107,57,No,Retrasada
601016,508658,20260609,20260609,20024,30017,40040,15:35:00,17:10:00,95,76,19,No,Entregada
601017,505818,20251106,20251106,20022,30006,40008,13:03:00,15:32:00,149,58,91,No,Entregada
601018,500640,20250705,20250705,20037,30020,40094,09:31:00,10:14:00,43,24,19,No,Entregada
601019,507883,20260221,20260221,20031,30017,40078,17:07:00,19:20:00,133,84,49,No,Entregada
601020,500556,20260511,20260511,20022,30026,40040,13:59:00,16:59:00,180,76,104,No,Entregada
601021,509745,20250514,20250514,20041,30012,40085,15:31:00,18:08:00,157,41,116,No,Entregada
601022,502664,20260130,20260130,20048,30017,40002,16:37:00,19:11:00,154,55,99,No,Retrasada
601023,509797,20251031,20251031,20031,30006,40054,13:57:00,16:37:00,160,82,78,No,Retrasada
601024,505059,20261109,20261109,20032,30006,40095,11:54:00,13:42:00,108,73,35,No,Retrasada
601025,502885,20260109,20260109,20032,30002,40093,13:10:00,14:30:00,80,39,41,No,Entregada
601026,509685,20260927,20260927,20018,30007,40094,11:05:00,12:26:00,81,24,57,No,Entregada
601027,502103,20260416,20260416,20018,30011,40076,17:42:00,18:57:00,75,64,11,Sí,Retrasada
601028,506798,20250709,20250709,20003,30020,40011,15:49:00,18:55:00,186,78,108,No,Entregada
601029,507156,20251014,20251014,20047,30010,40034,07:20:00,08:36:00,76,37,39,No,Entregada
601030,508579,20250629,20250629,20026,30016,40001,15:39:00,16:38:00,59,45,14,Sí,Entregada
601031,502422,20251002,20251002,20048,30012,40057,14:57:00,17:32:00,155,56,99,No,Entregada
601032,507509,20250801,20250801,20031,30015,40021,11:57:00,15:23:00,206,120,86,No,Retrasada
601033,507150,20251007,20251007,20032,30011,40060,15:45:00,17:34:00,109,66,43,No,Entregada
601034,507530,20260515,20260515,20017,30012,40003,07:01:00,09:00:00,119,42,77,No,Entregada
601035,509725,20250219,20250219,20046,30002,40010,11:52:00,15:05:00,193,75,118,No,Entregada
601036,509454,20260730,20260730,20031,30026,40086,16:12:00,19:03:00,171,103,68,No,Entregada
601037,508878,20260228,20260228,20003,30027,40094,15:21:00,16:46:00,85,24,61,No,Entregada
601038,506373,20260821,20260821,20003,30012,40090,13:20:00,14:55:00,95,36,59,No,Retrasada
601039,500678,20251203,20251203,20041,30017,40087,07:13:00,10:56:00,223,113,110,No,Entregada
601040,501431,20260729,20260729,20028,30015,40042,10:50:00,14:29:00,219,100,119,No,Entregada
601041,500743,20250106,20250106,20001,30029,40086,08:23:00,11:34:00,191,103,88,No,Entregada
601042,505444,20250101,20250101,20003,30021,40055,09:24:00,10:43:00,79,78,1,Sí,Entregada
601043,505718,20250307,20250307,20032,30030,40063,07:27:00,09:47:00,140,52,88,No,Retrasada
601044,505956,20261027,20261027,20024,30020,40063,09:42:00,11:39:00,117,52,65,No,Entregada
601045,508943,20250914,20250914,20003,30010,40006,11:20:00,14:10:00,170,70,100,No,Entregada
601046,505567,20260310,20260310,20046,30015,40013,14:03:00,16:34:00,151,87,64,No,Entregada
601047,500631,20250511,20250511,20028,30003,40071,12:00:00,14:19:00,139,64,75,No,Entregada
601048,509771,20250508,20250508,20046,30005,40020,12:02:00,13:07:00,65,43,22,No,Entregada
601049,504382,20251130,20251130,20032,30012,40008,13:34:00,15:02:00,88,58,30,No,Entregada
601050,501348,20250930,20250930,20017,30001,40038,17:29:00,18:15:00,46,37,9,Sí,Entregada
601051,504410,20250524,20250524,20003,30017,40038,16:51:00,17:41:00,50,37,13,Sí,Entregada
601052,506115,20250424,20250424,20048,30011,40039,17:04:00,19:30:00,146,73,73,No,Entregada
601053,506738,20250226,20250226,20037,30023,40042,13:00:00,14:49:00,109,100,9,Sí,Entregada
601054,501091,20251021,20251021,20037,30015,40001,09:12:00,09:57:00,45,45,0,Sí,Retrasada
601055,502190,20251221,20251221,20048,30014,40047,15:32:00,16:28:00,56,37,19,No,Entregada
601056,503028,20250720,20250720,20022,30029,40099,16:35:00,18:03:00,88,32,56,No,Entregada
601057,506270,20250610,20250610,20047,30026,40013,11:43:00,15:07:00,204,87,117,No,Entregada
601058,503121,20260821,20260821,20047,30007,40032,08:46:00,11:41:00,175,55,120,No,Entregada
601059,508719,20250315,20250315,20048,30019,40049,10:23:00,12:08:00,105,69,36,No,Entregada
601060,500506,20250908,20250908,20032,30029,40096,12:04:00,13:17:00,73,37,36,No,Entregada
601061,504280,20250708,20250708,20001,30021,40084,17:31:00,19:56:00,145,33,112,No,Entregada
601062,508633,20250315,20250315,20022,30006,40090,09:35:00,10:54:00,79,36,43,No,Retrasada
601063,500514,20261015,20261015,20032,30024,40019,17:19:00,20:40:00,201,91,110,No,Entregada
601064,508879,20250816,20250816,20001,30023,40001,12:33:00,14:18:00,105,45,60,No,Entregada
601065,502323,20250206,20250206,20045,30015,40092,15:30:00,15:54:00,24,23,1,Sí,Entregada
601066,507202,20250608,20250608,20003,30014,40052,07:19:00,08:50:00,91,55,36,No,Entregada
601067,504407,20250131,20250131,20041,30006,40015,07:00:00,08:29:00,89,64,25,No,Entregada
601068,507050,20250909,20250909,20048,30029,40081,07:34:00,11:06:00,212,94,118,No,Entregada
601069,507259,20250523,20250523,20017,30023,40034,15:04:00,16:50:00,106,37,69,No,Entregada
601070,507414,20250916,20250916,20018,30023,40019,07:58:00,11:25:00,207,91,116,No,Entregada
601071,505853,20260218,20260218,20048,30010,40094,09:40:00,11:12:00,92,24,68,No,Entregada
601072,500730,20260805,20260805,20041,30017,40014,10:25:00,13:06:00,161,49,112,No,Entregada
601073,501530,20250505,20250505,20007,30002,40027,15:09:00,16:41:00,92,81,11,Sí,Retrasada
601074,509248,20251216,20251216,20018,30027,40058,11:01:00,12:53:00,112,93,19,No,Entregada
601075,507472,20260917,20260917,20028,30015,40029,11:10:00,13:53:00,163,76,87,No,Retrasada
601076,507299,20250616,20250616,20018,30014,40090,09:05:00,10:23:00,78,36,42,No,Entregada
601077,500679,20260919,20260919,20024,30006,40011,10:36:00,13:31:00,175,78,97,No,Entregada
601078,507997,20250903,20250903,20005,30006,40034,10:04:00,11:30:00,86,37,49,No,Entregada
601079,503048,20261204,20261204,20041,30027,40084,10:42:00,11:53:00,71,33,38,No,Retrasada
601080,503576,20260612,20260612,20045,30020,40021,15:14:00,18:09:00,175,120,55,No,Entregada
601081,505075,20261001,20261001,20041,30023,40072,09:57:00,12:31:00,154,112,42,No,Entregada
601082,501678,20260802,20260802,20047,30012,40072,14:07:00,16:21:00,134,112,22,No,Entregada
601083,500608,20250703,20250703,20024,30011,40062,09:30:00,11:23:00,113,76,37,No,Entregada
601084,503383,20250725,20250725,20017,30023,40001,12:07:00,13:36:00,89,45,44,No,Entregada
601085,508095,20261025,20261025,20046,30013,40080,13:14:00,14:48:00,94,15,79,No,Entregada
601086,501125,20260606,20260606,20048,30019,40044,12:40:00,13:59:00,79,72,7,Sí,Retrasada
601087,505003,20250912,20250912,20026,30006,40087,12:51:00,14:44:00,113,113,0,Sí,Entregada
601088,503508,20260509,20260509,20041,30019,40059,15:36:00,17:40:00,124,23,101,No,Retrasada
601089,502411,20250924,20250924,20047,30019,40034,08:25:00,10:52:00,147,37,110,No,Entregada
601090,500602,20250316,20250316,20033,30013,40051,10:12:00,11:41:00,89,43,46,No,Entregada
601091,506091,20250911,20250911,20028,30019,40052,08:58:00,10:47:00,109,55,54,No,Retrasada
601092,507333,20251102,20251102,20041,30013,40051,14:06:00,16:18:00,132,43,89,No,Entregada
601093,500320,20251118,20251118,20018,30011,40046,13:53:00,15:39:00,106,33,73,No,Entregada
601094,502173,20251020,20251020,20018,30011,40021,09:24:00,13:17:00,233,120,113,No,Entregada
601095,508355,20260215,20260215,20024,30001,40059,17:47:00,18:35:00,48,23,25,No,Entregada
601096,501107,20250725,20250725,20032,30009,40018,16:47:00,18:53:00,126,80,46,No,Entregada
601097,500974,20250212,20250212,20003,30007,40085,12:44:00,14:55:00,131,41,90,No,Entregada
601098,509374,20250126,20250126,20037,30017,40094,07:00:00,08:09:00,69,24,45,No,Entregada
601099,501807,20260216,20260216,20037,30001,40021,11:46:00,14:04:00,138,120,18,No,Entregada
601100,501939,20251014,20251014,20026,30007,40027,17:53:00,20:33:00,160,81,79,No,Entregada
601101,503186,20260919,20260919,20032,30029,40005,12:03:00,13:43:00,100,48,52,No,Entregada
601102,500543,20260529,20260529,20003,30026,40040,13:00:00,15:24:00,144,76,68,No,Entregada
601103,508028,20260607,20260607,20005,30009,40027,10:39:00,13:29:00,170,81,89,No,Entregada
601104,503981,20250114,20250114,20024,30017,40086,16:34:00,19:22:00,168,103,65,No,Entregada
601105,508449,20260523,20260523,20045,30026,40087,09:40:00,12:45:00,185,113,72,No,Retrasada
601106,500298,20250725,20250725,20035,30017,40007,08:28:00,09:58:00,90,50,40,No,Entregada
601107,501970,20250420,20250420,20018,30006,40028,16:44:00,19:26:00,162,115,47,No,Entregada
601108,508477,20250214,20250214,20026,30007,40015,16:48:00,19:48:00,180,64,116,No,Entregada
601109,500883,20250802,20250802,20002,30001,40072,15:08:00,17:30:00,142,112,30,No,Entregada
601110,501328,20261019,20261019,20026,30015,40092,12:23:00,14:00:00,97,23,74,No,Entregada
601111,503640,20261005,20261005,20041,30010,40011,13:20:00,16:15:00,175,78,97,No,Entregada
601112,503980,20260620,20260620,20026,30012,40007,15:13:00,17:44:00,151,50,101,No,Entregada
601113,509933,20250816,20250816,20041,30029,40044,17:13:00,18:28:00,75,72,3,Sí,Entregada
601114,504998,20260614,20260614,20018,30013,40019,14:33:00,16:22:00,109,91,18,No,Retrasada
601115,505001,20250520,20250520,20031,30001,40022,16:53:00,20:20:00,207,110,97,No,Entregada
601116,507365,20260809,20260809,20001,30029,40084,11:38:00,12:23:00,45,33,12,Sí,Entregada
601117,507568,20251005,20251005,20018,30030,40013,13:04:00,15:53:00,169,87,82,No,Entregada
601118,502733,20251216,20251216,20045,30021,40077,17:40:00,19:18:00,98,24,74,No,Entregada
601119,506910,20260803,20260803,20031,30016,40022,14:34:00,17:51:00,197,110,87,No,Entregada
601120,505727,20260724,20260724,20031,30014,40022,17:54:00,21:12:00,198,110,88,No,Entregada
601121,503747,20250121,20250121,20035,30002,40092,08:15:00,09:42:00,87,23,64,No,Entregada
601122,500076,20261206,20261206,20017,30012,40060,09:22:00,11:38:00,136,66,70,No,Entregada
601123,502541,20260204,20260204,20037,30010,40052,17:04:00,18:19:00,75,55,20,No,Entregada
601124,508316,20251013,20251013,20031,30014,40037,13:56:00,16:45:00,169,81,88,No,Entregada
601125,508615,20260401,20260401,20032,30007,40072,15:16:00,17:56:00,160,112,48,No,Entregada
601126,503622,20260604,20260604,20024,30026,40038,08:41:00,09:52:00,71,37,34,No,Entregada
601127,500124,20261008,20261008,20024,30013,40071,11:26:00,13:59:00,153,64,89,No,Retrasada
601128,505458,20260307,20260307,20032,30015,40089,17:21:00,19:56:00,155,57,98,No,Retrasada
601129,501223,20250705,20250705,20047,30027,40034,07:02:00,08:56:00,114,37,77,No,Entregada
601130,506304,20250311,20250311,20007,30001,40038,12:27:00,14:28:00,121,37,84,No,Entregada
601131,503093,20261208,20261208,20047,30007,40042,14:29:00,16:56:00,147,100,47,No,Entregada
601132,501120,20261228,20261228,20037,30024,40090,17:28:00,19:13:00,105,36,69,No,Entregada
601133,505936,20260131,20260131,20001,30013,40054,09:33:00,12:27:00,174,82,92,No,Entregada
601134,500203,20260106,20260106,20003,30012,40013,07:11:00,09:02:00,111,87,24,No,Entregada
601135,502548,20260614,20260614,20028,30027,40060,12:03:00,13:13:00,70,66,4,Sí,Entregada
601136,507137,20260226,20260226,20024,30024,40093,11:59:00,13:14:00,75,39,36,No,Entregada
601137,500775,20260129,20260129,20045,30003,40077,07:42:00,09:45:00,123,24,99,No,Entregada
601138,506424,20251011,20251011,20024,30002,40002,12:42:00,14:24:00,102,55,47,No,Retrasada
601139,509416,20250331,20250331,20041,30011,40084,15:17:00,16:59:00,102,33,69,No,Entregada
601140,505331,20250902,20250902,20028,30017,40096,14:06:00,16:30:00,144,37,107,No,Entregada
601141,500570,20260605,20260605,20047,30013,40018,07:20:00,10:28:00,188,80,108,No,Entregada
601142,501697,20250515,20250515,20046,30009,40062,17:18:00,18:56:00,98,76,22,No,Entregada
601143,509705,20250606,20250606,20032,30027,40072,12:35:00,16:25:00,230,112,118,No,Entregada
601144,509694,20251205,20251205,20026,30007,40059,08:56:00,10:05:00,69,23,46,No,Entregada
601145,500752,20260120,20260120,20026,30013,40028,07:50:00,09:59:00,129,115,14,Sí,Entregada
601146,502092,20250217,20250217,20037,30006,40076,12:23:00,13:41:00,78,64,14,Sí,Entregada
601147,507692,20260226,20260226,20028,30011,40020,09:20:00,10:23:00,63,43,20,No,Retrasada
601148,503779,20260727,20260727,20048,30010,40086,12:33:00,15:41:00,188,103,85,No,Entregada
601149,502045,20250117,20250117,20028,30030,40073,13:12:00,15:42:00,150,83,67,No,Entregada
601150,503695,20261127,20261127,20026,30029,40099,15:13:00,16:36:00,83,32,51,No,Retrasada
601151,504752,20261009,20261009,20035,30021,40034,09:35:00,10:38:00,63,37,26,No,Entregada
601152,501815,20250114,20250114,20003,30003,40032,17:47:00,19:16:00,89,55,34,No,Entregada
601153,500790,20261107,20261107,20037,30006,40049,08:45:00,10:09:00,84,69,15,Sí,Entregada
601154,506271,20261019,20261019,20033,30023,40081,17:57:00,20:06:00,129,94,35,No,Entregada
601155,507401,20260816,20260816,20032,30012,40028,16:48:00,18:44:00,116,115,1,Sí,Entregada
601156,508088,20250323,20250323,20047,30016,40041,08:29:00,10:04:00,95,92,3,Sí,Entregada
601157,502165,20251001,20251001,20003,30026,40015,12:49:00,15:21:00,152,64,88,No,Entregada
601158,503768,20250625,20250625,20047,30005,40020,11:22:00,13:19:00,117,43,74,No,Retrasada
601159,500968,20251214,20251214,20026,30011,40003,08:47:00,11:03:00,136,42,94,No,Entregada
601160,502022,20261129,20261129,20032,30017,40013,07:38:00,10:18:00,160,87,73,No,Entregada
601161,501794,20250726,20250726,20001,30009,40094,09:38:00,10:14:00,36,24,12,Sí,Entregada
601162,506681,20251127,20251127,20018,30021,40010,12:11:00,14:36:00,145,75,70,No,Entregada
601163,506118,20250308,20250308,20033,30005,40098,14:24:00,16:47:00,143,31,112,No,Entregada
601164,508408,20260108,20260108,20022,30006,40073,07:35:00,09:39:00,124,83,41,No,Entregada
601165,508179,20260624,20260624,20048,30011,40052,14:31:00,16:49:00,138,55,83,No,Entregada
601166,509345,20260218,20260218,20033,30020,40065,13:24:00,16:22:00,178,61,117,No,Retrasada
601167,503746,20250928,20250928,20047,30006,40084,13:15:00,14:31:00,76,33,43,No,Entregada
601168,507421,20260715,20260715,20031,30021,40027,13:01:00,15:06:00,125,81,44,No,Retrasada
601169,503948,20260626,20260626,20031,30007,40086,09:20:00,11:49:00,149,103,46,No,Entregada
601170,502253,20250313,20250313,20022,30009,40006,08:57:00,12:05:00,188,70,118,No,Entregada
601171,500977,20260424,20260424,20047,30016,40085,10:39:00,11:40:00,61,41,20,No,Entregada
601172,502177,20260907,20260907,20031,30014,40098,07:25:00,08:04:00,39,31,8,Sí,Retrasada
601173,507917,20260903,20260903,20026,30024,40058,07:09:00,08:50:00,101,93,8,Sí,Entregada
601174,502057,20251209,20251209,20026,30017,40062,13:17:00,16:00:00,163,76,87,No,Entregada
601175,502164,20260220,20260220,20048,30006,40054,17:36:00,20:58:00,202,82,120,No,Retrasada
601176,509151,20250619,20250619,20017,30007,40080,16:43:00,17:39:00,56,15,41,No,Entregada
601177,501693,20250812,20250812,20018,30005,40004,07:48:00,09:11:00,83,60,23,No,Entregada
601178,503364,20251013,20251013,20008,30001,40082,11:52:00,13:31:00,99,74,25,No,Entregada
601179,501309,20260418,20260418,20022,30029,40029,07:49:00,10:12:00,143,76,67,No,Entregada
601180,509001,20260303,20260303,20017,30017,40063,15:50:00,17:05:00,75,52,23,No,Entregada
601181,500963,20261012,20261012,20017,30011,40028,07:59:00,11:33:00,214,115,99,No,Entregada
601182,500450,20251201,20251201,20024,30002,40072,10:21:00,12:51:00,150,112,38,No,Retrasada
601183,506506,20261212,20261212,20047,30024,40066,09:25:00,12:14:00,169,81,88,No,Entregada
601184,501602,20250326,20250326,20032,30003,40019,14:18:00,16:07:00,109,91,18,No,Entregada
601185,502148,20260115,20260115,20048,30030,40008,16:40:00,19:31:00,171,58,113,No,Entregada
601186,509984,20250127,20250127,20026,30007,40065,16:20:00,18:07:00,107,61,46,No,Entregada
601187,509512,20250416,20250416,20032,30019,40095,08:47:00,11:38:00,171,73,98,No,Entregada
601188,505573,20250413,20250413,20033,30013,40046,17:30:00,19:40:00,130,33,97,No,Entregada
601189,503816,20250212,20250212,20024,30012,40046,14:11:00,15:04:00,53,33,20,No,Retrasada
601190,500717,20261207,20261207,20032,30011,40065,17:54:00,19:31:00,97,61,36,No,Entregada
601191,506226,20250525,20250525,20003,30002,40071,14:34:00,16:12:00,98,64,34,No,Entregada
601192,505381,20260820,20260820,20035,30010,40072,15:42:00,18:05:00,143,112,31,No,Entregada
601193,507937,20260213,20260213,20035,30023,40002,16:49:00,17:53:00,64,55,9,Sí,Entregada
601194,503620,20250410,20250410,20047,30007,40011,15:28:00,18:02:00,154,78,76,No,Entregada
601195,501797,20251025,20251025,20033,30024,40060,11:13:00,13:15:00,122,66,56,No,Entregada
601196,505615,20261211,20261211,20017,30027,40029,12:19:00,13:59:00,100,76,24,No,Retrasada
601197,501335,20251226,20251226,20003,30003,40038,11:22:00,12:33:00,71,37,34,No,Entregada
601198,506655,20251014,20251014,20018,30003,40078,17:57:00,20:45:00,168,84,84,No,Entregada
601199,504359,20260906,20260906,20017,30026,40078,16:13:00,18:43:00,150,84,66,No,Entregada
601200,500531,20260122,20260122,20007,30009,40055,17:36:00,20:51:00,195,78,117,No,Entregada
601201,507275,20260226,20260226,20028,30015,40099,14:38:00,15:48:00,70,32,38,No,Entregada
601202,502280,20260423,20260423,20001,30005,40008,11:39:00,14:19:00,160,58,102,No,Entregada
601203,502414,20250920,20250920,20045,30020,40009,12:01:00,13:40:00,99,40,59,No,Retrasada
601204,503439,20250221,20250221,20048,30012,40037,16:39:00,18:18:00,99,81,18,No,Entregada
601205,503875,20250329,20250329,20041,30030,40066,08:41:00,11:31:00,170,81,89,No,Entregada
601206,502036,20260813,20260813,20048,30024,40096,11:47:00,13:05:00,78,37,41,No,Retrasada
601207,504969,20261107,20261107,20026,30007,40005,17:20:00,18:46:00,86,48,38,No,Entregada
601208,509044,20261225,20261225,20022,30009,40096,07:35:00,10:01:00,146,37,109,No,Retrasada
601209,508037,20260302,20260302,20045,30029,40029,12:52:00,15:51:00,179,76,103,No,Entregada
601210,502764,20250912,20250912,20031,30017,40071,08:12:00,09:51:00,99,64,35,No,Retrasada
601211,503733,20250803,20250803,20032,30011,40047,12:52:00,13:36:00,44,37,7,Sí,Entregada
601212,501077,20250214,20250214,20031,30007,40032,14:04:00,16:08:00,124,55,69,No,Retrasada
601213,501456,20260519,20260519,20008,30009,40071,16:20:00,19:06:00,166,64,102,No,Retrasada
601214,503283,20250924,20250924,20017,30003,40047,17:41:00,19:17:00,96,37,59,No,Retrasada
601215,509521,20260829,20260829,20033,30003,40004,15:36:00,17:35:00,119,60,59,No,Entregada
601216,508142,20250320,20250320,20024,30030,40072,15:58:00,18:33:00,155,112,43,No,Entregada
601217,505488,20260324,20260324,20003,30001,40058,09:28:00,11:32:00,124,93,31,No,Entregada
601218,501749,20260513,20260513,20047,30009,40098,10:49:00,11:27:00,38,31,7,Sí,Entregada
601219,506707,20260201,20260201,20048,30026,40011,16:21:00,18:50:00,149,78,71,No,Entregada
601220,507495,20260903,20260903,20005,30015,40084,13:20:00,14:59:00,99,33,66,No,Retrasada
601221,506699,20250411,20250411,20045,30005,40044,11:18:00,13:27:00,129,72,57,No,Entregada
601222,503338,20260511,20260511,20033,30023,40076,09:09:00,11:38:00,149,64,85,No,Entregada
601223,500484,20260722,20260722,20047,30014,40038,09:51:00,11:54:00,123,37,86,No,Entregada
601224,501752,20250815,20250815,20017,30030,40058,17:13:00,18:47:00,94,93,1,Sí,Entregada
601225,509695,20261119,20261119,20047,30006,40006,12:53:00,15:23:00,150,70,80,No,Entregada
601226,502355,20260723,20260723,20018,30027,40065,08:55:00,11:22:00,147,61,86,No,Entregada
601227,503105,20260507,20260507,20035,30010,40071,14:21:00,15:32:00,71,64,7,Sí,Entregada
601228,506823,20250708,20250708,20045,30010,40015,14:32:00,16:11:00,99,64,35,No,Retrasada
601229,505048,20260914,20260914,20017,30020,40040,14:56:00,17:28:00,152,76,76,No,Entregada
601230,506316,20261222,20261222,20045,30010,40021,12:02:00,14:32:00,150,120,30,No,Entregada
601231,508082,20250910,20250910,20007,30009,40072,12:10:00,16:02:00,232,112,120,No,Entregada
601232,505916,20250202,20250202,20028,30007,40015,17:17:00,19:40:00,143,64,79,No,Entregada
601233,506370,20260606,20260606,20018,30016,40014,17:32:00,19:22:00,110,49,61,No,Entregada
601234,506460,20261109,20261109,20026,30001,40096,07:11:00,08:42:00,91,37,54,No,Entregada
601235,507675,20260108,20260108,20035,30015,40011,13:39:00,15:13:00,94,78,16,No,Entregada
601236,509310,20260310,20260310,20003,30012,40059,17:47:00,18:21:00,34,23,11,Sí,Retrasada
601237,509769,20251216,20251216,20018,30003,40046,15:34:00,17:30:00,116,33,83,No,Entregada
601238,502224,20260917,20260917,20024,30006,40054,16:01:00,17:38:00,97,82,15,Sí,Retrasada
601239,506258,20250209,20250209,20001,30001,40020,11:38:00,14:09:00,151,43,108,No,Retrasada
601240,501687,20250713,20250713,20017,30015,40005,17:26:00,19:45:00,139,48,91,No,Retrasada
601241,507253,20250918,20250918,20033,30013,40098,17:29:00,19:43:00,134,31,103,No,Retrasada
601242,505963,20251104,20251104,20018,30030,40047,11:07:00,11:48:00,41,37,4,Sí,Entregada
601243,506301,20260210,20260210,20028,30030,40080,12:20:00,14:22:00,122,15,107,No,Entregada
601244,504008,20261217,20261217,20018,30023,40066,11:45:00,15:06:00,201,81,120,No,Entregada
601245,505895,20260202,20260202,20032,30029,40011,08:23:00,10:01:00,98,78,20,No,Entregada
601246,509242,20251225,20251225,20028,30007,40059,13:45:00,15:17:00,92,23,69,No,Entregada
601247,501492,20261231,20261231,20048,30020,40073,14:35:00,17:19:00,164,83,81,No,Entregada
601248,505076,20250619,20250619,20018,30002,40052,09:40:00,12:17:00,157,55,102,No,Entregada
601249,508480,20251024,20251024,20045,30024,40081,14:39:00,18:09:00,210,94,116,No,Retrasada
601250,502837,20260518,20260518,20007,30009,40029,15:19:00,17:12:00,113,76,37,No,Entregada
601251,504603,20260530,20260530,20048,30019,40063,15:28:00,17:57:00,149,52,97,No,Retrasada
601252,506807,20251104,20251104,20017,30009,40020,15:00:00,15:56:00,56,43,13,Sí,Entregada
601253,505617,20250115,20250115,20047,30014,40073,08:53:00,10:38:00,105,83,22,No,Retrasada
601254,504418,20250807,20250807,20041,30013,40034,16:37:00,19:02:00,145,37,108,No,Entregada
601255,500696,20250305,20250305,20018,30020,40013,12:40:00,15:51:00,191,87,104,No,Entregada
601256,506518,20250504,20250504,20001,30029,40077,14:28:00,14:53:00,25,24,1,Sí,Retrasada
601257,509478,20260613,20260613,20035,30024,40034,09:59:00,11:50:00,111,37,74,No,Entregada
601258,505476,20251024,20251024,20032,30017,40069,13:46:00,15:39:00,113,52,61,No,Entregada
601259,507647,20250120,20250120,20041,30016,40039,10:15:00,11:53:00,98,73,25,No,Entregada
601260,500228,20250418,20250418,20041,30026,40022,12:10:00,15:21:00,191,110,81,No,Entregada
601261,504499,20250714,20250714,20032,30013,40066,13:58:00,15:24:00,86,81,5,Sí,Retrasada
601262,505204,20251029,20251029,20017,30009,40089,09:22:00,10:40:00,78,57,21,No,Entregada
601263,506280,20260526,20260526,20045,30026,40015,12:15:00,14:44:00,149,64,85,No,Retrasada
601264,503413,20250919,20250919,20028,30010,40049,11:03:00,13:52:00,169,69,100,No,Entregada
601265,508443,20251101,20251101,20018,30026,40085,07:11:00,09:37:00,146,41,105,No,Retrasada
601266,508903,20250517,20250517,20031,30014,40022,16:20:00,20:00:00,220,110,110,No,Entregada
601267,509987,20260107,20260107,20024,30016,40096,16:53:00,18:11:00,78,37,41,No,Entregada
601268,509626,20250619,20250619,20041,30019,40035,09:37:00,12:08:00,151,107,44,No,Entregada
601269,504165,20261225,20261225,20018,30030,40076,14:41:00,17:12:00,151,64,87,No,Retrasada
601270,506394,20261019,20261019,20028,30002,40003,08:06:00,08:53:00,47,42,5,Sí,Entregada
601271,505365,20260101,20260101,20003,30023,40069,07:06:00,09:17:00,131,52,79,No,Retrasada
601272,508304,20260518,20260518,20033,30002,40058,15:45:00,18:09:00,144,93,51,No,Entregada
601273,502206,20250207,20250207,20045,30026,40085,13:38:00,15:31:00,113,41,72,No,Entregada
601274,501325,20260907,20260907,20048,30007,40037,16:37:00,18:18:00,101,81,20,No,Entregada
601275,500416,20250617,20250617,20031,30011,40066,09:09:00,12:00:00,171,81,90,No,Entregada
601276,505084,20260728,20260728,20047,30007,40008,14:45:00,16:17:00,92,58,34,No,Entregada
601277,503655,20260604,20260604,20026,30003,40018,11:25:00,14:02:00,157,80,77,No,Entregada
601278,509128,20260815,20260815,20022,30024,40041,11:12:00,13:08:00,116,92,24,No,Entregada
601279,501138,20250627,20250627,20018,30027,40040,11:48:00,13:57:00,129,76,53,No,Entregada
601280,509450,20250719,20250719,20003,30021,40014,08:34:00,09:58:00,84,49,35,No,Entregada
601281,504442,20260104,20260104,20024,30006,40046,08:49:00,09:35:00,46,33,13,Sí,Entregada
601282,500417,20261220,20261220,20031,30020,40099,10:57:00,12:48:00,111,32,79,No,Entregada
601283,501546,20260215,20260215,20005,30020,40085,15:02:00,16:34:00,92,41,51,No,Entregada
601284,502399,20250928,20250928,20031,30012,40071,07:24:00,09:08:00,104,64,40,No,Entregada
601285,504983,20260629,20260629,20035,30015,40006,08:56:00,10:18:00,82,70,12,Sí,Retrasada
601286,509472,20260905,20260905,20032,30017,40022,13:31:00,16:58:00,207,110,97,No,Entregada
601287,509090,20250723,20250723,20047,30003,40003,15:56:00,16:58:00,62,42,20,No,Entregada
601288,506285,20260711,20260711,20046,30009,40082,16:39:00,19:11:00,152,74,78,No,Entregada
601289,501438,20260624,20260624,20018,30021,40028,07:11:00,09:50:00,159,115,44,No,Retrasada
601290,502477,20261130,20261130,20028,30023,40042,09:07:00,11:18:00,131,100,31,No,Entregada
601291,502560,20250402,20250402,20022,30009,40081,08:31:00,11:40:00,189,94,95,No,Entregada
601292,504328,20251016,20251016,20017,30016,40076,16:02:00,17:18:00,76,64,12,Sí,Retrasada
601293,508861,20250906,20250906,20024,30006,40051,15:51:00,17:51:00,120,43,77,No,Entregada
601294,505446,20261128,20261128,20022,30009,40081,14:26:00,16:17:00,111,94,17,No,Retrasada
601295,509634,20251119,20251119,20018,30014,40029,07:42:00,09:03:00,81,76,5,Sí,Entregada
601296,500274,20260619,20260619,20022,30010,40004,07:59:00,09:00:00,61,60,1,Sí,Entregada
601297,506230,20260321,20260321,20032,30003,40055,14:46:00,16:26:00,100,78,22,No,Entregada
601298,500957,20250803,20250803,20031,30012,40018,15:36:00,17:26:00,110,80,30,No,Entregada
601299,506057,20250511,20250511,20024,30010,40044,12:44:00,15:18:00,154,72,82,No,Entregada
601300,501021,20250103,20250103,20032,30027,40002,13:21:00,14:17:00,56,55,1,Sí,Entregada
601301,500115,20260909,20260909,20003,30024,40027,11:12:00,12:43:00,91,81,10,Sí,Entregada
601302,500940,20251003,20251003,20031,30016,40013,07:55:00,09:52:00,117,87,30,No,Entregada
601303,507390,20260217,20260217,20032,30020,40086,14:36:00,17:37:00,181,103,78,No,Retrasada
601304,505976,20250328,20250328,20031,30007,40029,08:22:00,11:04:00,162,76,86,No,Entregada
601305,506834,20250717,20250717,20048,30005,40065,08:38:00,09:47:00,69,61,8,Sí,Entregada
601306,501491,20260526,20260526,20037,30009,40069,12:28:00,13:40:00,72,52,20,No,Entregada
601307,507185,20260818,20260818,20007,30001,40004,10:09:00,11:36:00,87,60,27,No,Retrasada
601308,506498,20250818,20250818,20045,30015,40014,11:22:00,14:00:00,158,49,109,No,Entregada
601309,501464,20260509,20260509,20041,30012,40096,13:39:00,15:35:00,116,37,79,No,Entregada
601310,500261,20260221,20260221,20033,30020,40032,11:19:00,13:50:00,151,55,96,No,Entregada
601311,509607,20260303,20260303,20005,30005,40080,17:14:00,17:32:00,18,15,3,Sí,Entregada
601312,504271,20250317,20250317,20047,30009,40073,08:40:00,10:42:00,122,83,39,No,Entregada
601313,501396,20250803,20250803,20046,30021,40034,13:19:00,15:38:00,139,37,102,No,Entregada
601314,500697,20250410,20250410,20037,30017,40055,10:40:00,12:49:00,129,78,51,No,Entregada
601315,508203,20251221,20251221,20041,30007,40077,13:59:00,15:14:00,75,24,51,No,Entregada
601316,503456,20260525,20260525,20041,30026,40007,10:50:00,12:17:00,87,50,37,No,Entregada
601317,505180,20250202,20250202,20041,30010,40094,08:02:00,09:15:00,73,24,49,No,Entregada
601318,507884,20250505,20250505,20046,30021,40084,17:27:00,19:40:00,133,33,100,No,Entregada
601319,507981,20260824,20260824,20001,30006,40005,16:33:00,18:23:00,110,48,62,No,Entregada
601320,504010,20260309,20260309,20003,30023,40021,15:38:00,19:16:00,218,120,98,No,Entregada
601321,505953,20260220,20260220,20032,30011,40002,08:31:00,09:52:00,81,55,26,No,Retrasada
601322,506586,20250519,20250519,20037,30003,40098,15:45:00,17:41:00,116,31,85,No,Entregada
601323,505807,20260613,20260613,20047,30027,40060,16:57:00,19:13:00,136,66,70,No,Retrasada
601324,509094,20260626,20260626,20037,30026,40078,15:29:00,16:57:00,88,84,4,Sí,Entregada
601325,508156,20250123,20250123,20037,30017,40062,13:25:00,15:35:00,130,76,54,No,Entregada
601326,507045,20260321,20260321,20033,30003,40038,13:44:00,15:22:00,98,37,61,No,Entregada
601327,506474,20250910,20250910,20017,30001,40087,16:50:00,20:40:00,230,113,117,No,Entregada
601328,509115,20261010,20261010,20003,30012,40092,17:49:00,18:32:00,43,23,20,No,Entregada
601329,508415,20251023,20251023,20033,30005,40032,14:02:00,16:23:00,141,55,86,No,Retrasada
601330,502676,20250109,20250109,20003,30011,40034,08:04:00,08:45:00,41,37,4,Sí,Entregada
601331,501196,20250816,20250816,20037,30029,40085,10:32:00,11:25:00,53,41,12,Sí,Retrasada
601332,507474,20261104,20261104,20003,30016,40034,11:01:00,13:07:00,126,37,89,No,Entregada
601333,509910,20251213,20251213,20031,30024,40062,10:32:00,13:36:00,184,76,108,No,Entregada
601334,508715,20260625,20260625,20001,30005,40057,12:37:00,14:25:00,108,56,52,No,Entregada
601335,507715,20250320,20250320,20037,30010,40054,09:52:00,12:54:00,182,82,100,No,Entregada
601336,506305,20250310,20250310,20033,30003,40011,09:43:00,11:32:00,109,78,31,No,Entregada
601337,506323,20260204,20260204,20032,30013,40011,15:16:00,17:54:00,158,78,80,No,Entregada
601338,505974,20250604,20250604,20017,30014,40002,13:34:00,15:28:00,114,55,59,No,Retrasada
601339,505970,20250524,20250524,20047,30020,40059,12:07:00,13:32:00,85,23,62,No,Retrasada
601340,503274,20251108,20251108,20041,30007,40006,17:28:00,19:32:00,124,70,54,No,Entregada
601341,506832,20261029,20261029,20048,30026,40078,15:29:00,17:18:00,109,84,25,No,Entregada
601342,505809,20250607,20250607,20003,30020,40011,16:05:00,18:30:00,145,78,67,No,Retrasada
601343,509673,20261201,20261201,20012,30002,40001,17:23:00,18:59:00,96,45,51,No,Entregada
601344,508508,20250709,20250709,20031,30017,40042,10:46:00,13:47:00,181,100,81,No,Retrasada
601345,500786,20260720,20260720,20043,30001,40005,14:15:00,16:47:00,152,48,104,No,Entregada
601346,507783,20261016,20261016,20032,30017,40027,14:01:00,15:50:00,109,81,28,No,Entregada
601347,509402,20250827,20250827,20003,30020,40069,07:20:00,08:53:00,93,52,41,No,Entregada
601348,505143,20260302,20260302,20024,30017,40005,13:36:00,15:05:00,89,48,41,No,Retrasada
601349,507837,20260906,20260906,20029,30002,40069,08:44:00,11:28:00,164,52,112,No,Entregada
601350,500613,20250421,20250421,20033,30010,40018,07:16:00,09:39:00,143,80,63,No,Entregada
601351,508749,20260401,20260401,20026,30027,40078,13:32:00,16:55:00,203,84,119,No,Entregada
601352,502475,20260414,20260414,20035,30006,40099,09:08:00,10:20:00,72,32,40,No,Entregada
601353,509485,20250914,20250914,20033,30024,40089,16:31:00,17:29:00,58,57,1,Sí,Entregada
601354,503277,20250827,20250827,20003,30009,40015,07:28:00,09:19:00,111,64,47,No,Entregada
601355,505029,20260816,20260816,20022,30017,40037,07:09:00,10:06:00,177,81,96,No,Entregada
601356,502924,20251209,20251209,20032,30024,40015,10:51:00,13:48:00,177,64,113,No,Entregada
601357,501320,20260702,20260702,20022,30021,40032,11:43:00,12:58:00,75,55,20,No,Entregada
601358,504585,20250901,20250901,20046,30003,40027,10:19:00,12:54:00,155,81,74,No,Entregada
601359,500367,20250214,20250214,20008,30002,40002,08:18:00,10:01:00,103,55,48,No,Entregada
601360,500699,20251215,20251215,20035,30015,40072,09:52:00,12:00:00,128,112,16,No,Entregada
601361,509729,20251004,20251004,20032,30014,40052,16:40:00,18:57:00,137,55,82,No,Entregada
601362,508386,20251005,20251005,20032,30016,40069,14:28:00,15:51:00,83,52,31,No,Entregada
601363,503741,20261111,20261111,20048,30007,40055,08:40:00,11:24:00,164,78,86,No,Entregada
601364,507753,20251028,20251028,20026,30019,40090,10:19:00,11:02:00,43,36,7,Sí,Entregada
601365,508786,20260804,20260804,20032,30009,40001,08:26:00,11:11:00,165,45,120,No,Entregada
601366,506127,20250414,20250414,20005,30024,40034,13:24:00,14:43:00,79,37,42,No,Entregada
601367,503802,20250723,20250723,20041,30002,40027,14:14:00,17:23:00,189,81,108,No,Entregada
601368,503225,20260301,20260301,20024,30009,40020,15:02:00,16:08:00,66,43,23,No,Entregada
601369,508500,20250831,20250831,20005,30006,40055,07:16:00,08:57:00,101,78,23,No,Entregada
601370,503265,20251220,20251220,20048,30006,40054,09:27:00,10:53:00,86,82,4,Sí,Entregada
601371,502706,20250517,20250517,20033,30013,40042,10:51:00,12:51:00,120,100,20,No,Entregada
601372,508196,20260630,20260630,20018,30006,40035,13:05:00,15:49:00,164,107,57,No,Retrasada
601373,501838,20250116,20250116,20041,30019,40095,17:50:00,20:42:00,172,73,99,No,Entregada
601374,507392,20250422,20250422,20035,30002,40005,13:38:00,15:17:00,99,48,51,No,Entregada
601375,508119,20260219,20260219,20041,30017,40069,13:30:00,15:44:00,134,52,82,No,Entregada
601376,505614,20250926,20250926,20047,30027,40001,15:59:00,18:38:00,159,45,114,No,Entregada
601377,506741,20250522,20250522,20018,30011,40060,15:10:00,17:06:00,116,66,50,No,Entregada
601378,504683,20251217,20251217,20048,30015,40010,11:20:00,13:32:00,132,75,57,No,Entregada
601379,504827,20250127,20250127,20048,30015,40007,12:49:00,13:43:00,54,50,4,Sí,Entregada
601380,503937,20260917,20260917,20045,30005,40037,12:51:00,16:09:00,198,81,117,No,Entregada
601381,501907,20261103,20261103,20037,30006,40041,12:19:00,13:58:00,99,92,7,Sí,Retrasada
601382,504634,20250316,20250316,20026,30024,40051,16:09:00,17:01:00,52,43,9,Sí,Entregada
601383,501967,20250723,20250723,20017,30007,40029,13:07:00,16:13:00,186,76,110,No,Entregada
601384,500894,20250905,20250905,20003,30027,40090,12:36:00,14:43:00,127,36,91,No,Entregada
601385,505817,20260319,20260319,20005,30024,40015,17:47:00,20:25:00,158,64,94,No,Entregada
601386,507918,20260504,20260504,20045,30029,40087,12:28:00,16:04:00,216,113,103,No,Entregada
601387,507217,20250226,20250226,20026,30016,40041,14:42:00,17:19:00,157,92,65,No,Entregada
601388,505348,20250601,20250601,20031,30011,40072,16:20:00,19:01:00,161,112,49,No,Retrasada
601389,508537,20260714,20260714,20031,30007,40077,13:21:00,14:20:00,59,24,35,No,Entregada
601390,506231,20260217,20260217,20028,30016,40047,16:49:00,18:33:00,104,37,67,No,Entregada
601391,509642,20260702,20260702,20032,30005,40039,09:48:00,12:45:00,177,73,104,No,Entregada
601392,502909,20250615,20250615,20003,30017,40041,13:17:00,16:17:00,180,92,88,No,Retrasada
601393,505745,20260929,20260929,20031,30007,40099,10:09:00,12:39:00,150,32,118,No,Entregada
601394,501067,20251213,20251213,20035,30015,40093,09:28:00,12:00:00,152,39,113,No,Entregada
601395,503006,20260212,20260212,20048,30002,40090,17:51:00,19:02:00,71,36,35,No,Entregada
601396,502319,20250201,20250201,20033,30020,40028,15:07:00,18:32:00,205,115,90,No,Entregada
601397,500698,20260118,20260118,20046,30009,40011,13:13:00,14:32:00,79,78,1,Sí,Entregada
601398,501303,20260625,20260625,20001,30026,40044,09:39:00,11:03:00,84,72,12,Sí,Retrasada
601399,500321,20261121,20261121,20018,30014,40020,11:47:00,14:04:00,137,43,94,No,Entregada
601400,508949,20260513,20260513,20012,30001,40094,10:45:00,11:40:00,55,24,31,No,Entregada
601401,509108,20250723,20250723,20018,30020,40063,15:41:00,16:43:00,62,52,10,Sí,Entregada
601402,500378,20260108,20260108,20048,30027,40032,11:32:00,12:41:00,69,55,14,Sí,Entregada
601403,504206,20261102,20261102,20047,30012,40065,13:41:00,15:21:00,100,61,39,No,Retrasada
601404,501953,20250101,20250101,20022,30010,40059,15:07:00,16:24:00,77,23,54,No,Entregada
601405,507130,20260701,20260701,20022,30013,40032,09:03:00,10:56:00,113,55,58,No,Entregada
601406,505537,20261011,20261011,20024,30026,40046,17:25:00,19:26:00,121,33,88,No,Retrasada
601407,500130,20251223,20251223,20024,30016,40001,13:53:00,14:59:00,66,45,21,No,Entregada
601408,505811,20251121,20251121,20048,30021,40066,09:51:00,12:35:00,164,81,83,No,Entregada
601409,501856,20251023,20251023,20001,30009,40007,14:14:00,15:35:00,81,50,31,No,Entregada
601410,505711,20261115,20261115,20032,30011,40018,08:52:00,10:57:00,125,80,45,No,Entregada
601411,508586,20260330,20260330,20031,30019,40027,09:01:00,12:21:00,200,81,119,No,Entregada
601412,509289,20260730,20260730,20026,30020,40020,10:41:00,11:55:00,74,43,31,No,Retrasada
601413,500676,20260730,20260730,20048,30019,40087,07:38:00,11:29:00,231,113,118,No,Entregada
601414,502476,20250729,20250729,20041,30023,40022,10:52:00,14:34:00,222,110,112,No,Entregada
601415,503192,20260825,20260825,20018,30011,40081,15:49:00,18:09:00,140,94,46,No,Entregada
601416,506326,20260714,20260714,20028,30006,40098,13:36:00,14:27:00,51,31,20,No,Entregada
601417,501733,20260311,20260311,20028,30030,40049,17:37:00,19:06:00,89,69,20,No,Entregada
601418,504053,20250305,20250305,20017,30010,40019,12:01:00,13:39:00,98,91,7,Sí,Entregada
601419,500444,20260329,20260329,20022,30005,40060,10:57:00,13:46:00,169,66,103,No,Entregada
601420,503853,20260207,20260207,20018,30001,40085,10:55:00,11:42:00,47,41,6,Sí,Entregada
601421,503499,20260518,20260518,20048,30021,40065,10:22:00,12:58:00,156,61,95,No,Entregada
601422,503647,20260205,20260205,20032,30001,40078,10:54:00,13:43:00,169,84,85,No,Entregada
601423,500869,20251030,20251030,20032,30014,40021,15:53:00,19:21:00,208,120,88,No,Entregada
601424,507718,20260129,20260129,20047,30026,40093,14:45:00,16:55:00,130,39,91,No,Entregada
601425,504176,20250924,20250924,20024,30030,40002,16:00:00,16:56:00,56,55,1,Sí,Entregada
601426,503406,20260509,20260509,20018,30024,40058,14:42:00,17:39:00,177,93,84,No,Entregada
601427,508771,20260917,20260917,20047,30016,40096,11:42:00,13:10:00,88,37,51,No,Entregada
601428,507265,20250602,20250602,20026,30030,40021,17:06:00,19:55:00,169,120,49,No,Entregada
601429,501898,20250708,20250708,20026,30016,40013,13:46:00,16:31:00,165,87,78,No,Entregada
601430,506752,20261226,20261226,20037,30015,40049,07:43:00,10:19:00,156,69,87,No,Retrasada
601431,507567,20260226,20260226,20018,30012,40029,11:37:00,14:09:00,152,76,76,No,Entregada
601432,504854,20260129,20260129,20017,30019,40002,14:00:00,15:37:00,97,55,42,No,Entregada
601433,508344,20260706,20260706,20028,30026,40086,12:52:00,15:35:00,163,103,60,No,Entregada
601434,507091,20250812,20250812,20003,30019,40087,15:34:00,18:22:00,168,113,55,No,Entregada
601435,501500,20250509,20250509,20028,30005,40098,17:29:00,19:02:00,93,31,62,No,Entregada
601436,501739,20261106,20261106,20037,30017,40090,07:22:00,08:16:00,54,36,18,No,Entregada
601437,507042,20260205,20260205,20003,30023,40005,07:29:00,08:45:00,76,48,28,No,Entregada
601438,506377,20261120,20261120,20046,30009,40005,08:47:00,10:13:00,86,48,38,No,Entregada
601439,509556,20250130,20250130,20045,30026,40071,11:40:00,14:34:00,174,64,110,No,Entregada
601440,507732,20251102,20251102,20017,30011,40032,08:50:00,11:25:00,155,55,100,No,Entregada
601441,508295,20250826,20250826,20047,30029,40055,13:01:00,14:26:00,85,78,7,Sí,Entregada
601442,506414,20251005,20251005,20017,30003,40055,17:55:00,20:10:00,135,78,57,No,Entregada
601443,504573,20250715,20250715,20018,30027,40059,09:08:00,10:42:00,94,23,71,No,Entregada
601444,506835,20261217,20261217,20047,30023,40027,11:20:00,14:28:00,188,81,107,No,Entregada
601445,508270,20250901,20250901,20048,30012,40072,14:28:00,16:22:00,114,112,2,Sí,Retrasada
601446,500110,20260902,20260902,20026,30023,40072,08:43:00,10:38:00,115,112,3,Sí,Retrasada
601447,507322,20260125,20260125,20005,30029,40059,10:43:00,12:44:00,121,23,98,No,Entregada
601448,508144,20260929,20260929,20028,30003,40052,15:10:00,17:08:00,118,55,63,No,Retrasada
601449,506895,20260916,20260916,20026,30012,40080,07:09:00,08:52:00,103,15,88,No,Entregada
601450,505023,20260811,20260811,20018,30020,40071,12:01:00,13:25:00,84,64,20,No,Entregada
601451,504652,20250312,20250312,20022,30021,40005,08:05:00,10:35:00,150,48,102,No,Entregada
601452,500535,20260524,20260524,20047,30003,40007,08:51:00,10:21:00,90,50,40,No,Retrasada
601453,505266,20260718,20260718,20017,30017,40039,13:32:00,14:57:00,85,73,12,Sí,Entregada
601454,508347,20260811,20260811,20031,30020,40073,16:57:00,20:15:00,198,83,115,No,Entregada
601455,504048,20261129,20261129,20026,30002,40094,17:01:00,19:10:00,129,24,105,No,Entregada
601456,503371,20260901,20260901,20046,30023,40062,16:25:00,18:38:00,133,76,57,No,Entregada
601457,506273,20251217,20251217,20032,30019,40005,10:28:00,11:27:00,59,48,11,Sí,Entregada
601458,508874,20260121,20260121,20005,30006,40001,07:13:00,09:15:00,122,45,77,No,Retrasada
601459,507584,20250326,20250326,20018,30014,40073,13:57:00,17:20:00,203,83,120,No,Entregada
601460,507313,20250209,20250209,20011,30009,40013,13:16:00,15:35:00,139,87,52,No,Entregada
601461,508157,20250503,20250503,20037,30006,40080,16:46:00,17:20:00,34,15,19,No,Entregada
601462,508236,20261219,20261219,20017,30020,40084,08:09:00,08:57:00,48,33,15,Sí,Retrasada
601463,507249,20260711,20260711,20003,30021,40098,10:30:00,11:56:00,86,31,55,No,Retrasada
601464,509417,20260805,20260805,20017,30016,40081,09:11:00,12:25:00,194,94,100,No,Entregada
601465,508326,20260710,20260710,20017,30015,40058,13:20:00,16:43:00,203,93,110,No,Retrasada
601466,501460,20250109,20250109,20047,30014,40057,07:19:00,08:18:00,59,56,3,Sí,Retrasada
601467,508169,20250312,20250312,20003,30002,40066,15:55:00,17:25:00,90,81,9,Sí,Entregada
601468,507118,20261115,20261115,20031,30012,40082,10:46:00,13:57:00,191,74,117,No,Entregada
601469,507533,20261206,20261206,20031,30005,40090,14:48:00,15:49:00,61,36,25,No,Entregada
601470,508021,20260620,20260620,20026,30026,40087,13:44:00,16:30:00,166,113,53,No,Entregada
601471,507556,20250519,20250519,20041,30030,40019,07:37:00,10:21:00,164,91,73,No,Entregada
601472,504096,20260816,20260816,20028,30014,40093,10:07:00,11:31:00,84,39,45,No,Retrasada
601473,503911,20260110,20260110,20022,30001,40084,07:19:00,08:48:00,89,33,56,No,Entregada
601474,505734,20261001,20261001,20024,30010,40008,08:58:00,10:12:00,74,58,16,No,Entregada
601475,505689,20251105,20251105,20032,30027,40047,15:35:00,17:22:00,107,37,70,No,Entregada
601476,505602,20260227,20260227,20031,30007,40041,15:45:00,18:49:00,184,92,92,No,Entregada
601477,506350,20260111,20260111,20046,30013,40092,12:35:00,13:00:00,25,23,2,Sí,Entregada
601478,505200,20250707,20250707,20005,30003,40011,07:54:00,10:09:00,135,78,57,No,Entregada
601479,507677,20250201,20250201,20031,30017,40051,15:55:00,18:33:00,158,43,115,No,Retrasada
601480,506449,20250627,20250627,20047,30006,40015,16:53:00,18:30:00,97,64,33,No,Entregada
601481,507688,20250116,20250116,20033,30002,40046,09:38:00,10:29:00,51,33,18,No,Retrasada
601482,505125,20260527,20260527,20028,30021,40028,07:59:00,10:53:00,174,115,59,No,Entregada
601483,501969,20260103,20260103,20017,30007,40005,12:18:00,13:24:00,66,48,18,No,Entregada
601484,501989,20250309,20250309,20033,30005,40066,10:30:00,13:40:00,190,81,109,No,Entregada
601485,500479,20260525,20260525,20047,30012,40051,08:48:00,09:52:00,64,43,21,No,Entregada
601486,509489,20250609,20250609,20005,30029,40095,16:01:00,18:29:00,148,73,75,No,Entregada
601487,509989,20260716,20260716,20031,30023,40076,08:56:00,10:57:00,121,64,57,No,Retrasada
601488,503337,20260824,20260824,20041,30030,40021,07:18:00,09:48:00,150,120,30,No,Entregada
601489,508257,20250317,20250317,20047,30020,40089,12:49:00,14:33:00,104,57,47,No,Entregada
601490,506592,20260408,20260408,20032,30003,40042,08:52:00,11:26:00,154,100,54,No,Entregada
601491,503235,20260724,20260724,20032,30030,40084,15:00:00,16:27:00,87,33,54,No,Entregada
601492,506814,20260903,20260903,20017,30015,40073,17:27:00,19:07:00,100,83,17,No,Entregada
601493,503027,20260408,20260408,20026,30013,40035,14:55:00,18:34:00,219,107,112,No,Entregada
601494,507165,20250403,20250403,20037,30005,40081,08:57:00,11:17:00,140,94,46,No,Entregada
601495,505464,20260801,20260801,20018,30014,40021,09:40:00,12:24:00,164,120,44,No,Entregada
601496,509555,20250130,20250130,20022,30015,40027,10:17:00,11:54:00,97,81,16,No,Entregada
601497,508777,20250816,20250816,20017,30020,40010,17:59:00,19:17:00,78,75,3,Sí,Entregada
601498,509916,20250506,20250506,20045,30009,40042,07:46:00,11:17:00,211,100,111,No,Retrasada
601499,501993,20250917,20250917,20011,30009,40090,13:38:00,15:44:00,126,36,90,No,Entregada
601500,501762,20250519,20250519,20041,30006,40049,16:18:00,18:36:00,138,69,69,No,Entregada
601501,501041,20250505,20250505,20028,30006,40010,09:03:00,11:35:00,152,75,77,No,Retrasada
601502,505874,20260707,20260707,20031,30011,40042,09:16:00,12:10:00,174,100,74,No,Entregada
601503,509544,20261209,20261209,20028,30027,40035,13:39:00,16:55:00,196,107,89,No,Retrasada
601504,502257,20250517,20250517,20018,30007,40055,15:24:00,17:50:00,146,78,68,No,Entregada
601505,507628,20261201,20261201,20017,30026,40002,16:32:00,19:22:00,170,55,115,No,Entregada
601506,509039,20260930,20260930,20031,30027,40085,07:49:00,08:39:00,50,41,9,Sí,Entregada
601507,509057,20260109,20260109,20031,30010,40006,17:18:00,18:30:00,72,70,2,Sí,Entregada
601508,509382,20260315,20260315,20046,30010,40039,11:13:00,14:18:00,185,73,112,No,Entregada
601509,505558,20260801,20260801,20047,30014,40011,16:22:00,19:37:00,195,78,117,No,Entregada
601510,502819,20250617,20250617,20033,30024,40013,14:05:00,17:28:00,203,87,116,No,Retrasada
601511,502077,20260204,20260204,20041,30019,40049,12:01:00,13:44:00,103,69,34,No,Retrasada
601512,508754,20261001,20261001,20048,30027,40066,16:40:00,18:26:00,106,81,25,No,Entregada
601513,506024,20260530,20260530,20048,30013,40002,07:48:00,10:15:00,147,55,92,No,Entregada
601514,501175,20261019,20261019,20003,30016,40035,08:13:00,10:20:00,127,107,20,No,Entregada
601515,500415,20260306,20260306,20001,30023,40001,11:20:00,13:08:00,108,45,63,No,Entregada
601516,508216,20260829,20260829,20031,30024,40055,16:41:00,19:38:00,177,78,99,No,Entregada
601517,508448,20261015,20261015,20045,30013,40051,11:19:00,13:31:00,132,43,89,No,Entregada
601518,507730,20261026,20261026,20026,30030,40047,11:54:00,14:13:00,139,37,102,No,Entregada
601519,504312,20260305,20260305,20028,30011,40072,17:40:00,21:25:00,225,112,113,No,Retrasada
601520,504153,20260901,20260901,20047,30021,40078,12:12:00,13:59:00,107,84,23,No,Entregada
601521,502920,20250407,20250407,20024,30020,40065,10:01:00,12:41:00,160,61,99,No,Entregada
601522,509633,20250310,20250310,20024,30007,40041,13:03:00,15:20:00,137,92,45,No,Entregada
601523,503674,20251105,20251105,20037,30009,40001,16:28:00,18:12:00,104,45,59,No,Entregada
601524,500301,20251201,20251201,20017,30015,40015,16:55:00,18:29:00,94,64,30,No,Retrasada
601525,509992,20260219,20260219,20003,30011,40007,16:07:00,17:20:00,73,50,23,No,Entregada
601526,507199,20250323,20250323,20028,30026,40051,13:47:00,15:54:00,127,43,84,No,Entregada
601527,507770,20260405,20260405,20031,30016,40084,17:17:00,19:37:00,140,33,107,No,Entregada
601528,501376,20260815,20260815,20017,30019,40047,12:41:00,13:47:00,66,37,29,No,Entregada
601529,502032,20250518,20250518,20002,30009,40089,09:42:00,12:10:00,148,57,91,No,Retrasada
601530,501421,20260227,20260227,20049,30009,40037,10:39:00,12:54:00,135,81,54,No,Entregada
601531,502196,20260426,20260426,20026,30027,40034,17:31:00,18:21:00,50,37,13,Sí,Entregada
601532,508429,20250623,20250623,20026,30019,40035,13:39:00,15:35:00,116,107,9,Sí,Entregada
601533,501858,20260501,20260501,20018,30027,40099,17:17:00,18:42:00,85,32,53,No,Entregada
601534,503639,20261216,20261216,20018,30007,40060,10:24:00,12:58:00,154,66,88,No,Entregada
601535,507054,20250218,20250218,20022,30015,40019,16:15:00,18:55:00,160,91,69,No,Entregada
601536,506468,20250612,20250612,20048,30002,40095,10:47:00,13:12:00,145,73,72,No,Entregada
601537,502918,20260809,20260809,20001,30023,40066,17:18:00,19:34:00,136,81,55,No,Retrasada
601538,502557,20250607,20250607,20032,30006,40002,11:09:00,13:27:00,138,55,83,No,Entregada
601539,501830,20260410,20260410,20018,30016,40042,14:20:00,17:46:00,206,100,106,No,Entregada
601540,504210,20250304,20250304,20032,30021,40003,10:15:00,11:17:00,62,42,20,No,Entregada
601541,504907,20250808,20250808,20033,30015,40095,15:38:00,17:40:00,122,73,49,No,Retrasada
601542,502367,20251031,20251031,20031,30021,40046,17:38:00,19:20:00,102,33,69,No,Entregada
601543,508455,20260601,20260601,20026,30023,40096,10:22:00,11:13:00,51,37,14,Sí,Entregada
601544,507734,20260515,20260515,20026,30012,40076,14:51:00,16:14:00,83,64,19,No,Entregada
601545,507652,20251107,20251107,20037,30015,40076,10:18:00,11:36:00,78,64,14,Sí,Entregada
601546,507828,20261025,20261025,20022,30026,40019,14:05:00,15:56:00,111,91,20,No,Entregada
601547,507762,20261028,20261028,20026,30016,40037,15:11:00,16:57:00,106,81,25,No,Retrasada
601548,501882,20250628,20250628,20047,30021,40071,09:21:00,12:24:00,183,64,119,No,Retrasada
601549,506357,20260105,20260105,20031,30030,40052,09:44:00,11:35:00,111,55,56,No,Retrasada
601550,502633,20260119,20260119,20031,30003,40065,07:20:00,09:18:00,118,61,57,No,Entregada
601551,502646,20250325,20250325,20041,30015,40060,16:40:00,19:07:00,147,66,81,No,Entregada
601552,508901,20260909,20260909,20047,30027,40081,16:58:00,18:34:00,96,94,2,Sí,Retrasada
601553,504776,20250814,20250814,20047,30007,40060,12:04:00,14:39:00,155,66,89,No,Entregada
601554,503008,20250302,20250302,20024,30007,40029,13:10:00,14:44:00,94,76,18,No,Entregada
601555,501914,20260526,20260526,20018,30007,40082,13:23:00,16:05:00,162,74,88,No,Entregada
601556,500341,20250324,20250324,20047,30006,40072,14:24:00,16:27:00,123,112,11,Sí,Retrasada
601557,500001,20260709,20260709,20024,30005,40015,09:40:00,11:24:00,104,64,40,No,Entregada
601558,501833,20251022,20251022,20026,30020,40089,17:28:00,19:14:00,106,57,49,No,Entregada
601559,504487,20260101,20260101,20047,30001,40072,15:09:00,18:08:00,179,112,67,No,Entregada
601560,505657,20251126,20251126,20045,30009,40072,12:26:00,16:18:00,232,112,120,No,Entregada
601561,507342,20260328,20260328,20032,30016,40055,11:48:00,14:31:00,163,78,85,No,Entregada
601562,505987,20250414,20250414,20041,30030,40029,16:32:00,19:08:00,156,76,80,No,Entregada
601563,501073,20261205,20261205,20041,30030,40013,12:53:00,15:20:00,147,87,60,No,Entregada
601564,500019,20260629,20260629,20018,30009,40084,07:42:00,08:42:00,60,33,27,No,Entregada
601565,506434,20260311,20260311,20018,30014,40055,14:02:00,16:00:00,118,78,40,No,Entregada
601566,505155,20261023,20261023,20018,30014,40035,09:56:00,13:08:00,192,107,85,No,Entregada
601567,508079,20261124,20261124,20012,30002,40089,17:09:00,18:22:00,73,57,16,No,Entregada
601568,502245,20250524,20250524,20017,30003,40087,15:13:00,18:15:00,182,113,69,No,Entregada
601569,500010,20251221,20251221,20024,30005,40055,17:09:00,19:36:00,147,78,69,No,Entregada
601570,502194,20250323,20250323,20048,30011,40066,15:36:00,18:01:00,145,81,64,No,Entregada
601571,503145,20260504,20260504,20028,30012,40020,07:21:00,08:05:00,44,43,1,Sí,Entregada
601572,502774,20260427,20260427,20045,30029,40062,07:56:00,11:03:00,187,76,111,No,Entregada
601573,501326,20260424,20260424,20048,30013,40073,08:37:00,11:05:00,148,83,65,No,Entregada
601574,503842,20250801,20250801,20047,30030,40087,14:14:00,16:22:00,128,113,15,Sí,Entregada
601575,507561,20250715,20250715,20017,30030,40001,08:25:00,09:48:00,83,45,38,No,Entregada
601576,504501,20250221,20250221,20048,30007,40013,12:43:00,15:25:00,162,87,75,No,Entregada
601577,507352,20250111,20250111,20024,30015,40076,11:53:00,14:47:00,174,64,110,No,Entregada
601578,504577,20260130,20260130,20024,30027,40095,16:30:00,18:42:00,132,73,59,No,Entregada
601579,500436,20260612,20260612,20046,30017,40093,17:10:00,17:58:00,48,39,9,Sí,Entregada
601580,500159,20251019,20251019,20002,30002,40004,11:02:00,13:05:00,123,60,63,No,Entregada
601581,508696,20261016,20261016,20026,30019,40006,16:20:00,18:32:00,132,70,62,No,Entregada
601582,509376,20250610,20250610,20003,30011,40094,07:31:00,08:58:00,87,24,63,No,Entregada
601583,501388,20261216,20261216,20035,30009,40060,11:36:00,12:48:00,72,66,6,Sí,Entregada
601584,502686,20250212,20250212,20048,30016,40093,09:33:00,10:31:00,58,39,19,No,Entregada
601585,501735,20261021,20261021,20028,30013,40077,10:33:00,12:04:00,91,24,67,No,Entregada
601586,507522,20260612,20260612,20022,30010,40092,13:15:00,13:52:00,37,23,14,Sí,Entregada
601587,501672,20260121,20260121,20028,30023,40081,10:32:00,13:49:00,197,94,103,No,Entregada
601588,500788,20260814,20260814,20018,30007,40076,17:27:00,19:49:00,142,64,78,No,Entregada
601589,501793,20250514,20250514,20045,30005,40087,13:20:00,16:44:00,204,113,91,No,Entregada
601590,506852,20260807,20260807,20046,30024,40046,07:57:00,10:14:00,137,33,104,No,Entregada
601591,509897,20260512,20260512,20033,30005,40052,07:25:00,08:47:00,82,55,27,No,Entregada
601592,503106,20250501,20250501,20022,30023,40003,14:26:00,17:00:00,154,42,112,No,Entregada
601593,502964,20260128,20260128,20018,30014,40099,11:13:00,12:50:00,97,32,65,No,Entregada
601594,503868,20250611,20250611,20024,30011,40008,07:43:00,08:43:00,60,58,2,Sí,Entregada
601595,502624,20261211,20261211,20017,30006,40046,16:13:00,18:22:00,129,33,96,No,Entregada
601596,506525,20261025,20261025,20028,30012,40065,10:46:00,13:42:00,176,61,115,No,Entregada
601597,501780,20261113,20261113,20048,30012,40073,14:15:00,15:43:00,88,83,5,Sí,Entregada
601598,503310,20260302,20260302,20048,30024,40004,17:00:00,18:22:00,82,60,22,No,Entregada
601599,503510,20250121,20250121,20003,30014,40076,14:06:00,15:59:00,113,64,49,No,Entregada
601600,501134,20250420,20250420,20017,30011,40096,12:06:00,13:01:00,55,37,18,No,Entregada
601601,507085,20260722,20260722,20031,30017,40058,15:23:00,17:06:00,103,93,10,Sí,Entregada
601602,508870,20251026,20251026,20024,30027,40092,16:45:00,17:19:00,34,23,11,Sí,Retrasada
601603,502307,20250429,20250429,20028,30030,40082,15:27:00,16:48:00,81,74,7,Sí,Entregada
601604,505021,20251010,20251010,20001,30006,40078,11:56:00,14:51:00,175,84,91,No,Entregada
601605,509852,20260730,20260730,20018,30014,40035,15:04:00,17:26:00,142,107,35,No,Retrasada
601606,506026,20261228,20261228,20037,30001,40087,08:11:00,11:28:00,197,113,84,No,Retrasada
601607,500258,20250606,20250606,20003,30011,40090,16:18:00,17:48:00,90,36,54,No,Entregada
601608,505712,20260819,20260819,20024,30030,40054,10:57:00,12:33:00,96,82,14,Sí,Entregada
601609,507857,20260801,20260801,20035,30026,40096,10:29:00,12:49:00,140,37,103,No,Retrasada
601610,500532,20260722,20260722,20022,30001,40039,14:47:00,16:41:00,114,73,41,No,Entregada
601611,506851,20260729,20260729,20035,30006,40001,11:27:00,13:21:00,114,45,69,No,Entregada
601612,509005,20260225,20260225,20003,30009,40082,13:26:00,14:41:00,75,74,1,Sí,Entregada
601613,505852,20250416,20250416,20016,30001,40021,11:18:00,15:06:00,228,120,108,No,Entregada
601614,500550,20250116,20250116,20037,30013,40087,17:25:00,19:44:00,139,113,26,No,Entregada
601615,507679,20250706,20250706,20037,30009,40094,07:39:00,09:49:00,130,24,106,No,Entregada
601616,506942,20261210,20261210,20018,30006,40055,10:39:00,13:38:00,179,78,101,No,Retrasada
601617,503053,20260927,20260927,20028,30005,40038,15:39:00,16:16:00,37,37,0,Sí,Entregada
601618,504416,20251104,20251104,20026,30001,40078,17:18:00,20:22:00,184,84,100,No,Retrasada
601619,502661,20251218,20251218,20032,30013,40010,11:19:00,14:14:00,175,75,100,No,Entregada
601620,503276,20260214,20260214,20047,30019,40018,13:05:00,15:58:00,173,80,93,No,Entregada
601621,501410,20251029,20251029,20028,30002,40082,16:03:00,19:14:00,191,74,117,No,Entregada
601622,508789,20250420,20250420,20032,30012,40066,15:43:00,17:12:00,89,81,8,Sí,Retrasada
601623,509780,20260922,20260922,20026,30006,40040,07:15:00,08:41:00,86,76,10,Sí,Entregada
601624,503128,20260120,20260120,20032,30024,40084,16:34:00,17:07:00,33,33,0,Sí,Entregada
601625,508104,20250508,20250508,20003,30011,40047,15:52:00,18:17:00,145,37,108,No,Entregada
601626,509827,20251112,20251112,20035,30017,40046,11:28:00,12:30:00,62,33,29,No,Entregada
601627,509233,20260910,20260910,20008,30009,40063,11:19:00,12:44:00,85,52,33,No,Entregada
601628,501522,20260910,20260910,20045,30023,40077,08:41:00,09:32:00,51,24,27,No,Entregada
601629,505251,20251027,20251027,20047,30015,40041,16:30:00,19:36:00,186,92,94,No,Entregada
601630,503718,20260425,20260425,20017,30017,40028,17:39:00,21:32:00,233,115,118,No,Entregada
601631,500767,20251102,20251102,20041,30014,40066,15:56:00,17:43:00,107,81,26,No,Entregada
601632,506262,20250519,20250519,20001,30024,40065,12:52:00,13:55:00,63,61,2,Sí,Entregada
601633,501123,20260819,20260819,20024,30027,40055,13:21:00,15:46:00,145,78,67,No,Retrasada
601634,501551,20250922,20250922,20008,30002,40006,10:46:00,12:00:00,74,70,4,Sí,Entregada
601635,509122,20250102,20250102,20032,30005,40085,14:55:00,16:36:00,101,41,60,No,Entregada
601636,503046,20250811,20250811,20029,30009,40001,11:24:00,13:41:00,137,45,92,No,Retrasada
601637,506206,20260825,20260825,20028,30019,40051,15:05:00,17:43:00,158,43,115,No,Entregada
601638,507723,20250902,20250902,20046,30001,40010,17:45:00,19:49:00,124,75,49,No,Entregada
601639,506417,20251219,20251219,20032,30014,40066,16:31:00,19:14:00,163,81,82,No,Entregada
601640,502434,20251017,20251017,20024,30020,40093,13:16:00,14:38:00,82,39,43,No,Retrasada
601641,506693,20260828,20260828,20028,30023,40082,14:29:00,15:53:00,84,74,10,Sí,Entregada
601642,503602,20260831,20260831,20026,30003,40063,13:03:00,14:41:00,98,52,46,No,Entregada
601643,509207,20260402,20260402,20041,30007,40049,14:36:00,17:32:00,176,69,107,No,Entregada
601644,502209,20250205,20250205,20022,30023,40072,10:45:00,14:01:00,196,112,84,No,Entregada
601645,501471,20250616,20250616,20031,30016,40057,09:10:00,11:31:00,141,56,85,No,Entregada
601646,506003,20261204,20261204,20028,30011,40093,14:55:00,16:49:00,114,39,75,No,Entregada
601647,504868,20250304,20250304,20028,30014,40071,11:36:00,13:09:00,93,64,29,No,Entregada
601648,507854,20260316,20260316,20047,30019,40051,10:37:00,11:47:00,70,43,27,No,Retrasada
601649,506358,20261207,20261207,20017,30026,40060,13:56:00,16:03:00,127,66,61,No,Entregada
601650,506407,20250810,20250810,20035,30010,40007,16:05:00,18:19:00,134,50,84,No,Entregada
601651,503143,20251012,20251012,20017,30016,40029,12:06:00,14:02:00,116,76,40,No,Entregada
601652,505518,20250812,20250812,20035,30002,40093,12:37:00,14:02:00,85,39,46,No,Retrasada
601653,509605,20261002,20261002,20022,30003,40076,08:14:00,10:15:00,121,64,57,No,Entregada
601654,504228,20260213,20260213,20045,30013,40072,11:38:00,14:26:00,168,112,56,No,Entregada
601655,508369,20260806,20260806,20028,30015,40009,11:32:00,12:59:00,87,40,47,No,Entregada
601656,503050,20250405,20250405,20018,30011,40046,17:19:00,19:00:00,101,33,68,No,Entregada
601657,508780,20250619,20250619,20001,30021,40029,11:48:00,13:14:00,86,76,10,Sí,Retrasada
601658,508536,20250213,20250213,20048,30030,40072,11:31:00,14:46:00,195,112,83,No,Entregada
601659,501151,20251214,20251214,20028,30014,40078,08:05:00,10:02:00,117,84,33,No,Retrasada
601660,501825,20261122,20261122,20024,30019,40060,11:07:00,13:51:00,164,66,98,No,Entregada
601661,509368,20251111,20251111,20031,30007,40020,07:46:00,08:56:00,70,43,27,No,Entregada
601662,509792,20251125,20251125,20031,30016,40019,14:33:00,16:42:00,129,91,38,No,Retrasada
601663,507954,20261115,20261115,20005,30010,40065,17:59:00,20:12:00,133,61,72,No,Entregada
601664,507520,20260405,20260405,20048,30016,40047,17:39:00,18:16:00,37,37,0,Sí,Entregada
601665,503382,20250110,20250110,20031,30023,40071,16:38:00,18:44:00,126,64,62,No,Entregada
601666,505202,20251020,20251020,20041,30027,40006,14:21:00,15:34:00,73,70,3,Sí,Entregada
601667,501976,20260424,20260424,20011,30002,40019,09:22:00,11:17:00,115,91,24,No,Entregada
601668,504724,20260930,20260930,20017,30024,40077,15:52:00,17:18:00,86,24,62,No,Entregada
601669,509408,20250203,20250203,20037,30026,40032,12:12:00,14:45:00,153,55,98,No,Entregada
601670,505300,20261105,20261105,20032,30021,40005,12:01:00,14:45:00,164,48,116,No,Entregada
601671,502956,20250605,20250605,20028,30019,40098,17:53:00,20:19:00,146,31,115,No,Retrasada
601672,509811,20261016,20261016,20016,30001,40038,14:39:00,16:55:00,136,37,99,No,Entregada
601673,503903,20261102,20261102,20047,30012,40095,16:10:00,17:39:00,89,73,16,No,Entregada
601674,504591,20260412,20260412,20005,30009,40054,10:26:00,11:56:00,90,82,8,Sí,Entregada
601675,502970,20260223,20260223,20003,30015,40041,08:54:00,11:47:00,173,92,81,No,Entregada
601676,509977,20261128,20261128,20033,30015,40020,17:45:00,20:04:00,139,43,96,No,Retrasada
601677,502841,20250819,20250819,20032,30006,40014,13:46:00,16:05:00,139,49,90,No,Entregada
601678,505909,20250102,20250102,20031,30013,40021,17:02:00,20:00:00,178,120,58,No,Entregada
601679,503322,20261107,20261107,20012,30001,40054,16:17:00,19:16:00,179,82,97,No,Entregada
601680,506623,20260622,20260622,20046,30001,40055,09:21:00,11:16:00,115,78,37,No,Entregada
601681,502755,20250906,20250906,20003,30029,40058,15:20:00,18:32:00,192,93,99,No,Entregada
601682,505954,20260114,20260114,20018,30011,40044,16:06:00,18:29:00,143,72,71,No,Entregada
601683,500327,20250129,20250129,20035,30013,40044,16:01:00,17:31:00,90,72,18,No,Entregada
601684,504861,20260713,20260713,20024,30019,40093,15:26:00,17:22:00,116,39,77,No,Entregada
601685,509711,20251124,20251124,20003,30012,40047,11:40:00,13:40:00,120,37,83,No,Entregada
601686,502521,20261218,20261218,20028,30014,40011,11:29:00,13:26:00,117,78,39,No,Entregada
601687,500291,20250515,20250515,20022,30013,40021,17:13:00,19:38:00,145,120,25,No,Entregada
601688,500343,20260208,20260208,20003,30009,40028,08:22:00,11:43:00,201,115,86,No,Entregada
601689,500138,20250529,20250529,20028,30010,40008,14:05:00,16:52:00,167,58,109,No,Entregada
601690,509522,20250304,20250304,20049,30002,40052,11:43:00,12:56:00,73,55,18,No,Retrasada
601691,501559,20251220,20251220,20022,30003,40014,09:52:00,12:04:00,132,49,83,No,Entregada
601692,504625,20250219,20250219,20045,30005,40051,08:02:00,09:55:00,113,43,70,No,Entregada
601693,505832,20261207,20261207,20031,30017,40008,17:35:00,19:45:00,130,58,72,No,Entregada
601694,503917,20260613,20260613,20046,30017,40073,17:32:00,20:53:00,201,83,118,No,Entregada
601695,506975,20260503,20260503,20041,30014,40022,13:37:00,15:45:00,128,110,18,No,Entregada
601696,501912,20250523,20250523,20048,30027,40099,14:16:00,16:47:00,151,32,119,No,Entregada
601697,506243,20251216,20251216,20033,30010,40077,14:44:00,16:08:00,84,24,60,No,Retrasada
601698,502318,20260314,20260314,20042,30009,40058,11:24:00,13:26:00,122,93,29,No,Entregada
601699,500387,20250221,20250221,20026,30015,40086,13:15:00,16:01:00,166,103,63,No,Entregada
601700,506759,20250309,20250309,20018,30014,40002,08:28:00,10:14:00,106,55,51,No,Entregada
601701,505124,20251124,20251124,20003,30027,40066,10:22:00,11:56:00,94,81,13,Sí,Entregada
601702,505635,20260701,20260701,20032,30016,40013,12:33:00,14:52:00,139,87,52,No,Entregada
601703,508625,20260323,20260323,20001,30024,40071,07:40:00,10:17:00,157,64,93,No,Entregada
601704,505600,20250623,20250623,20041,30006,40027,08:07:00,10:35:00,148,81,67,No,Retrasada
601705,501538,20260209,20260209,20037,30010,40037,15:33:00,18:25:00,172,81,91,No,Entregada
601706,502642,20250930,20250930,20032,30017,40010,17:36:00,20:35:00,179,75,104,No,Entregada
601707,504987,20261220,20261220,20041,30012,40066,16:57:00,20:07:00,190,81,109,No,Retrasada
601708,502416,20261123,20261123,20022,30013,40055,17:31:00,19:29:00,118,78,40,No,Entregada
601709,501813,20260508,20260508,20046,30013,40072,07:15:00,10:01:00,166,112,54,No,Entregada
601710,507481,20260922,20260922,20017,30012,40073,08:01:00,10:56:00,175,83,92,No,Entregada
601711,508457,20250324,20250324,20041,30016,40006,14:11:00,17:13:00,182,70,112,No,Entregada
601712,509831,20260823,20260823,20026,30030,40044,11:27:00,13:08:00,101,72,29,No,Entregada
601713,500482,20251209,20251209,20007,30001,40085,16:35:00,17:50:00,75,41,34,No,Retrasada
601714,507002,20260929,20260929,20003,30027,40020,16:21:00,18:53:00,152,43,109,No,Entregada
601715,508108,20250816,20250816,20048,30030,40002,12:24:00,14:43:00,139,55,84,No,Entregada
601716,506075,20250622,20250622,20017,30003,40055,11:35:00,13:40:00,125,78,47,No,Entregada
601717,500967,20260323,20260323,20026,30030,40049,10:20:00,13:09:00,169,69,100,No,Entregada
601718,500372,20250615,20250615,20017,30014,40035,12:23:00,15:10:00,167,107,60,No,Retrasada
601719,503676,20260812,20260812,20003,30006,40034,15:01:00,16:12:00,71,37,34,No,Entregada
601720,501950,20260627,20260627,20035,30013,40034,14:59:00,17:03:00,124,37,87,No,Entregada
601721,502442,20250807,20250807,20001,30015,40027,07:07:00,09:32:00,145,81,64,No,Entregada
601722,500249,20260814,20260814,20003,30005,40060,12:42:00,14:32:00,110,66,44,No,Entregada
601723,502874,20260414,20260414,20017,30012,40051,14:03:00,15:32:00,89,43,46,No,Entregada
601724,501528,20250712,20250712,20041,30027,40018,14:17:00,16:52:00,155,80,75,No,Entregada
601725,508313,20250102,20250102,20048,30016,40099,09:53:00,11:40:00,107,32,75,No,Entregada
601726,503977,20250716,20250716,20046,30020,40096,15:46:00,17:09:00,83,37,46,No,Retrasada
601727,501940,20250612,20250612,20048,30020,40087,17:58:00,21:35:00,217,113,104,No,Entregada
601728,504977,20251025,20251025,20048,30010,40060,17:04:00,18:35:00,91,66,25,No,Entregada
601729,505772,20260530,20260530,20041,30005,40059,10:51:00,11:35:00,44,23,21,No,Entregada
601730,500641,20261209,20261209,20035,30024,40044,16:09:00,17:41:00,92,72,20,No,Entregada
601731,505486,20260307,20260307,20001,30023,40022,15:24:00,17:33:00,129,110,19,No,Entregada
601732,507289,20250408,20250408,20046,30010,40072,09:58:00,12:18:00,140,112,28,No,Entregada
601733,503287,20260109,20260109,20041,30011,40058,14:34:00,16:10:00,96,93,3,Sí,Entregada
601734,501945,20250527,20250527,20041,30014,40085,15:59:00,18:11:00,132,41,91,No,Retrasada
601735,504962,20260222,20260222,20026,30030,40028,13:45:00,15:43:00,118,115,3,Sí,Entregada
601736,506152,20250613,20250613,20018,30029,40038,16:38:00,18:30:00,112,37,75,No,Retrasada
601737,505905,20260912,20260912,20003,30009,40069,15:11:00,17:28:00,137,52,85,No,Entregada
601738,509244,20260207,20260207,20047,30007,40032,09:41:00,11:41:00,120,55,65,No,Entregada
601739,500860,20251121,20251121,20032,30020,40063,13:00:00,15:22:00,142,52,90,No,Entregada
601740,506560,20250705,20250705,20032,30030,40066,16:43:00,18:04:00,81,81,0,Sí,Entregada
601741,504709,20260521,20260521,20022,30017,40046,11:21:00,13:20:00,119,33,86,No,Entregada
601742,508716,20251210,20251210,20028,30015,40063,16:32:00,18:49:00,137,52,85,No,Entregada
601743,506482,20251018,20251018,20024,30011,40003,11:21:00,12:14:00,53,42,11,Sí,Entregada
601744,505569,20260921,20260921,20026,30017,40093,11:42:00,13:50:00,128,39,89,No,Retrasada
601745,507797,20250313,20250313,20041,30016,40029,14:46:00,16:09:00,83,76,7,Sí,Entregada
601746,504935,20250820,20250820,20002,30009,40090,14:28:00,16:49:00,141,36,105,No,Entregada
601747,503468,20250425,20250425,20033,30010,40098,08:32:00,09:59:00,87,31,56,No,Retrasada
601748,507840,20250414,20250414,20031,30015,40002,14:03:00,16:46:00,163,55,108,No,Entregada
601749,501518,20260703,20260703,20017,30010,40086,11:50:00,13:46:00,116,103,13,Sí,Entregada
601750,503515,20251113,20251113,20048,30012,40084,17:52:00,19:12:00,80,33,47,No,Entregada
601751,503614,20250921,20250921,20048,30019,40081,07:48:00,10:22:00,154,94,60,No,Entregada
601752,505570,20251108,20251108,20026,30019,40069,10:09:00,11:46:00,97,52,45,No,Entregada
601753,509000,20260317,20260317,20005,30020,40040,16:14:00,17:37:00,83,76,7,Sí,Entregada
601754,501913,20260801,20260801,20046,30021,40011,17:01:00,18:38:00,97,78,19,No,Entregada
601755,500285,20251129,20251129,20035,30003,40039,12:40:00,14:31:00,111,73,38,No,Entregada
601756,505781,20261204,20261204,20028,30027,40011,12:17:00,15:31:00,194,78,116,No,Entregada
601757,506791,20260122,20260122,20024,30027,40013,13:02:00,16:14:00,192,87,105,No,Entregada
601758,500538,20260130,20260130,20032,30024,40034,13:21:00,14:51:00,90,37,53,No,Retrasada
601759,500645,20251030,20251030,20017,30010,40034,12:43:00,15:04:00,141,37,104,No,Entregada
601760,506653,20250316,20250316,20003,30005,40081,16:12:00,18:22:00,130,94,36,No,Entregada
601761,502608,20250318,20250318,20041,30019,40047,16:30:00,17:23:00,53,37,16,No,Entregada
601762,508454,20260415,20260415,20045,30013,40093,10:02:00,11:19:00,77,39,38,No,Entregada
601763,506242,20260227,20260227,20031,30024,40014,16:10:00,17:39:00,89,49,40,No,Entregada
601764,501997,20260522,20260522,20018,30019,40071,15:13:00,16:29:00,76,64,12,Sí,Retrasada
601765,500646,20260329,20260329,20041,30006,40002,12:32:00,13:45:00,73,55,18,No,Entregada
601766,502689,20261106,20261106,20046,30005,40040,16:16:00,18:17:00,121,76,45,No,Entregada
601767,505392,20250622,20250622,20047,30030,40057,09:47:00,10:43:00,56,56,0,Sí,Entregada
601768,508340,20250224,20250224,20024,30001,40021,07:18:00,11:05:00,227,120,107,No,Entregada
601769,509622,20250508,20250508,20028,30013,40096,16:43:00,18:35:00,112,37,75,No,Entregada
601770,504033,20260811,20260811,20033,30003,40020,08:48:00,10:42:00,114,43,71,No,Entregada
601771,508860,20250107,20250107,20028,30029,40073,14:24:00,15:58:00,94,83,11,Sí,Entregada
601772,507899,20260405,20260405,20032,30013,40014,12:00:00,14:40:00,160,49,111,No,Entregada
601773,509505,20261122,20261122,20024,30023,40095,08:42:00,11:24:00,162,73,89,No,Retrasada
601774,509279,20250905,20250905,20017,30030,40040,11:09:00,13:56:00,167,76,91,No,Entregada
601775,504368,20250616,20250616,20031,30003,40004,15:39:00,17:47:00,128,60,68,No,Entregada
601776,505510,20261119,20261119,20001,30017,40065,09:53:00,11:18:00,85,61,24,No,Retrasada
601777,502286,20260101,20260101,20005,30024,40099,14:10:00,16:08:00,118,32,86,No,Retrasada
601778,507489,20250318,20250318,20047,30007,40081,17:57:00,20:57:00,180,94,86,No,Entregada
601779,509235,20251112,20251112,20003,30005,40092,12:23:00,13:51:00,88,23,65,No,Entregada
601780,500445,20250328,20250328,20026,30026,40006,17:38:00,20:21:00,163,70,93,No,Retrasada
601781,508813,20250422,20250422,20047,30030,40034,16:53:00,18:05:00,72,37,35,No,Entregada
601782,508397,20250525,20250525,20041,30016,40004,17:58:00,20:38:00,160,60,100,No,Entregada
601783,500428,20260227,20260227,20024,30013,40096,13:51:00,16:18:00,147,37,110,No,Entregada
601784,506036,20260501,20260501,20048,30001,40051,08:23:00,09:45:00,82,43,39,No,Retrasada
601785,504086,20251107,20251107,20045,30017,40011,12:31:00,15:41:00,190,78,112,No,Entregada
601786,503843,20250623,20250623,20024,30016,40041,17:54:00,21:20:00,206,92,114,No,Entregada
601787,503275,20260108,20260108,20022,30017,40066,08:44:00,10:45:00,121,81,40,No,Retrasada
601788,508154,20260928,20260928,20033,30006,40063,14:29:00,16:34:00,125,52,73,No,Entregada
601789,508736,20250919,20250919,20041,30014,40076,11:25:00,13:19:00,114,64,50,No,Entregada
601790,507710,20251215,20251215,20048,30017,40057,10:29:00,11:38:00,69,56,13,Sí,Entregada
601791,509350,20260529,20260529,20031,30026,40072,08:57:00,11:39:00,162,112,50,No,Entregada
601792,505965,20250112,20250112,20026,30013,40058,13:16:00,16:01:00,165,93,72,No,Retrasada
601793,506771,20251112,20251112,20028,30012,40073,15:59:00,18:00:00,121,83,38,No,Entregada
601794,500955,20261026,20261026,20047,30013,40027,08:23:00,09:46:00,83,81,2,Sí,Retrasada
601795,501974,20250310,20250310,20003,30011,40044,17:28:00,19:49:00,141,72,69,No,Entregada
601796,507787,20261127,20261127,20047,30016,40037,17:04:00,18:26:00,82,81,1,Sí,Retrasada
601797,503788,20261018,20261018,20028,30010,40041,13:26:00,15:35:00,129,92,37,No,Entregada
601798,504079,20260916,20260916,20031,30011,40002,12:49:00,13:59:00,70,55,15,Sí,Retrasada
601799,507791,20250519,20250519,20035,30006,40032,11:17:00,12:51:00,94,55,39,No,Retrasada
601800,503041,20261106,20261106,20005,30026,40082,11:27:00,14:01:00,154,74,80,No,Entregada
601801,508195,20250923,20250923,20024,30011,40052,10:54:00,12:23:00,89,55,34,No,Entregada
601802,505307,20250507,20250507,20048,30006,40058,12:10:00,14:47:00,157,93,64,No,Entregada
601803,504042,20250328,20250328,20005,30023,40032,12:56:00,14:35:00,99,55,44,No,Entregada
601804,503729,20251004,20251004,20041,30011,40073,16:33:00,19:20:00,167,83,84,No,Retrasada
601805,508279,20260602,20260602,20031,30012,40077,09:06:00,10:18:00,72,24,48,No,Entregada
601806,508143,20251216,20251216,20031,30019,40052,11:38:00,14:07:00,149,55,94,No,Entregada
601807,503834,20261201,20261201,20041,30027,40020,15:24:00,16:30:00,66,43,23,No,Entregada
601808,503612,20251206,20251206,20047,30002,40013,11:36:00,13:40:00,124,87,37,No,Entregada
601809,500333,20250104,20250104,20005,30009,40071,08:46:00,10:43:00,117,64,53,No,Entregada
601810,506331,20250726,20250726,20031,30013,40022,13:59:00,16:06:00,127,110,17,No,Entregada
601811,503429,20251213,20251213,20017,30003,40049,14:08:00,16:55:00,167,69,98,No,Entregada
601812,505064,20250509,20250509,20028,30016,40085,08:12:00,10:51:00,159,41,118,No,Retrasada
601813,508487,20251026,20251026,20018,30005,40008,17:33:00,19:23:00,110,58,52,No,Entregada
601814,500486,20261230,20261230,20016,30002,40035,10:07:00,12:23:00,136,107,29,No,Retrasada
601815,507728,20250408,20250408,20046,30006,40054,14:30:00,17:39:00,189,82,107,No,Entregada
601816,508261,20261007,20261007,20035,30026,40007,09:35:00,11:31:00,116,50,66,No,Entregada
601817,502747,20251022,20251022,20031,30014,40011,07:40:00,09:41:00,121,78,43,No,Retrasada
601818,500759,20260811,20260811,20026,30015,40032,07:22:00,09:19:00,117,55,62,No,Entregada
601819,500058,20250706,20250706,20018,30007,40093,08:14:00,10:36:00,142,39,103,No,Entregada
601820,501823,20250709,20250709,20017,30021,40058,08:57:00,11:17:00,140,93,47,No,Entregada
601821,502080,20261020,20261020,20001,30005,40054,13:19:00,16:20:00,181,82,99,No,Entregada
601822,502002,20250222,20250222,20035,30009,40081,11:49:00,13:55:00,126,94,32,No,Entregada
601823,506408,20250625,20250625,20031,30030,40082,07:06:00,09:15:00,129,74,55,No,Entregada
601824,506662,20261122,20261122,20017,30027,40085,14:00:00,15:48:00,108,41,67,No,Entregada
601825,508219,20260203,20260203,20048,30027,40098,10:12:00,11:38:00,86,31,55,No,Entregada
601826,506342,20250428,20250428,20024,30003,40063,09:27:00,11:05:00,98,52,46,No,Entregada
601827,505669,20251223,20251223,20037,30005,40080,10:21:00,10:54:00,33,15,18,No,Entregada
601828,505517,20250101,20250101,20028,30030,40077,13:58:00,15:21:00,83,24,59,No,Entregada
601829,509567,20250127,20250127,20033,30021,40078,14:58:00,17:04:00,126,84,42,No,Entregada
601830,502753,20250118,20250118,20005,30024,40022,09:05:00,12:25:00,200,110,90,No,Entregada
601831,505881,20250419,20250419,20035,30006,40046,16:35:00,17:18:00,43,33,10,Sí,Entregada
601832,504349,20250326,20250326,20031,30007,40009,13:31:00,15:19:00,108,40,68,No,Entregada
601833,505696,20260108,20260108,20018,30019,40078,17:27:00,19:24:00,117,84,33,No,Entregada
601834,503913,20250305,20250305,20022,30009,40003,10:23:00,12:00:00,97,42,55,No,Entregada
601835,502016,20251020,20251020,20028,30020,40021,07:30:00,11:11:00,221,120,101,No,Entregada
601836,506352,20250518,20250518,20026,30012,40057,17:24:00,18:23:00,59,56,3,Sí,Entregada
601837,503782,20260911,20260911,20028,30013,40029,14:13:00,17:17:00,184,76,108,No,Entregada
601838,504178,20261003,20261003,20047,30027,40032,13:15:00,15:18:00,123,55,68,No,Entregada
601839,509764,20260914,20260914,20022,30006,40093,14:22:00,16:28:00,126,39,87,No,Retrasada
601840,509487,20260113,20260113,20035,30017,40059,08:14:00,09:43:00,89,23,66,No,Entregada
601841,507239,20261014,20261014,20026,30024,40081,09:34:00,11:52:00,138,94,44,No,Retrasada
601842,501649,20260127,20260127,20048,30030,40002,13:02:00,14:42:00,100,55,45,No,Entregada
601843,500544,20250814,20250814,20005,30023,40008,10:53:00,12:54:00,121,58,63,No,Entregada
601844,509936,20250221,20250221,20041,30001,40011,11:21:00,13:29:00,128,78,50,No,Entregada
601845,501032,20261017,20261017,20035,30024,40018,09:04:00,11:22:00,138,80,58,No,Entregada
601846,502805,20250403,20250403,20041,30019,40057,11:04:00,12:14:00,70,56,14,Sí,Retrasada
601847,500527,20260314,20260314,20041,30013,40022,15:04:00,17:23:00,139,110,29,No,Entregada
601848,508371,20261129,20261129,20035,30024,40072,09:49:00,12:17:00,148,112,36,No,Entregada
601849,500849,20261028,20261028,20018,30006,40002,07:34:00,10:09:00,155,55,100,No,Retrasada
601850,506459,20250608,20250608,20035,30023,40078,17:45:00,20:35:00,170,84,86,No,Entregada
601851,500557,20261103,20261103,20041,30015,40008,10:20:00,12:25:00,125,58,67,No,Entregada
601852,508283,20250104,20250104,20033,30005,40028,08:16:00,12:03:00,227,115,112,No,Retrasada
601853,503580,20250404,20250404,20017,30012,40013,14:10:00,16:35:00,145,87,58,No,Entregada
601854,500552,20251116,20251116,20001,30023,40020,08:48:00,11:26:00,158,43,115,No,Retrasada
601855,503369,20250319,20250319,20031,30014,40002,11:37:00,14:07:00,150,55,95,No,Entregada
601856,500961,20250918,20250918,20003,30013,40007,08:08:00,10:05:00,117,50,67,No,Entregada
601857,502356,20260402,20260402,20003,30030,40009,15:08:00,16:24:00,76,40,36,No,Entregada
601858,509650,20260401,20260401,20046,30017,40019,13:04:00,15:23:00,139,91,48,No,Entregada
601859,506282,20250316,20250316,20024,30014,40098,13:18:00,15:14:00,116,31,85,No,Entregada
601860,508681,20250706,20250706,20049,30009,40076,16:13:00,18:43:00,150,64,86,No,Entregada
601861,505979,20261231,20261231,20028,30007,40042,13:55:00,17:12:00,197,100,97,No,Entregada
601862,506797,20260528,20260528,20048,30011,40039,16:22:00,19:23:00,181,73,108,No,Entregada
601863,503764,20260524,20260524,20017,30016,40021,12:40:00,16:32:00,232,120,112,No,Entregada
601864,501338,20260730,20260730,20001,30003,40018,13:22:00,15:27:00,125,80,45,No,Entregada
601865,500792,20250313,20250313,20043,30009,40047,15:52:00,18:16:00,144,37,107,No,Retrasada
601866,502235,20261205,20261205,20045,30002,40011,09:18:00,11:19:00,121,78,43,No,Entregada
601867,507136,20261230,20261230,20032,30027,40027,15:18:00,18:21:00,183,81,102,No,Entregada
601868,508697,20250710,20250710,20024,30030,40090,17:03:00,17:39:00,36,36,0,Sí,Entregada
601869,501556,20260408,20260408,20017,30009,40002,11:39:00,13:36:00,117,55,62,No,Entregada
601870,500277,20261202,20261202,20003,30007,40078,08:50:00,11:52:00,182,84,98,No,Entregada
601871,504183,20250624,20250624,20026,30027,40093,09:18:00,11:34:00,136,39,97,No,Entregada
601872,508532,20260703,20260703,20024,30012,40089,14:14:00,16:50:00,156,57,99,No,Entregada
601873,500144,20260805,20260805,20024,30013,40041,08:38:00,10:26:00,108,92,16,No,Entregada
601874,500067,20251127,20251127,20007,30009,40032,08:43:00,10:59:00,136,55,81,No,Entregada
601875,501896,20250210,20250210,20048,30017,40008,09:44:00,12:07:00,143,58,85,No,Entregada
601876,501411,20250119,20250119,20001,30003,40027,15:39:00,18:42:00,183,81,102,No,Entregada
601877,501852,20250730,20250730,20024,30016,40095,15:36:00,17:16:00,100,73,27,No,Entregada
601878,502390,20260319,20260319,20032,30001,40072,17:12:00,19:20:00,128,112,16,No,Entregada
601879,500830,20260822,20260822,20022,30015,40021,17:58:00,20:33:00,155,120,35,No,Entregada
601880,508629,20250704,20250704,20026,30023,40001,08:30:00,10:18:00,108,45,63,No,Entregada
601881,502803,20250712,20250712,20018,30026,40073,11:26:00,14:45:00,199,83,116,No,Entregada
601882,507008,20250912,20250912,20024,30011,40090,16:18:00,17:47:00,89,36,53,No,Entregada
601883,509013,20260101,20260101,20037,30010,40092,11:05:00,11:39:00,34,23,11,Sí,Entregada
601884,505223,20260605,20260605,20031,30011,40089,13:34:00,14:51:00,77,57,20,No,Retrasada
601885,508506,20260309,20260309,20041,30006,40003,14:55:00,17:19:00,144,42,102,No,Entregada
601886,502259,20261022,20261022,20032,30020,40037,10:03:00,11:28:00,85,81,4,Sí,Entregada
601887,502144,20250730,20250730,20032,30029,40077,16:17:00,17:00:00,43,24,19,No,Entregada
601888,504636,20251009,20251009,20017,30014,40090,16:41:00,17:28:00,47,36,11,Sí,Retrasada
601889,505086,20251210,20251210,20041,30011,40086,09:26:00,11:25:00,119,103,16,No,Entregada
601890,508043,20250511,20250511,20018,30023,40022,12:03:00,14:18:00,135,110,25,No,Entregada
601891,505194,20260130,20260130,20012,30001,40095,16:41:00,19:41:00,180,73,107,No,Retrasada
601892,505451,20260808,20260808,20047,30019,40014,10:47:00,12:30:00,103,49,54,No,Entregada
601893,509364,20260614,20260614,20047,30005,40010,16:46:00,19:42:00,176,75,101,No,Retrasada
601894,501895,20260221,20260221,20048,30012,40058,10:35:00,12:40:00,125,93,32,No,Entregada
601895,508947,20251120,20251120,20026,30001,40076,13:38:00,15:04:00,86,64,22,No,Retrasada
601896,505865,20251224,20251224,20035,30017,40089,15:18:00,16:41:00,83,57,26,No,Entregada
601897,505400,20250620,20250620,20047,30024,40051,14:44:00,17:20:00,156,43,113,No,Entregada
601898,508560,20261123,20261123,20031,30029,40052,08:21:00,10:06:00,105,55,50,No,Entregada
601899,506295,20260701,20260701,20008,30009,40099,13:04:00,15:07:00,123,32,91,No,Retrasada
601900,505863,20260329,20260329,20018,30030,40004,07:47:00,09:21:00,94,60,34,No,Entregada
601901,504504,20260202,20260202,20048,30005,40015,08:55:00,11:11:00,136,64,72,No,Entregada
601902,507455,20251218,20251218,20047,30017,40069,12:36:00,14:12:00,96,52,44,No,Entregada
601903,505196,20250102,20250102,20028,30007,40087,09:26:00,13:11:00,225,113,112,No,Entregada
601904,505183,20250604,20250604,20031,30029,40021,12:22:00,15:24:00,182,120,62,No,Entregada
601905,503120,20251210,20251210,20035,30010,40019,07:12:00,09:41:00,149,91,58,No,Entregada
601906,500900,20250710,20250710,20018,30015,40077,15:13:00,16:23:00,70,24,46,No,Entregada
601907,502358,20250219,20250219,20028,30009,40099,11:46:00,13:18:00,92,32,60,No,Entregada
601908,503126,20251219,20251219,20041,30017,40099,08:53:00,11:23:00,150,32,118,No,Entregada
601909,505886,20260915,20260915,20035,30020,40032,07:21:00,09:51:00,150,55,95,No,Entregada
601910,505856,20251009,20251009,20002,30009,40035,16:25:00,19:44:00,199,107,92,No,Entregada
601911,500075,20260503,20260503,20033,30005,40093,12:19:00,13:07:00,48,39,9,Sí,Retrasada
601912,503963,20260127,20260127,20028,30017,40076,10:23:00,11:47:00,84,64,20,No,Entregada
601913,509753,20260805,20260805,20031,30005,40077,16:06:00,17:35:00,89,24,65,No,Entregada
601914,508005,20250830,20250830,20032,30019,40013,11:45:00,14:07:00,142,87,55,No,Entregada
601915,506526,20261225,20261225,20032,30014,40004,12:02:00,13:58:00,116,60,56,No,Entregada
601916,500671,20250409,20250409,20046,30029,40090,07:18:00,08:28:00,70,36,34,No,Entregada
601917,507984,20261109,20261109,20045,30023,40094,11:23:00,13:40:00,137,24,113,No,Entregada
601918,503808,20250311,20250311,20017,30014,40008,08:52:00,10:15:00,83,58,25,No,Entregada
601919,506965,20250204,20250204,20005,30006,40041,12:26:00,15:41:00,195,92,103,No,Retrasada
601920,500721,20260505,20260505,20008,30009,40007,17:46:00,19:05:00,79,50,29,No,Entregada
601921,504792,20251224,20251224,20022,30020,40087,08:04:00,11:03:00,179,113,66,No,Entregada
601922,502875,20260721,20260721,20028,30027,40011,07:24:00,09:17:00,113,78,35,No,Entregada
601923,502696,20260104,20260104,20048,30024,40092,07:00:00,07:59:00,59,23,36,No,Retrasada
601924,504796,20260710,20260710,20041,30020,40092,16:08:00,16:45:00,37,23,14,Sí,Entregada
601925,509146,20251104,20251104,20016,30002,40022,17:47:00,19:49:00,122,110,12,Sí,Entregada
601926,500814,20250402,20250402,20032,30003,40011,10:07:00,11:29:00,82,78,4,Sí,Entregada
601927,504497,20250315,20250315,20037,30013,40049,09:06:00,11:27:00,141,69,72,No,Entregada
601928,504037,20250712,20250712,20048,30007,40098,16:06:00,16:37:00,31,31,0,Sí,Entregada
601929,508472,20250414,20250414,20017,30007,40021,08:43:00,11:48:00,185,120,65,No,Entregada
601930,500936,20250830,20250830,20037,30005,40059,11:24:00,12:09:00,45,23,22,No,Entregada
601931,507746,20250217,20250217,20018,30015,40078,13:23:00,15:20:00,117,84,33,No,Entregada
601932,506200,20251113,20251113,20048,30030,40051,13:53:00,14:39:00,46,43,3,Sí,Entregada
601933,504325,20260601,20260601,20033,30013,40078,12:57:00,15:55:00,178,84,94,No,Entregada
601934,508268,20250520,20250520,20037,30021,40001,12:54:00,14:53:00,119,45,74,No,Entregada
601935,504276,20250821,20250821,20047,30017,40077,10:07:00,11:42:00,95,24,71,No,Entregada
601936,503530,20260729,20260729,20003,30024,40018,11:49:00,14:25:00,156,80,76,No,Entregada
601937,500418,20261010,20261010,20018,30012,40081,16:32:00,18:50:00,138,94,44,No,Retrasada
601938,502289,20251102,20251102,20026,30013,40082,09:02:00,11:38:00,156,74,82,No,Entregada
601939,503273,20250520,20250520,20005,30009,40032,15:47:00,18:23:00,156,55,101,No,Entregada
601940,506462,20261013,20261013,20041,30003,40022,17:56:00,20:51:00,175,110,65,No,Entregada
601941,500371,20261101,20261101,20031,30023,40071,09:41:00,12:43:00,182,64,118,No,Entregada
601942,502198,20250512,20250512,20018,30029,40039,13:19:00,16:17:00,178,73,105,No,Entregada
601943,505512,20250206,20250206,20026,30005,40051,12:57:00,13:55:00,58,43,15,Sí,Entregada
601944,506713,20250313,20250313,20018,30003,40002,12:21:00,14:15:00,114,55,59,No,Entregada
601945,505908,20250224,20250224,20048,30011,40011,14:53:00,17:16:00,143,78,65,No,Entregada
601946,505230,20251104,20251104,20048,30006,40060,10:03:00,11:21:00,78,66,12,Sí,Entregada
601947,508650,20251125,20251125,20003,30027,40059,15:27:00,17:40:00,133,23,110,No,Entregada
601948,506621,20260516,20260516,20035,30024,40039,11:54:00,13:40:00,106,73,33,No,Entregada
601949,509391,20260809,20260809,20026,30019,40078,10:34:00,13:04:00,150,84,66,No,Retrasada
601950,505503,20250420,20250420,20033,30005,40071,17:31:00,19:52:00,141,64,77,No,Entregada
601951,509363,20250618,20250618,20047,30009,40065,07:26:00,09:21:00,115,61,54,No,Entregada
601952,509375,20260717,20260717,20008,30001,40029,10:50:00,14:03:00,193,76,117,No,Entregada
601953,502910,20260820,20260820,20035,30013,40058,12:20:00,14:45:00,145,93,52,No,Entregada
601954,502981,20250311,20250311,20017,30011,40037,10:52:00,12:29:00,97,81,16,No,Entregada
601955,501106,20260721,20260721,20017,30005,40001,14:16:00,15:30:00,74,45,29,No,Entregada
601956,504383,20251114,20251114,20003,30012,40084,15:52:00,16:37:00,45,33,12,Sí,Entregada
601957,508478,20250117,20250117,20031,30026,40018,07:52:00,09:30:00,98,80,18,No,Entregada
601958,505409,20260412,20260412,20033,30020,40069,12:12:00,13:22:00,70,52,18,No,Entregada
601959,506497,20250426,20250426,20041,30023,40086,07:30:00,09:37:00,127,103,24,No,Entregada
601960,508983,20261213,20261213,20048,30030,40032,10:02:00,12:17:00,135,55,80,No,Entregada
601961,503632,20250706,20250706,20033,30003,40037,16:03:00,17:46:00,103,81,22,No,Entregada
601962,505914,20260411,20260411,20043,30001,40095,08:13:00,10:27:00,134,73,61,No,Entregada
601963,500477,20250808,20250808,20032,30013,40054,15:03:00,16:34:00,91,82,9,Sí,Entregada
601964,504285,20250901,20250901,20024,30024,40011,16:25:00,18:54:00,149,78,71,No,Entregada
601965,506507,20260618,20260618,20037,30006,40002,17:59:00,19:45:00,106,55,51,No,Entregada
601966,507646,20250926,20250926,20003,30021,40063,07:13:00,08:36:00,83,52,31,No,Entregada
601967,504528,20260214,20260214,20048,30023,40073,13:51:00,16:03:00,132,83,49,No,Entregada
601968,502958,20261031,20261031,20031,30019,40014,07:52:00,10:30:00,158,49,109,No,Retrasada
601969,508353,20260617,20260617,20031,30003,40002,07:21:00,08:39:00,78,55,23,No,Entregada
601970,508680,20260729,20260729,20033,30010,40084,11:19:00,12:21:00,62,33,29,No,Entregada
601971,504412,20250405,20250405,20032,30016,40013,07:58:00,10:41:00,163,87,76,No,Retrasada
601972,508940,20260120,20260120,20047,30030,40008,14:45:00,17:09:00,144,58,86,No,Entregada
601973,508980,20260721,20260721,20017,30006,40081,17:30:00,19:15:00,105,94,11,Sí,Entregada
601974,501958,20250927,20250927,20028,30001,40072,11:49:00,14:11:00,142,112,30,No,Entregada
601975,507378,20261012,20261012,20041,30027,40047,12:53:00,14:51:00,118,37,81,No,Entregada
601976,505779,20250624,20250624,20041,30006,40054,16:20:00,18:56:00,156,82,74,No,Retrasada
601977,509591,20260831,20260831,20046,30029,40077,14:20:00,16:02:00,102,24,78,No,Retrasada
601978,507281,20260809,20260809,20047,30002,40022,11:00:00,14:24:00,204,110,94,No,Entregada
601979,507698,20260106,20260106,20028,30006,40054,09:33:00,12:27:00,174,82,92,No,Retrasada
601980,507940,20250114,20250114,20017,30006,40018,08:35:00,10:12:00,97,80,17,No,Retrasada
601981,506906,20250123,20250123,20028,30012,40086,11:53:00,15:01:00,188,103,85,No,Entregada
601982,501723,20251022,20251022,20048,30021,40049,12:42:00,15:11:00,149,69,80,No,Entregada
601983,501158,20250818,20250818,20045,30003,40084,13:29:00,15:29:00,120,33,87,No,Entregada
601984,509047,20261209,20261209,20047,30005,40018,09:36:00,12:04:00,148,80,68,No,Entregada
601985,508660,20250904,20250904,20045,30009,40085,17:50:00,18:58:00,68,41,27,No,Entregada
601986,502191,20250330,20250330,20047,30019,40082,16:36:00,19:50:00,194,74,120,No,Entregada
601987,507585,20250324,20250324,20022,30017,40093,17:58:00,20:23:00,145,39,106,No,Retrasada
601988,507154,20260511,20260511,20026,30016,40034,14:07:00,14:52:00,45,37,8,Sí,Entregada
601989,508706,20260410,20260410,20041,30030,40082,17:11:00,19:32:00,141,74,67,No,Entregada
601990,505349,20260920,20260920,20031,30030,40080,09:20:00,10:56:00,96,15,81,No,Entregada
601991,506435,20261202,20261202,20026,30011,40046,09:56:00,11:51:00,115,33,82,No,Retrasada
601992,502857,20260225,20260225,20017,30002,40040,17:23:00,19:48:00,145,76,69,No,Entregada
601993,501227,20261007,20261007,20005,30023,40084,14:00:00,15:28:00,88,33,55,No,Entregada
601994,503336,20250217,20250217,20033,30015,40007,14:50:00,15:56:00,66,50,16,No,Entregada
601995,501799,20251002,20251002,20046,30013,40018,17:31:00,20:20:00,169,80,89,No,Entregada
601996,500160,20261013,20261013,20026,30003,40094,09:54:00,11:12:00,78,24,54,No,Entregada
601997,508528,20260812,20260812,20041,30006,40021,10:54:00,13:16:00,142,120,22,No,Retrasada
601998,500614,20261220,20261220,20046,30003,40010,08:40:00,10:07:00,87,75,12,Sí,Retrasada
601999,500845,20250915,20250915,20029,30001,40047,15:55:00,17:04:00,69,37,32,No,Entregada
602000,504257,20261212,20261212,20048,30023,40007,15:42:00,18:19:00,157,50,107,No,Entregada
602001,500374,20260405,20260405,20026,30010,40071,14:31:00,15:51:00,80,64,16,No,Entregada
602002,502789,20260905,20260905,20031,30014,40071,17:05:00,18:55:00,110,64,46,No,Entregada
602003,508563,20260528,20260528,20024,30016,40002,15:52:00,17:59:00,127,55,72,No,Retrasada
602004,506531,20250307,20250307,20026,30015,40001,17:51:00,19:59:00,128,45,83,No,Entregada
602005,501200,20250331,20250331,20017,30029,40013,08:40:00,10:43:00,123,87,36,No,Entregada
602006,502458,20261030,20261030,20005,30020,40042,12:03:00,15:40:00,217,100,117,No,Retrasada
602007,502713,20250801,20250801,20041,30002,40022,15:59:00,19:31:00,212,110,102,No,Entregada
602008,507329,20260912,20260912,20003,30010,40022,12:54:00,15:24:00,150,110,40,No,Entregada
602009,500558,20250716,20250716,20033,30002,40090,15:15:00,16:37:00,82,36,46,No,Entregada
602010,501743,20260101,20260101,20035,30005,40008,10:46:00,12:01:00,75,58,17,No,Retrasada
602011,507635,20260706,20260706,20017,30015,40014,14:34:00,17:10:00,156,49,107,No,Entregada
602012,501086,20250625,20250625,20045,30005,40093,07:12:00,09:35:00,143,39,104,No,Entregada
602013,508610,20260410,20260410,20028,30016,40086,13:36:00,16:40:00,184,103,81,No,Entregada
602014,503873,20260719,20260719,20045,30021,40007,07:30:00,09:59:00,149,50,99,No,Entregada
602015,505217,20260713,20260713,20003,30029,40032,15:47:00,16:43:00,56,55,1,Sí,Entregada
602016,501821,20250905,20250905,20047,30023,40004,12:28:00,13:36:00,68,60,8,Sí,Retrasada
602017,505514,20251225,20251225,20026,30027,40051,14:38:00,15:58:00,80,43,37,No,Entregada
602018,508770,20251016,20251016,20045,30003,40063,08:39:00,10:24:00,105,52,53,No,Entregada
602019,501869,20261016,20261016,20007,30002,40022,09:52:00,13:30:00,218,110,108,No,Entregada
602020,501490,20250512,20250512,20024,30026,40073,09:41:00,12:52:00,191,83,108,No,Retrasada
602021,508285,20260922,20260922,20046,30023,40007,11:22:00,12:20:00,58,50,8,Sí,Entregada
602022,507768,20250825,20250825,20028,30020,40093,11:33:00,12:47:00,74,39,35,No,Entregada
602023,503241,20260812,20260812,20017,30009,40060,07:27:00,08:35:00,68,66,2,Sí,Retrasada
602024,508642,20250729,20250729,20045,30001,40076,09:28:00,11:41:00,133,64,69,No,Entregada
602025,507612,20261026,20261026,20037,30013,40069,15:07:00,16:26:00,79,52,27,No,Entregada
602026,504915,20250729,20250729,20048,30006,40077,14:17:00,15:34:00,77,24,53,No,Entregada
602027,506877,20261218,20261218,20017,30005,40085,12:55:00,14:40:00,105,41,64,No,Entregada
602028,507576,20251209,20251209,20041,30027,40092,11:11:00,11:54:00,43,23,20,No,Entregada
602029,506604,20250619,20250619,20018,30015,40072,10:46:00,14:24:00,218,112,106,No,Entregada
602030,505371,20261110,20261110,20026,30009,40059,12:12:00,12:47:00,35,23,12,Sí,Entregada
602031,506281,20260416,20260416,20026,30026,40041,08:57:00,11:17:00,140,92,48,No,Retrasada
602032,506953,20250909,20250909,20001,30023,40051,17:49:00,19:25:00,96,43,53,No,Entregada
602033,500358,20251109,20251109,20037,30017,40087,07:43:00,10:28:00,165,113,52,No,Entregada
602034,503210,20250114,20250114,20028,30011,40090,07:52:00,09:14:00,82,36,46,No,Entregada
602035,509164,20260505,20260505,20046,30009,40038,16:17:00,18:07:00,110,37,73,No,Entregada
602036,508798,20250101,20250101,20028,30007,40069,08:41:00,09:45:00,64,52,12,Sí,Entregada
602037,506574,20260819,20260819,20041,30007,40098,13:37:00,14:31:00,54,31,23,No,Entregada
602038,505992,20260609,20260609,20032,30012,40027,13:26:00,14:56:00,90,81,9,Sí,Entregada
602039,508643,20250821,20250821,20046,30024,40037,17:13:00,20:24:00,191,81,110,No,Entregada
602040,508576,20260927,20260927,20047,30017,40066,10:01:00,11:38:00,97,81,16,No,Entregada
602041,504484,20260106,20260106,20003,30023,40035,15:55:00,19:37:00,222,107,115,No,Retrasada
602042,504970,20251220,20251220,20031,30005,40057,09:50:00,11:14:00,84,56,28,No,Entregada
602043,501401,20251009,20251009,20031,30027,40058,13:17:00,15:14:00,117,93,24,No,Entregada
602044,504597,20250715,20250715,20017,30026,40047,10:49:00,12:25:00,96,37,59,No,Retrasada
602045,502132,20250117,20250117,20024,30019,40014,08:58:00,10:51:00,113,49,64,No,Retrasada
602046,508024,20250605,20250605,20001,30020,40013,14:44:00,16:38:00,114,87,27,No,Entregada
602047,505521,20250922,20250922,20001,30015,40078,17:03:00,20:10:00,187,84,103,No,Entregada
602048,508831,20250811,20250811,20032,30030,40020,15:21:00,17:01:00,100,43,57,No,Entregada
602049,507851,20260616,20260616,20003,30030,40021,09:54:00,12:46:00,172,120,52,No,Entregada
602050,502810,20250110,20250110,20035,30026,40018,14:00:00,16:53:00,173,80,93,No,Entregada
602051,500734,20260326,20260326,20041,30009,40049,13:30:00,14:44:00,74,69,5,Sí,Retrasada
602052,500077,20250225,20250225,20024,30026,40049,15:20:00,18:04:00,164,69,95,No,Entregada
602053,501007,20260315,20260315,20028,30014,40081,07:32:00,09:30:00,118,94,24,No,Entregada
602054,503129,20250825,20250825,20028,30021,40057,15:38:00,17:28:00,110,56,54,No,Entregada
602055,503773,20260715,20260715,20024,30027,40093,17:37:00,20:11:00,154,39,115,No,Entregada
602056,506399,20260303,20260303,20018,30024,40051,15:47:00,16:41:00,54,43,11,Sí,Entregada
602057,508705,20251025,20251025,20032,30024,40055,16:14:00,18:51:00,157,78,79,No,Entregada
602058,502903,20260831,20260831,20022,30023,40072,15:03:00,18:51:00,228,112,116,No,Retrasada
602059,505955,20261129,20261129,20043,30009,40093,17:46:00,19:41:00,115,39,76,No,Entregada
602060,507142,20251219,20251219,20001,30020,40063,17:22:00,19:53:00,151,52,99,No,Entregada
602061,502762,20250623,20250623,20037,30020,40063,14:36:00,16:18:00,102,52,50,No,Entregada
602062,508416,20260724,20260724,20017,30015,40029,12:30:00,14:17:00,107,76,31,No,Entregada
602063,509167,20261211,20261211,20048,30007,40096,10:44:00,11:28:00,44,37,7,Sí,Entregada
602064,507319,20260612,20260612,20026,30011,40082,15:23:00,18:03:00,160,74,86,No,Entregada
602065,509453,20261022,20261022,20041,30011,40094,07:44:00,09:19:00,95,24,71,No,Entregada
602066,508496,20260923,20260923,20045,30015,40098,07:58:00,09:54:00,116,31,85,No,Entregada
602067,500245,20250509,20250509,20024,30010,40041,17:15:00,18:50:00,95,92,3,Sí,Entregada
602068,503163,20250204,20250204,20031,30011,40081,15:08:00,17:48:00,160,94,66,No,Entregada
602069,509932,20251017,20251017,20047,30020,40057,17:09:00,18:33:00,84,56,28,No,Entregada
602070,500537,20250201,20250201,20028,30003,40084,13:51:00,16:01:00,130,33,97,No,Entregada
602071,500707,20250121,20250121,20046,30013,40057,08:18:00,10:30:00,132,56,76,No,Entregada
602072,501766,20250127,20250127,20018,30024,40078,10:37:00,13:27:00,170,84,86,No,Retrasada
602073,509904,20250314,20250314,20046,30015,40077,17:01:00,17:28:00,27,24,3,Sí,Entregada
602074,507227,20251210,20251210,20031,30026,40038,13:32:00,15:52:00,140,37,103,No,Entregada
602075,503403,20260522,20260522,20033,30013,40051,17:44:00,20:25:00,161,43,118,No,Entregada
602076,502212,20250802,20250802,20001,30020,40003,17:07:00,18:44:00,97,42,55,No,Entregada
602077,505831,20251010,20251010,20028,30027,40027,14:13:00,16:57:00,164,81,83,No,Entregada
602078,500379,20250216,20250216,20017,30016,40042,09:22:00,12:16:00,174,100,74,No,Entregada
602079,500563,20250702,20250702,20028,30016,40082,15:59:00,17:44:00,105,74,31,No,Entregada
602080,504399,20260716,20260716,20017,30027,40005,10:52:00,12:01:00,69,48,21,No,Entregada
602081,501426,20251117,20251117,20028,30029,40076,16:30:00,17:50:00,80,64,16,No,Entregada
602082,509496,20260410,20260410,20045,30005,40052,15:11:00,17:35:00,144,55,89,No,Entregada
602083,504013,20250414,20250414,20017,30009,40062,13:01:00,15:27:00,146,76,70,No,Entregada
602084,502421,20250207,20250207,20008,30009,40019,07:25:00,09:52:00,147,91,56,No,Entregada
602085,500835,20260216,20260216,20026,30019,40019,13:33:00,15:28:00,115,91,24,No,Entregada
602086,503362,20250329,20250329,20033,30013,40034,12:38:00,13:59:00,81,37,44,No,Retrasada
602087,506927,20250415,20250415,20028,30017,40089,14:40:00,15:47:00,67,57,10,Sí,Retrasada
602088,503279,20251004,20251004,20024,30006,40035,14:35:00,17:14:00,159,107,52,No,Retrasada
602089,508614,20260128,20260128,20028,30023,40020,08:07:00,10:33:00,146,43,103,No,Entregada
602090,507747,20250611,20250611,20037,30029,40021,13:51:00,17:41:00,230,120,110,No,Entregada
602091,507804,20251114,20251114,20032,30009,40084,15:10:00,16:57:00,107,33,74,No,Entregada
602092,509657,20260827,20260827,20032,30023,40040,07:48:00,10:08:00,140,76,64,No,Entregada
602093,502672,20260420,20260420,20031,30013,40076,16:23:00,18:13:00,110,64,46,No,Entregada
602094,500713,20261130,20261130,20041,30019,40082,10:35:00,13:30:00,175,74,101,No,Entregada
602095,508430,20260103,20260103,20026,30007,40093,16:28:00,18:00:00,92,39,53,No,Entregada
602096,501734,20250818,20250818,20032,30030,40047,09:38:00,11:01:00,83,37,46,No,Entregada
602097,501154,20261023,20261023,20031,30015,40014,11:01:00,13:34:00,153,49,104,No,Entregada
602098,504690,20250521,20250521,20047,30014,40099,07:04:00,08:01:00,57,32,25,No,Entregada
602099,501810,20260528,20260528,20046,30003,40095,13:00:00,15:36:00,156,73,83,No,Entregada
602100,507966,20260929,20260929,20018,30027,40073,11:07:00,13:44:00,157,83,74,No,Entregada
602101,505552,20250402,20250402,20001,30023,40069,14:01:00,15:46:00,105,52,53,No,Entregada
602102,506643,20260323,20260323,20031,30020,40099,07:14:00,08:12:00,58,32,26,No,Entregada
602103,509739,20261130,20261130,20047,30003,40076,16:32:00,19:11:00,159,64,95,No,Entregada
602104,501182,20261209,20261209,20047,30030,40038,16:17:00,17:14:00,57,37,20,No,Entregada
602105,509787,20260525,20260525,20032,30027,40042,13:29:00,16:17:00,168,100,68,No,Entregada
602106,500020,20251011,20251011,20022,30013,40065,16:33:00,18:11:00,98,61,37,No,Entregada
602107,509036,20261029,20261029,20018,30029,40094,14:25:00,16:14:00,109,24,85,No,Entregada
602108,507486,20250505,20250505,20041,30029,40098,16:49:00,18:41:00,112,31,81,No,Entregada
602109,507139,20260720,20260720,20026,30015,40054,12:01:00,14:36:00,155,82,73,No,Entregada
602110,501477,20251001,20251001,20008,30002,40041,10:42:00,12:26:00,104,92,12,Sí,Entregada
602111,503864,20261017,20261017,20041,30021,40037,07:02:00,09:56:00,174,81,93,No,Entregada
602112,506640,20261004,20261004,20031,30013,40094,15:37:00,17:34:00,117,24,93,No,Retrasada
602113,503564,20260708,20260708,20048,30003,40002,15:39:00,18:06:00,147,55,92,No,Entregada
602114,502880,20250526,20250526,20037,30029,40087,15:12:00,17:48:00,156,113,43,No,Entregada
602115,504828,20261022,20261022,20018,30027,40022,17:19:00,20:55:00,216,110,106,No,Entregada
602116,502688,20250312,20250312,20017,30011,40093,12:30:00,13:41:00,71,39,32,No,Entregada
602117,501725,20260720,20260720,20045,30006,40022,07:49:00,10:55:00,186,110,76,No,Retrasada
602118,501540,20250704,20250704,20003,30017,40073,15:11:00,16:44:00,93,83,10,Sí,Entregada
602119,502362,20260519,20260519,20045,30026,40029,11:31:00,13:56:00,145,76,69,No,Entregada
602120,509920,20260422,20260422,20035,30002,40008,11:11:00,13:16:00,125,58,67,No,Entregada
602121,509573,20250224,20250224,20028,30014,40049,08:29:00,10:25:00,116,69,47,No,Entregada
602122,508986,20261214,20261214,20001,30005,40055,12:31:00,14:50:00,139,78,61,No,Entregada
602123,509663,20250413,20250413,20046,30001,40040,12:56:00,14:22:00,86,76,10,Sí,Entregada
602124,501487,20250827,20250827,20031,30030,40051,11:33:00,13:44:00,131,43,88,No,Entregada
602125,505008,20261217,20261217,20031,30021,40020,12:10:00,13:11:00,61,43,18,No,Entregada
602126,508423,20261222,20261222,20028,30007,40092,09:33:00,11:37:00,124,23,101,No,Entregada
602127,507133,20260523,20260523,20018,30030,40071,11:19:00,12:28:00,69,64,5,Sí,Entregada
602128,502309,20260620,20260620,20017,30013,40055,16:30:00,19:35:00,185,78,107,No,Entregada
602129,508634,20260611,20260611,20048,30030,40002,11:32:00,14:04:00,152,55,97,No,Entregada
602130,502341,20251026,20251026,20033,30002,40007,11:04:00,13:40:00,156,50,106,No,Entregada
602131,506006,20250104,20250104,20026,30012,40041,14:29:00,17:20:00,171,92,79,No,Entregada
602132,503552,20260308,20260308,20028,30013,40077,11:06:00,12:03:00,57,24,33,No,Entregada
602133,505276,20260830,20260830,20026,30011,40092,09:20:00,09:50:00,30,23,7,Sí,Entregada
602134,503150,20260912,20260912,20031,30002,40072,07:07:00,10:44:00,217,112,105,No,Entregada
602135,505181,20250108,20250108,20022,30017,40077,12:51:00,14:48:00,117,24,93,No,Entregada
602136,500495,20261220,20261220,20017,30007,40058,15:14:00,18:26:00,192,93,99,No,Entregada
602137,506402,20251112,20251112,20035,30003,40037,14:06:00,17:00:00,174,81,93,No,Entregada
602138,501319,20260821,20260821,20003,30013,40078,16:52:00,18:54:00,122,84,38,No,Entregada
602139,506461,20251225,20251225,20047,30026,40005,16:55:00,18:41:00,106,48,58,No,Entregada
602140,503199,20261112,20261112,20031,30029,40039,08:32:00,11:12:00,160,73,87,No,Entregada
602141,505990,20250714,20250714,20003,30027,40008,07:43:00,10:06:00,143,58,85,No,Entregada
602142,508939,20250324,20250324,20047,30006,40037,14:00:00,15:29:00,89,81,8,Sí,Entregada
602143,501189,20260623,20260623,20005,30017,40029,16:07:00,18:36:00,149,76,73,No,Retrasada
602144,506079,20260301,20260301,20041,30014,40080,15:31:00,17:26:00,115,15,100,No,Entregada
602145,500881,20261206,20261206,20032,30012,40010,11:14:00,12:56:00,102,75,27,No,Entregada
602146,502380,20260615,20260615,20018,30020,40004,09:49:00,11:31:00,102,60,42,No,Retrasada
602147,509704,20250907,20250907,20041,30027,40047,12:21:00,14:41:00,140,37,103,No,Entregada
602148,505871,20250308,20250308,20026,30003,40049,14:35:00,16:38:00,123,69,54,No,Entregada
602149,507948,20250525,20250525,20032,30019,40034,17:02:00,18:26:00,84,37,47,No,Entregada
602150,503096,20250524,20250524,20017,30020,40037,17:12:00,18:54:00,102,81,21,No,Entregada
602151,508481,20250316,20250316,20003,30011,40069,12:48:00,14:06:00,78,52,26,No,Entregada
602152,500057,20250719,20250719,20028,30007,40032,17:52:00,19:53:00,121,55,66,No,Entregada
602153,507418,20260920,20260920,20046,30010,40047,07:09:00,08:30:00,81,37,44,No,Entregada
602154,508897,20260211,20260211,20033,30010,40035,11:24:00,14:50:00,206,107,99,No,Retrasada
602155,508802,20260628,20260628,20041,30002,40090,11:06:00,12:35:00,89,36,53,No,Entregada
602156,508265,20250208,20250208,20037,30020,40008,16:05:00,17:29:00,84,58,26,No,Entregada
602157,509943,20251227,20251227,20026,30007,40093,09:08:00,11:41:00,153,39,114,No,Entregada
602158,507502,20250727,20250727,20001,30006,40027,17:00:00,18:52:00,112,81,31,No,Entregada
602159,502119,20250804,20250804,20017,30024,40038,12:26:00,14:35:00,129,37,92,No,Retrasada
602160,507467,20250304,20250304,20035,30026,40032,13:43:00,16:30:00,167,55,112,No,Entregada
602161,503712,20251223,20251223,20026,30019,40084,17:05:00,19:34:00,149,33,116,No,Entregada
602162,500081,20250907,20250907,20017,30005,40095,17:10:00,18:57:00,107,73,34,No,Entregada
602163,507267,20250202,20250202,20026,30005,40063,12:58:00,15:42:00,164,52,112,No,Entregada
602164,505106,20251008,20251008,20005,30026,40059,07:16:00,09:09:00,113,23,90,No,Entregada
602165,504481,20250521,20250521,20031,30017,40095,08:55:00,10:25:00,90,73,17,No,Entregada
602166,500297,20250116,20250116,20018,30014,40039,08:30:00,11:15:00,165,73,92,No,Entregada
602167,504364,20250105,20250105,20001,30029,40099,12:23:00,14:16:00,113,32,81,No,Entregada
602168,509354,20260521,20260521,20048,30017,40063,08:53:00,10:49:00,116,52,64,No,Entregada
602169,506783,20261230,20261230,20024,30012,40058,07:57:00,09:30:00,93,93,0,Sí,Entregada
602170,503504,20260913,20260913,20031,30027,40054,13:43:00,15:30:00,107,82,25,No,Entregada
602171,501233,20251002,20251002,20046,30009,40065,11:25:00,14:21:00,176,61,115,No,Entregada
602172,502272,20251128,20251128,20032,30010,40041,07:40:00,10:10:00,150,92,58,No,Entregada
602173,503554,20260513,20260513,20018,30017,40055,10:12:00,13:14:00,182,78,104,No,Entregada
602174,507400,20261225,20261225,20018,30029,40073,11:37:00,13:16:00,99,83,16,No,Retrasada
602175,508671,20261005,20261005,20048,30003,40066,16:39:00,19:37:00,178,81,97,No,Retrasada
602176,507115,20250830,20250830,20026,30021,40021,11:15:00,14:23:00,188,120,68,No,Entregada
602177,507915,20250916,20250916,20031,30009,40069,08:38:00,09:40:00,62,52,10,Sí,Retrasada
602178,503571,20260908,20260908,20018,30003,40013,11:41:00,14:23:00,162,87,75,No,Entregada
602179,502343,20261221,20261221,20017,30007,40049,13:42:00,16:45:00,183,69,114,No,Entregada
602180,506470,20260604,20260604,20032,30005,40081,10:18:00,13:40:00,202,94,108,No,Entregada
602181,506425,20260209,20260209,20041,30019,40011,12:26:00,14:30:00,124,78,46,No,Entregada
602182,507697,20260126,20260126,20045,30024,40078,16:11:00,18:00:00,109,84,25,No,Entregada
602183,505957,20260322,20260322,20028,30010,40095,13:44:00,15:01:00,77,73,4,Sí,Entregada
602184,500325,20250319,20250319,20028,30009,40094,09:11:00,10:52:00,101,24,77,No,Entregada
602185,503807,20250706,20250706,20024,30007,40013,08:23:00,10:12:00,109,87,22,No,Entregada
602186,508620,20260222,20260222,20022,30013,40084,17:27:00,18:14:00,47,33,14,Sí,Entregada
602187,502252,20260604,20260604,20032,30030,40042,10:40:00,14:08:00,208,100,108,No,Retrasada
602188,503994,20260708,20260708,20041,30016,40021,16:12:00,18:19:00,127,120,7,Sí,Entregada
602189,505193,20260213,20260213,20003,30024,40007,09:26:00,12:07:00,161,50,111,No,Entregada
602190,505291,20250729,20250729,20048,30019,40041,17:14:00,20:37:00,203,92,111,No,Entregada
602191,508189,20251012,20251012,20047,30012,40093,15:13:00,16:37:00,84,39,45,No,Retrasada
602192,509471,20250910,20250910,20046,30017,40005,14:54:00,17:42:00,168,48,120,No,Entregada
602193,502396,20260928,20260928,20003,30024,40011,11:30:00,13:55:00,145,78,67,No,Entregada
602194,502678,20260311,20260311,20046,30021,40046,14:00:00,16:11:00,131,33,98,No,Retrasada
602195,507382,20250827,20250827,20041,30011,40072,13:06:00,14:58:00,112,112,0,Sí,Entregada
602196,507189,20250212,20250212,20024,30021,40094,11:42:00,12:29:00,47,24,23,No,Entregada
602197,506806,20261111,20261111,20045,30001,40007,10:08:00,11:37:00,89,50,39,No,Retrasada
602198,508291,20251104,20251104,20005,30024,40027,15:55:00,17:51:00,116,81,35,No,Entregada
602199,505735,20250305,20250305,20026,30011,40081,07:03:00,09:00:00,117,94,23,No,Entregada
602200,500098,20260920,20260920,20005,30003,40090,11:49:00,13:31:00,102,36,66,No,Entregada
602201,503776,20250908,20250908,20037,30024,40011,14:12:00,16:26:00,134,78,56,No,Entregada
602202,500548,20260418,20260418,20003,30011,40003,10:00:00,12:08:00,128,42,86,No,Retrasada
602203,509226,20260817,20260817,20041,30016,40073,17:27:00,20:49:00,202,83,119,No,Entregada
602204,509990,20250605,20250605,20011,30009,40019,16:40:00,18:33:00,113,91,22,No,Entregada
602205,506864,20250921,20250921,20046,30015,40013,11:13:00,14:14:00,181,87,94,No,Entregada
602206,503374,20260406,20260406,20031,30013,40007,15:28:00,17:10:00,102,50,52,No,Entregada
602207,505062,20250205,20250205,20048,30024,40062,16:25:00,19:41:00,196,76,120,No,Entregada
602208,506678,20260905,20260905,20017,30019,40052,12:56:00,15:00:00,124,55,69,No,Retrasada
602209,506813,20260722,20260722,20005,30021,40078,17:49:00,20:09:00,140,84,56,No,Retrasada
602210,505904,20261219,20261219,20045,30020,40034,13:30:00,14:46:00,76,37,39,No,Retrasada
602211,509500,20260913,20260913,20041,30015,40022,08:24:00,11:56:00,212,110,102,No,Entregada
602212,500311,20261006,20261006,20022,30017,40034,10:31:00,12:08:00,97,37,60,No,Retrasada
602213,501000,20260711,20260711,20041,30007,40034,13:23:00,14:02:00,39,37,2,Sí,Entregada
602214,501717,20260706,20260706,20018,30011,40092,12:41:00,13:54:00,73,23,50,No,Entregada
602215,504366,20251029,20251029,20032,30024,40032,07:37:00,09:18:00,101,55,46,No,Entregada
602216,501242,20250714,20250714,20035,30015,40090,15:30:00,18:00:00,150,36,114,No,Retrasada
602217,501037,20260617,20260617,20041,30030,40009,09:48:00,11:03:00,75,40,35,No,Entregada
602218,502735,20261202,20261202,20029,30001,40018,12:42:00,15:10:00,148,80,68,No,Entregada
602219,502015,20260502,20260502,20033,30020,40073,12:05:00,14:25:00,140,83,57,No,Retrasada
602220,504239,20250114,20250114,20003,30012,40005,15:56:00,17:13:00,77,48,29,No,Retrasada
602221,504500,20251204,20251204,20024,30002,40041,13:50:00,17:13:00,203,92,111,No,Retrasada
602222,502041,20261012,20261012,20048,30016,40052,10:25:00,12:10:00,105,55,50,No,Entregada
602223,506192,20251021,20251021,20005,30029,40098,13:21:00,14:48:00,87,31,56,No,Entregada
602224,501875,20260125,20260125,20035,30023,40063,13:18:00,16:01:00,163,52,111,No,Entregada
602225,504817,20261026,20261026,20035,30013,40015,16:10:00,18:00:00,110,64,46,No,Entregada
602226,502266,20260828,20260828,20024,30015,40089,15:23:00,16:35:00,72,57,15,Sí,Entregada
602227,502643,20260616,20260616,20047,30016,40027,10:32:00,12:14:00,102,81,21,No,Entregada
602228,504882,20251128,20251128,20032,30012,40094,11:31:00,12:48:00,77,24,53,No,Entregada
602229,501720,20260821,20260821,20026,30015,40058,10:21:00,12:52:00,151,93,58,No,Entregada
602230,506615,20260914,20260914,20003,30010,40039,14:22:00,16:06:00,104,73,31,No,Entregada
602231,503328,20251007,20251007,20026,30019,40087,11:13:00,13:39:00,146,113,33,No,Retrasada
602232,503584,20261008,20261008,20047,30001,40078,17:50:00,19:22:00,92,84,8,Sí,Entregada
602233,508512,20261230,20261230,20032,30017,40081,07:09:00,10:18:00,189,94,95,No,Entregada
602234,504675,20261017,20261017,20017,30013,40072,15:24:00,18:41:00,197,112,85,No,Entregada
602235,506103,20260402,20260402,20001,30002,40039,16:19:00,17:48:00,89,73,16,No,Retrasada
602236,504870,20251211,20251211,20024,30026,40013,08:50:00,11:08:00,138,87,51,No,Entregada
602237,503761,20260828,20260828,20003,30015,40021,17:34:00,19:58:00,144,120,24,No,Entregada
602238,504062,20251118,20251118,20047,30014,40021,08:41:00,11:01:00,140,120,20,No,Entregada
602239,508709,20260320,20260320,20045,30002,40034,10:10:00,12:39:00,149,37,112,No,Entregada
602240,500039,20260602,20260602,20041,30017,40032,16:22:00,18:45:00,143,55,88,No,Entregada
602241,508701,20250807,20250807,20018,30014,40037,08:20:00,10:16:00,116,81,35,No,Entregada
602242,503855,20261118,20261118,20048,30019,40005,08:27:00,10:59:00,152,48,104,No,Entregada
602243,501391,20260815,20260815,20031,30007,40082,08:43:00,11:02:00,139,74,65,No,Entregada
602244,500162,20261223,20261223,20028,30027,40084,08:35:00,09:22:00,47,33,14,Sí,Entregada
602245,505329,20250121,20250121,20046,30017,40010,10:17:00,12:10:00,113,75,38,No,Entregada
602246,508893,20250704,20250704,20032,30027,40062,13:46:00,15:02:00,76,76,0,Sí,Retrasada
602247,505385,20251122,20251122,20026,30006,40052,15:28:00,17:01:00,93,55,38,No,Entregada
602248,506137,20260506,20260506,20022,30009,40027,16:52:00,19:09:00,137,81,56,No,Entregada
602249,506857,20260221,20260221,20024,30030,40085,14:56:00,16:10:00,74,41,33,No,Retrasada
602250,501961,20260715,20260715,20001,30020,40015,09:20:00,11:36:00,136,64,72,No,Entregada
602251,509232,20250204,20250204,20048,30007,40044,11:21:00,13:42:00,141,72,69,No,Entregada
602252,500758,20250308,20250308,20037,30010,40081,12:07:00,15:04:00,177,94,83,No,Entregada
602253,504076,20260207,20260207,20033,30010,40078,15:34:00,18:54:00,200,84,116,No,Entregada
602254,501790,20260826,20260826,20018,30007,40010,16:34:00,19:09:00,155,75,80,No,Retrasada
602255,506749,20250426,20250426,20024,30013,40029,08:15:00,10:19:00,124,76,48,No,Retrasada
602256,507193,20250414,20250414,20005,30001,40082,09:54:00,12:59:00,185,74,111,No,Entregada
602257,505829,20261014,20261014,20017,30016,40098,10:02:00,12:21:00,139,31,108,No,Retrasada
602258,507462,20260719,20260719,20041,30027,40090,08:04:00,09:43:00,99,36,63,No,Entregada
602259,502772,20261024,20261024,20032,30005,40046,14:53:00,16:46:00,113,33,80,No,Entregada
602260,505487,20250810,20250810,20005,30006,40071,08:39:00,09:57:00,78,64,14,Sí,Entregada
602261,508077,20261031,20261031,20043,30002,40057,09:07:00,10:34:00,87,56,31,No,Entregada
602262,504905,20250716,20250716,20028,30011,40013,13:08:00,15:42:00,154,87,67,No,Retrasada
602263,501036,20250912,20250912,20018,30011,40078,07:42:00,10:28:00,166,84,82,No,Entregada
602264,506853,20260613,20260613,20028,30011,40057,13:58:00,16:49:00,171,56,115,No,Entregada
602265,501220,20251216,20251216,20028,30006,40087,08:17:00,11:53:00,216,113,103,No,Entregada
602266,507580,20250430,20250430,20003,30005,40066,11:29:00,13:47:00,138,81,57,No,Entregada
602267,505682,20260925,20260925,20028,30011,40098,12:14:00,13:18:00,64,31,33,No,Entregada
602268,501038,20261215,20261215,20047,30020,40047,09:47:00,10:52:00,65,37,28,No,Entregada
602269,501069,20250201,20250201,20003,30029,40014,10:12:00,12:23:00,131,49,82,No,Entregada
602270,504988,20250318,20250318,20048,30007,40073,11:42:00,14:13:00,151,83,68,No,Entregada
602271,503203,20251122,20251122,20046,30006,40099,13:29:00,15:20:00,111,32,79,No,Entregada
602272,501569,20260417,20260417,20029,30001,40010,15:44:00,18:42:00,178,75,103,No,Retrasada
602273,501558,20261009,20261009,20047,30019,40046,15:02:00,17:26:00,144,33,111,No,Entregada
602274,507348,20261226,20261226,20028,30026,40069,16:51:00,18:01:00,70,52,18,No,Entregada
602275,505178,20250814,20250814,20035,30013,40044,14:37:00,16:31:00,114,72,42,No,Entregada
602276,503739,20261204,20261204,20033,30023,40076,17:59:00,20:31:00,152,64,88,No,Entregada
602277,507290,20250226,20250226,20047,30019,40007,14:31:00,16:55:00,144,50,94,No,Entregada
602278,508523,20250628,20250628,20033,30003,40080,09:30:00,10:28:00,58,15,43,No,Entregada
602279,506142,20251103,20251103,20031,30030,40006,13:15:00,14:26:00,71,70,1,Sí,Retrasada
602280,503708,20260409,20260409,20017,30024,40008,12:12:00,13:31:00,79,58,21,No,Entregada
602281,509700,20260610,20260610,20035,30023,40021,15:38:00,19:18:00,220,120,100,No,Entregada
602282,502087,20250204,20250204,20035,30006,40096,13:14:00,15:08:00,114,37,77,No,Entregada
602283,508534,20250829,20250829,20028,30021,40073,17:25:00,19:54:00,149,83,66,No,Retrasada
602284,500575,20261202,20261202,20024,30023,40076,16:54:00,18:13:00,79,64,15,Sí,Entregada
602285,505864,20250317,20250317,20001,30023,40095,10:29:00,12:32:00,123,73,50,No,Entregada
602286,508113,20260804,20260804,20037,30017,40028,14:43:00,18:33:00,230,115,115,No,Entregada
602287,500539,20260314,20260314,20018,30007,40071,09:03:00,11:18:00,135,64,71,No,Entregada
602288,501552,20261222,20261222,20031,30023,40037,08:52:00,11:49:00,177,81,96,No,Entregada
602289,503824,20250925,20250925,20001,30020,40069,09:05:00,10:08:00,63,52,11,Sí,Entregada
602290,505962,20260121,20260121,20005,30021,40008,12:30:00,14:20:00,110,58,52,No,Entregada
602291,509308,20260414,20260414,20048,30007,40076,11:42:00,12:50:00,68,64,4,Sí,Retrasada
602292,504001,20260814,20260814,20017,30027,40076,13:40:00,14:55:00,75,64,11,Sí,Entregada
602293,500132,20251028,20251028,20017,30016,40001,08:36:00,09:26:00,50,45,5,Sí,Entregada
602294,509283,20251111,20251111,20026,30009,40037,16:28:00,17:53:00,85,81,4,Sí,Entregada
602295,503925,20250527,20250527,20047,30019,40041,08:08:00,10:07:00,119,92,27,No,Entregada
602296,501995,20250108,20250108,20035,30005,40051,07:58:00,10:38:00,160,43,117,No,Retrasada
602297,503521,20250621,20250621,20018,30030,40086,12:17:00,14:32:00,135,103,32,No,Retrasada
602298,502784,20260803,20260803,20003,30012,40077,15:08:00,16:21:00,73,24,49,No,Entregada
602299,500226,20251122,20251122,20037,30021,40019,10:16:00,12:05:00,109,91,18,No,Retrasada
602300,509330,20260112,20260112,20026,30007,40072,16:18:00,19:15:00,177,112,65,No,Entregada
602301,500177,20251030,20251030,20003,30002,40092,14:31:00,15:32:00,61,23,38,No,Retrasada
602302,504790,20260405,20260405,20026,30010,40020,09:20:00,10:35:00,75,43,32,No,Entregada
602303,505681,20251129,20251129,20026,30017,40089,13:30:00,15:50:00,140,57,83,No,Entregada
602304,501665,20261216,20261216,20041,30029,40077,10:34:00,12:16:00,102,24,78,No,Retrasada
602305,508988,20250905,20250905,20041,30030,40008,10:34:00,11:45:00,71,58,13,Sí,Entregada
602306,502887,20260104,20260104,20047,30016,40089,09:07:00,10:22:00,75,57,18,No,Entregada
602307,505526,20250201,20250201,20028,30014,40089,14:56:00,16:46:00,110,57,53,No,Entregada
602308,503846,20260925,20260925,20048,30006,40063,13:43:00,16:34:00,171,52,119,No,Entregada
602309,509427,20261006,20261006,20048,30024,40044,12:37:00,14:17:00,100,72,28,No,Entregada
602310,505758,20250326,20250326,20024,30009,40063,13:00:00,14:54:00,114,52,62,No,Entregada
602311,502435,20250324,20250324,20031,30006,40090,13:31:00,15:03:00,92,36,56,No,Entregada
602312,503137,20251003,20251003,20033,30020,40087,16:33:00,19:55:00,202,113,89,No,Retrasada
602313,509810,20260602,20260602,20046,30005,40029,10:21:00,12:05:00,104,76,28,No,Entregada
602314,503390,20261207,20261207,20037,30026,40096,12:21:00,13:14:00,53,37,16,No,Entregada
602315,501035,20250731,20250731,20018,30015,40001,16:29:00,17:19:00,50,45,5,Sí,Retrasada
602316,502576,20261121,20261121,20048,30027,40066,13:51:00,16:20:00,149,81,68,No,Entregada
602317,503522,20250703,20250703,20032,30007,40077,08:21:00,09:46:00,85,24,61,No,Entregada
602318,500593,20260513,20260513,20026,30009,40059,14:47:00,16:39:00,112,23,89,No,Entregada
602319,502467,20250716,20250716,20032,30027,40027,10:23:00,12:24:00,121,81,40,No,Entregada
602320,507240,20250425,20250425,20003,30020,40041,13:26:00,16:08:00,162,92,70,No,Entregada
602321,501022,20251229,20251229,20033,30005,40092,08:37:00,09:09:00,32,23,9,Sí,Retrasada
602322,504354,20261213,20261213,20022,30002,40093,10:27:00,12:34:00,127,39,88,No,Entregada
602323,501368,20260929,20260929,20003,30014,40062,17:35:00,18:52:00,77,76,1,Sí,Entregada
602324,500189,20250330,20250330,20037,30020,40020,16:45:00,17:51:00,66,43,23,No,Entregada
602325,501698,20250814,20250814,20028,30015,40005,07:21:00,08:46:00,85,48,37,No,Entregada
602326,503561,20261127,20261127,20045,30026,40072,14:18:00,16:35:00,137,112,25,No,Retrasada
602327,508148,20250531,20250531,20017,30003,40022,10:38:00,13:06:00,148,110,38,No,Entregada
602328,502638,20260502,20260502,20037,30009,40066,15:14:00,17:03:00,109,81,28,No,Retrasada
602329,509548,20260120,20260120,20024,30014,40049,07:19:00,10:09:00,170,69,101,No,Entregada
602330,505585,20260408,20260408,20028,30030,40018,16:12:00,19:02:00,170,80,90,No,Entregada
602331,503698,20250928,20250928,20032,30019,40028,09:27:00,12:15:00,168,115,53,No,Entregada
602332,507879,20251207,20251207,20045,30009,40047,13:42:00,16:06:00,144,37,107,No,Retrasada
602333,508617,20250409,20250409,20047,30019,40047,15:02:00,17:02:00,120,37,83,No,Retrasada
602334,503509,20250930,20250930,20022,30026,40090,13:53:00,16:19:00,146,36,110,No,Entregada
602335,501275,20250416,20250416,20032,30015,40002,09:13:00,11:00:00,107,55,52,No,Entregada
602336,506173,20250512,20250512,20026,30014,40010,11:42:00,14:15:00,153,75,78,No,Entregada
602337,508509,20260313,20260313,20026,30030,40015,08:12:00,09:25:00,73,64,9,Sí,Entregada
602338,500709,20260923,20260923,20005,30005,40071,12:51:00,15:31:00,160,64,96,No,Entregada
602339,508434,20260516,20260516,20022,30013,40076,12:25:00,14:16:00,111,64,47,No,Entregada
602340,501878,20261228,20261228,20003,30010,40094,14:22:00,16:30:00,128,24,104,No,Entregada
602341,507160,20260225,20260225,20018,30014,40076,07:58:00,10:41:00,163,64,99,No,Entregada
602342,501617,20250404,20250404,20003,30009,40089,13:52:00,14:50:00,58,57,1,Sí,Entregada
602343,501781,20250211,20250211,20017,30009,40089,08:04:00,10:08:00,124,57,67,No,Entregada
602344,508803,20250629,20250629,20032,30020,40044,09:33:00,12:07:00,154,72,82,No,Entregada
602345,509215,20261104,20261104,20041,30027,40018,11:25:00,14:13:00,168,80,88,No,Entregada
602346,501863,20250712,20250712,20024,30014,40057,08:18:00,10:06:00,108,56,52,No,Retrasada
602347,507821,20260208,20260208,20046,30023,40007,16:19:00,18:07:00,108,50,58,No,Retrasada
602348,503234,20260126,20260126,20024,30015,40011,11:07:00,12:45:00,98,78,20,No,Entregada
602349,505952,20260303,20260303,20017,30012,40018,17:09:00,18:50:00,101,80,21,No,Entregada
602350,507501,20250214,20250214,20001,30002,40003,07:24:00,08:35:00,71,42,29,No,Entregada
602351,507766,20251222,20251222,20037,30003,40063,11:43:00,14:23:00,160,52,108,No,Retrasada
602352,508910,20250817,20250817,20041,30003,40019,12:00:00,14:35:00,155,91,64,No,Entregada
602353,501247,20250524,20250524,20032,30013,40035,07:06:00,10:00:00,174,107,67,No,Entregada
602354,508497,20260609,20260609,20033,30020,40054,09:16:00,11:26:00,130,82,48,No,Entregada
602355,509737,20261018,20261018,20026,30016,40040,08:22:00,10:13:00,111,76,35,No,Entregada
602356,508809,20261015,20261015,20047,30024,40094,17:49:00,18:13:00,24,24,0,Sí,Entregada
602357,501613,20251031,20251031,20017,30023,40009,08:12:00,09:27:00,75,40,35,No,Entregada
602358,503962,20260326,20260326,20017,30010,40095,07:45:00,10:46:00,181,73,108,No,Entregada
602359,500344,20250513,20250513,20018,30006,40037,11:21:00,14:27:00,186,81,105,No,Entregada
602360,500834,20251221,20251221,20008,30009,40078,09:45:00,11:56:00,131,84,47,No,Entregada
602361,508394,20251228,20251228,20028,30023,40010,13:09:00,14:40:00,91,75,16,No,Entregada
602362,504245,20250517,20250517,20031,30027,40082,07:53:00,09:33:00,100,74,26,No,Entregada
602363,506154,20251227,20251227,20018,30030,40034,13:58:00,15:24:00,86,37,49,No,Entregada
602364,506539,20250131,20250131,20048,30027,40084,15:26:00,17:54:00,148,33,115,No,Entregada
602365,500748,20260902,20260902,20002,30002,40099,09:06:00,11:02:00,116,32,84,No,Entregada
602366,504875,20260806,20260806,20046,30013,40044,13:06:00,14:42:00,96,72,24,No,Entregada
602367,503384,20261029,20261029,20031,30001,40099,17:43:00,18:29:00,46,32,14,Sí,Entregada
602368,507947,20251228,20251228,20005,30026,40069,13:18:00,15:42:00,144,52,92,No,Retrasada
602369,507740,20250530,20250530,20001,30010,40098,11:07:00,12:50:00,103,31,72,No,Entregada
602370,506896,20260622,20260622,20003,30014,40080,07:42:00,09:28:00,106,15,91,No,Entregada
602371,506443,20260224,20260224,20033,30013,40072,07:40:00,11:32:00,232,112,120,No,Retrasada
602372,505739,20260129,20260129,20041,30013,40086,10:31:00,12:55:00,144,103,41,No,Retrasada
602373,502276,20250108,20250108,20026,30012,40089,07:38:00,10:23:00,165,57,108,No,Entregada
602374,508618,20260423,20260423,20041,30014,40052,09:30:00,12:17:00,167,55,112,No,Entregada
602375,503668,20250131,20250131,20041,30007,40001,14:59:00,17:34:00,155,45,110,No,Entregada
602376,504318,20260706,20260706,20017,30013,40084,07:46:00,09:10:00,84,33,51,No,Entregada
602377,500865,20260810,20260810,20032,30009,40009,13:05:00,14:47:00,102,40,62,No,Entregada
602378,504386,20261111,20261111,20028,30011,40047,11:58:00,13:43:00,105,37,68,No,Entregada
602379,506730,20260423,20260423,20041,30029,40071,11:55:00,13:46:00,111,64,47,No,Retrasada
602380,509803,20250830,20250830,20032,30027,40003,08:00:00,09:56:00,116,42,74,No,Entregada
602381,504327,20251103,20251103,20024,30012,40037,12:13:00,14:23:00,130,81,49,No,Entregada
602382,508566,20260304,20260304,20037,30009,40058,12:30:00,14:35:00,125,93,32,No,Retrasada
602383,508672,20260313,20260313,20005,30026,40009,12:37:00,13:32:00,55,40,15,Sí,Entregada
602384,507861,20250504,20250504,20045,30010,40035,12:03:00,15:23:00,200,107,93,No,Entregada
602385,506729,20250706,20250706,20033,30006,40005,17:49:00,20:35:00,166,48,118,No,Retrasada
602386,507910,20260331,20260331,20032,30029,40005,16:09:00,18:18:00,129,48,81,No,Retrasada
602387,506241,20250531,20250531,20047,30024,40052,09:43:00,10:56:00,73,55,18,No,Retrasada
602388,508099,20251130,20251130,20045,30021,40065,12:18:00,14:17:00,119,61,58,No,Entregada
602389,503172,20250921,20250921,20026,30021,40049,15:23:00,17:48:00,145,69,76,No,Entregada
602390,502027,20250608,20250608,20046,30023,40020,13:26:00,14:54:00,88,43,45,No,Retrasada
602391,505363,20250303,20250303,20026,30005,40028,17:02:00,20:10:00,188,115,73,No,Entregada
602392,508833,20250507,20250507,20041,30020,40041,15:13:00,18:34:00,201,92,109,No,Entregada
602393,504026,20250726,20250726,20046,30029,40007,08:12:00,10:47:00,155,50,105,No,Retrasada
602394,505678,20250725,20250725,20035,30001,40004,17:18:00,18:23:00,65,60,5,Sí,Entregada
602395,506523,20250616,20250616,20017,30003,40029,11:54:00,14:38:00,164,76,88,No,Entregada
602396,505747,20251106,20251106,20003,30026,40022,16:08:00,19:50:00,222,110,112,No,Entregada
602397,500768,20260510,20260510,20003,30023,40076,16:27:00,17:39:00,72,64,8,Sí,Entregada
602398,503894,20251012,20251012,20018,30007,40069,14:24:00,16:14:00,110,52,58,No,Retrasada
602399,504895,20250819,20250819,20022,30029,40039,13:02:00,15:12:00,130,73,57,No,Retrasada
602400,501859,20260607,20260607,20003,30007,40084,13:59:00,15:31:00,92,33,59,No,Entregada
602401,508494,20260109,20260109,20031,30019,40006,11:11:00,14:14:00,183,70,113,No,Retrasada
602402,504886,20260404,20260404,20026,30010,40039,16:08:00,19:07:00,179,73,106,No,Entregada
602403,509838,20250915,20250915,20035,30001,40054,08:31:00,11:11:00,160,82,78,No,Entregada
602404,504519,20261201,20261201,20041,30010,40002,08:02:00,09:14:00,72,55,17,No,Entregada
602405,505142,20251105,20251105,20017,30014,40095,15:31:00,17:05:00,94,73,21,No,Entregada
602406,507869,20260927,20260927,20024,30016,40007,10:04:00,11:04:00,60,50,10,Sí,Retrasada
602407,502720,20260810,20260810,20022,30024,40013,10:33:00,13:16:00,163,87,76,No,Entregada
602408,503947,20250706,20250706,20024,30027,40019,16:32:00,18:09:00,97,91,6,Sí,Entregada
602409,509576,20250821,20250821,20017,30007,40021,08:27:00,12:13:00,226,120,106,No,Entregada
602410,502620,20260713,20260713,20001,30002,40093,10:26:00,12:12:00,106,39,67,No,Entregada
602411,505629,20260524,20260524,20003,30014,40094,07:02:00,07:26:00,24,24,0,Sí,Retrasada
602412,507629,20250910,20250910,20032,30014,40018,09:00:00,11:37:00,157,80,77,No,Entregada
602413,508240,20261110,20261110,20018,30021,40078,17:13:00,18:37:00,84,84,0,Sí,Entregada
602414,505123,20250710,20250710,20017,30006,40071,12:40:00,14:21:00,101,64,37,No,Entregada
602415,500742,20250512,20250512,20031,30001,40022,17:44:00,21:25:00,221,110,111,No,Entregada
602416,504742,20251101,20251101,20026,30015,40099,07:20:00,09:44:00,144,32,112,No,Entregada
602417,506174,20250111,20250111,20047,30013,40052,14:34:00,17:22:00,168,55,113,No,Entregada
602418,507833,20251202,20251202,20022,30020,40006,17:20:00,19:36:00,136,70,66,No,Entregada
602419,508539,20251114,20251114,20049,30002,40063,16:55:00,18:33:00,98,52,46,No,Entregada
602420,507745,20260621,20260621,20035,30029,40062,08:08:00,10:46:00,158,76,82,No,Retrasada
602421,506404,20250303,20250303,20018,30019,40007,10:15:00,11:05:00,50,50,0,Sí,Retrasada
602422,504308,20250726,20250726,20024,30021,40029,14:23:00,15:50:00,87,76,11,Sí,Entregada
602423,508683,20261223,20261223,20003,30003,40051,12:11:00,13:20:00,69,43,26,No,Entregada
602424,503268,20250814,20250814,20003,30007,40020,15:54:00,18:22:00,148,43,105,No,Entregada
602425,503654,20250515,20250515,20003,30016,40095,11:36:00,13:13:00,97,73,24,No,Entregada
602426,509631,20260518,20260518,20016,30002,40098,12:18:00,13:49:00,91,31,60,No,Entregada
602427,507064,20260222,20260222,20008,30001,40003,09:32:00,11:05:00,93,42,51,No,Entregada
602428,500442,20250629,20250629,20018,30010,40078,12:10:00,15:22:00,192,84,108,No,Retrasada
602429,503666,20250207,20250207,20018,30015,40098,16:03:00,17:19:00,76,31,45,No,Entregada
602430,505820,20260606,20260606,20026,30007,40077,13:28:00,14:46:00,78,24,54,No,Entregada
602431,509443,20260929,20260929,20046,30015,40013,17:21:00,19:23:00,122,87,35,No,Retrasada
602432,509370,20250501,20250501,20018,30014,40065,09:56:00,12:42:00,166,61,105,No,Entregada
602433,505214,20260629,20260629,20047,30013,40092,12:13:00,14:21:00,128,23,105,No,Entregada
602434,507744,20260429,20260429,20003,30006,40009,08:36:00,09:54:00,78,40,38,No,Entregada
602435,507347,20250810,20250810,20045,30023,40019,10:32:00,13:55:00,203,91,112,No,Entregada
602436,503422,20250313,20250313,20046,30010,40046,09:16:00,10:49:00,93,33,60,No,Entregada
602437,500117,20260921,20260921,20005,30001,40008,08:48:00,09:51:00,63,58,5,Sí,Entregada
602438,504708,20261215,20261215,20032,30030,40040,07:38:00,09:28:00,110,76,34,No,Entregada
602439,505323,20250821,20250821,20032,30006,40078,14:04:00,15:49:00,105,84,21,No,Entregada
602440,506220,20260818,20260818,20017,30024,40069,11:20:00,14:09:00,169,52,117,No,Entregada
602441,504160,20260717,20260717,20024,30023,40092,08:26:00,09:30:00,64,23,41,No,Entregada
602442,502674,20250103,20250103,20017,30019,40066,08:15:00,10:56:00,161,81,80,No,Entregada
602443,505334,20250603,20250603,20026,30013,40007,13:53:00,16:09:00,136,50,86,No,Entregada
602444,507593,20250407,20250407,20028,30005,40057,14:36:00,16:28:00,112,56,56,No,Entregada
602445,506032,20261120,20261120,20018,30024,40063,10:58:00,12:18:00,80,52,28,No,Entregada
602446,503760,20250907,20250907,20031,30011,40035,16:58:00,19:21:00,143,107,36,No,Entregada
602447,501209,20251223,20251223,20045,30002,40077,16:17:00,16:53:00,36,24,12,Sí,Entregada
602448,508131,20261130,20261130,20001,30024,40098,15:14:00,17:40:00,146,31,115,No,Retrasada
602449,504147,20250329,20250329,20026,30027,40014,07:44:00,10:24:00,160,49,111,No,Entregada
602450,509889,20250404,20250404,20041,30027,40098,11:06:00,11:53:00,47,31,16,No,Entregada
602451,501127,20261105,20261105,20018,30010,40086,16:56:00,20:22:00,206,103,103,No,Entregada
602452,506527,20250526,20250526,20041,30001,40063,15:04:00,17:01:00,117,52,65,No,Entregada
602453,508342,20251009,20251009,20031,30016,40029,17:19:00,18:40:00,81,76,5,Sí,Retrasada
602454,507036,20251205,20251205,20032,30013,40082,17:05:00,18:36:00,91,74,17,No,Entregada
602455,503986,20250418,20250418,20042,30009,40096,11:48:00,12:46:00,58,37,21,No,Entregada
602456,509158,20260204,20260204,20022,30010,40090,17:37:00,18:42:00,65,36,29,No,Entregada
602457,507388,20261021,20261021,20017,30009,40057,13:55:00,16:37:00,162,56,106,No,Entregada
602458,508162,20251118,20251118,20003,30021,40065,15:18:00,17:00:00,102,61,41,No,Entregada
602459,506890,20260522,20260522,20032,30021,40015,17:33:00,19:54:00,141,64,77,No,Entregada
602460,506669,20250607,20250607,20031,30027,40014,08:54:00,09:52:00,58,49,9,Sí,Entregada
602461,507177,20260605,20260605,20046,30001,40066,10:53:00,12:49:00,116,81,35,No,Entregada
602462,507029,20260110,20260110,20031,30013,40035,07:10:00,09:24:00,134,107,27,No,Entregada
602463,503066,20261231,20261231,20003,30021,40072,11:06:00,14:15:00,189,112,77,No,Retrasada
602464,506603,20260810,20260810,20018,30007,40052,09:06:00,10:47:00,101,55,46,No,Entregada
602465,507579,20260201,20260201,20001,30026,40020,08:57:00,09:58:00,61,43,18,No,Retrasada
602466,504078,20260326,20260326,20026,30006,40082,13:21:00,14:49:00,88,74,14,Sí,Entregada
602467,506727,20250226,20250226,20003,30027,40086,16:43:00,18:53:00,130,103,27,No,Retrasada
602468,504480,20250219,20250219,20041,30006,40020,15:28:00,17:57:00,149,43,106,No,Entregada
602469,503586,20260825,20260825,20046,30024,40093,09:54:00,10:41:00,47,39,8,Sí,Entregada
602470,503040,20260818,20260818,20037,30024,40027,15:00:00,16:53:00,113,81,32,No,Entregada
602471,504650,20251023,20251023,20037,30023,40057,10:14:00,11:28:00,74,56,18,No,Entregada
602472,502152,20261118,20261118,20026,30014,40052,09:54:00,12:02:00,128,55,73,No,Retrasada
602473,504842,20250907,20250907,20032,30017,40009,14:28:00,16:53:00,145,40,105,No,Entregada
602474,508199,20260526,20260526,20048,30012,40005,12:53:00,14:09:00,76,48,28,No,Retrasada
602475,501511,20250907,20250907,20018,30019,40010,09:20:00,12:29:00,189,75,114,No,Entregada
602476,504768,20260718,20260718,20024,30030,40058,08:32:00,12:02:00,210,93,117,No,Retrasada
602477,507204,20251211,20251211,20032,30030,40090,10:58:00,12:21:00,83,36,47,No,Entregada
602478,508842,20260806,20260806,20048,30027,40049,16:19:00,18:44:00,145,69,76,No,Entregada
602479,509782,20260228,20260228,20022,30015,40082,11:04:00,13:06:00,122,74,48,No,Entregada
602480,500197,20260901,20260901,20026,30012,40018,12:16:00,14:39:00,143,80,63,No,Entregada
602481,501166,20260607,20260607,20028,30012,40054,11:54:00,13:44:00,110,82,28,No,Entregada
602482,501657,20260109,20260109,20017,30024,40060,11:41:00,14:14:00,153,66,87,No,Entregada
602483,509641,20260415,20260415,20048,30013,40007,08:10:00,09:16:00,66,50,16,No,Entregada
602484,507192,20250718,20250718,20041,30011,40038,12:24:00,13:13:00,49,37,12,Sí,Entregada
602485,505911,20260625,20260625,20048,30001,40057,12:04:00,13:25:00,81,56,25,No,Entregada
602486,506611,20261004,20261004,20026,30012,40089,07:06:00,09:09:00,123,57,66,No,Entregada
602487,501767,20250111,20250111,20048,30002,40099,08:42:00,10:11:00,89,32,57,No,Entregada
602488,500243,20250401,20250401,20026,30011,40059,10:12:00,11:27:00,75,23,52,No,Entregada
602489,504809,20260901,20260901,20024,30007,40040,16:33:00,19:41:00,188,76,112,No,Entregada
602490,507825,20250519,20250519,20026,30006,40057,09:50:00,11:02:00,72,56,16,No,Retrasada
602491,508420,20251107,20251107,20047,30026,40085,11:10:00,12:15:00,65,41,24,No,Entregada
602492,503069,20250920,20250920,20003,30017,40042,10:26:00,12:08:00,102,100,2,Sí,Entregada
602493,500606,20250424,20250424,20032,30012,40058,17:28:00,19:29:00,121,93,28,No,Retrasada
602494,501231,20250915,20250915,20026,30015,40015,13:55:00,16:45:00,170,64,106,No,Retrasada
602495,509994,20251215,20251215,20026,30017,40037,13:19:00,15:05:00,106,81,25,No,Entregada
602496,500276,20260216,20260216,20005,30013,40057,07:24:00,08:35:00,71,56,15,Sí,Retrasada
602497,502472,20250107,20250107,20033,30020,40041,08:12:00,10:37:00,145,92,53,No,Entregada
602498,501141,20250404,20250404,20007,30001,40049,08:32:00,11:40:00,188,69,119,No,Entregada
602499,509766,20260910,20260910,20026,30016,40021,16:57:00,20:57:00,240,120,120,No,Entregada
602500,503207,20261201,20261201,20028,30007,40065,14:04:00,16:24:00,140,61,79,No,Retrasada
602501,506136,20260321,20260321,20041,30014,40069,13:03:00,15:49:00,166,52,114,No,Entregada
602502,502232,20251224,20251224,20017,30010,40004,17:29:00,19:19:00,110,60,50,No,Retrasada
602503,505295,20261115,20261115,20018,30016,40047,10:18:00,12:39:00,141,37,104,No,Entregada
602504,502904,20250920,20250920,20046,30021,40076,13:52:00,16:13:00,141,64,77,No,Entregada
602505,501537,20250402,20250402,20024,30012,40028,17:58:00,21:15:00,197,115,82,No,Entregada
602506,505393,20250415,20250415,20048,30012,40011,14:08:00,16:31:00,143,78,65,No,Entregada
602507,508112,20250701,20250701,20047,30007,40039,09:18:00,10:45:00,87,73,14,Sí,Entregada
602508,508648,20251013,20251013,20037,30023,40018,16:01:00,18:13:00,132,80,52,No,Entregada
602509,501590,20251003,20251003,20018,30021,40007,10:51:00,12:37:00,106,50,56,No,Entregada
602510,504645,20251220,20251220,20046,30026,40094,14:14:00,14:55:00,41,24,17,No,Retrasada
602511,506528,20260316,20260316,20017,30017,40063,10:13:00,11:52:00,99,52,47,No,Entregada
602512,508653,20261226,20261226,20003,30014,40058,17:47:00,20:55:00,188,93,95,No,Entregada
602513,508215,20250304,20250304,20018,30005,40096,15:37:00,16:35:00,58,37,21,No,Entregada
602514,505328,20250808,20250808,20037,30017,40007,10:04:00,12:09:00,125,50,75,No,Entregada
602515,500373,20260706,20260706,20017,30011,40014,11:51:00,14:23:00,152,49,103,No,Entregada
602516,508263,20250525,20250525,20005,30010,40093,08:55:00,10:52:00,117,39,78,No,Entregada
602517,501342,20261029,20261029,20031,30024,40002,07:48:00,09:39:00,111,55,56,No,Entregada
602518,503428,20260509,20260509,20026,30016,40020,08:21:00,09:48:00,87,43,44,No,Entregada
602519,506066,20260522,20260522,20045,30023,40004,12:32:00,14:37:00,125,60,65,No,Entregada
602520,500349,20250120,20250120,20026,30021,40006,12:34:00,14:28:00,114,70,44,No,Entregada
602521,502571,20250812,20250812,20033,30026,40047,10:40:00,11:36:00,56,37,19,No,Entregada
602522,505333,20260206,20260206,20032,30011,40082,12:22:00,15:21:00,179,74,105,No,Entregada
602523,509549,20250210,20250210,20047,30002,40062,07:02:00,09:40:00,158,76,82,No,Entregada
602524,505227,20250320,20250320,20045,30005,40049,10:25:00,12:27:00,122,69,53,No,Entregada
602525,503724,20250923,20250923,20032,30011,40049,07:39:00,09:51:00,132,69,63,No,Entregada
602526,501384,20261223,20261223,20022,30005,40047,16:33:00,18:08:00,95,37,58,No,Entregada
602527,509948,20251110,20251110,20033,30021,40018,15:26:00,16:49:00,83,80,3,Sí,Entregada
602528,509352,20261015,20261015,20017,30006,40096,09:01:00,10:37:00,96,37,59,No,Retrasada
602529,505773,20261216,20261216,20047,30010,40004,17:18:00,19:52:00,154,60,94,No,Retrasada
602530,509655,20260514,20260514,20026,30024,40011,13:53:00,16:46:00,173,78,95,No,Entregada
602531,503395,20250528,20250528,20024,30003,40041,08:01:00,11:19:00,198,92,106,No,Entregada
602532,509531,20250107,20250107,20033,30005,40028,12:47:00,15:30:00,163,115,48,No,Retrasada
602533,506372,20250313,20250313,20028,30003,40081,09:03:00,11:07:00,124,94,30,No,Entregada
602534,506746,20260227,20260227,20017,30019,40077,12:16:00,14:17:00,121,24,97,No,Entregada
602535,507222,20260721,20260721,20001,30006,40086,07:47:00,11:29:00,222,103,119,No,Retrasada
602536,503690,20260420,20260420,20035,30026,40055,09:15:00,10:57:00,102,78,24,No,Entregada
602537,507099,20250714,20250714,20017,30009,40072,11:09:00,14:13:00,184,112,72,No,Retrasada
602538,509524,20250930,20250930,20001,30002,40090,13:07:00,14:40:00,93,36,57,No,Entregada
602539,500777,20251016,20251016,20031,30011,40054,14:59:00,17:05:00,126,82,44,No,Entregada
602540,503997,20260708,20260708,20005,30017,40001,15:19:00,17:01:00,102,45,57,No,Entregada
602541,506765,20260124,20260124,20022,30015,40010,12:54:00,15:29:00,155,75,80,No,Retrasada
602542,504197,20261120,20261120,20022,30013,40027,10:30:00,13:31:00,181,81,100,No,Entregada
602543,505622,20260413,20260413,20005,30009,40081,07:43:00,10:20:00,157,94,63,No,Entregada
602544,505876,20260104,20260104,20003,30030,40032,16:30:00,17:53:00,83,55,28,No,Entregada
602545,502199,20260306,20260306,20031,30017,40077,08:31:00,10:05:00,94,24,70,No,Entregada
602546,509010,20260126,20260126,20017,30009,40082,10:39:00,12:01:00,82,74,8,Sí,Retrasada
602547,503954,20250424,20250424,20035,30002,40022,14:21:00,16:16:00,115,110,5,Sí,Entregada
602548,508626,20260510,20260510,20024,30014,40054,13:39:00,15:17:00,98,82,16,No,Entregada
602549,506265,20261003,20261003,20041,30003,40022,16:35:00,19:51:00,196,110,86,No,Entregada
602550,504859,20250703,20250703,20026,30006,40003,15:09:00,17:20:00,131,42,89,No,Retrasada
602551,504508,20250207,20250207,20024,30027,40021,14:49:00,18:29:00,220,120,100,No,Entregada
602552,502719,20260926,20260926,20041,30011,40069,14:24:00,16:17:00,113,52,61,No,Entregada
602553,501703,20250620,20250620,20026,30019,40040,11:26:00,12:54:00,88,76,12,Sí,Retrasada
602554,509676,20251205,20251205,20024,30001,40028,15:47:00,18:35:00,168,115,53,No,Entregada
602555,507514,20261110,20261110,20031,30030,40054,17:15:00,18:44:00,89,82,7,Sí,Entregada
602556,505571,20260405,20260405,20035,30015,40057,07:39:00,09:33:00,114,56,58,No,Entregada
602557,501214,20250215,20250215,20047,30030,40010,13:25:00,16:28:00,183,75,108,No,Entregada
602558,505653,20250607,20250607,20026,30012,40035,17:49:00,21:09:00,200,107,93,No,Entregada
602559,501902,20250322,20250322,20026,30016,40084,13:34:00,14:50:00,76,33,43,No,Entregada
602560,509748,20250829,20250829,20017,30023,40062,12:35:00,15:09:00,154,76,78,No,Entregada
602561,509945,20260920,20260920,20028,30002,40039,15:33:00,18:06:00,153,73,80,No,Entregada
602562,503828,20260724,20260724,20003,30029,40052,13:35:00,15:19:00,104,55,49,No,Entregada
602563,501429,20260608,20260608,20028,30005,40062,17:57:00,21:07:00,190,76,114,No,Entregada
602564,505687,20261227,20261227,20028,30030,40005,13:08:00,14:57:00,109,48,61,No,Entregada
602565,506027,20260416,20260416,20003,30016,40073,15:24:00,17:48:00,144,83,61,No,Entregada
602566,505477,20261106,20261106,20026,30005,40009,10:14:00,12:44:00,150,40,110,No,Retrasada
602567,505848,20250709,20250709,20005,30020,40010,10:41:00,12:33:00,112,75,37,No,Entregada
602568,509020,20250713,20250713,20047,30013,40093,09:08:00,10:47:00,99,39,60,No,Retrasada
602569,503804,20251006,20251006,20024,30011,40027,09:35:00,12:29:00,174,81,93,No,Entregada
602570,500533,20251117,20251117,20035,30003,40022,13:17:00,15:27:00,130,110,20,No,Entregada
602571,505943,20260523,20260523,20033,30013,40007,16:45:00,19:24:00,159,50,109,No,Entregada
602572,503087,20260919,20260919,20003,30005,40019,14:16:00,17:29:00,193,91,102,No,Entregada
602573,503952,20251125,20251125,20024,30019,40032,10:26:00,12:39:00,133,55,78,No,Retrasada
602574,500720,20250311,20250311,20018,30014,40027,14:59:00,16:23:00,84,81,3,Sí,Entregada
602575,503213,20260818,20260818,20001,30013,40041,12:39:00,14:33:00,114,92,22,No,Entregada
602576,501557,20250515,20250515,20047,30027,40057,12:39:00,15:15:00,156,56,100,No,Retrasada
602577,500186,20260112,20260112,20031,30001,40020,09:40:00,11:38:00,118,43,75,No,Entregada
602578,501885,20260528,20260528,20048,30016,40059,13:31:00,14:21:00,50,23,27,No,Entregada
602579,509438,20251011,20251011,20001,30017,40060,16:34:00,17:40:00,66,66,0,Sí,Entregada
602580,508517,20250323,20250323,20032,30020,40034,08:09:00,09:07:00,58,37,21,No,Entregada
602581,502523,20261102,20261102,20045,30005,40077,17:07:00,17:51:00,44,24,20,No,Retrasada
602582,501521,20250129,20250129,20047,30001,40006,16:50:00,18:34:00,104,70,34,No,Entregada
602583,505490,20260629,20260629,20045,30013,40071,08:59:00,10:07:00,68,64,4,Sí,Entregada
602584,509238,20260501,20260501,20047,30007,40003,10:36:00,12:03:00,87,42,45,No,Entregada
602585,502207,20260313,20260313,20047,30027,40035,13:05:00,15:47:00,162,107,55,No,Entregada
602586,500637,20260126,20260126,20026,30030,40037,15:23:00,17:42:00,139,81,58,No,Entregada
602587,503569,20250119,20250119,20035,30003,40020,14:34:00,17:00:00,146,43,103,No,Entregada
602588,509776,20260505,20260505,20048,30012,40094,08:16:00,10:23:00,127,24,103,No,Entregada
602589,501159,20251116,20251116,20041,30007,40015,11:17:00,14:02:00,165,64,101,No,Entregada
602590,500924,20250522,20250522,20047,30007,40029,12:30:00,13:53:00,83,76,7,Sí,Entregada
602591,508267,20260502,20260502,20005,30017,40063,10:01:00,12:29:00,148,52,96,No,Retrasada
602592,508898,20261220,20261220,20031,30007,40042,07:26:00,09:43:00,137,100,37,No,Entregada
602593,501892,20261216,20261216,20047,30023,40049,17:51:00,19:19:00,88,69,19,No,Entregada
602594,506709,20250813,20250813,20032,30009,40094,08:30:00,09:36:00,66,24,42,No,Entregada
602595,501920,20250223,20250223,20026,30005,40069,16:32:00,18:59:00,147,52,95,No,Entregada
602596,507573,20260622,20260622,20046,30029,40018,14:30:00,17:03:00,153,80,73,No,Entregada
602597,507436,20261031,20261031,20045,30017,40051,12:50:00,15:21:00,151,43,108,No,Entregada
602598,505737,20250111,20250111,20032,30003,40034,13:39:00,14:30:00,51,37,14,Sí,Entregada
602599,509741,20250323,20250323,20003,30030,40069,14:38:00,15:42:00,64,52,12,Sí,Entregada
602600,508056,20250224,20250224,20005,30010,40076,15:18:00,17:20:00,122,64,58,No,Entregada
602601,500139,20250202,20250202,20024,30012,40002,15:27:00,17:15:00,108,55,53,No,Retrasada
602602,502205,20260223,20260223,20003,30030,40098,15:20:00,16:38:00,78,31,47,No,Entregada
602603,507125,20250321,20250321,20031,30010,40072,16:57:00,19:23:00,146,112,34,No,Entregada
602604,501714,20250504,20250504,20003,30020,40052,13:54:00,15:26:00,92,55,37,No,Entregada
602605,506590,20260629,20260629,20041,30007,40020,08:53:00,10:53:00,120,43,77,No,Entregada
602606,505588,20250602,20250602,20017,30010,40090,12:55:00,14:19:00,84,36,48,No,Retrasada
602607,504355,20250731,20250731,20032,30005,40002,10:26:00,11:52:00,86,55,31,No,Entregada
602608,502484,20260425,20260425,20024,30003,40086,14:21:00,17:50:00,209,103,106,No,Entregada
602609,500431,20251227,20251227,20028,30021,40063,15:34:00,18:04:00,150,52,98,No,Entregada
602610,506309,20250319,20250319,20032,30024,40085,09:04:00,11:04:00,120,41,79,No,Entregada
602611,507058,20250207,20250207,20032,30007,40002,12:38:00,13:42:00,64,55,9,Sí,Entregada
602612,508529,20260312,20260312,20047,30019,40037,08:07:00,09:52:00,105,81,24,No,Entregada
602613,508687,20261002,20261002,20018,30002,40055,16:00:00,18:18:00,138,78,60,No,Entregada
602614,504821,20260123,20260123,20041,30012,40039,14:29:00,16:00:00,91,73,18,No,Entregada
602615,504130,20261111,20261111,20028,30011,40062,16:32:00,19:01:00,149,76,73,No,Entregada
602616,500928,20250926,20250926,20024,30006,40065,11:35:00,13:18:00,103,61,42,No,Entregada
602617,500979,20261101,20261101,20037,30026,40093,10:30:00,11:56:00,86,39,47,No,Entregada
602618,509871,20250327,20250327,20026,30003,40022,17:50:00,21:06:00,196,110,86,No,Entregada
602619,505870,20260126,20260126,20033,30023,40006,15:59:00,18:58:00,179,70,109,No,Entregada
602620,507880,20250722,20250722,20026,30030,40015,10:10:00,12:22:00,132,64,68,No,Entregada
602621,500395,20250702,20250702,20047,30017,40090,16:22:00,17:56:00,94,36,58,No,Entregada
602622,501625,20250831,20250831,20001,30009,40040,16:21:00,17:57:00,96,76,20,No,Entregada
602623,504902,20251218,20251218,20003,30015,40047,08:52:00,09:32:00,40,37,3,Sí,Entregada
602624,504939,20260114,20260114,20048,30019,40040,14:47:00,16:44:00,117,76,41,No,Entregada
602625,507863,20250425,20250425,20028,30015,40080,07:13:00,08:05:00,52,15,37,No,Entregada
602626,507368,20250630,20250630,20018,30007,40098,11:47:00,13:32:00,105,31,74,No,Entregada
602627,509053,20260806,20260806,20018,30014,40060,10:08:00,11:24:00,76,66,10,Sí,Entregada
602628,502255,20250305,20250305,20026,30015,40062,09:34:00,11:07:00,93,76,17,No,Entregada
602629,505242,20260626,20260626,20026,30019,40099,14:50:00,16:16:00,86,32,54,No,Entregada
602630,508360,20251128,20251128,20047,30011,40035,11:36:00,14:37:00,181,107,74,No,Retrasada
602631,509509,20260422,20260422,20047,30012,40051,17:44:00,19:10:00,86,43,43,No,Entregada
602632,502586,20250623,20250623,20048,30019,40084,14:04:00,16:03:00,119,33,86,No,Entregada
602633,508305,20251115,20251115,20002,30002,40010,15:30:00,17:43:00,133,75,58,No,Entregada
602634,508864,20260907,20260907,20047,30015,40032,10:01:00,12:24:00,143,55,88,No,Retrasada
602635,500091,20261012,20261012,20031,30011,40032,08:03:00,10:11:00,128,55,73,No,Retrasada
602636,509931,20250509,20250509,20035,30013,40037,11:19:00,13:50:00,151,81,70,No,Entregada
602637,509227,20250508,20250508,20018,30027,40057,17:54:00,19:54:00,120,56,64,No,Retrasada
602638,503595,20261208,20261208,20026,30030,40062,13:45:00,16:44:00,179,76,103,No,Entregada
602639,509149,20250407,20250407,20024,30016,40095,08:32:00,11:10:00,158,73,85,No,Entregada
602640,501603,20260103,20260103,20048,30030,40052,17:53:00,19:33:00,100,55,45,No,Entregada
602641,502098,20250409,20250409,20048,30002,40098,13:43:00,15:03:00,80,31,49,No,Retrasada
602642,503701,20260406,20260406,20005,30001,40099,08:51:00,10:12:00,81,32,49,No,Entregada
602643,505037,20250211,20250211,20037,30026,40018,13:14:00,15:06:00,112,80,32,No,Entregada
602644,505357,20250124,20250124,20018,30030,40086,07:42:00,10:23:00,161,103,58,No,Entregada
602645,506430,20260316,20260316,20026,30006,40055,11:55:00,14:31:00,156,78,78,No,Entregada
602646,502734,20260513,20260513,20033,30017,40028,15:51:00,19:43:00,232,115,117,No,Entregada
602647,509517,20260407,20260407,20024,30020,40087,09:45:00,13:11:00,206,113,93,No,Entregada
602648,503223,20250707,20250707,20048,30011,40080,09:35:00,09:52:00,17,15,2,Sí,Entregada
602649,502133,20260101,20260101,20003,30012,40039,08:29:00,10:37:00,128,73,55,No,Entregada
602650,501394,20261120,20261120,20037,30006,40094,07:12:00,09:09:00,117,24,93,No,Entregada
602651,508945,20251114,20251114,20003,30006,40049,14:17:00,16:42:00,145,69,76,No,Entregada
602652,507328,20260216,20260216,20048,30021,40027,16:46:00,18:32:00,106,81,25,No,Entregada
602653,509518,20251023,20251023,20047,30001,40013,09:29:00,12:07:00,158,87,71,No,Entregada
602654,502055,20250923,20250923,20028,30011,40022,07:07:00,09:16:00,129,110,19,No,Entregada
602655,506151,20261229,20261229,20017,30014,40060,11:55:00,13:29:00,94,66,28,No,Entregada
602656,502368,20250425,20250425,20041,30030,40010,17:39:00,20:23:00,164,75,89,No,Entregada
602657,505425,20260529,20260529,20022,30017,40009,17:27:00,19:30:00,123,40,83,No,Entregada
602658,506718,20261010,20261010,20041,30017,40094,09:23:00,10:41:00,78,24,54,No,Entregada
602659,502028,20261012,20261012,20032,30024,40078,15:38:00,17:47:00,129,84,45,No,Entregada
602660,501243,20250410,20250410,20048,30027,40047,07:44:00,09:40:00,116,37,79,No,Entregada
602661,504980,20251220,20251220,20026,30027,40094,10:58:00,12:20:00,82,24,58,No,Entregada
602662,508881,20251216,20251216,20032,30014,40066,09:34:00,11:50:00,136,81,55,No,Entregada
602663,504141,20251117,20251117,20032,30026,40096,10:34:00,12:03:00,89,37,52,No,Entregada
602664,501087,20261003,20261003,20032,30011,40002,11:15:00,13:37:00,142,55,87,No,Entregada
602665,509752,20251103,20251103,20026,30011,40018,09:58:00,12:30:00,152,80,72,No,Retrasada
602666,507754,20250614,20250614,20018,30010,40029,10:53:00,13:32:00,159,76,83,No,Retrasada
602667,502869,20251106,20251106,20037,30006,40080,10:42:00,12:17:00,95,15,80,No,Entregada
602668,503031,20250201,20250201,20041,30003,40092,11:23:00,13:44:00,141,23,118,No,Entregada
602669,504941,20261109,20261109,20045,30017,40009,17:06:00,19:04:00,118,40,78,No,Entregada
602670,502305,20260705,20260705,20041,30017,40085,13:05:00,15:42:00,157,41,116,No,Retrasada
602671,504490,20260308,20260308,20017,30016,40009,13:19:00,14:18:00,59,40,19,No,Entregada
602672,500060,20250821,20250821,20041,30014,40076,12:08:00,14:54:00,166,64,102,No,Entregada
602673,505292,20260719,20260719,20028,30023,40065,11:27:00,14:26:00,179,61,118,No,Entregada
602674,501713,20261028,20261028,20024,30012,40084,08:03:00,09:24:00,81,33,48,No,Entregada
602675,509297,20250130,20250130,20026,30013,40066,12:49:00,14:51:00,122,81,41,No,Retrasada
602676,506943,20251125,20251125,20031,30010,40066,15:13:00,17:02:00,109,81,28,No,Entregada
602677,500569,20250406,20250406,20017,30002,40069,08:37:00,09:39:00,62,52,10,Sí,Retrasada
602678,502835,20260905,20260905,20032,30014,40032,08:10:00,09:54:00,104,55,49,No,Entregada
602679,502193,20250816,20250816,20032,30013,40096,16:29:00,18:53:00,144,37,107,No,Retrasada
602680,501081,20261026,20261026,20031,30027,40092,11:35:00,12:31:00,56,23,33,No,Entregada
602681,504858,20250628,20250628,20031,30012,40065,12:57:00,14:47:00,110,61,49,No,Entregada
602682,503870,20250815,20250815,20032,30014,40054,16:23:00,19:12:00,169,82,87,No,Entregada
602683,503098,20251005,20251005,20028,30015,40035,15:04:00,17:05:00,121,107,14,Sí,Entregada
602684,500866,20250610,20250610,20033,30009,40021,17:37:00,21:00:00,203,120,83,No,Entregada
602685,506178,20260404,20260404,20018,30002,40042,16:43:00,20:23:00,220,100,120,No,Entregada
602686,505665,20250505,20250505,20032,30019,40013,10:55:00,13:01:00,126,87,39,No,Entregada
602687,501645,20260625,20260625,20005,30003,40032,12:59:00,14:49:00,110,55,55,No,Entregada
602688,503430,20261101,20261101,20028,30006,40082,08:49:00,10:13:00,84,74,10,Sí,Entregada
602689,504793,20250919,20250919,20017,30010,40055,08:32:00,10:53:00,141,78,63,No,Entregada
602690,505859,20260405,20260405,20028,30007,40018,16:27:00,19:20:00,173,80,93,No,Retrasada
602691,509331,20250802,20250802,20048,30010,40037,17:49:00,20:09:00,140,81,59,No,Retrasada
602692,507173,20250928,20250928,20024,30021,40042,15:59:00,18:17:00,138,100,38,No,Entregada
602693,505994,20260520,20260520,20048,30023,40044,13:59:00,15:59:00,120,72,48,No,Entregada
602694,501416,20260307,20260307,20003,30007,40032,07:35:00,08:42:00,67,55,12,Sí,Retrasada
602695,500993,20250519,20250519,20001,30003,40034,08:25:00,10:42:00,137,37,100,No,Entregada
602696,509444,20250822,20250822,20017,30012,40011,10:42:00,12:03:00,81,78,3,Sí,Entregada
602697,502816,20250617,20250617,20018,30020,40084,09:45:00,11:39:00,114,33,81,No,Retrasada
602698,502811,20250915,20250915,20047,30012,40002,13:15:00,15:37:00,142,55,87,No,Entregada
602699,502718,20250814,20250814,20026,30013,40096,17:41:00,19:44:00,123,37,86,No,Entregada
602700,506818,20250919,20250919,20026,30015,40041,13:14:00,15:16:00,122,92,30,No,Retrasada
602701,504731,20260708,20260708,20018,30020,40087,12:01:00,14:04:00,123,113,10,Sí,Entregada
602702,509819,20250729,20250729,20022,30009,40093,10:09:00,12:23:00,134,39,95,No,Entregada
602703,501729,20260529,20260529,20033,30006,40095,10:11:00,12:32:00,141,73,68,No,Retrasada
602704,501861,20261108,20261108,20035,30002,40060,11:25:00,14:12:00,167,66,101,No,Entregada
602705,502330,20250517,20250517,20048,30007,40072,09:07:00,11:38:00,151,112,39,No,Entregada
602706,502474,20250615,20250615,20048,30016,40060,12:54:00,15:49:00,175,66,109,No,Retrasada
602707,503651,20250125,20250125,20035,30024,40059,08:51:00,09:57:00,66,23,43,No,Retrasada
602708,508165,20260328,20260328,20024,30027,40009,14:25:00,16:04:00,99,40,59,No,Entregada
602709,509788,20260625,20260625,20017,30026,40080,09:24:00,11:05:00,101,15,86,No,Entregada
602710,505058,20260603,20260603,20003,30001,40009,11:06:00,12:50:00,104,40,64,No,Entregada
602711,500621,20250825,20250825,20026,30027,40044,15:09:00,17:55:00,166,72,94,No,Entregada
602712,502825,20261113,20261113,20031,30027,40015,14:18:00,16:18:00,120,64,56,No,Entregada
602713,508290,20250710,20250710,20028,30027,40010,10:00:00,13:00:00,180,75,105,No,Entregada
602714,506602,20260605,20260605,20007,30009,40049,10:45:00,12:49:00,124,69,55,No,Entregada
602715,508130,20250112,20250112,20041,30017,40037,08:28:00,09:57:00,89,81,8,Sí,Entregada
602716,507669,20251028,20251028,20048,30003,40034,15:49:00,17:13:00,84,37,47,No,Entregada
602717,500040,20251018,20251018,20046,30013,40072,13:38:00,17:24:00,226,112,114,No,Entregada
602718,502366,20260508,20260508,20011,30002,40099,11:30:00,13:47:00,137,32,105,No,Entregada
602719,507261,20260518,20260518,20018,30016,40081,15:22:00,18:14:00,172,94,78,No,Retrasada
602720,509926,20260624,20260624,20037,30005,40086,15:44:00,18:05:00,141,103,38,No,Entregada
602721,503883,20260703,20260703,20017,30011,40013,07:31:00,10:18:00,167,87,80,No,Entregada
602722,507523,20260726,20260726,20001,30023,40071,07:39:00,08:51:00,72,64,8,Sí,Entregada
602723,508652,20250808,20250808,20003,30009,40092,10:37:00,11:19:00,42,23,19,No,Entregada
602724,507311,20250415,20250415,20041,30016,40047,08:21:00,10:28:00,127,37,90,No,Entregada
602725,501323,20250611,20250611,20028,30030,40085,10:20:00,12:17:00,117,41,76,No,Entregada
602726,500809,20261001,20261001,20026,30017,40029,14:07:00,16:25:00,138,76,62,No,Entregada
602727,506634,20250802,20250802,20018,30023,40042,10:30:00,12:47:00,137,100,37,No,Entregada
602728,509018,20260214,20260214,20041,30014,40041,12:26:00,14:57:00,151,92,59,No,Entregada
602729,501381,20260613,20260613,20033,30026,40069,10:46:00,13:38:00,172,52,120,No,Entregada
602730,503323,20260522,20260522,20035,30013,40003,07:17:00,08:46:00,89,42,47,No,Entregada
602731,501103,20261102,20261102,20026,30003,40032,14:18:00,15:28:00,70,55,15,Sí,Entregada
602732,505031,20260624,20260624,20028,30027,40029,10:06:00,12:00:00,114,76,38,No,Retrasada
602733,501149,20261127,20261127,20001,30006,40062,10:43:00,13:27:00,164,76,88,No,Entregada
602734,506778,20250325,20250325,20024,30014,40027,15:07:00,17:29:00,142,81,61,No,Retrasada
602735,500141,20261224,20261224,20003,30014,40060,10:48:00,12:06:00,78,66,12,Sí,Retrasada
602736,509619,20260623,20260623,20029,30009,40003,16:48:00,17:35:00,47,42,5,Sí,Retrasada
602737,505634,20250825,20250825,20003,30029,40029,10:07:00,13:23:00,196,76,120,No,Entregada
602738,506502,20260523,20260523,20047,30009,40059,11:29:00,13:21:00,112,23,89,No,Entregada
602739,507789,20260930,20260930,20046,30023,40085,12:09:00,14:24:00,135,41,94,No,Entregada
602740,508410,20250413,20250413,20003,30027,40076,16:10:00,17:17:00,67,64,3,Sí,Retrasada
602741,505382,20250625,20250625,20045,30005,40060,10:06:00,12:23:00,137,66,71,No,Entregada
602742,507351,20260807,20260807,20022,30010,40087,10:10:00,13:44:00,214,113,101,No,Entregada
602743,502306,20250503,20250503,20003,30014,40066,08:59:00,10:57:00,118,81,37,No,Entregada
602744,505314,20260703,20260703,20003,30020,40099,07:52:00,09:55:00,123,32,91,No,Retrasada
602745,503833,20260225,20260225,20037,30029,40060,14:30:00,17:09:00,159,66,93,No,Entregada
602746,500999,20261024,20261024,20024,30021,40039,17:42:00,19:22:00,100,73,27,No,Entregada
602747,509760,20250712,20250712,20018,30015,40020,13:45:00,16:16:00,151,43,108,No,Entregada
602748,508718,20260628,20260628,20028,30007,40003,14:01:00,16:18:00,137,42,95,No,Entregada
602749,508535,20260419,20260419,20017,30019,40008,11:06:00,13:15:00,129,58,71,No,Retrasada
602750,505751,20250102,20250102,20017,30015,40081,10:04:00,12:49:00,165,94,71,No,Entregada
602751,504596,20261225,20261225,20026,30005,40041,10:25:00,12:02:00,97,92,5,Sí,Entregada
602752,502297,20260313,20260313,20047,30023,40098,17:10:00,18:12:00,62,31,31,No,Entregada
602753,503326,20250710,20250710,20017,30030,40090,13:26:00,14:11:00,45,36,9,Sí,Retrasada
602754,506908,20260311,20260311,20045,30020,40027,08:15:00,10:34:00,139,81,58,No,Entregada
602755,501393,20250925,20250925,20048,30012,40038,12:48:00,14:13:00,85,37,48,No,Retrasada
602756,507037,20260104,20260104,20031,30030,40040,12:07:00,14:31:00,144,76,68,No,Retrasada
602757,505016,20260811,20260811,20032,30015,40065,09:06:00,11:35:00,149,61,88,No,Entregada
602758,504202,20250820,20250820,20032,30029,40060,11:46:00,13:32:00,106,66,40,No,Entregada
602759,506105,20260516,20260516,20017,30016,40096,16:55:00,18:56:00,121,37,84,No,Entregada
602760,505233,20250318,20250318,20026,30001,40029,13:22:00,16:20:00,178,76,102,No,Entregada
602761,504254,20260313,20260313,20046,30010,40060,13:27:00,14:54:00,87,66,21,No,Entregada
602762,502082,20260814,20260814,20047,30029,40027,16:16:00,17:49:00,93,81,12,Sí,Entregada
602763,508192,20261101,20261101,20001,30006,40092,17:25:00,18:29:00,64,23,41,No,Entregada
602764,509153,20260727,20260727,20024,30006,40077,11:35:00,12:47:00,72,24,48,No,Entregada
602765,502937,20260320,20260320,20003,30012,40027,12:36:00,15:52:00,196,81,115,No,Retrasada
602766,503063,20251118,20251118,20018,30016,40096,15:00:00,16:30:00,90,37,53,No,Entregada
602767,507662,20260301,20260301,20035,30005,40018,11:32:00,12:52:00,80,80,0,Sí,Entregada
602768,503372,20250819,20250819,20028,30011,40018,07:57:00,09:40:00,103,80,23,No,Entregada
602769,509817,20251210,20251210,20046,30005,40071,08:48:00,11:03:00,135,64,71,No,Entregada
602770,503401,20250406,20250406,20048,30016,40020,12:27:00,13:32:00,65,43,22,No,Entregada
602771,509333,20250404,20250404,20022,30005,40039,12:14:00,13:34:00,80,73,7,Sí,Retrasada
602772,506530,20260105,20260105,20018,30013,40099,08:50:00,10:51:00,121,32,89,No,Entregada
602773,504024,20260422,20260422,20041,30026,40003,10:48:00,12:28:00,100,42,58,No,Entregada
602774,506278,20260311,20260311,20033,30015,40038,09:35:00,12:04:00,149,37,112,No,Entregada
602775,504259,20250728,20250728,20032,30006,40058,11:31:00,14:32:00,181,93,88,No,Entregada
602776,500238,20260703,20260703,20047,30019,40086,07:01:00,10:42:00,221,103,118,No,Entregada
602777,508109,20250311,20250311,20028,30012,40099,15:30:00,17:59:00,149,32,117,No,Entregada
602778,507971,20260206,20260206,20016,30009,40078,11:45:00,13:25:00,100,84,16,No,Entregada
602779,509612,20250528,20250528,20026,30010,40099,07:12:00,09:26:00,134,32,102,No,Entregada
602780,501531,20250718,20250718,20024,30026,40037,15:17:00,18:13:00,176,81,95,No,Entregada
602781,502780,20250221,20250221,20045,30029,40037,10:57:00,13:50:00,173,81,92,No,Entregada
602782,508582,20250912,20250912,20047,30013,40006,12:37:00,15:20:00,163,70,93,No,Entregada
602783,508120,20260119,20260119,20042,30009,40096,09:50:00,10:39:00,49,37,12,Sí,Entregada
602784,507714,20251201,20251201,20035,30005,40027,17:05:00,19:50:00,165,81,84,No,Retrasada
602785,503803,20261205,20261205,20041,30021,40078,17:23:00,19:07:00,104,84,20,No,Entregada
602786,509946,20260228,20260228,20008,30001,40072,14:46:00,17:32:00,166,112,54,No,Entregada
602787,504505,20261129,20261129,20035,30017,40096,09:22:00,11:54:00,152,37,115,No,Entregada
602788,502227,20261003,20261003,20035,30003,40015,09:59:00,12:15:00,136,64,72,No,Entregada
602789,501063,20250126,20250126,20048,30007,40008,13:03:00,15:14:00,131,58,73,No,Entregada
602790,501201,20251128,20251128,20003,30026,40013,16:24:00,19:25:00,181,87,94,No,Entregada
602791,503950,20260602,20260602,20048,30003,40038,13:23:00,15:26:00,123,37,86,No,Entregada
602792,503156,20261013,20261013,20028,30014,40005,13:56:00,15:35:00,99,48,51,No,Entregada
602793,500794,20260712,20260712,20028,30011,40073,12:07:00,14:26:00,139,83,56,No,Entregada
602794,503819,20250730,20250730,20045,30002,40069,13:06:00,14:06:00,60,52,8,Sí,Entregada
602795,505913,20260815,20260815,20018,30026,40002,07:43:00,08:38:00,55,55,0,Sí,Entregada
602796,501180,20260104,20260104,20048,30027,40038,08:37:00,10:52:00,135,37,98,No,Entregada
602797,500377,20251108,20251108,20024,30006,40032,11:24:00,13:38:00,134,55,79,No,Entregada
602798,501343,20250823,20250823,20003,30024,40021,09:19:00,11:50:00,151,120,31,No,Entregada
602799,503441,20250817,20250817,20018,30011,40077,10:56:00,12:56:00,120,24,96,No,Entregada
602800,506959,20260212,20260212,20026,30030,40069,08:11:00,10:20:00,129,52,77,No,Entregada
602801,507656,20250328,20250328,20003,30013,40018,10:09:00,11:55:00,106,80,26,No,Entregada
602802,508065,20250213,20250213,20035,30017,40095,12:20:00,13:44:00,84,73,11,Sí,Entregada
602803,503545,20250121,20250121,20028,30015,40039,10:51:00,13:50:00,179,73,106,No,Retrasada
602804,501206,20260708,20260708,20024,30019,40073,09:18:00,11:22:00,124,83,41,No,Entregada
602805,507957,20250927,20250927,20047,30027,40059,11:32:00,13:37:00,125,23,102,No,Entregada
602806,508299,20250401,20250401,20048,30009,40055,13:55:00,16:49:00,174,78,96,No,Retrasada
602807,500017,20260803,20260803,20031,30011,40086,14:03:00,17:18:00,195,103,92,No,Retrasada
602808,501424,20260623,20260623,20002,30009,40041,16:27:00,18:21:00,114,92,22,No,Entregada
602809,507294,20261016,20261016,20003,30011,40041,12:41:00,14:18:00,97,92,5,Sí,Retrasada
602810,509784,20250926,20250926,20041,30011,40058,17:13:00,19:35:00,142,93,49,No,Retrasada
602811,504388,20250208,20250208,20003,30021,40028,15:12:00,17:43:00,151,115,36,No,Entregada
602812,508584,20250610,20250610,20032,30024,40006,15:18:00,17:31:00,133,70,63,No,Entregada
602813,505632,20260411,20260411,20028,30023,40027,10:52:00,13:06:00,134,81,53,No,Entregada
602814,501674,20250916,20250916,20001,30021,40018,10:46:00,12:54:00,128,80,48,No,Entregada
602815,500996,20260820,20260820,20037,30002,40092,09:18:00,11:35:00,137,23,114,No,Entregada
602816,509772,20251224,20251224,20022,30003,40094,09:28:00,11:19:00,111,24,87,No,Retrasada
602817,509139,20250829,20250829,20047,30029,40003,14:29:00,17:05:00,156,42,114,No,Entregada
602818,504502,20261108,20261108,20017,30007,40081,08:43:00,11:19:00,156,94,62,No,Entregada
602819,508337,20260413,20260413,20001,30001,40044,11:32:00,14:06:00,154,72,82,No,Entregada
602820,505131,20250501,20250501,20047,30006,40021,09:26:00,11:31:00,125,120,5,Sí,Entregada
602821,500833,20260908,20260908,20032,30016,40039,07:27:00,09:35:00,128,73,55,No,Entregada
602822,503144,20250908,20250908,20035,30021,40014,16:09:00,18:03:00,114,49,65,No,Entregada
602823,503990,20250101,20250101,20032,30016,40042,11:52:00,15:30:00,218,100,118,No,Entregada
602824,508055,20261120,20261120,20037,30024,40002,11:03:00,13:52:00,169,55,114,No,Retrasada
602825,508792,20260705,20260705,20017,30003,40044,10:37:00,12:56:00,139,72,67,No,Entregada
602826,505815,20261229,20261229,20047,30021,40069,11:58:00,13:38:00,100,52,48,No,Entregada
602827,505860,20250705,20250705,20017,30027,40005,07:57:00,09:20:00,83,48,35,No,Retrasada
602828,509749,20250725,20250725,20022,30002,40055,12:07:00,13:37:00,90,78,12,Sí,Entregada
602829,504531,20261017,20261017,20047,30010,40096,11:47:00,13:21:00,94,37,57,No,Entregada
602830,508067,20250810,20250810,20046,30010,40051,08:44:00,10:47:00,123,43,80,No,Entregada
602831,503877,20251108,20251108,20032,30026,40059,11:06:00,13:08:00,122,23,99,No,Entregada
602832,508320,20260723,20260723,20018,30006,40089,15:13:00,17:09:00,116,57,59,No,Retrasada
602833,505931,20261206,20261206,20041,30001,40066,10:05:00,12:48:00,163,81,82,No,Entregada
602834,503717,20250103,20250103,20022,30005,40002,10:29:00,13:02:00,153,55,98,No,Entregada
602835,506970,20250518,20250518,20032,30023,40078,17:08:00,19:19:00,131,84,47,No,Entregada
602836,500727,20260408,20260408,20001,30024,40007,14:39:00,16:31:00,112,50,62,No,Retrasada
602837,501827,20251010,20251010,20024,30010,40072,14:51:00,17:54:00,183,112,71,No,Retrasada
602838,509278,20260108,20260108,20024,30016,40081,13:09:00,16:02:00,173,94,79,No,Entregada
602839,509113,20261125,20261125,20048,30015,40073,15:11:00,16:37:00,86,83,3,Sí,Entregada
602840,505407,20260705,20260705,20017,30003,40094,09:16:00,10:06:00,50,24,26,No,Entregada
602841,504075,20251016,20251016,20041,30026,40041,10:03:00,13:25:00,202,92,110,No,Entregada
602842,502195,20251017,20251017,20005,30026,40037,11:46:00,14:22:00,156,81,75,No,Entregada
602843,503487,20250524,20250524,20041,30030,40006,13:14:00,15:51:00,157,70,87,No,Entregada
602844,502006,20251117,20251117,20047,30010,40018,15:56:00,17:29:00,93,80,13,Sí,Entregada
602845,504758,20260227,20260227,20022,30021,40003,16:38:00,17:53:00,75,42,33,No,Entregada
602846,500368,20260403,20260403,20003,30013,40052,15:29:00,16:47:00,78,55,23,No,Entregada
602847,502187,20261216,20261216,20048,30002,40093,08:12:00,10:48:00,156,39,117,No,Entregada
602848,506299,20250730,20250730,20024,30027,40095,12:59:00,14:37:00,98,73,25,No,Entregada
602849,508817,20260401,20260401,20035,30024,40018,10:30:00,11:59:00,89,80,9,Sí,Entregada
602850,506535,20250904,20250904,20048,30001,40029,09:31:00,11:53:00,142,76,66,No,Entregada
602851,506225,20250724,20250724,20047,30009,40077,10:14:00,10:42:00,28,24,4,Sí,Entregada
602852,505989,20260602,20260602,20041,30017,40028,11:42:00,14:34:00,172,115,57,No,Entregada
602853,508689,20251017,20251017,20048,30019,40087,08:52:00,12:04:00,192,113,79,No,Entregada
602854,507810,20260611,20260611,20003,30005,40094,09:42:00,10:20:00,38,24,14,Sí,Entregada
602855,503596,20250114,20250114,20022,30006,40092,08:44:00,10:22:00,98,23,75,No,Entregada
602856,502121,20251201,20251201,20031,30007,40093,16:15:00,17:46:00,91,39,52,No,Retrasada
602857,506581,20260528,20260528,20045,30001,40020,09:41:00,10:49:00,68,43,25,No,Retrasada
602858,501696,20250510,20250510,20041,30014,40007,12:50:00,15:06:00,136,50,86,No,Entregada
602859,505127,20260324,20260324,20026,30012,40037,09:19:00,11:29:00,130,81,49,No,Entregada
602860,503488,20261229,20261229,20032,30027,40022,09:11:00,12:27:00,196,110,86,No,Entregada
602861,505800,20261231,20261231,20001,30017,40032,10:02:00,12:23:00,141,55,86,No,Entregada
602862,508212,20261024,20261024,20028,30016,40029,09:08:00,12:15:00,187,76,111,No,Entregada
602863,509492,20250713,20250713,20041,30001,40076,17:00:00,20:01:00,181,64,117,No,Entregada
602864,505938,20260928,20260928,20026,30014,40057,13:17:00,15:18:00,121,56,65,No,Entregada
602865,502847,20251105,20251105,20024,30021,40018,14:12:00,15:52:00,100,80,20,No,Entregada
602866,505822,20261209,20261209,20005,30015,40049,14:48:00,17:52:00,184,69,115,No,Entregada
602867,506086,20250427,20250427,20045,30015,40051,15:00:00,16:44:00,104,43,61,No,Entregada
602868,508238,20250812,20250812,20032,30023,40034,11:53:00,14:25:00,152,37,115,No,Entregada
602869,508243,20261120,20261120,20048,30030,40059,11:09:00,11:46:00,37,23,14,Sí,Entregada
602870,508213,20260308,20260308,20047,30015,40007,12:01:00,14:40:00,159,50,109,No,Entregada
602871,505550,20260104,20260104,20041,30023,40084,08:09:00,09:06:00,57,33,24,No,Retrasada
602872,501975,20251106,20251106,20003,30021,40062,08:51:00,11:59:00,188,76,112,No,Retrasada
602873,509574,20250114,20250114,20046,30009,40063,12:02:00,14:41:00,159,52,107,No,Entregada
602874,505842,20250429,20250429,20032,30003,40060,08:30:00,11:02:00,152,66,86,No,Entregada
602875,504685,20250109,20250109,20017,30019,40087,10:11:00,12:21:00,130,113,17,No,Retrasada
602876,509170,20250521,20250521,20001,30010,40052,16:11:00,18:12:00,121,55,66,No,Entregada
602877,502756,20261211,20261211,20037,30024,40042,09:17:00,12:50:00,213,100,113,No,Entregada
602878,505775,20250726,20250726,20048,30007,40084,09:59:00,12:00:00,121,33,88,No,Entregada
602879,501565,20250617,20250617,20026,30029,40063,15:22:00,18:06:00,164,52,112,No,Retrasada
602880,506322,20260718,20260718,20017,30027,40038,16:32:00,18:23:00,111,37,74,No,Retrasada
602881,501600,20251114,20251114,20045,30017,40042,07:04:00,09:47:00,163,100,63,No,Entregada
602882,502843,20260217,20260217,20041,30011,40084,12:10:00,14:31:00,141,33,108,No,Entregada
602883,502455,20261112,20261112,20032,30027,40078,07:55:00,09:55:00,120,84,36,No,Retrasada
602884,509280,20260322,20260322,20017,30007,40071,10:56:00,12:58:00,122,64,58,No,Entregada
602885,500147,20260727,20260727,20032,30013,40098,10:16:00,12:28:00,132,31,101,No,Entregada
602886,508499,20250518,20250518,20033,30020,40005,16:30:00,18:30:00,120,48,72,No,Retrasada
602887,503185,20250924,20250924,20026,30006,40052,15:33:00,18:19:00,166,55,111,No,Entregada
602888,507332,20260202,20260202,20048,30007,40080,12:59:00,14:18:00,79,15,64,No,Entregada
602889,505045,20250121,20250121,20047,30014,40032,07:29:00,09:23:00,114,55,59,No,Entregada
602890,504185,20250723,20250723,20048,30030,40029,08:47:00,10:13:00,86,76,10,Sí,Entregada
602891,503240,20260326,20260326,20048,30024,40049,17:01:00,19:25:00,144,69,75,No,Entregada
602892,504223,20260311,20260311,20047,30015,40049,14:24:00,16:49:00,145,69,76,No,Entregada
602893,500647,20250601,20250601,20017,30003,40027,17:05:00,19:19:00,134,81,53,No,Retrasada
602894,509356,20250519,20250519,20032,30012,40013,17:14:00,19:53:00,159,87,72,No,Entregada
602895,505586,20260806,20260806,20001,30005,40065,15:14:00,17:49:00,155,61,94,No,Entregada
602896,508527,20250905,20250905,20046,30006,40008,11:06:00,12:37:00,91,58,33,No,Entregada
602897,509131,20251122,20251122,20046,30005,40005,16:23:00,17:41:00,78,48,30,No,Entregada
602898,509778,20261122,20261122,20001,30006,40051,16:47:00,18:58:00,131,43,88,No,Entregada
602899,506726,20250910,20250910,20026,30001,40071,14:18:00,15:22:00,64,64,0,Sí,Entregada
602900,503626,20260522,20260522,20041,30009,40049,16:11:00,17:41:00,90,69,21,No,Entregada
602901,509432,20260324,20260324,20003,30016,40040,08:50:00,11:46:00,176,76,100,No,Retrasada
602902,505373,20250709,20250709,20048,30014,40055,10:10:00,11:28:00,78,78,0,Sí,Entregada
602903,509400,20260402,20260402,20018,30016,40006,14:05:00,17:00:00,175,70,105,No,Entregada
602904,500449,20250820,20250820,20003,30024,40051,12:34:00,13:37:00,63,43,20,No,Entregada
602905,507245,20260529,20260529,20018,30015,40062,07:21:00,09:57:00,156,76,80,No,Entregada
602906,503699,20250714,20250714,20046,30006,40046,17:10:00,18:20:00,70,33,37,No,Retrasada
602907,506351,20250822,20250822,20026,30002,40090,10:27:00,12:51:00,144,36,108,No,Entregada
602908,506697,20260723,20260723,20048,30014,40087,15:48:00,17:48:00,120,113,7,Sí,Entregada
602909,503181,20260920,20260920,20041,30005,40087,17:01:00,20:51:00,230,113,117,No,Entregada
602910,503329,20260607,20260607,20041,30019,40090,17:56:00,18:44:00,48,36,12,Sí,Entregada
602911,505463,20261013,20261013,20041,30015,40078,15:15:00,17:16:00,121,84,37,No,Entregada
602912,501420,20250525,20250525,20041,30030,40003,14:08:00,16:07:00,119,42,77,No,Entregada
602913,503621,20261127,20261127,20005,30024,40062,09:42:00,11:03:00,81,76,5,Sí,Retrasada
602914,507084,20250222,20250222,20018,30002,40090,15:45:00,18:10:00,145,36,109,No,Entregada
602915,500382,20260815,20260815,20046,30015,40093,08:11:00,10:40:00,149,39,110,No,Retrasada
602916,502108,20250716,20250716,20047,30023,40096,17:54:00,19:31:00,97,37,60,No,Entregada
602917,508081,20250111,20250111,20032,30011,40085,15:28:00,17:02:00,94,41,53,No,Entregada
602918,509468,20250406,20250406,20017,30010,40011,11:28:00,13:12:00,104,78,26,No,Entregada
602919,504218,20260921,20260921,20005,30021,40087,13:54:00,17:39:00,225,113,112,No,Entregada
602920,507620,20260926,20260926,20026,30024,40082,07:59:00,11:09:00,190,74,116,No,Entregada
602921,508166,20251123,20251123,20047,30006,40049,16:29:00,17:43:00,74,69,5,Sí,Retrasada
602922,509017,20250701,20250701,20041,30012,40028,13:46:00,16:29:00,163,115,48,No,Entregada
602923,504564,20261021,20261021,20024,30003,40080,07:25:00,09:08:00,103,15,88,No,Retrasada
602924,500299,20250217,20250217,20001,30003,40027,07:04:00,09:11:00,127,81,46,No,Entregada
602925,500099,20250910,20250910,20037,30017,40069,15:51:00,18:12:00,141,52,89,No,Entregada
602926,506948,20260902,20260902,20017,30001,40039,16:30:00,17:48:00,78,73,5,Sí,Retrasada
602927,507324,20250527,20250527,20005,30020,40032,09:25:00,11:23:00,118,55,63,No,Entregada
602928,509742,20250921,20250921,20024,30020,40078,11:08:00,12:35:00,87,84,3,Sí,Entregada
602929,506456,20260527,20260527,20018,30027,40042,14:41:00,16:34:00,113,100,13,Sí,Entregada
602930,502655,20250621,20250621,20046,30023,40066,13:23:00,14:56:00,93,81,12,Sí,Retrasada
602931,507868,20261028,20261028,20032,30007,40072,13:38:00,16:13:00,155,112,43,No,Retrasada
602932,504282,20251112,20251112,20048,30016,40057,16:34:00,17:48:00,74,56,18,No,Entregada
602933,506981,20260505,20260505,20035,30005,40035,13:58:00,17:31:00,213,107,106,No,Retrasada
602934,506950,20250528,20250528,20049,30001,40005,13:58:00,16:06:00,128,48,80,No,Retrasada
602935,506695,20251026,20251026,20047,30005,40041,17:11:00,19:01:00,110,92,18,No,Retrasada
602936,502030,20250714,20250714,20045,30026,40038,09:01:00,10:12:00,71,37,34,No,Entregada
602937,500770,20260614,20260614,20048,30009,40078,07:43:00,09:54:00,131,84,47,No,Entregada
602938,504801,20251028,20251028,20011,30001,40010,12:16:00,15:14:00,178,75,103,No,Retrasada
602939,501392,20260328,20260328,20011,30009,40019,12:26:00,14:13:00,107,91,16,No,Retrasada
602940,507532,20260525,20260525,20045,30010,40002,07:49:00,10:30:00,161,55,106,No,Entregada
602941,503331,20250825,20250825,20031,30024,40001,12:54:00,14:43:00,109,45,64,No,Entregada
602942,508107,20250921,20250921,20031,30024,40090,09:43:00,10:50:00,67,36,31,No,Entregada
602943,509823,20251130,20251130,20026,30012,40047,09:07:00,09:56:00,49,37,12,Sí,Entregada
602944,509486,20251021,20251021,20024,30030,40065,14:42:00,15:56:00,74,61,13,Sí,Retrasada
602945,500268,20250630,20250630,20003,30023,40085,10:06:00,12:37:00,151,41,110,No,Retrasada
602946,503026,20250318,20250318,20032,30006,40005,10:09:00,12:16:00,127,48,79,No,Entregada
602947,509993,20260101,20260101,20048,30023,40077,14:08:00,14:35:00,27,24,3,Sí,Retrasada
602948,507038,20250906,20250906,20011,30002,40093,11:43:00,13:51:00,128,39,89,No,Entregada
602949,501072,20260615,20260615,20046,30013,40010,10:56:00,13:46:00,170,75,95,No,Retrasada
602950,503735,20250301,20250301,20026,30012,40003,11:46:00,13:33:00,107,42,65,No,Entregada
602951,507506,20251229,20251229,20031,30026,40052,09:15:00,10:12:00,57,55,2,Sí,Entregada
602952,509922,20260122,20260122,20018,30005,40085,09:50:00,10:54:00,64,41,23,No,Retrasada
602953,501564,20260128,20260128,20031,30009,40038,10:20:00,11:27:00,67,37,30,No,Entregada
602954,508668,20260607,20260607,20022,30010,40099,16:16:00,18:30:00,134,32,102,No,Entregada
602955,502025,20250327,20250327,20041,30001,40004,16:42:00,18:47:00,125,60,65,No,Entregada
602956,509340,20260307,20260307,20018,30014,40049,13:10:00,16:18:00,188,69,119,No,Entregada
602957,507445,20260331,20260331,20032,30024,40071,09:04:00,11:50:00,166,64,102,No,Entregada
602958,506312,20260106,20260106,20031,30009,40039,14:37:00,16:46:00,129,73,56,No,Entregada
602959,505920,20260321,20260321,20028,30019,40020,17:57:00,20:21:00,144,43,101,No,Entregada
602960,508136,20260904,20260904,20003,30017,40028,10:16:00,14:04:00,228,115,113,No,Entregada
602961,503473,20250618,20250618,20001,30010,40055,14:02:00,17:16:00,194,78,116,No,Entregada
602962,504124,20260528,20260528,20028,30027,40093,17:09:00,18:47:00,98,39,59,No,Retrasada
602963,507680,20250806,20250806,20046,30021,40066,13:21:00,15:24:00,123,81,42,No,Entregada
602964,508794,20260908,20260908,20032,30006,40062,14:32:00,16:32:00,120,76,44,No,Entregada
602965,505162,20260524,20260524,20041,30012,40046,17:33:00,19:39:00,126,33,93,No,Entregada
602966,507006,20251015,20251015,20035,30015,40008,17:19:00,20:06:00,167,58,109,No,Retrasada
602967,506863,20260501,20260501,20033,30024,40062,08:32:00,09:51:00,79,76,3,Sí,Entregada
602968,507627,20260803,20260803,20041,30014,40057,07:05:00,08:23:00,78,56,22,No,Entregada
602969,505776,20250507,20250507,20026,30013,40038,17:17:00,18:25:00,68,37,31,No,Retrasada
602970,504195,20250126,20250126,20018,30023,40058,14:03:00,15:53:00,110,93,17,No,Entregada
602971,505055,20261229,20261229,20031,30014,40047,14:36:00,16:48:00,132,37,95,No,Entregada
602972,500837,20260226,20260226,20046,30017,40021,10:21:00,14:01:00,220,120,100,No,Retrasada
602973,501010,20260119,20260119,20048,30030,40080,07:05:00,08:43:00,98,15,83,No,Entregada
602974,503817,20260108,20260108,20017,30026,40039,13:15:00,16:19:00,184,73,111,No,Entregada
602975,506104,20260206,20260206,20049,30009,40086,08:45:00,11:30:00,165,103,62,No,Retrasada
602976,508252,20250127,20250127,20024,30019,40077,13:40:00,14:14:00,34,24,10,Sí,Entregada
602977,503253,20250710,20250710,20041,30009,40046,13:27:00,15:35:00,128,33,95,No,Entregada
602978,504942,20250622,20250622,20005,30021,40051,14:31:00,16:16:00,105,43,62,No,Entregada
602979,501722,20260128,20260128,20003,30005,40003,13:55:00,15:57:00,122,42,80,No,Retrasada
602980,507350,20260711,20260711,20005,30021,40076,15:23:00,17:52:00,149,64,85,No,Retrasada
602981,502968,20250815,20250815,20041,30007,40040,11:50:00,14:15:00,145,76,69,No,Entregada
602982,506800,20260406,20260406,20001,30003,40062,10:12:00,11:49:00,97,76,21,No,Entregada
602983,503900,20260514,20260514,20017,30015,40046,09:29:00,11:25:00,116,33,83,No,Entregada
602984,503534,20260826,20260826,20031,30007,40058,15:34:00,18:58:00,204,93,111,No,Entregada
602985,504049,20260329,20260329,20031,30014,40098,12:15:00,12:54:00,39,31,8,Sí,Entregada
602986,507353,20250527,20250527,20022,30017,40021,16:58:00,20:13:00,195,120,75,No,Entregada
602987,507594,20250710,20250710,20031,30002,40066,10:44:00,12:18:00,94,81,13,Sí,Retrasada
602988,508731,20250529,20250529,20024,30013,40042,08:52:00,10:49:00,117,100,17,No,Retrasada
602989,507232,20260611,20260611,20028,30014,40018,08:22:00,11:26:00,184,80,104,No,Entregada
602990,509571,20260503,20260503,20032,30007,40065,08:08:00,09:55:00,107,61,46,No,Retrasada
602991,503272,20261207,20261207,20024,30027,40081,11:15:00,13:35:00,140,94,46,No,Entregada
602992,507645,20251211,20251211,20017,30006,40057,07:29:00,09:51:00,142,56,86,No,Entregada
602993,509575,20261205,20261205,20032,30014,40066,10:56:00,12:41:00,105,81,24,No,Entregada
602994,502147,20261102,20261102,20032,30009,40008,13:07:00,16:04:00,177,58,119,No,Entregada
602995,507110,20250216,20250216,20041,30019,40055,07:24:00,10:32:00,188,78,110,No,Entregada
602996,507296,20260707,20260707,20028,30009,40071,15:09:00,17:26:00,137,64,73,No,Entregada
602997,508550,20261225,20261225,20017,30010,40089,15:13:00,18:10:00,177,57,120,No,Entregada
602998,502242,20251012,20251012,20024,30020,40027,17:05:00,19:23:00,138,81,57,No,Entregada
602999,505012,20260702,20260702,20048,30026,40098,17:38:00,20:07:00,149,31,118,No,Retrasada
603000,501028,20260303,20260303,20032,30007,40080,07:24:00,08:19:00,55,15,40,No,Entregada
603001,501096,20250919,20250919,20017,30009,40049,12:54:00,15:20:00,146,69,77,No,Entregada
603002,508010,20260122,20260122,20031,30027,40085,07:47:00,10:23:00,156,41,115,No,Entregada
603003,505869,20260218,20260218,20003,30001,40035,08:38:00,12:02:00,204,107,97,No,Entregada
603004,501258,20260710,20260710,20035,30013,40004,15:42:00,17:56:00,134,60,74,No,Entregada
603005,508796,20250422,20250422,20024,30027,40069,13:44:00,16:00:00,136,52,84,No,Entregada
603006,508855,20260924,20260924,20031,30012,40005,15:22:00,17:35:00,133,48,85,No,Retrasada
603007,503982,20261104,20261104,20003,30027,40062,14:27:00,17:03:00,156,76,80,No,Entregada
603008,509972,20251022,20251022,20035,30020,40093,11:17:00,12:59:00,102,39,63,No,Entregada
603009,500288,20250629,20250629,20046,30015,40032,09:00:00,11:10:00,130,55,75,No,Entregada
603010,508411,20260822,20260822,20002,30009,40054,07:53:00,09:56:00,123,82,41,No,Entregada
603011,501637,20260212,20260212,20048,30014,40004,11:00:00,13:14:00,134,60,74,No,Retrasada
603012,500740,20261013,20261013,20005,30017,40055,15:49:00,19:01:00,192,78,114,No,Entregada
603013,503327,20260611,20260611,20011,30001,40094,10:06:00,12:08:00,122,24,98,No,Entregada
603014,500056,20250309,20250309,20029,30002,40058,17:55:00,20:57:00,182,93,89,No,Entregada
603015,501568,20261209,20261209,20026,30014,40046,13:03:00,13:41:00,38,33,5,Sí,Retrasada
603016,507069,20250727,20250727,20001,30024,40099,14:10:00,16:28:00,138,32,106,No,Entregada
603017,504250,20261002,20261002,20037,30010,40095,12:03:00,15:06:00,183,73,110,No,Entregada
603018,504513,20250722,20250722,20041,30003,40073,08:15:00,10:19:00,124,83,41,No,Entregada
603019,509681,20250702,20250702,20028,30030,40084,12:32:00,14:04:00,92,33,59,No,Entregada
603020,502381,20251211,20251211,20007,30001,40066,17:41:00,19:05:00,84,81,3,Sí,Entregada
603021,506112,20260222,20260222,20024,30016,40062,11:42:00,14:27:00,165,76,89,No,Entregada
603022,508745,20260923,20260923,20029,30009,40089,08:11:00,10:26:00,135,57,78,No,Entregada
603023,507211,20250906,20250906,20047,30024,40007,16:34:00,17:30:00,56,50,6,Sí,Entregada
603024,508271,20260213,20260213,20041,30002,40008,07:11:00,09:52:00,161,58,103,No,Retrasada
603025,501366,20250623,20250623,20024,30027,40041,16:14:00,17:58:00,104,92,12,Sí,Entregada
603026,500920,20260525,20260525,20022,30009,40078,08:02:00,09:42:00,100,84,16,No,Retrasada
603027,502994,20260913,20260913,20041,30012,40095,13:15:00,15:48:00,153,73,80,No,Entregada
603028,501903,20250415,20250415,20032,30015,40080,15:39:00,16:29:00,50,15,35,No,Retrasada
603029,500855,20260709,20260709,20037,30017,40049,08:29:00,10:46:00,137,69,68,No,Entregada
603030,505795,20250621,20250621,20018,30016,40084,17:29:00,19:21:00,112,33,79,No,Entregada
603031,503758,20250324,20250324,20037,30020,40065,09:54:00,12:27:00,153,61,92,No,Entregada
603032,506050,20260725,20260725,20028,30024,40015,17:12:00,19:31:00,139,64,75,No,Entregada
603033,508002,20251004,20251004,20001,30005,40046,13:39:00,14:41:00,62,33,29,No,Retrasada
603034,506545,20251210,20251210,20028,30006,40090,08:10:00,08:59:00,49,36,13,Sí,Entregada
603035,501142,20260911,20260911,20048,30019,40010,09:59:00,13:02:00,183,75,108,No,Retrasada
603036,508049,20250901,20250901,20017,30012,40008,10:14:00,11:48:00,94,58,36,No,Entregada
603037,503386,20260910,20260910,20028,30019,40069,10:47:00,11:53:00,66,52,14,Sí,Retrasada
603038,503681,20250324,20250324,20032,30010,40055,14:15:00,16:19:00,124,78,46,No,Entregada
603039,504558,20260629,20260629,20035,30015,40042,14:40:00,16:38:00,118,100,18,No,Entregada
603040,501934,20260726,20260726,20031,30030,40080,07:20:00,09:20:00,120,15,105,No,Entregada
603041,505649,20261227,20261227,20046,30020,40090,09:44:00,11:23:00,99,36,63,No,Retrasada
603042,508841,20251204,20251204,20028,30016,40027,12:10:00,13:57:00,107,81,26,No,Entregada
603043,505785,20250823,20250823,20028,30009,40099,11:44:00,14:11:00,147,32,115,No,Entregada
603044,507986,20261028,20261028,20017,30015,40051,11:40:00,12:42:00,62,43,19,No,Retrasada
603045,505753,20251001,20251001,20037,30002,40063,09:43:00,11:44:00,121,52,69,No,Entregada
603046,506318,20261025,20261025,20046,30015,40044,10:43:00,11:56:00,73,72,1,Sí,Retrasada
603047,504682,20250125,20250125,20032,30009,40085,09:25:00,10:21:00,56,41,15,Sí,Retrasada
603048,506556,20261106,20261106,20037,30020,40047,07:29:00,09:14:00,105,37,68,No,Entregada
603049,507626,20250322,20250322,20035,30015,40058,14:50:00,17:07:00,137,93,44,No,Entregada
603050,502360,20250904,20250904,20032,30019,40019,17:52:00,19:56:00,124,91,33,No,Entregada
603051,503002,20261219,20261219,20047,30012,40014,10:40:00,12:11:00,91,49,42,No,Entregada
603052,502225,20250729,20250729,20031,30013,40021,15:53:00,19:32:00,219,120,99,No,Entregada
603053,507280,20261119,20261119,20022,30017,40035,13:06:00,15:44:00,158,107,51,No,Entregada
603054,507564,20260621,20260621,20032,30019,40032,16:09:00,17:39:00,90,55,35,No,Entregada
603055,502499,20260323,20260323,20031,30019,40020,08:55:00,10:47:00,112,43,69,No,Entregada
603056,500675,20250607,20250607,20031,30007,40047,12:34:00,15:01:00,147,37,110,No,Entregada
603057,507188,20250918,20250918,20048,30030,40081,09:27:00,11:57:00,150,94,56,No,Retrasada
603058,507548,20250714,20250714,20031,30020,40015,11:47:00,12:59:00,72,64,8,Sí,Entregada
603059,505018,20250129,20250129,20045,30026,40085,07:49:00,08:33:00,44,41,3,Sí,Entregada
603060,503671,20250717,20250717,20026,30030,40081,15:36:00,18:31:00,175,94,81,No,Retrasada
603061,500107,20261009,20261009,20017,30027,40005,17:37:00,18:44:00,67,48,19,No,Entregada
603062,505489,20251116,20251116,20037,30009,40060,11:37:00,13:57:00,140,66,74,No,Entregada
603063,506591,20261117,20261117,20017,30016,40010,11:59:00,14:11:00,132,75,57,No,Entregada
603064,502730,20250323,20250323,20018,30027,40082,16:48:00,18:35:00,107,74,33,No,Entregada
603065,500937,20251016,20251016,20031,30006,40049,17:48:00,19:38:00,110,69,41,No,Retrasada
603066,502959,20251117,20251117,20032,30016,40058,17:06:00,20:24:00,198,93,105,No,Retrasada
603067,507387,20260422,20260422,20035,30010,40058,16:39:00,18:18:00,99,93,6,Sí,Entregada
603068,502817,20250131,20250131,20048,30007,40007,15:09:00,16:17:00,68,50,18,No,Entregada
603069,504701,20260720,20260720,20003,30019,40014,09:38:00,12:00:00,142,49,93,No,Entregada
603070,505438,20250621,20250621,20032,30003,40098,14:20:00,15:25:00,65,31,34,No,Retrasada
603071,509420,20250221,20250221,20018,30029,40093,10:08:00,12:11:00,123,39,84,No,Entregada
603072,506356,20251211,20251211,20048,30019,40028,12:38:00,15:03:00,145,115,30,No,Entregada
603073,508009,20261219,20261219,20031,30006,40065,10:00:00,12:35:00,155,61,94,No,Entregada
603074,503987,20260926,20260926,20026,30014,40084,10:06:00,11:10:00,64,33,31,No,Retrasada
603075,504712,20250928,20250928,20045,30005,40052,09:17:00,12:07:00,170,55,115,No,Entregada
603076,509304,20251229,20251229,20045,30026,40065,10:13:00,11:15:00,62,61,1,Sí,Entregada
603077,503438,20261010,20261010,20046,30013,40015,09:23:00,11:26:00,123,64,59,No,Entregada
603078,501594,20260827,20260827,20003,30014,40094,12:01:00,12:40:00,39,24,15,Sí,Retrasada
603079,502657,20250721,20250721,20005,30029,40006,11:04:00,12:52:00,108,70,38,No,Entregada
603080,505436,20261219,20261219,20031,30027,40078,08:46:00,10:40:00,114,84,30,No,Entregada
603081,505551,20260915,20260915,20037,30003,40013,09:08:00,12:02:00,174,87,87,No,Retrasada
603082,506063,20250722,20250722,20035,30017,40054,12:40:00,14:12:00,92,82,10,Sí,Entregada
603083,501143,20250126,20250126,20031,30024,40077,12:26:00,12:53:00,27,24,3,Sí,Entregada
603084,500546,20260101,20260101,20003,30016,40076,12:05:00,13:34:00,89,64,25,No,Entregada
603085,506941,20260920,20260920,20043,30009,40037,17:06:00,18:38:00,92,81,11,Sí,Entregada
603086,504521,20250201,20250201,20012,30002,40037,10:44:00,13:25:00,161,81,80,No,Entregada
603087,507829,20250827,20250827,20048,30011,40029,12:47:00,15:17:00,150,76,74,No,Entregada
603088,509052,20250217,20250217,20001,30001,40072,12:20:00,15:47:00,207,112,95,No,Entregada
603089,501554,20260410,20260410,20024,30012,40098,10:00:00,11:17:00,77,31,46,No,Retrasada
603090,504309,20250625,20250625,20017,30012,40084,13:25:00,15:43:00,138,33,105,No,Entregada
603091,506439,20260107,20260107,20024,30013,40011,08:47:00,11:50:00,183,78,105,No,Entregada
603092,507197,20261025,20261025,20048,30020,40063,13:49:00,14:59:00,70,52,18,No,Entregada
603093,509085,20250316,20250316,20026,30029,40046,11:55:00,13:42:00,107,33,74,No,Entregada
603094,504081,20261016,20261016,20018,30005,40042,09:50:00,12:19:00,149,100,49,No,Entregada
603095,507553,20250116,20250116,20037,30002,40092,15:12:00,16:49:00,97,23,74,No,Entregada
603096,502042,20260808,20260808,20045,30002,40094,07:11:00,08:41:00,90,24,66,No,Entregada
603097,508920,20250201,20250201,20045,30026,40047,15:09:00,16:52:00,103,37,66,No,Retrasada
603098,505136,20261130,20261130,20017,30019,40027,10:01:00,11:48:00,107,81,26,No,Retrasada
603099,507987,20250923,20250923,20026,30020,40059,17:55:00,19:23:00,88,23,65,No,Entregada
603100,501395,20250811,20250811,20047,30009,40021,12:15:00,14:16:00,121,120,1,Sí,Retrasada
603101,503452,20260227,20260227,20035,30026,40029,07:29:00,09:38:00,129,76,53,No,Entregada
603102,502611,20250722,20250722,20018,30019,40032,08:35:00,10:53:00,138,55,83,No,Entregada
603103,509025,20250318,20250318,20046,30015,40057,14:23:00,15:28:00,65,56,9,Sí,Entregada
603104,508636,20261019,20261019,20017,30015,40021,13:00:00,15:41:00,161,120,41,No,Entregada
603105,509060,20251002,20251002,20003,30024,40044,16:13:00,19:22:00,189,72,117,No,Entregada
603106,506216,20260707,20260707,20026,30003,40006,14:00:00,15:56:00,116,70,46,No,Retrasada
603107,508447,20251115,20251115,20028,30020,40057,10:56:00,13:49:00,173,56,117,No,Entregada
603108,503286,20251018,20251018,20033,30026,40059,10:04:00,10:48:00,44,23,21,No,Retrasada
603109,502251,20260525,20260525,20026,30019,40089,13:02:00,15:22:00,140,57,83,No,Entregada
603110,509583,20250301,20250301,20041,30014,40072,16:12:00,18:30:00,138,112,26,No,Entregada
603111,504916,20260113,20260113,20032,30030,40090,09:41:00,11:36:00,115,36,79,No,Retrasada
603112,500672,20251201,20251201,20003,30023,40052,14:53:00,16:19:00,86,55,31,No,Retrasada
603113,505072,20260918,20260918,20007,30002,40035,12:21:00,15:36:00,195,107,88,No,Retrasada
603114,500254,20260610,20260610,20026,30010,40027,14:03:00,15:35:00,92,81,11,Sí,Entregada
603115,504335,20260313,20260313,20016,30001,40006,16:47:00,19:09:00,142,70,72,No,Entregada
603116,501434,20260505,20260505,20045,30020,40021,10:20:00,13:49:00,209,120,89,No,Entregada
603117,509372,20250429,20250429,20045,30021,40008,15:24:00,16:31:00,67,58,9,Sí,Entregada
603118,509713,20261118,20261118,20005,30006,40092,07:38:00,09:38:00,120,23,97,No,Retrasada
603119,506083,20260809,20260809,20045,30001,40022,16:37:00,19:26:00,169,110,59,No,Entregada
603120,500389,20261218,20261218,20028,30011,40072,14:14:00,17:10:00,176,112,64,No,Entregada
603121,504417,20251013,20251013,20003,30030,40055,13:47:00,15:40:00,113,78,35,No,Retrasada
603122,501642,20251021,20251021,20018,30003,40029,13:25:00,16:38:00,193,76,117,No,Retrasada
603123,500090,20261124,20261124,20005,30005,40063,16:28:00,17:50:00,82,52,30,No,Entregada
603124,505092,20260817,20260817,20022,30015,40072,10:13:00,13:22:00,189,112,77,No,Entregada
603125,506452,20250519,20250519,20031,30014,40006,15:46:00,17:24:00,98,70,28,No,Retrasada
603126,503416,20250923,20250923,20017,30014,40007,17:12:00,18:13:00,61,50,11,Sí,Entregada
603127,507012,20250916,20250916,20035,30023,40057,12:39:00,14:02:00,83,56,27,No,Entregada
603128,504772,20250306,20250306,20003,30030,40058,11:39:00,14:54:00,195,93,102,No,Entregada
603129,501065,20260803,20260803,20026,30023,40080,17:21:00,17:56:00,35,15,20,No,Entregada
603130,508545,20261123,20261123,20003,30014,40038,17:57:00,19:51:00,114,37,77,No,Retrasada
603131,501841,20250414,20250414,20001,30013,40055,09:07:00,11:52:00,165,78,87,No,Entregada
603132,505004,20250321,20250321,20028,30016,40044,12:31:00,14:40:00,129,72,57,No,Entregada
603133,506486,20251106,20251106,20047,30011,40065,14:33:00,15:55:00,82,61,21,No,Entregada
603134,500309,20251019,20251019,20018,30012,40020,13:59:00,15:17:00,78,43,35,No,Entregada
603135,500119,20260324,20260324,20037,30005,40087,10:25:00,12:39:00,134,113,21,No,Entregada
603136,503793,20260823,20260823,20037,30006,40028,12:55:00,16:09:00,194,115,79,No,Retrasada
603137,504305,20260331,20260331,20024,30027,40004,08:35:00,10:30:00,115,60,55,No,Entregada
603138,504020,20250225,20250225,20003,30012,40038,09:43:00,10:52:00,69,37,32,No,Entregada
603139,506892,20251201,20251201,20018,30012,40020,15:49:00,16:51:00,62,43,19,No,Entregada
603140,504889,20261017,20261017,20031,30029,40094,10:14:00,11:15:00,61,24,37,No,Entregada
603141,505555,20250116,20250116,20026,30002,40076,14:59:00,16:25:00,86,64,22,No,Retrasada
603142,504232,20250102,20250102,20031,30029,40035,09:02:00,12:37:00,215,107,108,No,Entregada
603143,509404,20260819,20260819,20031,30021,40081,14:31:00,16:20:00,109,94,15,Sí,Entregada
603144,506321,20251118,20251118,20046,30026,40090,08:43:00,09:39:00,56,36,20,No,Entregada
603145,501271,20261126,20261126,20046,30029,40073,14:41:00,17:58:00,197,83,114,No,Entregada
603146,505212,20260727,20260727,20001,30015,40022,13:35:00,17:07:00,212,110,102,No,Entregada
603147,509584,20250731,20250731,20024,30030,40029,12:36:00,14:07:00,91,76,15,Sí,Entregada
603148,503011,20260330,20260330,20045,30013,40071,16:58:00,19:50:00,172,64,108,No,Entregada
603149,505640,20261230,20261230,20028,30016,40013,12:16:00,13:56:00,100,87,13,Sí,Entregada
603150,504463,20250624,20250624,20032,30005,40095,16:17:00,18:40:00,143,73,70,No,Entregada
603151,508249,20250318,20250318,20031,30007,40027,15:46:00,17:38:00,112,81,31,No,Entregada
603152,508889,20261120,20261120,20003,30021,40004,13:40:00,15:23:00,103,60,43,No,Entregada
603153,501936,20251113,20251113,20001,30003,40044,12:09:00,14:01:00,112,72,40,No,Entregada
603154,503059,20260309,20260309,20026,30012,40052,16:15:00,19:00:00,165,55,110,No,Retrasada
603155,506090,20260112,20260112,20032,30010,40081,08:48:00,11:59:00,191,94,97,No,Entregada
603156,500528,20260812,20260812,20003,30003,40092,13:11:00,14:00:00,49,23,26,No,Entregada
603157,504470,20260402,20260402,20028,30019,40038,17:15:00,19:18:00,123,37,86,No,Entregada
603158,509594,20260924,20260924,20018,30011,40092,07:42:00,09:22:00,100,23,77,No,Retrasada
603159,503567,20261220,20261220,20018,30011,40076,11:04:00,13:44:00,160,64,96,No,Entregada
603160,509224,20260621,20260621,20001,30021,40007,12:54:00,14:14:00,80,50,30,No,Entregada
603161,507366,20261202,20261202,20018,30024,40015,14:55:00,16:15:00,80,64,16,No,Retrasada
603162,503920,20250725,20250725,20028,30009,40046,08:49:00,10:44:00,115,33,82,No,Entregada
603163,505592,20250926,20250926,20026,30026,40037,10:09:00,12:23:00,134,81,53,No,Entregada
603164,502184,20260112,20260112,20026,30027,40052,11:10:00,13:31:00,141,55,86,No,Retrasada
603165,509618,20251021,20251021,20047,30016,40084,11:50:00,13:46:00,116,33,83,No,Entregada
603166,506308,20250509,20250509,20041,30014,40037,10:20:00,11:45:00,85,81,4,Sí,Entregada
603167,509116,20250624,20250624,20017,30012,40013,12:25:00,14:20:00,115,87,28,No,Entregada
603168,509564,20250902,20250902,20041,30010,40080,17:06:00,17:45:00,39,15,24,No,Entregada
603169,507619,20250905,20250905,20017,30012,40063,15:27:00,16:40:00,73,52,21,No,Entregada
603170,508875,20250207,20250207,20041,30016,40055,17:00:00,19:48:00,168,78,90,No,Entregada
603171,500805,20250512,20250512,20047,30009,40010,11:06:00,13:32:00,146,75,71,No,Retrasada
603172,503839,20260221,20260221,20035,30003,40092,17:07:00,17:30:00,23,23,0,Sí,Entregada
603173,500638,20260530,20260530,20041,30007,40041,16:25:00,19:11:00,166,92,74,No,Retrasada
603174,504655,20250813,20250813,20026,30021,40037,07:53:00,10:41:00,168,81,87,No,Entregada
603175,503127,20260307,20260307,20028,30002,40001,15:47:00,18:01:00,134,45,89,No,Entregada
603176,509272,20251207,20251207,20031,30020,40094,15:51:00,17:53:00,122,24,98,No,Retrasada
603177,500810,20250324,20250324,20041,30014,40072,10:12:00,12:49:00,157,112,45,No,Entregada
603178,500923,20260223,20260223,20048,30016,40080,14:16:00,15:28:00,72,15,57,No,Entregada
603179,500369,20250630,20250630,20024,30012,40052,09:08:00,11:53:00,165,55,110,No,Entregada
603180,500969,20261001,20261001,20022,30020,40009,12:25:00,14:25:00,120,40,80,No,Entregada
603181,504083,20261227,20261227,20046,30003,40032,07:28:00,08:30:00,62,55,7,Sí,Entregada
603182,504224,20250701,20250701,20032,30015,40072,09:10:00,12:53:00,223,112,111,No,Entregada
603183,503931,20260821,20260821,20022,30015,40009,14:54:00,16:33:00,99,40,59,No,Entregada
603184,505495,20251230,20251230,20026,30016,40020,10:23:00,12:53:00,150,43,107,No,Entregada
603185,506159,20260906,20260906,20043,30009,40018,17:20:00,20:03:00,163,80,83,No,Entregada
603186,506012,20250429,20250429,20001,30005,40037,08:12:00,09:52:00,100,81,19,No,Retrasada
603187,500572,20251204,20251204,20031,30011,40069,11:02:00,12:32:00,90,52,38,No,Retrasada
603188,500756,20261116,20261116,20007,30002,40008,08:41:00,11:36:00,175,58,117,No,Entregada
603189,504479,20260821,20260821,20017,30023,40002,09:50:00,12:15:00,145,55,90,No,Entregada
603190,501362,20251022,20251022,20018,30012,40089,10:07:00,11:16:00,69,57,12,Sí,Entregada
603191,502444,20251025,20251025,20005,30015,40041,08:25:00,10:53:00,148,92,56,No,Entregada
603192,502075,20261202,20261202,20024,30005,40081,07:51:00,10:56:00,185,94,91,No,Entregada
603193,504950,20250519,20250519,20047,30013,40029,07:42:00,10:48:00,186,76,110,No,Entregada
603194,506597,20250828,20250828,20037,30009,40018,10:19:00,13:01:00,162,80,82,No,Entregada
603195,503432,20250321,20250321,20047,30013,40073,17:26:00,19:30:00,124,83,41,No,Retrasada
603196,502141,20250930,20250930,20047,30007,40003,11:58:00,13:05:00,67,42,25,No,Retrasada
603197,508019,20251003,20251003,20045,30020,40081,09:16:00,12:06:00,170,94,76,No,Retrasada
603198,505958,20260314,20260314,20041,30017,40065,14:19:00,15:39:00,80,61,19,No,Entregada
603199,505403,20251005,20251005,20003,30019,40040,16:10:00,18:48:00,158,76,82,No,Retrasada
603200,503745,20250625,20250625,20018,30009,40062,10:26:00,12:32:00,126,76,50,No,Entregada
603201,508209,20251207,20251207,20041,30015,40060,14:18:00,16:58:00,160,66,94,No,Entregada
603202,504321,20250904,20250904,20043,30009,40044,07:41:00,10:10:00,149,72,77,No,Entregada
603203,504744,20250126,20250126,20003,30014,40007,15:42:00,16:58:00,76,50,26,No,Entregada
603204,502685,20251004,20251004,20018,30011,40010,17:09:00,19:01:00,112,75,37,No,Entregada
603205,508266,20260822,20260822,20018,30011,40060,11:34:00,13:22:00,108,66,42,No,Entregada
603206,500113,20260621,20260621,20041,30006,40029,13:08:00,15:27:00,139,76,63,No,Entregada
603207,502915,20260501,20260501,20024,30002,40047,10:39:00,11:57:00,78,37,41,No,Entregada
603208,503400,20260717,20260717,20046,30023,40041,10:51:00,13:27:00,156,92,64,No,Entregada
603209,507362,20260820,20260820,20018,30024,40007,14:22:00,16:23:00,121,50,71,No,Entregada
603210,505596,20261214,20261214,20016,30009,40054,13:15:00,15:28:00,133,82,51,No,Entregada
603211,508332,20260305,20260305,20047,30029,40010,11:26:00,12:47:00,81,75,6,Sí,Entregada
603212,503294,20250315,20250315,20028,30012,40010,12:16:00,15:13:00,177,75,102,No,Entregada
603213,506647,20260205,20260205,20032,30015,40090,17:51:00,19:34:00,103,36,67,No,Entregada
603214,503886,20250811,20250811,20041,30010,40073,16:22:00,18:27:00,125,83,42,No,Entregada
603215,501314,20260422,20260422,20028,30017,40086,14:00:00,17:39:00,219,103,116,No,Entregada
603216,506926,20250708,20250708,20032,30007,40086,16:59:00,19:27:00,148,103,45,No,Retrasada
603217,503665,20250222,20250222,20022,30024,40038,11:28:00,13:24:00,116,37,79,No,Entregada
603218,505664,20260709,20260709,20041,30003,40009,13:20:00,15:28:00,128,40,88,No,Entregada
603219,507657,20251125,20251125,20028,30030,40058,16:25:00,19:55:00,210,93,117,No,Retrasada
603220,502708,20250102,20250102,20028,30023,40099,08:55:00,10:23:00,88,32,56,No,Entregada
603221,504964,20261101,20261101,20045,30029,40093,11:19:00,13:55:00,156,39,117,No,Entregada
603222,507896,20250920,20250920,20017,30027,40042,14:59:00,17:53:00,174,100,74,No,Entregada
603223,506303,20250225,20250225,20035,30017,40085,07:06:00,08:35:00,89,41,48,No,Entregada
603224,501527,20260129,20260129,20032,30007,40022,17:33:00,21:12:00,219,110,109,No,Retrasada
603225,502550,20260612,20260612,20026,30012,40085,12:47:00,13:38:00,51,41,10,Sí,Entregada
603226,500787,20260315,20260315,20024,30013,40098,10:34:00,11:58:00,84,31,53,No,Entregada
603227,509088,20250718,20250718,20017,30016,40073,15:17:00,17:24:00,127,83,44,No,Entregada
603228,500723,20260128,20260128,20026,30016,40084,13:06:00,14:06:00,60,33,27,No,Entregada
603229,505988,20260613,20260613,20003,30017,40027,15:57:00,18:14:00,137,81,56,No,Entregada
603230,502316,20260527,20260527,20032,30007,40072,07:53:00,10:09:00,136,112,24,No,Entregada
603231,501692,20250504,20250504,20041,30001,40071,14:46:00,16:18:00,92,64,28,No,Entregada
603232,505692,20250328,20250328,20031,30016,40085,09:43:00,12:00:00,137,41,96,No,Entregada
603233,509507,20261221,20261221,20031,30005,40099,12:33:00,13:18:00,45,32,13,Sí,Entregada
603234,502647,20251129,20251129,20018,30007,40085,12:47:00,14:02:00,75,41,34,No,Retrasada
603235,505010,20260911,20260911,20026,30007,40027,13:53:00,15:30:00,97,81,16,No,Entregada
603236,504233,20250223,20250223,20031,30014,40004,08:32:00,11:27:00,175,60,115,No,Entregada
603237,508774,20251116,20251116,20018,30030,40077,08:18:00,09:26:00,68,24,44,No,Entregada
603238,502125,20250626,20250626,20022,30017,40078,10:36:00,13:49:00,193,84,109,No,Retrasada
603239,500954,20250818,20250818,20001,30017,40035,12:57:00,15:34:00,157,107,50,No,Entregada
603240,506862,20250320,20250320,20022,30026,40098,15:26:00,17:42:00,136,31,105,No,Entregada
603241,509925,20260716,20260716,20047,30013,40087,10:00:00,12:39:00,159,113,46,No,Entregada
603242,502760,20260217,20260217,20026,30007,40069,11:05:00,13:00:00,115,52,63,No,Entregada
603243,500257,20261231,20261231,20033,30001,40058,15:25:00,18:53:00,208,93,115,No,Entregada
603244,501463,20251118,20251118,20003,30011,40098,12:19:00,13:27:00,68,31,37,No,Entregada
603245,504242,20261205,20261205,20005,30017,40005,10:36:00,12:50:00,134,48,86,No,Entregada
603246,508913,20251106,20251106,20031,30015,40096,15:38:00,18:00:00,142,37,105,No,Entregada
603247,501027,20260201,20260201,20047,30030,40096,09:48:00,10:46:00,58,37,21,No,Entregada
603248,506164,20260321,20260321,20049,30009,40071,17:49:00,20:06:00,137,64,73,No,Entregada
603249,502973,20260723,20260723,20003,30013,40010,13:30:00,15:41:00,131,75,56,No,Entregada
603250,507891,20250424,20250424,20047,30020,40081,13:20:00,16:45:00,205,94,111,No,Entregada
603251,505724,20251013,20251013,20041,30021,40089,15:32:00,17:18:00,106,57,49,No,Retrasada
603252,509043,20250506,20250506,20031,30015,40007,10:07:00,12:44:00,157,50,107,No,Entregada
603253,506494,20260910,20260910,20026,30005,40087,15:35:00,18:01:00,146,113,33,No,Entregada
603254,502606,20260725,20260725,20002,30009,40093,17:43:00,18:38:00,55,39,16,No,Entregada
603255,503700,20251125,20251125,20001,30002,40007,15:21:00,16:53:00,92,50,42,No,Entregada
603256,504429,20261216,20261216,20005,30015,40018,11:19:00,14:08:00,169,80,89,No,Entregada
603257,507928,20251008,20251008,20018,30019,40021,08:10:00,10:10:00,120,120,0,Sí,Entregada
603258,500818,20250418,20250418,20017,30012,40099,09:57:00,12:02:00,125,32,93,No,Entregada
603259,509440,20260404,20260404,20017,30011,40081,10:08:00,12:54:00,166,94,72,No,Retrasada
603260,507505,20260303,20260303,20032,30010,40044,15:39:00,17:25:00,106,72,34,No,Entregada
603261,504279,20251127,20251127,20026,30012,40051,11:51:00,12:57:00,66,43,23,No,Retrasada
603262,505380,20261116,20261116,20001,30005,40007,17:34:00,19:13:00,99,50,49,No,Entregada
603263,506974,20250427,20250427,20048,30023,40047,11:42:00,13:01:00,79,37,42,No,Entregada
603264,500158,20251119,20251119,20005,30001,40066,13:16:00,15:08:00,112,81,31,No,Entregada
603265,502239,20260919,20260919,20003,30013,40019,09:35:00,11:23:00,108,91,17,No,Entregada
603266,503797,20250810,20250810,20032,30026,40037,15:47:00,17:36:00,109,81,28,No,Entregada
603267,505383,20261014,20261014,20047,30016,40027,16:18:00,19:17:00,179,81,98,No,Entregada
603268,503908,20250511,20250511,20032,30006,40082,07:30:00,09:42:00,132,74,58,No,Entregada
603269,508033,20250510,20250510,20018,30012,40019,14:00:00,15:34:00,94,91,3,Sí,Retrasada
603270,505996,20251020,20251020,20031,30011,40057,16:10:00,17:22:00,72,56,16,No,Entregada
603271,503857,20250811,20250811,20022,30015,40095,07:38:00,09:38:00,120,73,47,No,Retrasada
603272,502698,20250408,20250408,20001,30017,40028,17:43:00,21:22:00,219,115,104,No,Entregada
603273,508992,20250630,20250630,20047,30006,40020,11:37:00,12:49:00,72,43,29,No,Entregada
603274,506130,20250516,20250516,20024,30015,40084,08:05:00,09:52:00,107,33,74,No,Entregada
603275,500176,20260929,20260929,20041,30006,40014,11:27:00,14:03:00,156,49,107,No,Entregada
603276,508822,20260513,20260513,20035,30021,40013,15:49:00,18:49:00,180,87,93,No,Retrasada
603277,505482,20251205,20251205,20005,30010,40094,11:14:00,13:07:00,113,24,89,No,Entregada
603278,505799,20251030,20251030,20049,30009,40049,11:12:00,13:31:00,139,69,70,No,Entregada
603279,504681,20250131,20250131,20032,30030,40004,13:22:00,14:22:00,60,60,0,Sí,Entregada
603280,509063,20260316,20260316,20024,30001,40014,16:58:00,18:44:00,106,49,57,No,Entregada
603281,503251,20251102,20251102,20041,30030,40095,13:29:00,16:11:00,162,73,89,No,Retrasada
603282,500080,20260926,20260926,20018,30012,40003,07:43:00,09:34:00,111,42,69,No,Entregada
603283,506552,20250530,20250530,20047,30012,40047,16:57:00,18:45:00,108,37,71,No,Entregada
603284,508704,20250822,20250822,20017,30015,40015,08:40:00,10:02:00,82,64,18,No,Entregada
603285,505429,20260716,20260716,20035,30013,40059,17:06:00,17:46:00,40,23,17,No,Retrasada
603286,502069,20251121,20251121,20045,30020,40093,16:01:00,18:20:00,139,39,100,No,Entregada
603287,503131,20250714,20250714,20045,30006,40081,07:32:00,11:06:00,214,94,120,No,Entregada
603288,500867,20250423,20250423,20035,30021,40090,10:48:00,12:37:00,109,36,73,No,Entregada
603289,506654,20250511,20250511,20024,30026,40060,17:29:00,18:46:00,77,66,11,Sí,Entregada
603290,500949,20260618,20260618,20041,30024,40034,09:34:00,11:44:00,130,37,93,No,Retrasada
603291,501539,20260711,20260711,20031,30017,40003,11:05:00,12:25:00,80,42,38,No,Entregada
603292,502740,20260916,20260916,20035,30002,40072,16:00:00,18:12:00,132,112,20,No,Entregada
603293,507549,20260106,20260106,20005,30021,40034,08:56:00,10:05:00,69,37,32,No,Entregada
603294,508594,20251104,20251104,20041,30019,40080,15:06:00,15:35:00,29,15,14,Sí,Entregada
603295,506666,20251116,20251116,20003,30012,40066,09:51:00,13:08:00,197,81,116,No,Entregada
603296,503693,20250525,20250525,20017,30029,40038,11:33:00,13:03:00,90,37,53,No,Entregada
603297,504142,20250831,20250831,20041,30011,40082,09:14:00,10:30:00,76,74,2,Sí,Entregada
603298,500724,20260528,20260528,20037,30002,40032,14:01:00,15:38:00,97,55,42,No,Entregada
603299,502359,20251028,20251028,20001,30006,40072,10:05:00,12:33:00,148,112,36,No,Entregada
603300,500824,20260205,20260205,20001,30003,40096,13:03:00,14:12:00,69,37,32,No,Retrasada
603301,503300,20250324,20250324,20018,30029,40085,17:06:00,18:45:00,99,41,58,No,Entregada
603302,502161,20251212,20251212,20031,30023,40039,16:39:00,18:02:00,83,73,10,Sí,Entregada
603303,508294,20250530,20250530,20047,30001,40009,10:15:00,12:16:00,121,40,81,No,Entregada
603304,503615,20260310,20260310,20031,30027,40044,08:37:00,11:41:00,184,72,112,No,Entregada
603305,501761,20250810,20250810,20022,30001,40018,07:21:00,10:13:00,172,80,92,No,Entregada
603306,507519,20250709,20250709,20017,30029,40034,09:51:00,11:33:00,102,37,65,No,Entregada
603307,507334,20250727,20250727,20037,30005,40052,14:05:00,15:05:00,60,55,5,Sí,Entregada
603308,508433,20250316,20250316,20035,30001,40085,15:22:00,16:27:00,65,41,24,No,Entregada
603309,504304,20250806,20250806,20026,30015,40069,08:24:00,10:12:00,108,52,56,No,Entregada
603310,507344,20260412,20260412,20017,30009,40071,09:23:00,11:21:00,118,64,54,No,Retrasada
603311,500627,20260623,20260623,20017,30017,40096,13:51:00,16:02:00,131,37,94,No,Entregada
603312,500633,20250917,20250917,20041,30015,40010,10:39:00,13:29:00,170,75,95,No,Entregada
603313,500880,20260315,20260315,20047,30026,40010,17:30:00,19:35:00,125,75,50,No,Retrasada
603314,507026,20250818,20250818,20026,30006,40085,11:24:00,12:53:00,89,41,48,No,Entregada
603315,500764,20251014,20251014,20003,30027,40093,14:08:00,15:44:00,96,39,57,No,Retrasada
603316,502409,20250412,20250412,20032,30012,40071,13:55:00,15:20:00,85,64,21,No,Entregada
603317,506903,20251206,20251206,20022,30006,40092,10:16:00,11:47:00,91,23,68,No,Entregada
603318,509929,20250223,20250223,20045,30026,40027,07:52:00,09:54:00,122,81,41,No,Entregada
603319,509183,20250622,20250622,20018,30019,40049,14:22:00,17:06:00,164,69,95,No,Entregada
603320,509595,20250420,20250420,20045,30017,40028,11:10:00,14:18:00,188,115,73,No,Entregada
603321,506369,20260113,20260113,20045,30024,40072,09:02:00,11:32:00,150,112,38,No,Entregada
603322,507386,20250901,20250901,20028,30009,40099,13:26:00,15:48:00,142,32,110,No,Entregada
603323,506872,20261024,20261024,20037,30001,40021,12:47:00,16:09:00,202,120,82,No,Entregada
603324,502997,20260119,20260119,20018,30012,40085,07:34:00,08:43:00,69,41,28,No,Retrasada
603325,501512,20260413,20260413,20017,30020,40071,13:35:00,14:44:00,69,64,5,Sí,Entregada
603326,500351,20250921,20250921,20018,30003,40010,11:53:00,14:58:00,185,75,110,No,Entregada
603327,505706,20260805,20260805,20024,30012,40096,12:48:00,14:41:00,113,37,76,No,Entregada
603328,506670,20251230,20251230,20029,30002,40011,08:06:00,09:42:00,96,78,18,No,Entregada
603329,501724,20250331,20250331,20026,30024,40071,15:39:00,16:50:00,71,64,7,Sí,Entregada
603330,508843,20260414,20260414,20032,30002,40007,09:01:00,11:49:00,168,50,118,No,Entregada
603331,501929,20260923,20260923,20047,30014,40071,09:54:00,12:21:00,147,64,83,No,Entregada
603332,506999,20261017,20261017,20018,30011,40073,16:56:00,18:22:00,86,83,3,Sí,Entregada
603333,504877,20250518,20250518,20031,30007,40049,16:16:00,18:31:00,135,69,66,No,Retrasada
603334,509854,20250416,20250416,20024,30005,40063,07:15:00,08:14:00,59,52,7,Sí,Entregada
603335,505191,20260110,20260110,20037,30024,40081,10:14:00,13:04:00,170,94,76,No,Entregada
603336,505290,20260712,20260712,20024,30030,40034,07:08:00,09:36:00,148,37,111,No,Entregada
603337,509393,20260326,20260326,20032,30013,40052,12:33:00,14:27:00,114,55,59,No,Retrasada
603338,501695,20260609,20260609,20026,30001,40092,12:26:00,14:05:00,99,23,76,No,Entregada
603339,509563,20260118,20260118,20046,30023,40090,17:13:00,18:03:00,50,36,14,Sí,Entregada
603340,501207,20260509,20260509,20037,30017,40090,14:04:00,16:17:00,133,36,97,No,Entregada
603341,507866,20250823,20250823,20041,30012,40037,13:47:00,15:29:00,102,81,21,No,Entregada
603342,502839,20261230,20261230,20024,30013,40022,14:07:00,17:49:00,222,110,112,No,Entregada
603343,507872,20250901,20250901,20041,30007,40008,11:25:00,12:23:00,58,58,0,Sí,Retrasada
603344,501025,20250422,20250422,20017,30015,40034,10:27:00,12:50:00,143,37,106,No,Entregada
603345,504908,20250927,20250927,20024,30019,40019,13:08:00,16:28:00,200,91,109,No,Entregada
603346,502967,20250612,20250612,20033,30005,40076,12:05:00,14:37:00,152,64,88,No,Entregada
603347,500086,20250408,20250408,20026,30021,40042,12:44:00,14:35:00,111,100,11,Sí,Entregada
603348,507335,20250909,20250909,20024,30017,40081,15:13:00,18:07:00,174,94,80,No,Entregada
603349,507132,20251210,20251210,20017,30016,40035,13:59:00,17:37:00,218,107,111,No,Entregada
603350,503537,20261004,20261004,20003,30029,40060,09:50:00,12:56:00,186,66,120,No,Entregada
603351,502014,20260114,20260114,20018,30010,40021,14:06:00,16:11:00,125,120,5,Sí,Entregada
603352,505296,20251208,20251208,20024,30030,40002,15:49:00,17:08:00,79,55,24,No,Entregada
603353,505919,20261013,20261013,20035,30029,40099,09:20:00,10:53:00,93,32,61,No,Entregada
603354,506511,20250303,20250303,20031,30003,40042,17:57:00,20:19:00,142,100,42,No,Entregada
603355,501900,20260613,20260613,20048,30007,40046,14:23:00,15:54:00,91,33,58,No,Entregada
603356,507039,20250919,20250919,20028,30021,40008,14:20:00,16:20:00,120,58,62,No,Entregada
603357,500196,20251014,20251014,20048,30023,40006,09:58:00,12:39:00,161,70,91,No,Retrasada
603358,503566,20260112,20260112,20033,30021,40052,09:34:00,11:24:00,110,55,55,No,Retrasada
603359,504563,20261210,20261210,20007,30009,40077,08:50:00,09:45:00,55,24,31,No,Entregada
603360,502632,20260424,20260424,20028,30001,40046,10:51:00,11:32:00,41,33,8,Sí,Entregada
603361,509109,20260519,20260519,20001,30023,40007,14:47:00,17:12:00,145,50,95,No,Retrasada
603362,502848,20261214,20261214,20033,30023,40065,15:00:00,17:32:00,152,61,91,No,Entregada
603363,505693,20250130,20250130,20048,30023,40027,11:08:00,13:36:00,148,81,67,No,Entregada
603364,504843,20260826,20260826,20041,30019,40090,12:22:00,14:35:00,133,36,97,No,Entregada
603365,507713,20260808,20260808,20047,30019,40092,15:37:00,16:25:00,48,23,25,No,Entregada
603366,504559,20260924,20260924,20018,30023,40047,14:11:00,16:07:00,116,37,79,No,Entregada
603367,501099,20250428,20250428,20007,30009,40009,17:05:00,19:27:00,142,40,102,No,Entregada
603368,505109,20260413,20260413,20028,30001,40055,11:28:00,13:30:00,122,78,44,No,Entregada
603369,508589,20250507,20250507,20022,30020,40055,15:56:00,18:22:00,146,78,68,No,Entregada
603370,505645,20250706,20250706,20046,30001,40009,08:57:00,09:56:00,59,40,19,No,Entregada
603371,506022,20250608,20250608,20047,30029,40069,13:06:00,15:19:00,133,52,81,No,Entregada
603372,507827,20260524,20260524,20046,30006,40022,08:05:00,11:16:00,191,110,81,No,Retrasada
603373,507433,20250130,20250130,20045,30013,40073,13:09:00,15:45:00,156,83,73,No,Retrasada
603374,500471,20251226,20251226,20024,30012,40042,16:47:00,19:13:00,146,100,46,No,Entregada
603375,501809,20250830,20250830,20022,30020,40007,08:53:00,11:33:00,160,50,110,No,Entregada
603376,505531,20250910,20250910,20041,30027,40010,14:18:00,17:23:00,185,75,110,No,Entregada
603377,508323,20260716,20260716,20033,30023,40073,09:26:00,12:03:00,157,83,74,No,Entregada
603378,502241,20261102,20261102,20041,30016,40022,12:08:00,14:32:00,144,110,34,No,Entregada
603379,506129,20250228,20250228,20024,30014,40041,07:13:00,09:10:00,117,92,25,No,Entregada
603380,509080,20260902,20260902,20048,30007,40014,16:16:00,19:02:00,166,49,117,No,Entregada
603381,502287,20260224,20260224,20035,30013,40062,10:52:00,12:51:00,119,76,43,No,Entregada
603382,506413,20250915,20250915,20035,30009,40027,16:22:00,18:47:00,145,81,64,No,Entregada
603383,501076,20250815,20250815,20037,30010,40076,14:19:00,16:05:00,106,64,42,No,Entregada
603384,503437,20250522,20250522,20032,30002,40077,11:34:00,13:55:00,141,24,117,No,Entregada
603385,501514,20260621,20260621,20024,30019,40042,08:15:00,11:16:00,181,100,81,No,Entregada
603386,500234,20260211,20260211,20035,30009,40054,11:48:00,14:04:00,136,82,54,No,Entregada
603387,505589,20250102,20250102,20028,30005,40006,15:59:00,17:27:00,88,70,18,No,Entregada
603388,509396,20250623,20250623,20028,30021,40051,11:12:00,12:46:00,94,43,51,No,Entregada
603389,500782,20250114,20250114,20005,30020,40051,07:36:00,09:07:00,91,43,48,No,Retrasada
603390,502640,20260305,20260305,20026,30030,40090,17:10:00,18:11:00,61,36,25,No,Entregada
603391,504198,20260218,20260218,20031,30021,40006,09:06:00,11:53:00,167,70,97,No,Entregada
603392,507276,20260416,20260416,20003,30007,40037,09:47:00,12:46:00,179,81,98,No,Entregada
603393,504766,20260203,20260203,20041,30001,40046,11:53:00,13:45:00,112,33,79,No,Entregada
603394,500108,20260920,20260920,20018,30026,40082,17:37:00,20:07:00,150,74,76,No,Retrasada
603395,505714,20260105,20260105,20003,30005,40094,12:09:00,13:59:00,110,24,86,No,Entregada
603396,504080,20260318,20260318,20031,30007,40057,15:47:00,17:04:00,77,56,21,No,Entregada
603397,501047,20250620,20250620,20028,30023,40076,13:58:00,15:29:00,91,64,27,No,Entregada
603398,501315,20250812,20250812,20032,30019,40080,16:17:00,17:31:00,74,15,59,No,Retrasada
603399,505100,20250320,20250320,20031,30027,40093,10:55:00,12:45:00,110,39,71,No,Retrasada
603400,500384,20260529,20260529,20018,30027,40081,10:33:00,13:01:00,148,94,54,No,Entregada
603401,505610,20250827,20250827,20001,30023,40052,08:24:00,10:43:00,139,55,84,No,Retrasada
603402,501864,20251109,20251109,20018,30020,40018,15:08:00,16:52:00,104,80,24,No,Entregada
603403,500364,20250204,20250204,20045,30017,40020,17:45:00,19:32:00,107,43,64,No,Retrasada
603404,502554,20250515,20250515,20031,30017,40077,17:26:00,18:12:00,46,24,22,No,Entregada
603405,505430,20250827,20250827,20037,30006,40087,12:42:00,15:38:00,176,113,63,No,Entregada
603406,508670,20250603,20250603,20029,30002,40041,12:51:00,15:05:00,134,92,42,No,Retrasada
603407,507931,20250811,20250811,20022,30001,40085,16:48:00,17:58:00,70,41,29,No,Entregada
603408,503710,20260101,20260101,20037,30002,40015,17:57:00,20:47:00,170,64,106,No,Entregada
603409,502282,20260815,20260815,20035,30021,40046,14:42:00,16:41:00,119,33,86,No,Retrasada
603410,501616,20261217,20261217,20001,30005,40054,12:12:00,15:10:00,178,82,96,No,Entregada
603411,507237,20250203,20250203,20002,30009,40006,14:45:00,17:37:00,172,70,102,No,Retrasada
603412,504632,20260508,20260508,20017,30023,40028,12:02:00,15:24:00,202,115,87,No,Entregada
603413,507108,20251228,20251228,20001,30024,40092,14:14:00,15:16:00,62,23,39,No,Retrasada
603414,507449,20260906,20260906,20001,30020,40072,09:14:00,11:47:00,153,112,41,No,Retrasada
603415,508003,20260930,20260930,20024,30011,40015,14:11:00,16:04:00,113,64,49,No,Entregada
603416,509894,20250629,20250629,20026,30014,40034,12:46:00,14:46:00,120,37,83,No,Entregada
603417,504009,20250310,20250310,20003,30029,40060,12:46:00,13:57:00,71,66,5,Sí,Entregada
603418,501051,20260917,20260917,20024,30024,40054,11:04:00,12:34:00,90,82,8,Sí,Entregada
603419,502921,20260212,20260212,20026,30003,40005,15:52:00,18:28:00,156,48,108,No,Retrasada
603420,502527,20250131,20250131,20031,30011,40084,11:55:00,13:57:00,122,33,89,No,Retrasada
603421,506044,20260603,20260603,20048,30002,40005,16:48:00,19:27:00,159,48,111,No,Entregada
603422,503356,20250928,20250928,20022,30010,40038,12:42:00,14:07:00,85,37,48,No,Entregada
603423,505433,20261121,20261121,20028,30026,40010,08:40:00,10:14:00,94,75,19,No,Entregada
603424,509107,20251103,20251103,20037,30002,40063,17:28:00,20:17:00,169,52,117,No,Entregada
603425,502911,20250403,20250403,20041,30030,40089,13:40:00,16:08:00,148,57,91,No,Retrasada
603426,505387,20250104,20250104,20032,30020,40046,15:56:00,16:56:00,60,33,27,No,Retrasada
603427,505731,20250529,20250529,20028,30010,40040,15:17:00,17:30:00,133,76,57,No,Entregada
603428,500128,20260714,20260714,20047,30011,40046,09:13:00,10:26:00,73,33,40,No,Entregada
603429,505891,20251021,20251021,20032,30007,40005,11:08:00,13:10:00,122,48,74,No,Retrasada
603430,500952,20250225,20250225,20047,30026,40058,08:14:00,10:24:00,130,93,37,No,Retrasada
603431,509608,20260518,20260518,20003,30012,40062,09:47:00,11:16:00,89,76,13,Sí,Entregada
603432,509355,20250828,20250828,20028,30016,40020,15:22:00,16:07:00,45,43,2,Sí,Entregada
603433,507838,20250820,20250820,20028,30023,40044,12:54:00,16:02:00,188,72,116,No,Entregada
603434,500615,20260908,20260908,20047,30016,40089,15:50:00,18:23:00,153,57,96,No,Retrasada
603435,509475,20250126,20250126,20024,30012,40063,11:00:00,12:09:00,69,52,17,No,Retrasada
603436,509712,20260722,20260722,20022,30023,40098,12:43:00,15:09:00,146,31,115,No,Entregada
603437,507088,20260510,20260510,20026,30007,40059,07:34:00,09:45:00,131,23,108,No,Entregada
603438,501470,20251116,20251116,20037,30020,40098,07:00:00,08:32:00,92,31,61,No,Entregada
603439,508393,20251122,20251122,20047,30012,40082,09:32:00,12:25:00,173,74,99,No,Entregada
603440,508872,20251117,20251117,20037,30005,40047,15:27:00,16:48:00,81,37,44,No,Entregada
603441,507384,20251213,20251213,20028,30010,40044,15:01:00,17:59:00,178,72,106,No,Entregada
603442,501814,20251226,20251226,20017,30016,40092,10:40:00,12:31:00,111,23,88,No,Entregada
603443,503065,20250531,20250531,20029,30001,40019,07:24:00,09:13:00,109,91,18,No,Entregada
603444,506163,20260710,20260710,20003,30021,40096,10:01:00,10:53:00,52,37,15,Sí,Entregada
603445,500515,20261214,20261214,20032,30024,40040,17:40:00,20:50:00,190,76,114,No,Retrasada
603446,506812,20250822,20250822,20018,30014,40014,15:00:00,16:30:00,90,49,41,No,Retrasada
603447,502770,20250613,20250613,20028,30014,40062,14:18:00,16:07:00,109,76,33,No,Retrasada
603448,501211,20250720,20250720,20048,30030,40039,16:05:00,17:35:00,90,73,17,No,Retrasada
603449,509683,20261123,20261123,20046,30003,40085,07:44:00,09:53:00,129,41,88,No,Entregada
603450,502605,20251231,20251231,20001,30013,40098,07:20:00,07:56:00,36,31,5,Sí,Entregada
603451,505232,20250201,20250201,20028,30019,40089,07:47:00,09:53:00,126,57,69,No,Entregada
603452,507023,20250218,20250218,20005,30013,40090,16:10:00,18:32:00,142,36,106,No,Entregada
603453,500853,20251110,20251110,20031,30012,40054,07:09:00,09:01:00,112,82,30,No,Entregada
603454,500287,20260120,20260120,20005,30003,40087,11:33:00,13:55:00,142,113,29,No,Entregada
603455,504263,20261112,20261112,20022,30006,40094,16:59:00,18:22:00,83,24,59,No,Entregada
603456,502473,20250929,20250929,20022,30006,40081,13:20:00,16:49:00,209,94,115,No,Entregada
603457,504852,20251123,20251123,20003,30015,40041,14:58:00,17:42:00,164,92,72,No,Entregada
603458,509801,20250205,20250205,20047,30020,40007,15:35:00,16:39:00,64,50,14,Sí,Entregada
603459,502792,20260620,20260620,20046,30005,40010,09:47:00,12:04:00,137,75,62,No,Retrasada
603460,503344,20250517,20250517,20017,30030,40062,17:20:00,18:44:00,84,76,8,Sí,Retrasada
603461,502089,20250804,20250804,20037,30020,40019,09:33:00,11:12:00,99,91,8,Sí,Entregada
603462,505252,20260528,20260528,20035,30021,40018,10:28:00,11:51:00,83,80,3,Sí,Entregada
603463,507820,20250425,20250425,20018,30012,40032,09:22:00,10:32:00,70,55,15,Sí,Entregada
603464,508880,20250212,20250212,20022,30024,40018,08:08:00,11:06:00,178,80,98,No,Entregada
603465,507338,20260201,20260201,20048,30005,40099,11:20:00,13:50:00,150,32,118,No,Retrasada
603466,502709,20250917,20250917,20017,30011,40007,08:18:00,09:27:00,69,50,19,No,Entregada
603467,500994,20250531,20250531,20032,30006,40078,17:22:00,19:03:00,101,84,17,No,Entregada
603468,503090,20250406,20250406,20031,30029,40054,17:04:00,18:27:00,83,82,1,Sí,Retrasada
603469,503895,20251023,20251023,20001,30017,40059,17:20:00,17:55:00,35,23,12,Sí,Entregada
603470,505601,20261103,20261103,20043,30001,40039,10:08:00,12:34:00,146,73,73,No,Entregada
603471,507194,20261222,20261222,20032,30007,40004,17:16:00,19:50:00,154,60,94,No,Retrasada
603472,508925,20261226,20261226,20031,30002,40072,08:06:00,10:05:00,119,112,7,Sí,Retrasada
603473,506101,20260807,20260807,20035,30021,40044,10:10:00,13:13:00,183,72,111,No,Entregada
603474,501886,20250621,20250621,20031,30016,40059,15:40:00,17:52:00,132,23,109,No,Entregada
603475,504012,20250612,20250612,20047,30017,40052,08:56:00,11:24:00,148,55,93,No,Entregada
603476,506939,20261105,20261105,20031,30011,40071,17:10:00,18:24:00,74,64,10,Sí,Entregada
603477,504925,20260226,20260226,20024,30012,40034,15:28:00,17:45:00,137,37,100,No,Entregada
603478,504466,20250820,20250820,20048,30015,40037,09:43:00,11:45:00,122,81,41,No,Entregada
603479,508383,20260420,20260420,20016,30001,40009,17:52:00,20:31:00,159,40,119,No,Retrasada
603480,505883,20251105,20251105,20037,30006,40001,16:08:00,17:04:00,56,45,11,Sí,Retrasada
603481,500659,20260413,20260413,20012,30009,40019,15:27:00,18:11:00,164,91,73,No,Entregada
603482,506936,20251109,20251109,20033,30013,40006,08:12:00,11:21:00,189,70,119,No,Retrasada
603483,509185,20261212,20261212,20017,30006,40004,10:18:00,12:09:00,111,60,51,No,Entregada
603484,509268,20250309,20250309,20032,30007,40006,16:31:00,17:42:00,71,70,1,Sí,Retrasada
603485,506882,20250404,20250404,20024,30005,40098,17:14:00,18:07:00,53,31,22,No,Entregada
603486,509734,20260823,20260823,20024,30012,40010,15:06:00,17:00:00,114,75,39,No,Entregada
603487,507653,20250820,20250820,20032,30016,40021,09:30:00,12:54:00,204,120,84,No,Entregada
603488,501789,20250320,20250320,20037,30026,40082,10:25:00,12:07:00,102,74,28,No,Entregada
603489,500725,20250326,20250326,20047,30024,40027,09:58:00,12:48:00,170,81,89,No,Retrasada
603490,500463,20250918,20250918,20031,30027,40098,08:28:00,10:07:00,99,31,68,No,Entregada
603491,505041,20251211,20251211,20041,30019,40055,14:13:00,16:01:00,108,78,30,No,Entregada
603492,508624,20250807,20250807,20026,30006,40002,10:02:00,11:16:00,74,55,19,No,Entregada
603493,506536,20260811,20260811,20001,30021,40014,15:12:00,17:21:00,129,49,80,No,Entregada
603494,505248,20250120,20250120,20018,30005,40006,07:12:00,08:23:00,71,70,1,Sí,Retrasada
603495,503946,20260807,20260807,20035,30009,40008,08:45:00,11:25:00,160,58,102,No,Entregada
603496,504879,20260715,20260715,20043,30001,40078,16:41:00,20:03:00,202,84,118,No,Entregada
603497,500972,20250905,20250905,20028,30011,40008,08:38:00,10:42:00,124,58,66,No,Entregada
603498,507305,20251222,20251222,20024,30019,40094,16:46:00,18:31:00,105,24,81,No,Entregada
603499,509390,20251116,20251116,20041,30027,40003,10:11:00,12:50:00,159,42,117,No,Retrasada
603500,509647,20261117,20261117,20028,30019,40019,14:46:00,17:25:00,159,91,68,No,Entregada
603501,508122,20260925,20260925,20041,30015,40086,12:17:00,15:50:00,213,103,110,No,Entregada
603502,506550,20260531,20260531,20003,30012,40077,13:23:00,14:02:00,39,24,15,Sí,Entregada
603503,500282,20261128,20261128,20018,30014,40022,13:00:00,16:17:00,197,110,87,No,Entregada
603504,507174,20250807,20250807,20017,30024,40034,07:14:00,08:58:00,104,37,67,No,Retrasada
603505,507266,20260211,20260211,20005,30026,40027,15:11:00,18:00:00,169,81,88,No,Entregada
603506,504592,20250512,20250512,20035,30023,40007,16:06:00,17:50:00,104,50,54,No,Retrasada
603507,508380,20260506,20260506,20022,30015,40085,11:29:00,13:04:00,95,41,54,No,Entregada
603508,504515,20260803,20260803,20031,30021,40089,14:46:00,16:31:00,105,57,48,No,Entregada
603509,507526,20260407,20260407,20005,30021,40040,17:11:00,20:08:00,177,76,101,No,Entregada
603510,501865,20250505,20250505,20041,30027,40085,16:01:00,16:48:00,47,41,6,Sí,Entregada
603511,502831,20260111,20260111,20032,30019,40042,12:04:00,15:06:00,182,100,82,No,Entregada
603512,500929,20250901,20250901,20047,30005,40047,09:23:00,11:28:00,125,37,88,No,Entregada
603513,505728,20260311,20260311,20003,30017,40073,10:51:00,14:04:00,193,83,110,No,Entregada
603514,500062,20251104,20251104,20028,30015,40060,16:43:00,18:39:00,116,66,50,No,Retrasada
603515,507834,20260120,20260120,20017,30003,40034,16:51:00,18:49:00,118,37,81,No,Entregada
603516,507453,20260512,20260512,20018,30020,40058,16:54:00,20:22:00,208,93,115,No,Entregada
603517,503985,20251020,20251020,20022,30026,40057,11:32:00,13:09:00,97,56,41,No,Retrasada
603518,501132,20250919,20250919,20018,30017,40084,09:52:00,11:27:00,95,33,62,No,Entregada
603519,508742,20250612,20250612,20017,30007,40051,07:06:00,09:05:00,119,43,76,No,Entregada
603520,508151,20260714,20260714,20047,30007,40008,15:41:00,17:05:00,84,58,26,No,Entregada
603521,503685,20250726,20250726,20001,30010,40006,16:07:00,17:50:00,103,70,33,No,Entregada
603522,509037,20250221,20250221,20037,30026,40060,15:37:00,17:07:00,90,66,24,No,Entregada
603523,509024,20250827,20250827,20033,30024,40013,10:34:00,12:24:00,110,87,23,No,Entregada
603524,500658,20260508,20260508,20035,30003,40094,11:44:00,12:13:00,29,24,5,Sí,Entregada
603525,504031,20251220,20251220,20001,30002,40035,14:18:00,16:29:00,131,107,24,No,Entregada
603526,503754,20260727,20260727,20017,30014,40027,09:31:00,12:12:00,161,81,80,No,Retrasada
603527,504836,20251011,20251011,20003,30029,40065,15:57:00,18:12:00,135,61,74,No,Entregada
603528,500182,20260210,20260210,20017,30014,40015,15:01:00,17:59:00,178,64,114,No,Entregada
603529,504762,20250821,20250821,20024,30020,40092,08:14:00,09:04:00,50,23,27,No,Entregada
603530,506512,20260814,20260814,20041,30026,40037,10:08:00,12:06:00,118,81,37,No,Entregada
603531,505019,20260901,20260901,20001,30029,40001,17:01:00,19:03:00,122,45,77,No,Retrasada
603532,504069,20260804,20260804,20001,30013,40034,07:20:00,08:44:00,84,37,47,No,Entregada
603533,505353,20250623,20250623,20011,30001,40028,10:03:00,12:51:00,168,115,53,No,Entregada
603534,500146,20260620,20260620,20045,30010,40009,10:41:00,13:03:00,142,40,102,No,Entregada
603535,504065,20260322,20260322,20048,30003,40008,12:27:00,14:23:00,116,58,58,No,Entregada
603536,500594,20260628,20260628,20028,30003,40093,08:51:00,10:20:00,89,39,50,No,Retrasada
603537,506199,20250903,20250903,20001,30001,40005,07:58:00,10:21:00,143,48,95,No,Entregada
603538,501567,20260315,20260315,20005,30013,40049,17:20:00,19:39:00,139,69,70,No,Entregada
603539,504132,20260416,20260416,20005,30003,40094,10:10:00,10:34:00,24,24,0,Sí,Retrasada
603540,500754,20260519,20260519,20045,30005,40094,12:11:00,13:46:00,95,24,71,No,Entregada
603541,508608,20251128,20251128,20005,30024,40032,07:34:00,10:26:00,172,55,117,No,Entregada
603542,500573,20260201,20260201,20001,30024,40009,10:56:00,11:38:00,42,40,2,Sí,Retrasada
603543,509187,20260722,20260722,20026,30016,40076,15:38:00,18:25:00,167,64,103,No,Retrasada
603544,504163,20250815,20250815,20005,30009,40092,07:00:00,07:49:00,49,23,26,No,Entregada
603545,507408,20250824,20250824,20047,30024,40076,14:43:00,17:17:00,154,64,90,No,Retrasada
603546,505902,20261017,20261017,20018,30010,40073,09:51:00,12:55:00,184,83,101,No,Entregada
603547,500401,20260819,20260819,20003,30027,40002,16:12:00,18:33:00,141,55,86,No,Entregada
603548,504975,20260517,20260517,20041,30026,40090,11:57:00,13:47:00,110,36,74,No,Entregada
603549,509815,20250221,20250221,20048,30001,40027,16:34:00,19:51:00,197,81,116,No,Retrasada
603550,507900,20250617,20250617,20032,30030,40032,09:44:00,12:18:00,154,55,99,No,Entregada
603551,506955,20260408,20260408,20018,30013,40062,13:22:00,16:22:00,180,76,104,No,Entregada
603552,509026,20250708,20250708,20035,30017,40077,14:11:00,15:55:00,104,24,80,No,Entregada
603553,508895,20250806,20250806,20047,30011,40095,16:19:00,17:36:00,77,73,4,Sí,Entregada
603554,500574,20261113,20261113,20032,30013,40081,07:02:00,10:11:00,189,94,95,No,Entregada
603555,504028,20260116,20260116,20046,30026,40055,14:25:00,17:38:00,193,78,115,No,Entregada
603556,507618,20261101,20261101,20041,30029,40009,08:55:00,11:13:00,138,40,98,No,Retrasada
603557,508084,20250311,20250311,20018,30011,40022,14:26:00,16:29:00,123,110,13,Sí,Entregada
603558,501135,20260519,20260519,20018,30021,40051,11:12:00,13:46:00,154,43,111,No,Entregada
603559,503514,20250312,20250312,20026,30021,40096,13:54:00,15:31:00,97,37,60,No,Entregada
603560,500840,20250315,20250315,20031,30020,40082,07:23:00,10:11:00,168,74,94,No,Entregada
603561,501904,20260915,20260915,20047,30001,40005,07:49:00,10:32:00,163,48,115,No,Entregada
603562,505002,20251025,20251025,20026,30011,40027,15:17:00,18:35:00,198,81,117,No,Entregada
603563,505722,20250421,20250421,20032,30030,40040,08:18:00,10:52:00,154,76,78,No,Entregada
603564,509343,20250112,20250112,20018,30014,40062,07:26:00,09:51:00,145,76,69,No,Entregada
603565,501269,20260403,20260403,20024,30027,40065,16:21:00,17:36:00,75,61,14,Sí,Entregada
603566,500497,20250102,20250102,20032,30014,40086,11:06:00,13:24:00,138,103,35,No,Entregada
603567,504322,20250928,20250928,20041,30009,40047,16:50:00,17:34:00,44,37,7,Sí,Entregada
603568,502947,20250416,20250416,20022,30021,40073,16:18:00,17:43:00,85,83,2,Sí,Entregada
603569,501868,20250524,20250524,20028,30021,40008,13:00:00,15:14:00,134,58,76,No,Entregada
603570,502826,20250209,20250209,20026,30011,40089,15:07:00,17:41:00,154,57,97,No,Entregada
603571,509295,20251226,20251226,20047,30012,40035,11:15:00,14:37:00,202,107,95,No,Entregada
603572,508997,20250321,20250321,20017,30029,40027,07:00:00,09:54:00,174,81,93,No,Entregada
603573,508349,20250719,20250719,20047,30021,40046,14:25:00,15:31:00,66,33,33,No,Entregada
603574,504903,20260206,20260206,20041,30019,40010,10:55:00,13:28:00,153,75,78,No,Entregada
603575,508444,20260609,20260609,20018,30013,40059,12:48:00,14:28:00,100,23,77,No,Entregada
603576,503787,20260719,20260719,20003,30007,40062,08:21:00,11:14:00,173,76,97,No,Entregada
603577,504292,20260627,20260627,20032,30002,40022,14:56:00,18:43:00,227,110,117,No,Retrasada
603578,503526,20260601,20260601,20033,30006,40076,16:09:00,19:11:00,182,64,118,No,Entregada
603579,502423,20250428,20250428,20035,30015,40073,13:31:00,15:07:00,96,83,13,Sí,Retrasada
603580,500970,20260924,20260924,20022,30009,40081,12:09:00,15:13:00,184,94,90,No,Entregada
603581,500893,20261021,20261021,20031,30014,40049,10:28:00,11:38:00,70,69,1,Sí,Entregada
603582,508744,20261227,20261227,20032,30026,40098,17:00:00,19:11:00,131,31,100,No,Entregada
603583,501644,20250709,20250709,20037,30010,40071,08:33:00,10:32:00,119,64,55,No,Entregada
603584,508807,20251123,20251123,20003,30026,40011,12:39:00,15:29:00,170,78,92,No,Entregada
603585,503661,20261001,20261001,20045,30021,40071,14:24:00,16:52:00,148,64,84,No,Entregada
603586,508377,20250822,20250822,20005,30015,40006,07:21:00,10:27:00,186,70,116,No,Entregada
603587,503226,20250322,20250322,20003,30017,40029,15:04:00,16:54:00,110,76,34,No,Entregada
603588,508647,20250509,20250509,20033,30024,40087,12:05:00,14:13:00,128,113,15,Sí,Entregada
603589,502404,20260817,20260817,20047,30015,40084,11:32:00,13:57:00,145,33,112,No,Entregada
603590,506917,20260910,20260910,20005,30026,40055,14:21:00,16:58:00,157,78,79,No,Entregada
603591,506969,20260210,20260210,20035,30006,40027,09:09:00,12:28:00,199,81,118,No,Entregada
603592,500474,20250324,20250324,20033,30015,40020,16:56:00,17:42:00,46,43,3,Sí,Entregada
603593,502438,20250802,20250802,20003,30009,40039,15:01:00,16:52:00,111,73,38,No,Entregada
603594,505575,20260618,20260618,20041,30011,40082,13:29:00,16:16:00,167,74,93,No,Entregada
603595,501462,20260511,20260511,20005,30017,40001,12:24:00,14:29:00,125,45,80,No,Entregada
603596,509592,20260222,20260222,20026,30026,40006,17:59:00,20:17:00,138,70,68,No,Entregada
603597,506376,20260513,20260513,20003,30017,40019,15:47:00,18:21:00,154,91,63,No,Entregada
603598,505278,20250112,20250112,20035,30005,40092,17:16:00,18:29:00,73,23,50,No,Entregada
603599,505389,20250813,20250813,20046,30015,40018,15:07:00,17:03:00,116,80,36,No,Entregada
603600,503827,20261012,20261012,20031,30005,40041,14:05:00,16:49:00,164,92,72,No,Entregada
603601,509835,20250622,20250622,20003,30023,40073,11:24:00,13:43:00,139,83,56,No,Entregada
603602,500253,20251012,20251012,20024,30016,40022,17:11:00,20:47:00,216,110,106,No,Entregada
603603,506395,20260217,20260217,20026,30024,40096,11:37:00,13:39:00,122,37,85,No,Entregada
603604,505929,20260217,20260217,20037,30015,40078,14:18:00,16:15:00,117,84,33,No,Entregada
603605,500232,20250321,20250321,20031,30010,40085,14:01:00,15:10:00,69,41,28,No,Entregada
603606,502397,20260607,20260607,20024,30024,40092,17:08:00,19:20:00,132,23,109,No,Entregada
603607,501398,20250830,20250830,20011,30002,40018,12:26:00,14:03:00,97,80,17,No,Entregada
603608,506648,20260213,20260213,20026,30003,40058,08:36:00,11:13:00,157,93,64,No,Entregada
603609,504324,20260427,20260427,20018,30012,40095,10:35:00,11:48:00,73,73,0,Sí,Entregada
603610,504713,20260305,20260305,20003,30005,40058,11:19:00,12:55:00,96,93,3,Sí,Entregada
603611,502896,20251207,20251207,20005,30009,40092,11:42:00,13:26:00,104,23,81,No,Entregada
603612,508707,20251116,20251116,20031,30007,40010,07:58:00,09:55:00,117,75,42,No,Entregada
603613,509726,20250211,20250211,20029,30001,40020,09:40:00,10:54:00,74,43,31,No,Entregada
603614,506659,20260616,20260616,20047,30012,40009,08:45:00,09:52:00,67,40,27,No,Entregada
603615,509988,20260912,20260912,20028,30007,40008,14:18:00,17:00:00,162,58,104,No,Entregada
603616,501480,20251024,20251024,20041,30003,40090,16:41:00,18:56:00,135,36,99,No,Entregada
603617,507543,20250820,20250820,20005,30010,40032,14:43:00,16:39:00,116,55,61,No,Entregada
603618,505837,20260131,20260131,20005,30024,40094,16:58:00,17:55:00,57,24,33,No,Entregada
603619,509552,20250609,20250609,20026,30014,40082,14:51:00,17:58:00,187,74,113,No,Entregada
603620,507463,20251108,20251108,20032,30029,40034,17:24:00,18:56:00,92,37,55,No,Entregada
603621,508753,20250123,20250123,20031,30024,40009,14:19:00,15:11:00,52,40,12,Sí,Retrasada
603622,509341,20260318,20260318,20017,30029,40037,08:52:00,10:30:00,98,81,17,No,Entregada
603623,502091,20250203,20250203,20026,30013,40095,09:50:00,12:43:00,173,73,100,No,Entregada
603624,500649,20250906,20250906,20049,30001,40001,10:08:00,11:31:00,83,45,38,No,Entregada
603625,500222,20260129,20260129,20026,30009,40071,08:18:00,10:03:00,105,64,41,No,Retrasada
603626,508035,20260908,20260908,20041,30017,40051,10:01:00,11:01:00,60,43,17,No,Entregada
603627,509908,20261124,20261124,20018,30016,40002,08:10:00,10:59:00,169,55,114,No,Entregada
603628,505095,20260406,20260406,20022,30017,40039,09:25:00,12:37:00,192,73,119,No,Entregada
603629,507748,20250316,20250316,20024,30021,40066,11:55:00,15:01:00,186,81,105,No,Retrasada
603630,504154,20261202,20261202,20035,30017,40080,14:49:00,16:13:00,84,15,69,No,Entregada
603631,506763,20250525,20250525,20024,30026,40095,08:07:00,10:24:00,137,73,64,No,Entregada
603632,504434,20250726,20250726,20032,30030,40034,07:51:00,10:17:00,146,37,109,No,Entregada
603633,505343,20261205,20261205,20046,30021,40014,13:02:00,15:44:00,162,49,113,No,Entregada
603634,500133,20250122,20250122,20024,30010,40038,14:53:00,15:58:00,65,37,28,No,Retrasada
603635,504150,20250321,20250321,20047,30005,40021,15:40:00,18:57:00,197,120,77,No,Retrasada
603636,501413,20260127,20260127,20001,30026,40010,11:57:00,13:58:00,121,75,46,No,Entregada
603637,506099,20260619,20260619,20003,30027,40058,10:17:00,12:40:00,143,93,50,No,Entregada
603638,505159,20261116,20261116,20047,30027,40037,13:50:00,15:30:00,100,81,19,No,Entregada
603639,501406,20250401,20250401,20032,30003,40027,08:04:00,10:02:00,118,81,37,No,Entregada
603640,509442,20260820,20260820,20035,30005,40081,11:00:00,13:27:00,147,94,53,No,Entregada
603641,502203,20260418,20260418,20046,30017,40054,15:55:00,19:09:00,194,82,112,No,Entregada
603642,509032,20251122,20251122,20047,30017,40037,08:22:00,10:29:00,127,81,46,No,Entregada
603643,505666,20250804,20250804,20022,30015,40020,17:10:00,19:18:00,128,43,85,No,Entregada
603644,506109,20260207,20260207,20026,30030,40027,11:45:00,14:07:00,142,81,61,No,Retrasada
603645,505085,20260707,20260707,20024,30005,40022,15:53:00,19:15:00,202,110,92,No,Entregada
603646,503711,20250124,20250124,20037,30021,40094,10:31:00,12:09:00,98,24,74,No,Entregada
603647,509678,20250206,20250206,20032,30029,40002,15:18:00,16:41:00,83,55,28,No,Retrasada
603648,502088,20250510,20250510,20042,30001,40073,16:13:00,18:16:00,123,83,40,No,Entregada
603649,500199,20260604,20260604,20003,30027,40008,16:02:00,18:37:00,155,58,97,No,Entregada
603650,508619,20260713,20260713,20028,30012,40087,08:51:00,11:13:00,142,113,29,No,Entregada
603651,503153,20250718,20250718,20048,30030,40047,09:01:00,09:55:00,54,37,17,No,Entregada
603652,501998,20251229,20251229,20024,30023,40004,11:53:00,13:09:00,76,60,16,No,Entregada
603653,508424,20261025,20261025,20018,30026,40082,14:50:00,16:17:00,87,74,13,Sí,Entregada
603654,503244,20250124,20250124,20022,30017,40072,10:26:00,13:46:00,200,112,88,No,Entregada
603655,509790,20250920,20250920,20028,30006,40071,14:19:00,17:12:00,173,64,109,No,Entregada
603656,504898,20260702,20260702,20003,30030,40021,16:27:00,18:48:00,141,120,21,No,Entregada
603657,504511,20250523,20250523,20041,30005,40038,16:28:00,19:03:00,155,37,118,No,Entregada
603658,505502,20261025,20261025,20003,30023,40076,15:01:00,16:48:00,107,64,43,No,Entregada
603659,507359,20261029,20261029,20032,30006,40085,08:53:00,10:08:00,75,41,34,No,Entregada
603660,506671,20260621,20260621,20028,30021,40054,14:56:00,16:18:00,82,82,0,Sí,Entregada
603661,508727,20250327,20250327,20012,30009,40084,12:20:00,14:02:00,102,33,69,No,Retrasada
603662,502787,20260622,20260622,20024,30013,40039,10:38:00,12:41:00,123,73,50,No,Entregada
603663,505595,20250603,20250603,20048,30020,40028,15:47:00,18:02:00,135,115,20,No,Entregada
603664,507735,20261016,20261016,20003,30020,40003,08:00:00,10:29:00,149,42,107,No,Entregada
603665,505618,20260628,20260628,20048,30012,40041,15:57:00,18:22:00,145,92,53,No,Entregada
603666,503801,20250104,20250104,20047,30020,40022,08:04:00,11:13:00,189,110,79,No,Entregada
603667,502291,20261006,20261006,20026,30005,40094,16:45:00,18:48:00,123,24,99,No,Entregada
603668,504973,20260402,20260402,20037,30003,40009,09:50:00,11:33:00,103,40,63,No,Entregada
603669,507717,20261215,20261215,20047,30029,40034,15:54:00,16:47:00,53,37,16,No,Entregada
603670,505763,20260315,20260315,20007,30009,40014,12:26:00,13:21:00,55,49,6,Sí,Entregada
603671,506028,20250830,20250830,20008,30002,40007,09:41:00,12:18:00,157,50,107,No,Retrasada
603672,506368,20250912,20250912,20035,30003,40032,14:31:00,16:11:00,100,55,45,No,Entregada
603673,500397,20250805,20250805,20024,30001,40027,16:49:00,19:27:00,158,81,77,No,Entregada
603674,500280,20250603,20250603,20032,30027,40011,12:26:00,13:59:00,93,78,15,Sí,Entregada
603675,509460,20250424,20250424,20028,30027,40044,17:58:00,20:45:00,167,72,95,No,Entregada
603676,506019,20261004,20261004,20026,30026,40022,07:09:00,09:00:00,111,110,1,Sí,Entregada
603677,504571,20260607,20260607,20031,30005,40055,09:04:00,11:11:00,127,78,49,No,Entregada
603678,504599,20261208,20261208,20048,30009,40072,15:04:00,18:16:00,192,112,80,No,Entregada
603679,505522,20260920,20260920,20022,30010,40011,09:29:00,10:58:00,89,78,11,Sí,Entregada
603680,509209,20251026,20251026,20024,30001,40062,12:39:00,14:26:00,107,76,31,No,Entregada
603681,504378,20260331,20260331,20024,30007,40099,14:17:00,14:49:00,32,32,0,Sí,Retrasada
603682,500635,20250818,20250818,20005,30006,40086,15:20:00,18:53:00,213,103,110,No,Entregada
603683,507196,20250813,20250813,20048,30006,40019,10:17:00,12:45:00,148,91,57,No,Retrasada
603684,504139,20260503,20260503,20017,30027,40029,07:44:00,10:22:00,158,76,82,No,Entregada
603685,500270,20260822,20260822,20024,30020,40010,11:38:00,14:29:00,171,75,96,No,Retrasada
603686,501811,20261230,20261230,20028,30012,40052,13:49:00,15:06:00,77,55,22,No,Entregada
603687,501444,20251120,20251120,20017,30016,40095,13:30:00,15:59:00,149,73,76,No,Entregada
603688,503282,20251102,20251102,20041,30021,40062,07:43:00,10:17:00,154,76,78,No,Retrasada
603689,501110,20250313,20250313,20017,30005,40084,08:36:00,09:35:00,59,33,26,No,Entregada
603690,503496,20260311,20260311,20024,30019,40082,16:07:00,18:39:00,152,74,78,No,Entregada
603691,504587,20261001,20261001,20026,30030,40028,16:26:00,20:09:00,223,115,108,No,Entregada
603692,500392,20260326,20260326,20047,30014,40001,10:38:00,12:26:00,108,45,63,No,Entregada
603693,502328,20261128,20261128,20045,30006,40001,08:08:00,09:49:00,101,45,56,No,Retrasada
603694,505339,20250430,20250430,20003,30016,40059,09:09:00,10:32:00,83,23,60,No,Entregada
603695,508740,20260126,20260126,20043,30001,40059,17:08:00,18:25:00,77,23,54,No,Entregada
603696,502507,20250119,20250119,20026,30002,40021,16:58:00,20:17:00,199,120,79,No,Entregada
603697,504119,20260228,20260228,20028,30026,40099,17:30:00,18:39:00,69,32,37,No,Entregada
603698,503560,20250803,20250803,20045,30023,40006,12:33:00,15:02:00,149,70,79,No,Entregada
603699,508548,20260531,20260531,20005,30013,40078,09:33:00,11:25:00,112,84,28,No,Entregada
603700,501938,20250918,20250918,20017,30019,40003,08:18:00,09:34:00,76,42,34,No,Entregada
603701,503958,20260319,20260319,20001,30001,40077,13:52:00,15:22:00,90,24,66,No,Entregada
603702,501080,20251018,20251018,20022,30029,40034,17:08:00,18:18:00,70,37,33,No,Entregada
603703,502505,20261202,20261202,20032,30012,40096,16:42:00,17:59:00,77,37,40,No,Entregada
603704,506901,20261023,20261023,20028,30030,40081,12:13:00,13:49:00,96,94,2,Sí,Entregada
603705,506739,20250424,20250424,20035,30020,40086,11:46:00,14:00:00,134,103,31,No,Entregada
603706,502157,20250825,20250825,20032,30012,40054,07:42:00,10:25:00,163,82,81,No,Entregada
603707,500490,20260526,20260526,20024,30019,40015,17:16:00,18:26:00,70,64,6,Sí,Entregada
603708,501944,20250425,20250425,20046,30029,40006,16:32:00,17:42:00,70,70,0,Sí,Entregada
603709,500279,20250809,20250809,20028,30030,40062,09:59:00,11:28:00,89,76,13,Sí,Entregada
603710,504294,20251015,20251015,20003,30012,40095,15:37:00,18:25:00,168,73,95,No,Entregada
603711,508644,20261209,20261209,20033,30010,40052,07:09:00,09:46:00,157,55,102,No,Entregada
603712,502468,20260809,20260809,20037,30002,40063,08:29:00,10:31:00,122,52,70,No,Entregada
603713,506567,20250801,20250801,20003,30019,40034,09:05:00,11:19:00,134,37,97,No,Entregada
603714,503095,20260812,20260812,20026,30029,40013,10:28:00,12:54:00,146,87,59,No,Entregada
603715,503467,20251004,20251004,20022,30023,40049,08:13:00,10:58:00,165,69,96,No,Entregada
603716,506768,20250513,20250513,20032,30016,40032,10:10:00,12:59:00,169,55,114,No,Entregada
603717,507610,20260526,20260526,20046,30021,40096,07:55:00,10:22:00,147,37,110,No,Retrasada
603718,501712,20250827,20250827,20017,30016,40029,16:12:00,18:47:00,155,76,79,No,Entregada
603719,509035,20260412,20260412,20031,30019,40052,15:46:00,17:12:00,86,55,31,No,Entregada
603720,504811,20250925,20250925,20031,30027,40089,11:43:00,13:41:00,118,57,61,No,Entregada
603721,504548,20250930,20250930,20032,30001,40028,15:13:00,18:28:00,195,115,80,No,Entregada
603722,507655,20260809,20260809,20037,30015,40014,15:17:00,17:04:00,107,49,58,No,Entregada
603723,500868,20250810,20250810,20042,30009,40032,09:09:00,11:01:00,112,55,57,No,Entregada
603724,500240,20261117,20261117,20048,30017,40032,08:53:00,10:23:00,90,55,35,No,Retrasada
603725,509514,20260226,20260226,20043,30001,40059,07:12:00,08:45:00,93,23,70,No,Entregada
603726,506694,20260727,20260727,20026,30013,40040,17:00:00,18:30:00,90,76,14,Sí,Entregada
603727,509229,20260718,20260718,20003,30005,40094,14:23:00,16:13:00,110,24,86,No,Entregada
603728,509434,20260525,20260525,20024,30014,40098,15:31:00,16:23:00,52,31,21,No,Entregada
603729,500357,20260312,20260312,20033,30013,40069,08:13:00,10:07:00,114,52,62,No,Entregada
603730,509073,20260110,20260110,20032,30029,40096,08:40:00,09:41:00,61,37,24,No,Entregada
603731,504209,20260421,20260421,20001,30021,40051,14:06:00,15:36:00,90,43,47,No,Entregada
603732,504134,20260912,20260912,20032,30026,40049,09:45:00,12:50:00,185,69,116,No,Entregada
603733,505146,20260711,20260711,20003,30013,40002,14:08:00,15:43:00,95,55,40,No,Entregada
603734,503149,20261031,20261031,20001,30006,40006,14:03:00,16:40:00,157,70,87,No,Entregada
603735,500370,20251213,20251213,20008,30009,40018,08:59:00,12:08:00,189,80,109,No,Retrasada
603736,503909,20260801,20260801,20012,30001,40047,17:56:00,20:09:00,133,37,96,No,Retrasada
603737,506251,20260702,20260702,20032,30029,40005,10:48:00,13:03:00,135,48,87,No,Entregada
603738,505308,20260604,20260604,20017,30012,40015,09:09:00,11:09:00,120,64,56,No,Entregada
603739,508688,20250601,20250601,20028,30017,40041,12:17:00,15:24:00,187,92,95,No,Entregada
603740,501262,20250519,20250519,20017,30020,40003,17:48:00,19:57:00,129,42,87,No,Entregada
603741,504113,20251210,20251210,20045,30006,40047,12:36:00,14:20:00,104,37,67,No,Retrasada
603742,502822,20260330,20260330,20024,30024,40080,08:56:00,09:27:00,31,15,16,No,Entregada
603743,509762,20260821,20260821,20024,30017,40044,13:07:00,15:08:00,121,72,49,No,Entregada
603744,500050,20251103,20251103,20032,30017,40090,09:47:00,11:56:00,129,36,93,No,Entregada
603745,509446,20250319,20250319,20037,30021,40052,12:40:00,14:32:00,112,55,57,No,Retrasada
603746,508651,20251215,20251215,20026,30011,40032,09:31:00,10:46:00,75,55,20,No,Retrasada
603747,507090,20250713,20250713,20041,30016,40066,11:33:00,14:07:00,154,81,73,No,Entregada
603748,503503,20260924,20260924,20042,30002,40085,15:15:00,16:37:00,82,41,41,No,Entregada
603749,508015,20260210,20260210,20046,30024,40029,08:40:00,11:19:00,159,76,83,No,Entregada
603750,504928,20260430,20260430,20017,30019,40073,08:21:00,10:28:00,127,83,44,No,Retrasada
603751,500346,20250825,20250825,20026,30006,40006,08:12:00,09:38:00,86,70,16,No,Retrasada
603752,504838,20250811,20250811,20024,30026,40051,14:12:00,15:08:00,56,43,13,Sí,Entregada
603753,503673,20260511,20260511,20048,30017,40095,09:11:00,10:52:00,101,73,28,No,Entregada
603754,508176,20260325,20260325,20042,30001,40010,13:43:00,16:19:00,156,75,81,No,Entregada
603755,506471,20250501,20250501,20032,30003,40047,16:18:00,18:54:00,156,37,119,No,Entregada
603756,506571,20250121,20250121,20028,30011,40034,17:19:00,19:42:00,143,37,106,No,Entregada
603757,507215,20261210,20261210,20046,30023,40086,10:24:00,12:15:00,111,103,8,Sí,Entregada
603758,505051,20251206,20251206,20033,30023,40063,09:34:00,11:44:00,130,52,78,No,Entregada
603759,507771,20260729,20260729,20041,30019,40042,11:06:00,13:00:00,114,100,14,Sí,Entregada
603760,500145,20260302,20260302,20032,30014,40047,15:57:00,16:52:00,55,37,18,No,Entregada
603761,504092,20250724,20250724,20026,30021,40093,09:33:00,11:40:00,127,39,88,No,Entregada
603762,501760,20250421,20250421,20016,30002,40029,08:31:00,10:12:00,101,76,25,No,Entregada
603763,503304,20260317,20260317,20048,30013,40086,12:37:00,15:08:00,151,103,48,No,Entregada
603764,500290,20250228,20250228,20026,30012,40059,09:10:00,11:08:00,118,23,95,No,Entregada
603765,505553,20260727,20260727,20033,30006,40041,11:32:00,14:09:00,157,92,65,No,Entregada
603766,506984,20260212,20260212,20047,30030,40078,16:47:00,19:58:00,191,84,107,No,Entregada
603767,508823,20250721,20250721,20018,30003,40035,17:42:00,20:17:00,155,107,48,No,Retrasada
603768,506126,20250529,20250529,20003,30009,40080,07:48:00,09:49:00,121,15,106,No,Entregada
603769,500109,20250128,20250128,20028,30007,40055,12:54:00,15:06:00,132,78,54,No,Entregada
603770,501116,20250114,20250114,20041,30027,40086,12:07:00,15:01:00,174,103,71,No,Entregada
603771,509253,20260315,20260315,20017,30027,40076,17:29:00,20:12:00,163,64,99,No,Entregada
603772,506319,20261123,20261123,20032,30001,40008,07:45:00,08:49:00,64,58,6,Sí,Entregada
603773,500590,20260217,20260217,20048,30006,40014,13:47:00,15:21:00,94,49,45,No,Entregada
603774,508782,20250421,20250421,20026,30020,40047,09:08:00,10:45:00,97,37,60,No,Entregada
603775,509750,20250318,20250318,20046,30003,40041,15:56:00,18:16:00,140,92,48,No,Entregada
603776,500700,20261027,20261027,20041,30016,40015,08:57:00,10:10:00,73,64,9,Sí,Entregada
603777,504981,20250921,20250921,20018,30026,40021,09:23:00,12:42:00,199,120,79,No,Entregada
603778,503007,20250131,20250131,20037,30003,40003,10:19:00,11:58:00,99,42,57,No,Entregada
603779,508419,20250215,20250215,20048,30003,40049,15:06:00,16:43:00,97,69,28,No,Retrasada
603780,508685,20250711,20250711,20001,30024,40042,09:13:00,12:24:00,191,100,91,No,Entregada
603781,502833,20250418,20250418,20028,30020,40034,09:27:00,10:19:00,52,37,15,Sí,Retrasada
603782,509405,20260424,20260424,20046,30023,40080,08:10:00,09:44:00,94,15,79,No,Entregada
603783,505725,20260401,20260401,20046,30006,40071,12:33:00,15:21:00,168,64,104,No,Retrasada
603784,503111,20250110,20250110,20045,30017,40022,08:29:00,11:01:00,152,110,42,No,Retrasada
603785,502946,20250114,20250114,20032,30011,40098,10:18:00,12:06:00,108,31,77,No,Retrasada
603786,508398,20250405,20250405,20045,30017,40093,15:57:00,17:08:00,71,39,32,No,Retrasada
603787,502710,20250423,20250423,20031,30027,40047,12:00:00,14:37:00,157,37,120,No,Retrasada
603788,505824,20261214,20261214,20003,30029,40084,16:34:00,18:30:00,116,33,83,No,Entregada
603789,505556,20260714,20260714,20035,30013,40098,14:15:00,15:52:00,97,31,66,No,Entregada
603790,509277,20251020,20251020,20047,30011,40093,14:38:00,16:24:00,106,39,67,No,Entregada
603791,500828,20250304,20250304,20046,30017,40041,13:37:00,15:10:00,93,92,1,Sí,Entregada
603792,509392,20250828,20250828,20026,30012,40029,11:45:00,14:48:00,183,76,107,No,Entregada
603793,500904,20260519,20260519,20018,30005,40006,09:19:00,11:17:00,118,70,48,No,Entregada
603794,508559,20250925,20250925,20026,30015,40037,16:15:00,19:05:00,170,81,89,No,Entregada
603795,507163,20251018,20251018,20045,30009,40008,16:49:00,18:19:00,90,58,32,No,Entregada
603796,505500,20250519,20250519,20032,30021,40082,17:09:00,19:50:00,161,74,87,No,Retrasada
603797,505274,20260409,20260409,20001,30024,40014,11:41:00,14:17:00,156,49,107,No,Entregada
603798,503891,20250504,20250504,20003,30005,40052,16:37:00,17:52:00,75,55,20,No,Entregada
603799,506728,20251104,20251104,20022,30013,40094,14:36:00,16:45:00,129,24,105,No,Entregada
603800,504244,20250305,20250305,20018,30009,40022,08:18:00,11:34:00,196,110,86,No,Entregada
603801,501800,20250217,20250217,20017,30027,40080,12:36:00,14:07:00,91,15,76,No,Entregada
603802,501547,20260429,20260429,20026,30011,40046,13:19:00,14:39:00,80,33,47,No,Entregada
603803,507636,20250315,20250315,20028,30011,40014,16:55:00,17:45:00,50,49,1,Sí,Entregada
603804,502424,20261012,20261012,20032,30027,40060,16:17:00,17:42:00,85,66,19,No,Entregada
603805,500135,20260705,20260705,20048,30016,40021,10:02:00,12:04:00,122,120,2,Sí,Entregada
603806,501356,20250412,20250412,20032,30014,40047,12:21:00,13:09:00,48,37,11,Sí,Entregada
603807,504816,20261023,20261023,20003,30001,40005,08:17:00,10:44:00,147,48,99,No,Entregada
603808,500405,20260225,20260225,20022,30015,40021,12:38:00,14:53:00,135,120,15,Sí,Retrasada
603809,501638,20250129,20250129,20026,30012,40072,16:15:00,18:40:00,145,112,33,No,Entregada
603810,505605,20261101,20261101,20017,30012,40021,09:13:00,13:02:00,229,120,109,No,Entregada
603811,501804,20261208,20261208,20022,30015,40090,10:11:00,12:03:00,112,36,76,No,Entregada
603812,509294,20261113,20261113,20047,30016,40089,11:37:00,14:13:00,156,57,99,No,Entregada
603813,508673,20251018,20251018,20005,30015,40069,15:43:00,16:52:00,69,52,17,No,Entregada
603814,503983,20260416,20260416,20041,30011,40063,09:02:00,10:45:00,103,52,51,No,Entregada
603815,505784,20260206,20260206,20048,30021,40071,13:12:00,16:13:00,181,64,117,No,Retrasada
603816,508097,20260821,20260821,20028,30026,40073,08:10:00,10:23:00,133,83,50,No,Entregada
603817,503825,20250814,20250814,20024,30029,40096,16:19:00,18:31:00,132,37,95,No,Entregada
603818,508278,20251005,20251005,20041,30019,40010,08:23:00,09:56:00,93,75,18,No,Entregada
603819,501407,20250523,20250523,20032,30019,40008,16:24:00,17:48:00,84,58,26,No,Retrasada
603820,507120,20261117,20261117,20041,30014,40042,12:56:00,16:22:00,206,100,106,No,Entregada
603821,507376,20250919,20250919,20026,30015,40087,17:46:00,20:26:00,160,113,47,No,Entregada
603822,506184,20260518,20260518,20003,30017,40099,08:08:00,09:38:00,90,32,58,No,Entregada
603823,509996,20260710,20260710,20048,30015,40042,09:22:00,11:12:00,110,100,10,Sí,Entregada
603824,505472,20260207,20260207,20005,30005,40072,13:26:00,16:21:00,175,112,63,No,Entregada
603825,500873,20250216,20250216,20041,30027,40037,15:54:00,18:23:00,149,81,68,No,Entregada
603826,507341,20250209,20250209,20017,30021,40051,11:52:00,13:27:00,95,43,52,No,Entregada
603827,506463,20250917,20250917,20026,30024,40076,11:30:00,12:42:00,72,64,8,Sí,Entregada
603828,503516,20250831,20250831,20003,30024,40096,08:32:00,09:11:00,39,37,2,Sí,Entregada
603829,505888,20250607,20250607,20001,30013,40046,15:48:00,17:30:00,102,33,69,No,Entregada
603830,507709,20260127,20260127,20026,30016,40063,13:44:00,15:01:00,77,52,25,No,Entregada
603831,506196,20260816,20260816,20024,30021,40098,09:28:00,11:10:00,102,31,71,No,Entregada
603832,504677,20250102,20250102,20031,30019,40022,11:26:00,15:16:00,230,110,120,No,Entregada
603833,509154,20251004,20251004,20018,30015,40046,17:17:00,18:27:00,70,33,37,No,Entregada
603834,504949,20261027,20261027,20041,30011,40005,16:06:00,18:21:00,135,48,87,No,Entregada
603835,507793,20260427,20260427,20017,30026,40078,15:45:00,19:07:00,202,84,118,No,Entregada
603836,503112,20260615,20260615,20018,30023,40010,07:13:00,10:26:00,193,75,118,No,Entregada
603837,505132,20260807,20260807,20037,30017,40010,17:51:00,19:15:00,84,75,9,Sí,Entregada
603838,504866,20261203,20261203,20024,30012,40055,13:03:00,14:58:00,115,78,37,No,Entregada
603839,500419,20261021,20261021,20041,30010,40006,10:57:00,14:05:00,188,70,118,No,Entregada
603840,503370,20250903,20250903,20045,30013,40073,09:48:00,11:44:00,116,83,33,No,Entregada
603841,508373,20260626,20260626,20018,30030,40040,17:33:00,18:58:00,85,76,9,Sí,Entregada
603842,509689,20260826,20260826,20047,30001,40095,17:56:00,19:25:00,89,73,16,No,Retrasada
603843,502746,20250712,20250712,20046,30020,40003,15:35:00,17:23:00,108,42,66,No,Entregada
603844,505544,20260725,20260725,20018,30024,40014,13:36:00,15:06:00,90,49,41,No,Entregada
603845,505942,20260811,20260811,20024,30017,40001,08:45:00,11:07:00,142,45,97,No,Entregada
603846,508659,20261213,20261213,20026,30027,40039,10:33:00,13:10:00,157,73,84,No,Entregada
603847,504208,20260213,20260213,20022,30002,40035,09:11:00,12:58:00,227,107,120,No,Retrasada
603848,505949,20260222,20260222,20018,30014,40015,10:16:00,12:41:00,145,64,81,No,Entregada
603849,505264,20250905,20250905,20018,30011,40006,17:41:00,19:09:00,88,70,18,No,Entregada
603850,505412,20260505,20260505,20041,30017,40034,08:20:00,09:08:00,48,37,11,Sí,Entregada
603851,503541,20250822,20250822,20003,30014,40042,13:31:00,16:24:00,173,100,73,No,Entregada
603852,506840,20261223,20261223,20037,30021,40008,11:26:00,13:14:00,108,58,50,No,Entregada
603853,505275,20261215,20261215,20035,30024,40072,14:20:00,17:14:00,174,112,62,No,Entregada
603854,502109,20260403,20260403,20031,30005,40082,07:01:00,08:26:00,85,74,11,Sí,Entregada
603855,508942,20250722,20250722,20018,30007,40007,17:50:00,18:47:00,57,50,7,Sí,Entregada
603856,500446,20260429,20260429,20022,30001,40019,15:41:00,18:04:00,143,91,52,No,Retrasada
603857,507317,20260817,20260817,20017,30011,40085,10:31:00,12:36:00,125,41,84,No,Entregada
603858,504102,20261211,20261211,20046,30021,40073,07:07:00,10:21:00,194,83,111,No,Entregada
603859,507798,20250613,20250613,20047,30019,40007,14:56:00,16:21:00,85,50,35,No,Entregada
603860,507726,20260103,20260103,20047,30030,40018,14:39:00,17:44:00,185,80,105,No,Entregada
603861,502050,20250910,20250910,20017,30020,40044,14:17:00,15:42:00,85,72,13,Sí,Entregada
603862,506120,20251230,20251230,20007,30002,40010,10:55:00,14:03:00,188,75,113,No,Entregada
603863,505102,20250108,20250108,20047,30020,40054,14:57:00,17:08:00,131,82,49,No,Entregada
603864,507234,20260502,20260502,20031,30005,40054,07:19:00,09:19:00,120,82,38,No,Entregada
603865,503001,20250215,20250215,20047,30020,40081,09:14:00,12:15:00,181,94,87,No,Entregada
603866,501113,20250611,20250611,20047,30003,40062,09:08:00,10:32:00,84,76,8,Sí,Entregada
603867,509939,20260708,20260708,20003,30027,40082,14:01:00,15:40:00,99,74,25,No,Retrasada
603868,502796,20251106,20251106,20041,30021,40021,11:05:00,13:42:00,157,120,37,No,Retrasada
603869,505662,20261021,20261021,20018,30014,40087,16:15:00,19:08:00,173,113,60,No,Entregada
603870,502798,20250226,20250226,20001,30023,40047,16:15:00,18:17:00,122,37,85,No,Entregada
603871,504216,20250605,20250605,20003,30005,40098,13:14:00,14:58:00,104,31,73,No,Entregada
603872,507243,20250915,20250915,20026,30019,40058,13:17:00,15:51:00,154,93,61,No,Entregada
603873,504551,20261125,20261125,20042,30001,40093,17:56:00,18:40:00,44,39,5,Sí,Retrasada
603874,507846,20250501,20250501,20026,30013,40009,11:01:00,12:31:00,90,40,50,No,Entregada
603875,506723,20260528,20260528,20003,30019,40052,16:22:00,17:54:00,92,55,37,No,Entregada
603876,502682,20260127,20260127,20048,30007,40014,08:59:00,09:57:00,58,49,9,Sí,Retrasada
603877,506338,20251117,20251117,20005,30003,40063,11:07:00,13:10:00,123,52,71,No,Entregada
603878,500178,20250726,20250726,20045,30021,40042,07:56:00,10:45:00,169,100,69,No,Entregada
603879,509983,20250311,20250311,20033,30009,40049,14:22:00,16:09:00,107,69,38,No,Entregada
603880,500111,20260709,20260709,20048,30021,40002,12:51:00,14:03:00,72,55,17,No,Entregada
603881,509202,20260120,20260120,20048,30012,40098,11:57:00,13:43:00,106,31,75,No,Entregada
603882,502363,20260730,20260730,20045,30010,40020,16:45:00,17:54:00,69,43,26,No,Entregada
603883,503563,20261026,20261026,20035,30023,40027,09:59:00,13:09:00,190,81,109,No,Entregada
603884,504662,20250704,20250704,20032,30012,40046,16:03:00,17:17:00,74,33,41,No,Entregada
603885,505069,20250524,20250524,20048,30016,40093,07:24:00,09:48:00,144,39,105,No,Entregada
603886,507897,20251123,20251123,20024,30003,40001,07:56:00,09:55:00,119,45,74,No,Retrasada
603887,503352,20260103,20260103,20001,30005,40084,10:51:00,12:15:00,84,33,51,No,Entregada
603888,508573,20260727,20260727,20018,30013,40057,14:56:00,17:18:00,142,56,86,No,Entregada
603889,509181,20250819,20250819,20024,30024,40085,16:35:00,17:46:00,71,41,30,No,Retrasada
603890,503670,20250128,20250128,20018,30015,40046,10:51:00,12:34:00,103,33,70,No,Entregada
603891,509045,20250811,20250811,20003,30027,40029,10:32:00,12:20:00,108,76,32,No,Entregada
603892,500634,20250513,20250513,20024,30030,40034,15:49:00,16:27:00,38,37,1,Sí,Entregada
603893,502540,20261028,20261028,20005,30021,40008,10:48:00,12:32:00,104,58,46,No,Entregada
603894,508149,20250203,20250203,20035,30003,40078,16:55:00,19:56:00,181,84,97,No,Entregada
603895,503212,20261031,20261031,20024,30029,40003,14:14:00,15:30:00,76,42,34,No,Retrasada
603896,506017,20260204,20260204,20028,30024,40029,13:41:00,16:50:00,189,76,113,No,Entregada
603897,506483,20261122,20261122,20028,30011,40073,08:27:00,11:39:00,192,83,109,No,Entregada
603898,507737,20250528,20250528,20032,30019,40041,16:01:00,18:44:00,163,92,71,No,Entregada
603899,507383,20260128,20260128,20018,30017,40049,12:08:00,14:00:00,112,69,43,No,Retrasada
603900,501615,20250101,20250101,20048,30011,40071,12:42:00,13:55:00,73,64,9,Sí,Entregada
603901,505607,20260408,20260408,20018,30021,40082,09:56:00,12:01:00,125,74,51,No,Entregada
603902,507706,20251003,20251003,20041,30005,40086,10:13:00,12:06:00,113,103,10,Sí,Entregada
603903,503687,20251213,20251213,20024,30014,40066,10:37:00,12:55:00,138,81,57,No,Retrasada
603904,507720,20250512,20250512,20026,30003,40003,09:40:00,10:57:00,77,42,35,No,Entregada
603905,508357,20251002,20251002,20041,30014,40006,15:44:00,17:40:00,116,70,46,No,Entregada
603906,500783,20260715,20260715,20003,30012,40021,17:00:00,19:39:00,159,120,39,No,Entregada
603907,508571,20251123,20251123,20047,30021,40007,07:41:00,09:38:00,117,50,67,No,Retrasada
603908,504345,20251126,20251126,20002,30002,40082,10:29:00,12:01:00,92,74,18,No,Entregada
603909,505584,20260708,20260708,20028,30029,40042,11:34:00,14:54:00,200,100,100,No,Entregada
603910,505741,20260628,20260628,20047,30030,40035,11:38:00,14:22:00,164,107,57,No,Entregada
603911,507691,20250909,20250909,20031,30011,40002,09:19:00,11:07:00,108,55,53,No,Entregada
603912,508501,20250530,20250530,20003,30011,40065,16:05:00,17:29:00,84,61,23,No,Entregada
603913,505024,20261126,20261126,20022,30005,40039,15:49:00,17:54:00,125,73,52,No,Entregada
603914,505980,20260512,20260512,20028,30010,40090,08:51:00,10:23:00,92,36,56,No,Entregada
603915,501783,20250609,20250609,20047,30011,40071,13:49:00,14:57:00,68,64,4,Sí,Retrasada
603916,502779,20250421,20250421,20048,30001,40042,10:01:00,12:10:00,129,100,29,No,Entregada
603917,502520,20260613,20260613,20005,30024,40037,12:38:00,14:11:00,93,81,12,Sí,Entregada
603918,507478,20260428,20260428,20035,30017,40044,11:18:00,12:58:00,100,72,28,No,Entregada
603919,501111,20260903,20260903,20032,30014,40007,17:15:00,19:34:00,139,50,89,No,Retrasada
603920,502983,20251210,20251210,20005,30029,40082,11:09:00,13:20:00,131,74,57,No,Entregada
603921,502525,20250605,20250605,20003,30016,40022,08:47:00,11:52:00,185,110,75,No,Retrasada
603922,503933,20260707,20260707,20033,30009,40019,16:53:00,18:51:00,118,91,27,No,Entregada
603923,502932,20250924,20250924,20041,30013,40078,15:04:00,17:44:00,160,84,76,No,Entregada
603924,506962,20260622,20260622,20032,30017,40054,11:17:00,14:04:00,167,82,85,No,Entregada
603925,500456,20261207,20261207,20005,30017,40028,11:41:00,15:16:00,215,115,100,No,Entregada
603926,501478,20251222,20251222,20026,30015,40098,08:27:00,10:27:00,120,31,89,No,Retrasada
603927,507601,20250822,20250822,20047,30029,40093,07:15:00,09:09:00,114,39,75,No,Entregada
603928,503892,20250711,20250711,20035,30020,40054,11:13:00,12:57:00,104,82,22,No,Entregada
603929,506313,20251019,20251019,20026,30007,40054,12:28:00,14:49:00,141,82,59,No,Retrasada
603930,504022,20250223,20250223,20047,30007,40077,13:36:00,14:31:00,55,24,31,No,Retrasada
603931,504795,20261223,20261223,20047,30012,40032,14:38:00,15:37:00,59,55,4,Sí,Entregada
603932,506320,20250316,20250316,20017,30017,40042,09:48:00,12:41:00,173,100,73,No,Retrasada
603933,506334,20260826,20260826,20022,30009,40015,13:05:00,15:01:00,116,64,52,No,Retrasada
603934,503313,20260331,20260331,20035,30021,40007,17:54:00,19:33:00,99,50,49,No,Entregada
603935,509858,20250430,20250430,20028,30012,40037,17:38:00,20:44:00,186,81,105,No,Entregada
603936,502379,20250403,20250403,20001,30001,40054,07:39:00,09:07:00,88,82,6,Sí,Entregada
603937,500737,20250926,20250926,20045,30005,40071,13:55:00,15:26:00,91,64,27,No,Entregada
603938,502929,20251207,20251207,20045,30003,40081,11:14:00,14:26:00,192,94,98,No,Entregada
603939,507805,20260427,20260427,20031,30011,40084,16:36:00,17:23:00,47,33,14,Sí,Entregada
603940,508518,20260225,20260225,20017,30006,40089,07:10:00,08:10:00,60,57,3,Sí,Entregada
603941,505120,20250402,20250402,20047,30012,40094,07:25:00,09:36:00,131,24,107,No,Entregada
603942,502129,20261223,20261223,20003,30012,40006,14:00:00,16:10:00,130,70,60,No,Entregada
603943,501104,20250511,20250511,20032,30026,40041,10:40:00,12:34:00,114,92,22,No,Entregada
603944,506802,20251005,20251005,20031,30007,40041,15:15:00,18:11:00,176,92,84,No,Entregada
603945,506197,20251118,20251118,20017,30030,40034,10:56:00,13:21:00,145,37,108,No,Entregada
603946,503016,20251102,20251102,20032,30017,40002,10:38:00,13:25:00,167,55,112,No,Entregada
603947,503012,20250325,20250325,20022,30017,40047,14:40:00,16:59:00,139,37,102,No,Retrasada
603948,509912,20250122,20250122,20032,30007,40060,17:34:00,19:02:00,88,66,22,No,Entregada
603949,504823,20250225,20250225,20047,30023,40051,10:08:00,11:06:00,58,43,15,Sí,Entregada
603950,506988,20250618,20250618,20046,30001,40084,17:15:00,18:55:00,100,33,67,No,Entregada
603951,507086,20251022,20251022,20026,30024,40044,13:48:00,16:19:00,151,72,79,No,Retrasada
603952,504196,20250125,20250125,20032,30014,40057,17:01:00,18:40:00,99,56,43,No,Entregada
603953,507749,20250907,20250907,20031,30021,40052,11:15:00,13:50:00,155,55,100,No,Entregada
603954,504440,20250310,20250310,20003,30012,40080,12:52:00,14:58:00,126,15,111,No,Entregada
603955,505528,20250823,20250823,20008,30002,40004,15:40:00,18:11:00,151,60,91,No,Retrasada
603956,501423,20261119,20261119,20018,30017,40081,11:43:00,13:28:00,105,94,11,Sí,Entregada
603957,501947,20260831,20260831,20048,30015,40001,08:38:00,10:18:00,100,45,55,No,Entregada
603958,505708,20260929,20260929,20026,30002,40098,15:01:00,16:40:00,99,31,68,No,Entregada
603959,507703,20250720,20250720,20028,30014,40098,10:45:00,13:05:00,140,31,109,No,Entregada
603960,509188,20250323,20250323,20017,30030,40077,17:14:00,18:54:00,100,24,76,No,Entregada
603961,507782,20250331,20250331,20026,30012,40040,13:04:00,16:05:00,181,76,105,No,Entregada
603962,505562,20260816,20260816,20017,30030,40069,16:29:00,19:12:00,163,52,111,No,Entregada
603963,506779,20250710,20250710,20003,30027,40092,08:14:00,09:54:00,100,23,77,No,Entregada
603964,507988,20250223,20250223,20043,30001,40071,14:01:00,15:46:00,105,64,41,No,Entregada
603965,504649,20260517,20260517,20028,30021,40044,10:00:00,12:19:00,139,72,67,No,Entregada
603966,505289,20260608,20260608,20005,30003,40035,08:10:00,10:29:00,139,107,32,No,Entregada
603967,506712,20260609,20260609,20046,30029,40021,08:44:00,11:39:00,175,120,55,No,Entregada
603968,509306,20250916,20250916,20028,30030,40080,08:40:00,10:06:00,86,15,71,No,Entregada
603969,509798,20260130,20260130,20032,30012,40055,16:45:00,18:53:00,128,78,50,No,Entregada
603970,504262,20251128,20251128,20028,30026,40047,13:16:00,14:35:00,79,37,42,No,Retrasada
603971,507254,20250801,20250801,20031,30007,40060,13:38:00,14:58:00,80,66,14,Sí,Entregada
603972,503174,20261215,20261215,20001,30026,40054,10:40:00,12:06:00,86,82,4,Sí,Entregada
603973,508827,20250327,20250327,20033,30026,40040,10:01:00,12:39:00,158,76,82,No,Entregada
603974,505655,20260430,20260430,20005,30009,40057,15:41:00,17:27:00,106,56,50,No,Entregada
603975,508859,20260923,20260923,20041,30026,40090,07:03:00,07:50:00,47,36,11,Sí,Retrasada
603976,505395,20261103,20261103,20048,30011,40058,11:40:00,14:47:00,187,93,94,No,Entregada
603977,508868,20250716,20250716,20041,30026,40060,17:09:00,19:41:00,152,66,86,No,Entregada
603978,509839,20260202,20260202,20035,30010,40022,08:40:00,11:05:00,145,110,35,No,Retrasada
603979,504848,20250826,20250826,20041,30010,40093,15:40:00,17:25:00,105,39,66,No,Entregada
603980,509927,20261110,20261110,20041,30019,40058,12:08:00,14:41:00,153,93,60,No,Entregada
603981,507540,20260517,20260517,20005,30026,40040,15:29:00,17:02:00,93,76,17,No,Entregada
603982,509455,20261211,20261211,20033,30015,40003,17:32:00,19:16:00,104,42,62,No,Entregada
603983,509525,20261121,20261121,20033,30015,40080,10:45:00,12:58:00,133,15,118,No,Retrasada
603984,505364,20250528,20250528,20003,30027,40071,14:04:00,16:52:00,168,64,104,No,Entregada
603985,505921,20251217,20251217,20028,30016,40084,14:13:00,15:30:00,77,33,44,No,Entregada
603986,507447,20260715,20260715,20003,30030,40093,07:27:00,09:24:00,117,39,78,No,Entregada
603987,506668,20251211,20251211,20018,30007,40041,12:35:00,14:48:00,133,92,41,No,Entregada
603988,509589,20250122,20250122,20026,30007,40042,17:27:00,20:22:00,175,100,75,No,Entregada
603989,504656,20260321,20260321,20045,30024,40058,15:32:00,18:13:00,161,93,68,No,Entregada
603990,502584,20251011,20251011,20017,30023,40037,13:07:00,15:06:00,119,81,38,No,Entregada
603991,508187,20251215,20251215,20005,30013,40032,09:49:00,12:14:00,145,55,90,No,Entregada
603992,502237,20260318,20260318,20005,30017,40063,08:29:00,11:18:00,169,52,117,No,Entregada
603993,505440,20261010,20261010,20017,30030,40006,14:25:00,16:23:00,118,70,48,No,Retrasada
603994,504203,20261223,20261223,20032,30017,40066,09:29:00,11:27:00,118,81,37,No,Retrasada
603995,506166,20250810,20250810,20001,30006,40058,14:12:00,15:48:00,96,93,3,Sí,Entregada
603996,503227,20260211,20260211,20047,30010,40034,10:18:00,11:53:00,95,37,58,No,Entregada
603997,507205,20250507,20250507,20035,30020,40014,16:20:00,18:35:00,135,49,86,No,Entregada
603998,509985,20251031,20251031,20031,30007,40022,11:06:00,14:23:00,197,110,87,No,Entregada
603999,502008,20260122,20260122,20017,30006,40054,10:58:00,13:54:00,176,82,94,No,Entregada
604000,502169,20260625,20260625,20031,30019,40039,13:06:00,14:49:00,103,73,30,No,Retrasada
604001,504453,20250721,20250721,20017,30023,40099,16:19:00,17:30:00,71,32,39,No,Entregada
604002,507831,20251218,20251218,20018,30002,40093,17:09:00,18:38:00,89,39,50,No,Entregada
604003,505249,20250303,20250303,20046,30006,40020,13:19:00,14:56:00,97,43,54,No,Retrasada
604004,503319,20260107,20260107,20033,30029,40015,08:19:00,10:52:00,153,64,89,No,Entregada
604005,506649,20260421,20260421,20031,30007,40096,13:06:00,14:39:00,93,37,56,No,Entregada
604006,507885,20260811,20260811,20001,30003,40089,15:58:00,18:11:00,133,57,76,No,Entregada
604007,507750,20250531,20250531,20033,30017,40042,14:43:00,17:30:00,167,100,67,No,Retrasada
604008,500629,20250730,20250730,20045,30013,40042,14:57:00,17:40:00,163,100,63,No,Entregada
604009,508422,20250222,20250222,20031,30029,40093,13:59:00,16:25:00,146,39,107,No,Entregada
604010,504420,20251002,20251002,20028,30007,40078,10:33:00,13:03:00,150,84,66,No,Entregada
604011,503704,20250918,20250918,20017,30011,40077,08:53:00,11:09:00,136,24,112,No,Retrasada
604012,501279,20250322,20250322,20047,30016,40040,15:22:00,18:38:00,196,76,120,No,Entregada
604013,506042,20260405,20260405,20017,30014,40047,16:47:00,18:12:00,85,37,48,No,Entregada
604014,504352,20260824,20260824,20022,30005,40004,14:48:00,16:42:00,114,60,54,No,Entregada
604015,503178,20261126,20261126,20026,30011,40037,07:43:00,09:59:00,136,81,55,No,Entregada
604016,505213,20250528,20250528,20048,30013,40020,11:05:00,12:18:00,73,43,30,No,Retrasada
604017,506343,20251015,20251015,20031,30017,40022,08:23:00,11:05:00,162,110,52,No,Entregada
604018,502922,20250413,20250413,20045,30010,40060,09:30:00,11:54:00,144,66,78,No,Entregada
604019,504326,20250622,20250622,20046,30017,40028,15:47:00,18:09:00,142,115,27,No,Entregada
604020,505719,20261004,20261004,20018,30013,40051,09:24:00,10:43:00,79,43,36,No,Entregada
604021,503246,20250120,20250120,20037,30023,40010,07:36:00,10:44:00,188,75,113,No,Retrasada
604022,501791,20260802,20260802,20031,30015,40086,13:42:00,16:41:00,179,103,76,No,Entregada
604023,503940,20260704,20260704,20031,30011,40063,07:44:00,09:05:00,81,52,29,No,Retrasada
604024,500035,20260310,20260310,20024,30019,40073,10:25:00,12:05:00,100,83,17,No,Entregada
604025,508887,20250304,20250304,20032,30019,40054,13:59:00,16:22:00,143,82,61,No,Entregada
604026,503056,20250619,20250619,20018,30016,40049,14:47:00,17:35:00,168,69,99,No,Entregada
604027,504155,20250103,20250103,20031,30012,40060,07:18:00,09:15:00,117,66,51,No,Retrasada
604028,504524,20251126,20251126,20033,30029,40066,11:59:00,15:08:00,189,81,108,No,Entregada
604029,501418,20261218,20261218,20041,30030,40022,14:07:00,16:03:00,116,110,6,Sí,Entregada
604030,505975,20261224,20261224,20032,30012,40096,16:39:00,19:12:00,153,37,116,No,Entregada
604031,501960,20261101,20261101,20018,30024,40086,12:24:00,14:40:00,136,103,33,No,Entregada
604032,508556,20260412,20260412,20033,30006,40044,07:41:00,09:47:00,126,72,54,No,Entregada
604033,507912,20250609,20250609,20024,30017,40060,10:50:00,12:36:00,106,66,40,No,Entregada
604034,507343,20250417,20250417,20048,30017,40057,13:33:00,15:37:00,124,56,68,No,Entregada
604035,504919,20260526,20260526,20048,30016,40011,12:57:00,14:24:00,87,78,9,Sí,Entregada
604036,504087,20260318,20260318,20018,30026,40019,14:23:00,17:24:00,181,91,90,No,Retrasada
604037,504315,20250612,20250612,20048,30030,40006,13:44:00,15:44:00,120,70,50,No,Entregada
604038,500551,20250805,20250805,20026,30027,40034,10:12:00,10:56:00,44,37,7,Sí,Entregada
604039,501244,20250919,20250919,20041,30021,40011,08:17:00,11:06:00,169,78,91,No,Entregada
604040,503373,20250329,20250329,20048,30020,40081,07:29:00,10:27:00,178,94,84,No,Entregada
604041,502326,20250517,20250517,20001,30015,40062,07:48:00,10:28:00,160,76,84,No,Entregada
604042,507668,20250105,20250105,20022,30005,40014,09:24:00,10:21:00,57,49,8,Sí,Entregada
604043,506809,20261227,20261227,20003,30016,40085,07:57:00,09:46:00,109,41,68,No,Entregada
604044,505900,20260523,20260523,20018,30010,40076,16:33:00,18:33:00,120,64,56,No,Entregada
604045,501435,20260417,20260417,20032,30014,40039,14:24:00,17:11:00,167,73,94,No,Entregada
604046,506893,20251023,20251023,20028,30012,40059,09:50:00,10:52:00,62,23,39,No,Entregada
604047,507435,20250914,20250914,20033,30020,40046,09:26:00,11:01:00,95,33,62,No,Entregada
604048,505947,20250227,20250227,20048,30012,40082,12:05:00,14:58:00,173,74,99,No,Entregada
604049,505094,20260408,20260408,20047,30020,40028,17:52:00,20:19:00,147,115,32,No,Entregada
604050,503201,20260222,20260222,20024,30015,40072,17:08:00,20:17:00,189,112,77,No,Entregada
604051,509611,20251018,20251018,20041,30013,40027,10:40:00,13:02:00,142,81,61,No,Entregada
604052,501402,20260713,20260713,20022,30021,40066,13:17:00,15:20:00,123,81,42,No,Entregada
604053,504162,20261117,20261117,20022,30029,40003,11:25:00,13:54:00,149,42,107,No,Retrasada
604054,509142,20261018,20261018,20022,30020,40046,11:21:00,13:28:00,127,33,94,No,Entregada
604055,507736,20260717,20260717,20026,30019,40046,08:10:00,09:39:00,89,33,56,No,Entregada
604056,508769,20250528,20250528,20028,30020,40085,10:38:00,12:16:00,98,41,57,No,Entregada
604057,507430,20260322,20260322,20047,30027,40013,08:31:00,10:18:00,107,87,20,No,Entregada
604058,506980,20251102,20251102,20017,30015,40006,10:57:00,13:26:00,149,70,79,No,Entregada
604059,505077,20250625,20250625,20032,30014,40011,13:11:00,15:55:00,164,78,86,No,Entregada
604060,500256,20260131,20260131,20003,30014,40071,15:05:00,16:28:00,83,64,19,No,Entregada
604061,500780,20260506,20260506,20047,30021,40094,07:24:00,08:41:00,77,24,53,No,Entregada
604062,500817,20261127,20261127,20031,30013,40087,15:36:00,17:56:00,140,113,27,No,Entregada
604063,507216,20250418,20250418,20005,30002,40007,15:49:00,18:38:00,169,50,119,No,Entregada
604064,504172,20260915,20260915,20048,30029,40008,07:56:00,09:40:00,104,58,46,No,Entregada
604065,503967,20250518,20250518,20047,30016,40071,07:18:00,09:54:00,156,64,92,No,Entregada
604066,501872,20250724,20250724,20041,30019,40020,10:12:00,12:31:00,139,43,96,No,Entregada
604067,504538,20260907,20260907,20031,30029,40037,13:26:00,16:35:00,189,81,108,No,Retrasada
604068,503528,20260313,20260313,20033,30026,40099,11:36:00,12:49:00,73,32,41,No,Retrasada
604069,508210,20250522,20250522,20003,30020,40072,16:11:00,19:41:00,210,112,98,No,Entregada
604070,508465,20251215,20251215,20032,30017,40060,09:32:00,11:44:00,132,66,66,No,Entregada
604071,506747,20260320,20260320,20028,30006,40011,07:54:00,11:00:00,186,78,108,No,Entregada
604072,500425,20250112,20250112,20024,30010,40034,14:15:00,16:15:00,120,37,83,No,Entregada
604073,502785,20250919,20250919,20026,30023,40098,08:48:00,10:02:00,74,31,43,No,Entregada
604074,509326,20260627,20260627,20022,30024,40004,10:03:00,12:40:00,157,60,97,No,Retrasada
604075,508485,20250114,20250114,20042,30009,40094,13:07:00,14:25:00,78,24,54,No,Retrasada
604076,503391,20260620,20260620,20018,30005,40019,10:17:00,13:14:00,177,91,86,No,Entregada
604077,504188,20250212,20250212,20017,30013,40019,13:12:00,16:37:00,205,91,114,No,Entregada
604078,504725,20261102,20261102,20018,30016,40099,15:16:00,17:04:00,108,32,76,No,Entregada
604079,501236,20251212,20251212,20026,30023,40076,10:20:00,12:50:00,150,64,86,No,Entregada
604080,500619,20250121,20250121,20026,30024,40039,15:28:00,18:01:00,153,73,80,No,Entregada
604081,503072,20260225,20260225,20024,30020,40014,11:34:00,13:28:00,114,49,65,No,Retrasada
604082,503306,20260119,20260119,20041,30024,40010,15:23:00,18:00:00,157,75,82,No,Entregada
604083,500922,20260414,20260414,20024,30003,40099,08:57:00,09:35:00,38,32,6,Sí,Entregada
604084,501959,20250831,20250831,20026,30023,40063,16:13:00,18:07:00,114,52,62,No,Entregada
604085,502593,20260505,20260505,20033,30010,40010,12:14:00,14:10:00,116,75,41,No,Entregada
604086,508937,20261105,20261105,20046,30020,40004,12:28:00,13:47:00,79,60,19,No,Entregada
604087,504956,20261215,20261215,20022,30023,40093,11:42:00,12:37:00,55,39,16,No,Entregada
604088,503565,20261006,20261006,20026,30020,40009,11:17:00,12:43:00,86,40,46,No,Entregada
604089,503261,20260620,20260620,20024,30001,40011,16:33:00,18:53:00,140,78,62,No,Entregada
604090,505116,20251129,20251129,20037,30023,40096,07:18:00,09:34:00,136,37,99,No,Retrasada
604091,507487,20250309,20250309,20046,30017,40019,14:02:00,15:49:00,107,91,16,No,Entregada
604092,500042,20250410,20250410,20022,30005,40099,13:12:00,15:05:00,113,32,81,No,Entregada
604093,500848,20250518,20250518,20047,30006,40010,08:20:00,11:32:00,192,75,117,No,Entregada
604094,507874,20260710,20260710,20026,30006,40041,16:07:00,18:17:00,130,92,38,No,Entregada
604095,508186,20250217,20250217,20005,30009,40001,14:08:00,15:32:00,84,45,39,No,Entregada
604096,505165,20250129,20250129,20047,30006,40011,10:23:00,11:44:00,81,78,3,Sí,Retrasada
604097,508070,20260303,20260303,20047,30009,40072,11:44:00,14:43:00,179,112,67,No,Entregada
604098,502137,20251009,20251009,20031,30027,40002,10:15:00,12:22:00,127,55,72,No,Entregada
604099,503550,20251105,20251105,20018,30021,40060,07:13:00,09:09:00,116,66,50,No,Entregada
604100,502804,20260718,20260718,20016,30002,40065,09:25:00,11:34:00,129,61,68,No,Retrasada
604101,504788,20260210,20260210,20028,30012,40089,07:56:00,09:34:00,98,57,41,No,Entregada
604102,504912,20250427,20250427,20046,30015,40029,10:29:00,13:07:00,158,76,82,No,Retrasada
604103,507565,20250505,20250505,20028,30027,40029,12:43:00,14:15:00,92,76,16,No,Entregada
604104,509553,20260904,20260904,20035,30001,40062,17:10:00,19:40:00,150,76,74,No,Entregada
604105,505535,20251118,20251118,20047,30027,40073,10:28:00,12:13:00,105,83,22,No,Entregada
604106,505854,20251221,20251221,20033,30024,40007,12:34:00,13:24:00,50,50,0,Sí,Entregada
604107,504777,20250815,20250815,20033,30021,40037,11:11:00,13:03:00,112,81,31,No,Retrasada
604108,506734,20261230,20261230,20018,30013,40003,11:30:00,12:20:00,50,42,8,Sí,Retrasada
604109,504103,20260304,20260304,20031,30011,40076,13:58:00,15:29:00,91,64,27,No,Retrasada
604110,509702,20261013,20261013,20041,30014,40014,10:30:00,12:44:00,134,49,85,No,Entregada
604111,504965,20250114,20250114,20049,30001,40014,08:15:00,10:52:00,157,49,108,No,Entregada
604112,502876,20260205,20260205,20003,30027,40004,12:20:00,13:39:00,79,60,19,No,Entregada
604113,505646,20250824,20250824,20047,30015,40082,14:12:00,16:50:00,158,74,84,No,Entregada
604114,501770,20260823,20260823,20047,30016,40096,17:40:00,20:05:00,145,37,108,No,Entregada
604115,500947,20260603,20260603,20017,30014,40007,07:46:00,08:45:00,59,50,9,Sí,Entregada
604116,506144,20250606,20250606,20031,30021,40093,08:35:00,10:12:00,97,39,58,No,Entregada
604117,509076,20251018,20251018,20003,30013,40034,08:42:00,10:20:00,98,37,61,No,Entregada
604118,508264,20250408,20250408,20005,30017,40055,09:25:00,12:08:00,163,78,85,No,Entregada
604119,506731,20260324,20260324,20026,30011,40046,07:26:00,09:50:00,144,33,111,No,Entregada
604120,505427,20250727,20250727,20022,30013,40098,15:49:00,17:51:00,122,31,91,No,Entregada
604121,505674,20260224,20260224,20003,30003,40081,08:21:00,10:33:00,132,94,38,No,Entregada
604122,500862,20250511,20250511,20033,30020,40035,16:43:00,19:13:00,150,107,43,No,Entregada
604123,506740,20260807,20260807,20018,30021,40063,14:58:00,16:43:00,105,52,53,No,Entregada
604124,504885,20251123,20251123,20041,30027,40092,13:41:00,14:37:00,56,23,33,No,Retrasada
604125,502284,20251107,20251107,20022,30026,40003,15:30:00,16:49:00,79,42,37,No,Entregada
604126,509855,20260611,20260611,20024,30017,40071,15:13:00,16:25:00,72,64,8,Sí,Entregada
604127,509697,20260122,20260122,20046,30026,40047,11:14:00,13:02:00,108,37,71,No,Entregada
604128,508564,20260609,20260609,20026,30014,40062,16:06:00,18:12:00,126,76,50,No,Entregada
604129,506018,20250111,20250111,20018,30020,40096,13:28:00,15:26:00,118,37,81,No,Entregada
604130,502648,20260113,20260113,20026,30005,40057,09:37:00,10:46:00,69,56,13,Sí,Entregada
604131,508436,20250211,20250211,20048,30012,40078,09:46:00,11:13:00,87,84,3,Sí,Entregada
604132,502652,20251101,20251101,20047,30010,40085,13:48:00,15:52:00,124,41,83,No,Retrasada
604133,507507,20250616,20250616,20047,30017,40089,10:23:00,11:47:00,84,57,27,No,Retrasada
604134,501956,20260115,20260115,20001,30026,40021,10:54:00,13:59:00,185,120,65,No,Entregada
604135,505310,20250323,20250323,20043,30001,40096,09:29:00,11:23:00,114,37,77,No,Entregada
604136,504213,20260717,20260717,20031,30015,40072,11:38:00,14:00:00,142,112,30,No,Entregada
604137,505983,20260605,20260605,20005,30006,40058,13:43:00,16:03:00,140,93,47,No,Entregada
604138,500455,20251125,20251125,20032,30007,40090,12:10:00,13:23:00,73,36,37,No,Entregada
604139,501848,20250508,20250508,20035,30021,40059,14:42:00,16:12:00,90,23,67,No,Entregada
604140,508849,20251105,20251105,20048,30023,40015,10:36:00,13:07:00,151,64,87,No,Entregada
604141,504095,20261006,20261006,20028,30027,40071,09:14:00,10:18:00,64,64,0,Sí,Entregada
604142,507161,20250330,20250330,20037,30015,40060,12:50:00,14:52:00,122,66,56,No,Entregada
604143,506484,20250626,20250626,20046,30021,40038,17:17:00,18:05:00,48,37,11,Sí,Entregada
604144,502202,20250416,20250416,20005,30021,40047,17:19:00,18:00:00,41,37,4,Sí,Entregada
604145,506987,20260624,20260624,20003,30027,40073,12:57:00,15:09:00,132,83,49,No,Retrasada
604146,508141,20260814,20260814,20003,30011,40047,17:57:00,18:45:00,48,37,11,Sí,Entregada
604147,502230,20250720,20250720,20045,30005,40027,16:45:00,19:11:00,146,81,65,No,Entregada
604148,501523,20260611,20260611,20026,30011,40087,08:47:00,11:58:00,191,113,78,No,Entregada
604149,502365,20251231,20251231,20047,30014,40039,10:15:00,11:44:00,89,73,16,No,Entregada
604150,503389,20250804,20250804,20001,30021,40040,12:17:00,14:43:00,146,76,70,No,Entregada
604151,509981,20250113,20250113,20032,30015,40077,14:58:00,16:02:00,64,24,40,No,Entregada
604152,502536,20250203,20250203,20012,30009,40096,11:11:00,13:42:00,151,37,114,No,Entregada
604153,502524,20250924,20250924,20035,30020,40059,08:58:00,11:19:00,141,23,118,No,Entregada
604154,504952,20250522,20250522,20031,30030,40004,15:17:00,16:50:00,93,60,33,No,Entregada
604155,504115,20250119,20250119,20028,30013,40084,07:44:00,09:58:00,134,33,101,No,Retrasada
604156,502621,20250203,20250203,20003,30007,40090,09:58:00,11:31:00,93,36,57,No,Entregada
604157,500505,20251025,20251025,20032,30011,40094,16:15:00,17:12:00,57,24,33,No,Entregada
604158,503543,20250202,20250202,20017,30007,40095,08:17:00,09:44:00,87,73,14,Sí,Entregada
604159,505896,20260814,20260814,20047,30003,40027,12:56:00,15:26:00,150,81,69,No,Entregada
604160,505176,20260405,20260405,20045,30029,40019,13:55:00,17:19:00,204,91,113,No,Entregada
604161,507034,20250312,20250312,20048,30009,40077,15:34:00,17:04:00,90,24,66,No,Retrasada
604162,508547,20250618,20250618,20001,30010,40087,08:13:00,11:31:00,198,113,85,No,Entregada
604163,501919,20251214,20251214,20048,30015,40006,16:38:00,18:38:00,120,70,50,No,Entregada
604164,506719,20250315,20250315,20003,30017,40005,08:32:00,10:35:00,123,48,75,No,Retrasada
604165,501742,20250505,20250505,20026,30010,40087,17:56:00,20:36:00,160,113,47,No,Retrasada
604166,501308,20251031,20251031,20046,30026,40082,11:28:00,12:48:00,80,74,6,Sí,Entregada
604167,503285,20250506,20250506,20022,30029,40001,07:03:00,09:47:00,164,45,119,No,Entregada
604168,508170,20250405,20250405,20031,30030,40063,10:50:00,11:51:00,61,52,9,Sí,Entregada
604169,503636,20260529,20260529,20048,30012,40035,15:48:00,19:02:00,194,107,87,No,Entregada
604170,506825,20260428,20260428,20037,30006,40098,17:45:00,19:07:00,82,31,51,No,Entregada
604171,502053,20260609,20260609,20032,30020,40004,12:24:00,14:46:00,142,60,82,No,Entregada
604172,504475,20250127,20250127,20045,30029,40032,11:36:00,14:06:00,150,55,95,No,Entregada
604173,508866,20260111,20260111,20031,30026,40060,15:05:00,16:34:00,89,66,23,No,Entregada
604174,504579,20251011,20251011,20046,30026,40081,09:31:00,11:08:00,97,94,3,Sí,Entregada
604175,508915,20260204,20260204,20031,30019,40018,15:02:00,17:20:00,138,80,58,No,Entregada
604176,500305,20260306,20260306,20026,30015,40034,12:23:00,13:02:00,39,37,2,Sí,Entregada
604177,506379,20250707,20250707,20005,30021,40049,09:47:00,12:56:00,189,69,120,No,Entregada
604178,504830,20260617,20260617,20041,30019,40063,12:09:00,13:48:00,99,52,47,No,Entregada
604179,505238,20251021,20251021,20017,30011,40071,14:58:00,16:36:00,98,64,34,No,Entregada
604180,504835,20250126,20250126,20016,30009,40065,17:19:00,19:15:00,116,61,55,No,Entregada
604181,508288,20250506,20250506,20032,30030,40058,11:55:00,14:56:00,181,93,88,No,Entregada
604182,507374,20261013,20261013,20047,30007,40014,12:23:00,14:28:00,125,49,76,No,Entregada
604183,502451,20251124,20251124,20032,30026,40059,09:20:00,10:28:00,68,23,45,No,Retrasada
604184,508873,20261101,20261101,20041,30023,40020,11:21:00,12:30:00,69,43,26,No,Entregada
604185,506215,20250509,20250509,20003,30013,40060,13:59:00,15:21:00,82,66,16,No,Entregada
604186,504431,20250602,20250602,20024,30014,40065,11:00:00,13:44:00,164,61,103,No,Entregada
604187,503393,20250429,20250429,20018,30030,40034,16:48:00,19:03:00,135,37,98,No,Entregada
604188,508330,20260731,20260731,20026,30013,40042,08:05:00,10:36:00,151,100,51,No,Retrasada
604189,502806,20251014,20251014,20026,30005,40004,12:47:00,14:38:00,111,60,51,No,Entregada
604190,501408,20260714,20260714,20008,30001,40044,14:53:00,16:47:00,114,72,42,No,Entregada
604191,508250,20261108,20261108,20045,30009,40066,13:06:00,14:48:00,102,81,21,No,Entregada
604192,501049,20260726,20260726,20031,30007,40092,14:18:00,16:27:00,129,23,106,No,Entregada
604193,507705,20260312,20260312,20024,30021,40078,10:46:00,13:16:00,150,84,66,No,Retrasada
604194,508862,20250205,20250205,20047,30012,40054,14:21:00,16:42:00,141,82,59,No,Entregada
604195,501133,20260505,20260505,20001,30015,40001,16:40:00,17:36:00,56,45,11,Sí,Entregada
604196,503094,20260108,20260108,20031,30030,40047,17:14:00,19:14:00,120,37,83,No,Entregada
604197,501048,20260123,20260123,20035,30021,40011,07:12:00,09:08:00,116,78,38,No,Entregada
604198,504330,20260801,20260801,20048,30015,40086,15:12:00,17:35:00,143,103,40,No,Entregada
604199,502961,20260109,20260109,20031,30023,40065,15:44:00,16:56:00,72,61,11,Sí,Entregada
604200,508220,20250108,20250108,20041,30007,40072,12:52:00,16:43:00,231,112,119,No,Entregada
604201,504030,20260604,20260604,20046,30023,40010,07:39:00,09:50:00,131,75,56,No,Retrasada
604202,507394,20250523,20250523,20033,30006,40049,12:35:00,15:41:00,186,69,117,No,Entregada
604203,506596,20250419,20250419,20046,30023,40005,16:06:00,17:38:00,92,48,44,No,Entregada
604204,501607,20261101,20261101,20048,30009,40006,15:36:00,16:48:00,72,70,2,Sí,Entregada
604205,509212,20250924,20250924,20003,30014,40065,15:42:00,18:12:00,150,61,89,No,Entregada
604206,507228,20250102,20250102,20018,30021,40078,08:56:00,11:30:00,154,84,70,No,Retrasada
604207,507061,20260425,20260425,20022,30015,40044,08:55:00,11:02:00,127,72,55,No,Entregada
604208,501562,20260812,20260812,20028,30014,40046,16:38:00,17:44:00,66,33,33,No,Entregada
604209,505991,20250403,20250403,20003,30019,40006,16:02:00,18:23:00,141,70,71,No,Entregada
604210,500068,20260511,20260511,20047,30006,40004,10:56:00,13:10:00,134,60,74,No,Entregada
604211,506025,20260716,20260716,20018,30010,40054,08:05:00,10:37:00,152,82,70,No,Entregada
604212,507082,20260217,20260217,20041,30002,40095,14:26:00,16:48:00,142,73,69,No,Entregada
604213,500207,20250221,20250221,20046,30001,40063,15:51:00,17:14:00,83,52,31,No,Retrasada
604214,509480,20250909,20250909,20045,30003,40044,14:43:00,16:51:00,128,72,56,No,Retrasada
604215,502003,20250520,20250520,20032,30026,40014,13:35:00,14:48:00,73,49,24,No,Entregada
604216,502005,20260302,20260302,20037,30003,40047,16:10:00,17:57:00,107,37,70,No,Entregada
604217,505740,20251127,20251127,20048,30019,40066,16:16:00,17:53:00,97,81,16,No,Retrasada
604218,505471,20251123,20251123,20046,30010,40009,12:25:00,13:15:00,50,40,10,Sí,Entregada
604219,506327,20260930,20260930,20049,30001,40096,08:30:00,09:29:00,59,37,22,No,Entregada
604220,504904,20251024,20251024,20037,30020,40003,08:09:00,10:40:00,151,42,109,No,Entregada
604221,505549,20260711,20260711,20017,30023,40049,17:41:00,19:27:00,106,69,37,No,Entregada
604222,503597,20251213,20251213,20045,30005,40049,17:00:00,19:34:00,154,69,85,No,Entregada
604223,500554,20260111,20260111,20035,30026,40071,13:08:00,15:30:00,142,64,78,No,Entregada
604224,508950,20250509,20250509,20041,30019,40029,16:43:00,19:31:00,168,76,92,No,Entregada
604225,504929,20250410,20250410,20035,30005,40028,07:48:00,10:19:00,151,115,36,No,Retrasada
604226,502004,20260527,20260527,20047,30015,40037,11:48:00,14:00:00,132,81,51,No,Entregada
604227,503532,20250524,20250524,20047,30019,40084,17:25:00,18:19:00,54,33,21,No,Entregada
604228,508135,20260828,20260828,20041,30011,40049,09:12:00,12:11:00,179,69,110,No,Entregada
604229,509651,20250217,20250217,20031,30012,40072,09:45:00,13:19:00,214,112,102,No,Entregada
604230,507364,20250610,20250610,20049,30001,40066,13:12:00,16:30:00,198,81,117,No,Entregada
604231,501237,20260416,20260416,20031,30029,40035,14:57:00,17:20:00,143,107,36,No,Entregada
604232,501573,20250809,20250809,20041,30016,40087,14:58:00,18:45:00,227,113,114,No,Retrasada
604233,503757,20250720,20250720,20018,30021,40052,17:49:00,19:47:00,118,55,63,No,Entregada
604234,502962,20250113,20250113,20037,30013,40099,17:34:00,19:24:00,110,32,78,No,Entregada
604235,506016,20260204,20260204,20003,30030,40001,11:59:00,13:31:00,92,45,47,No,Entregada
604236,508553,20250106,20250106,20017,30027,40099,08:26:00,10:19:00,113,32,81,No,Entregada
604237,501894,20250217,20250217,20001,30026,40007,07:15:00,09:41:00,146,50,96,No,Retrasada
604238,503075,20260619,20260619,20003,30021,40035,12:57:00,15:37:00,160,107,53,No,Entregada
604239,508865,20250510,20250510,20047,30019,40002,17:09:00,18:38:00,89,55,34,No,Entregada
604240,506578,20260623,20260623,20033,30009,40013,15:33:00,17:27:00,114,87,27,No,Entregada
604241,508622,20250823,20250823,20041,30027,40062,14:43:00,17:32:00,169,76,93,No,Entregada
604242,502639,20261210,20261210,20032,30019,40004,13:14:00,15:12:00,118,60,58,No,Entregada
604243,502535,20250726,20250726,20031,30017,40001,10:00:00,12:16:00,136,45,91,No,Entregada
604244,508275,20260602,20260602,20017,30010,40055,12:00:00,15:00:00,180,78,102,No,Entregada
604245,507300,20260302,20260302,20022,30024,40089,10:08:00,11:24:00,76,57,19,No,Entregada
604246,500248,20251030,20251030,20035,30013,40009,12:13:00,14:23:00,130,40,90,No,Entregada
604247,505684,20250508,20250508,20024,30012,40077,09:07:00,11:19:00,132,24,108,No,Retrasada
604248,504640,20260702,20260702,20024,30020,40073,14:05:00,15:34:00,89,83,6,Sí,Retrasada
604249,504346,20260727,20260727,20003,30011,40076,16:24:00,18:14:00,110,64,46,No,Entregada
604250,505937,20260830,20260830,20045,30005,40003,16:09:00,17:49:00,100,42,58,No,Entregada
604251,501745,20260227,20260227,20045,30003,40094,14:50:00,16:22:00,92,24,68,No,Entregada
604252,506143,20250605,20250605,20026,30027,40018,16:24:00,19:15:00,171,80,91,No,Retrasada
604253,500530,20261015,20261015,20046,30023,40060,10:43:00,12:03:00,80,66,14,Sí,Entregada
604254,504227,20260225,20260225,20003,30019,40092,16:19:00,17:07:00,48,23,25,No,Entregada
604255,504578,20251019,20251019,20031,30012,40005,09:26:00,11:48:00,142,48,94,No,Entregada
604256,509360,20250724,20250724,20017,30011,40066,16:35:00,18:04:00,89,81,8,Sí,Entregada
604257,507295,20251216,20251216,20031,30015,40001,10:01:00,12:18:00,137,45,92,No,Entregada
604258,506409,20260613,20260613,20046,30024,40038,07:38:00,09:05:00,87,37,50,No,Entregada
604259,500330,20260915,20260915,20026,30011,40078,07:02:00,08:29:00,87,84,3,Sí,Retrasada
604260,505839,20260929,20260929,20003,30011,40010,08:03:00,11:17:00,194,75,119,No,Entregada
604261,509808,20250706,20250706,20026,30001,40063,13:11:00,14:31:00,80,52,28,No,Entregada
604262,502821,20261101,20261101,20046,30020,40002,08:36:00,09:41:00,65,55,10,Sí,Retrasada
604263,502222,20250506,20250506,20024,30030,40027,14:21:00,17:23:00,182,81,101,No,Entregada
604264,505388,20260126,20260126,20046,30003,40034,13:50:00,15:41:00,111,37,74,No,Entregada
604265,507171,20251105,20251105,20018,30021,40006,07:20:00,10:06:00,166,70,96,No,Entregada
604266,501985,20261216,20261216,20047,30015,40004,08:41:00,10:19:00,98,60,38,No,Entregada
604267,500034,20250808,20250808,20047,30019,40046,08:05:00,09:23:00,78,33,45,No,Entregada
604268,507907,20250924,20250924,20037,30026,40090,09:43:00,11:49:00,126,36,90,No,Entregada
604269,501386,20251112,20251112,20031,30005,40040,08:50:00,11:20:00,150,76,74,No,Entregada
604270,503424,20261108,20261108,20032,30030,40092,09:02:00,10:46:00,104,23,81,No,Retrasada
604271,506238,20250202,20250202,20033,30023,40032,14:26:00,16:25:00,119,55,64,No,Entregada
604272,504311,20261213,20261213,20032,30011,40028,11:50:00,15:23:00,213,115,98,No,Entregada
604273,504520,20251004,20251004,20017,30011,40047,13:51:00,14:58:00,67,37,30,No,Entregada
604274,509305,20250117,20250117,20046,30003,40080,11:40:00,13:37:00,117,15,102,No,Entregada
604275,503613,20260123,20260123,20035,30017,40027,15:05:00,17:08:00,123,81,42,No,Entregada
604276,502919,20260126,20260126,20018,30030,40007,07:50:00,10:03:00,133,50,83,No,Entregada
604277,506973,20250622,20250622,20028,30005,40022,10:29:00,12:20:00,111,110,1,Sí,Entregada
604278,509495,20251005,20251005,20017,30010,40022,15:28:00,19:05:00,217,110,107,No,Retrasada
604279,505280,20261207,20261207,20026,30015,40046,16:40:00,18:16:00,96,33,63,No,Retrasada
604280,501664,20261101,20261101,20031,30016,40095,11:17:00,12:38:00,81,73,8,Sí,Entregada
604281,500885,20251021,20251021,20048,30007,40062,10:07:00,11:56:00,109,76,33,No,Entregada
604282,505533,20250709,20250709,20048,30016,40020,10:08:00,12:32:00,144,43,101,No,Entregada
604283,504769,20261102,20261102,20028,30020,40094,07:09:00,08:03:00,54,24,30,No,Entregada
604284,501560,20260503,20260503,20043,30002,40080,08:15:00,10:23:00,128,15,113,No,Entregada
604285,502518,20250813,20250813,20022,30013,40063,15:21:00,16:48:00,87,52,35,No,Entregada
604286,500354,20260110,20260110,20028,30007,40020,07:48:00,09:55:00,127,43,84,No,Entregada
604287,505611,20260817,20260817,20035,30002,40037,13:26:00,16:37:00,191,81,110,No,Entregada
604288,505851,20251227,20251227,20026,30019,40051,13:28:00,15:24:00,116,43,73,No,Entregada
604289,508746,20261007,20261007,20047,30014,40011,10:37:00,13:44:00,187,78,109,No,Entregada
604290,509003,20251104,20251104,20031,30012,40072,12:45:00,15:37:00,172,112,60,No,Entregada
604291,506788,20251121,20251121,20018,30019,40096,11:14:00,13:32:00,138,37,101,No,Retrasada
604292,509415,20250222,20250222,20032,30023,40059,07:25:00,09:35:00,130,23,107,No,Entregada
604293,509961,20250819,20250819,20032,30021,40092,11:20:00,12:54:00,94,23,71,No,Entregada
604294,505813,20250211,20250211,20032,30027,40086,09:02:00,10:59:00,117,103,14,Sí,Retrasada
604295,501446,20250611,20250611,20032,30019,40081,11:16:00,13:05:00,109,94,15,Sí,Entregada
604296,503518,20260127,20260127,20024,30016,40047,14:00:00,14:52:00,52,37,15,Sí,Entregada
604297,509201,20251225,20251225,20018,30021,40078,07:46:00,09:12:00,86,84,2,Sí,Entregada
604298,506337,20260510,20260510,20024,30005,40011,15:44:00,18:36:00,172,78,94,No,Entregada
604299,501203,20260422,20260422,20022,30009,40028,10:27:00,14:21:00,234,115,119,No,Entregada
604300,508446,20250808,20250808,20017,30024,40089,09:28:00,11:19:00,111,57,54,No,Entregada
604301,505005,20261226,20261226,20047,30030,40010,14:17:00,16:37:00,140,75,65,No,Entregada
604302,503023,20260723,20260723,20041,30007,40052,08:29:00,09:50:00,81,55,26,No,Entregada
604303,500150,20261110,20261110,20041,30029,40044,12:57:00,15:06:00,129,72,57,No,Entregada
604304,507007,20260509,20260509,20018,30027,40096,10:36:00,11:58:00,82,37,45,No,Entregada
604305,509952,20260921,20260921,20043,30009,40015,14:35:00,15:49:00,74,64,10,Sí,Entregada
604306,503971,20261126,20261126,20048,30009,40060,17:08:00,18:21:00,73,66,7,Sí,Entregada
604307,505419,20260118,20260118,20041,30005,40092,10:18:00,12:37:00,139,23,116,No,Entregada
604308,505559,20261027,20261027,20035,30026,40090,15:05:00,16:44:00,99,36,63,No,Retrasada
604309,507208,20251127,20251127,20033,30009,40096,10:19:00,11:16:00,57,37,20,No,Retrasada
604310,503585,20250406,20250406,20041,30007,40022,14:27:00,18:11:00,224,110,114,No,Retrasada
604311,504862,20250301,20250301,20022,30015,40096,11:23:00,13:59:00,156,37,119,No,Entregada
604312,509328,20250325,20250325,20041,30013,40098,12:01:00,13:29:00,88,31,57,No,Entregada
604313,508018,20260309,20260309,20026,30007,40010,15:17:00,17:02:00,105,75,30,No,Entregada
604314,504837,20260815,20260815,20035,30015,40076,17:04:00,20:08:00,184,64,120,No,Retrasada
604315,504491,20260717,20260717,20018,30019,40022,11:30:00,15:11:00,221,110,111,No,Retrasada
604316,504867,20250517,20250517,20028,30015,40093,13:33:00,15:45:00,132,39,93,No,Retrasada
604317,507536,20250910,20250910,20026,30006,40027,15:21:00,17:10:00,109,81,28,No,Entregada
604318,502449,20261023,20261023,20032,30001,40051,08:23:00,10:25:00,122,43,79,No,Entregada
604319,506930,20260728,20260728,20005,30023,40028,16:08:00,19:51:00,223,115,108,No,Entregada
604320,504425,20250519,20250519,20041,30020,40013,13:46:00,16:38:00,172,87,85,No,Entregada
604321,502026,20251020,20251020,20026,30015,40004,08:32:00,10:12:00,100,60,40,No,Entregada
604322,509445,20260429,20260429,20032,30016,40007,17:13:00,19:22:00,129,50,79,No,Retrasada
604323,502769,20250701,20250701,20035,30024,40008,14:11:00,15:36:00,85,58,27,No,Retrasada
604324,509192,20261214,20261214,20017,30006,40042,09:38:00,11:55:00,137,100,37,No,Retrasada
604325,500711,20250203,20250203,20035,30006,40002,13:12:00,14:20:00,68,55,13,Sí,Entregada
604326,508631,20261014,20261014,20047,30012,40007,15:24:00,17:50:00,146,50,96,No,Entregada
604327,501535,20260608,20260608,20041,30010,40038,11:08:00,12:57:00,109,37,72,No,Entregada
604328,505828,20250314,20250314,20031,30007,40039,10:35:00,13:18:00,163,73,90,No,Entregada
604329,506015,20261204,20261204,20047,30029,40010,17:01:00,19:32:00,151,75,76,No,Entregada
604330,501908,20251123,20251123,20026,30027,40049,10:39:00,12:16:00,97,69,28,No,Entregada
604331,504872,20260521,20260521,20048,30021,40003,10:40:00,12:33:00,113,42,71,No,Retrasada
604332,504743,20260126,20260126,20046,30005,40013,16:13:00,17:44:00,91,87,4,Sí,Retrasada
604333,507066,20250128,20250128,20018,30007,40006,07:41:00,08:57:00,76,70,6,Sí,Entregada
604334,504084,20251004,20251004,20024,30007,40069,11:42:00,13:09:00,87,52,35,No,Entregada
604335,504607,20250131,20250131,20005,30006,40051,15:56:00,17:36:00,100,43,57,No,Retrasada
604336,507671,20250821,20250821,20005,30001,40052,09:08:00,11:15:00,127,55,72,No,Retrasada
604337,507283,20260412,20260412,20017,30012,40010,14:05:00,16:46:00,161,75,86,No,Entregada
604338,500342,20260925,20260925,20001,30015,40059,09:04:00,10:18:00,74,23,51,No,Entregada
604339,501449,20250504,20250504,20024,30007,40072,07:05:00,10:03:00,178,112,66,No,Retrasada
604340,504023,20261125,20261125,20028,30029,40080,12:25:00,13:37:00,72,15,57,No,Entregada
604341,507126,20260413,20260413,20032,30011,40007,16:37:00,18:19:00,102,50,52,No,Entregada
604342,509177,20251022,20251022,20048,30011,40058,15:25:00,17:55:00,150,93,57,No,Entregada
604343,502407,20261122,20261122,20003,30027,40057,16:58:00,19:15:00,137,56,81,No,Entregada
604344,506013,20260602,20260602,20041,30016,40060,10:23:00,11:30:00,67,66,1,Sí,Entregada
604345,508654,20260620,20260620,20003,30027,40093,13:43:00,14:43:00,60,39,21,No,Entregada
604346,500836,20250622,20250622,20028,30002,40041,15:55:00,19:09:00,194,92,102,No,Entregada
604347,507103,20260324,20260324,20018,30012,40008,10:31:00,13:20:00,169,58,111,No,Entregada
604348,506441,20250919,20250919,20017,30012,40073,10:28:00,12:55:00,147,83,64,No,Entregada
604349,501268,20261207,20261207,20003,30017,40015,08:56:00,10:00:00,64,64,0,Sí,Entregada
604350,509324,20260213,20260213,20047,30017,40039,14:57:00,18:05:00,188,73,115,No,Entregada
604351,503605,20250118,20250118,20024,30013,40057,15:14:00,17:54:00,160,56,104,No,Entregada
604352,508510,20251008,20251008,20046,30023,40011,07:45:00,09:05:00,80,78,2,Sí,Entregada
604353,501572,20260602,20260602,20031,30011,40073,12:30:00,14:47:00,137,83,54,No,Retrasada
604354,509196,20250501,20250501,20018,30012,40008,15:11:00,17:36:00,145,58,87,No,Entregada
604355,506516,20251122,20251122,20041,30007,40007,14:28:00,16:02:00,94,50,44,No,Entregada
604356,507640,20250830,20250830,20046,30020,40003,15:30:00,16:35:00,65,42,23,No,Entregada
604357,502759,20260822,20260822,20003,30009,40059,16:06:00,17:42:00,96,23,73,No,Entregada
604358,501443,20260805,20260805,20026,30011,40002,15:59:00,17:17:00,78,55,23,No,Entregada
604359,501655,20250820,20250820,20016,30009,40041,07:15:00,10:26:00,191,92,99,No,Entregada
604360,502051,20260613,20260613,20041,30003,40039,11:02:00,13:13:00,131,73,58,No,Entregada
604361,506469,20250906,20250906,20032,30005,40001,10:26:00,12:04:00,98,45,53,No,Entregada
604362,501924,20260418,20260418,20047,30019,40058,11:30:00,13:18:00,108,93,15,Sí,Entregada
604363,500459,20250814,20250814,20035,30003,40077,08:54:00,11:18:00,144,24,120,No,Entregada
604364,500181,20261117,20261117,20028,30015,40035,11:58:00,14:52:00,174,107,67,No,Entregada
604365,500383,20260826,20260826,20035,30017,40003,15:02:00,16:52:00,110,42,68,No,Entregada
604366,501966,20250908,20250908,20033,30026,40080,13:33:00,14:00:00,27,15,12,Sí,Entregada
604367,500489,20261024,20261024,20028,30027,40015,15:01:00,17:19:00,138,64,74,No,Entregada
604368,506940,20250612,20250612,20042,30001,40071,11:56:00,14:42:00,166,64,102,No,Entregada
604369,505752,20260508,20260508,20045,30017,40095,09:57:00,12:55:00,178,73,105,No,Entregada
604370,507962,20251001,20251001,20018,30027,40007,12:14:00,14:30:00,136,50,86,No,Retrasada
604371,507274,20261204,20261204,20032,30017,40009,11:18:00,12:36:00,78,40,38,No,Entregada
604372,505887,20260708,20260708,20031,30015,40037,07:06:00,09:42:00,156,81,75,No,Entregada
604373,508092,20260107,20260107,20041,30029,40063,15:57:00,17:37:00,100,52,48,No,Entregada
604374,506912,20261023,20261023,20035,30010,40018,09:55:00,11:47:00,112,80,32,No,Entregada
604375,508598,20260620,20260620,20003,30019,40086,07:01:00,10:02:00,181,103,78,No,Entregada
604376,503460,20250205,20250205,20031,30027,40092,14:34:00,16:41:00,127,23,104,No,Entregada
604377,502432,20260730,20260730,20032,30019,40080,17:43:00,18:29:00,46,15,31,No,Entregada
604378,506106,20250427,20250427,20028,30027,40072,15:17:00,17:28:00,131,112,19,No,Retrasada
604379,508985,20250109,20250109,20037,30005,40052,07:27:00,10:18:00,171,55,116,No,Entregada
604380,509034,20261001,20261001,20045,30009,40059,07:00:00,08:39:00,99,23,76,No,Entregada
604381,505293,20250526,20250526,20047,30007,40008,07:55:00,09:52:00,117,58,59,No,Entregada
604382,508693,20250117,20250117,20005,30024,40028,08:51:00,11:20:00,149,115,34,No,Entregada
604383,504844,20251214,20251214,20017,30020,40047,12:09:00,13:15:00,66,37,29,No,Entregada
604384,508645,20261125,20261125,20026,30027,40094,14:18:00,15:17:00,59,24,35,No,Entregada
604385,509259,20261205,20261205,20031,30019,40073,16:51:00,19:42:00,171,83,88,No,Entregada
604386,505283,20250419,20250419,20017,30014,40098,16:54:00,18:22:00,88,31,57,No,Entregada
604387,505306,20260104,20260104,20003,30013,40054,12:24:00,14:50:00,146,82,64,No,Entregada
604388,501017,20261224,20261224,20005,30013,40018,15:53:00,18:03:00,130,80,50,No,Entregada
604389,503068,20260511,20260511,20042,30009,40010,17:18:00,20:00:00,162,75,87,No,Entregada
604390,501003,20260925,20260925,20001,30005,40035,13:11:00,16:46:00,215,107,108,No,Entregada
604391,504018,20260704,20260704,20035,30023,40020,10:00:00,12:23:00,143,43,100,No,Entregada
604392,500161,20250523,20250523,20031,30021,40089,08:07:00,10:43:00,156,57,99,No,Entregada
604393,502742,20260828,20260828,20018,30029,40065,10:00:00,11:36:00,96,61,35,No,Entregada
604394,507235,20250202,20250202,20028,30020,40032,14:13:00,16:29:00,136,55,81,No,Retrasada
604395,507182,20260802,20260802,20018,30024,40078,15:53:00,18:36:00,163,84,79,No,Entregada
604396,505519,20260226,20260226,20028,30013,40008,07:20:00,09:23:00,123,58,65,No,Entregada
604397,501157,20250106,20250106,20022,30017,40058,13:23:00,16:35:00,192,93,99,No,Entregada
604398,502917,20250314,20250314,20041,30006,40011,17:14:00,19:15:00,121,78,43,No,Entregada
604399,509347,20260224,20260224,20041,30023,40090,07:38:00,09:00:00,82,36,46,No,Entregada
604400,504614,20260226,20260226,20017,30023,40040,17:01:00,18:45:00,104,76,28,No,Entregada
604401,501598,20260630,20260630,20041,30020,40042,12:35:00,15:39:00,184,100,84,No,Entregada
604402,501496,20250323,20250323,20028,30006,40076,11:02:00,13:05:00,123,64,59,No,Entregada
604403,504635,20261119,20261119,20031,30011,40004,14:58:00,17:10:00,132,60,72,No,Entregada
604404,500562,20250215,20250215,20026,30009,40069,16:20:00,18:29:00,129,52,77,No,Entregada
604405,507687,20261004,20261004,20024,30006,40062,15:33:00,18:29:00,176,76,100,No,Entregada
604406,501768,20250805,20250805,20035,30021,40081,09:55:00,13:24:00,209,94,115,No,Entregada
604407,501842,20250627,20250627,20047,30023,40085,07:58:00,10:28:00,150,41,109,No,Retrasada
604408,506190,20250226,20250226,20047,30013,40063,08:38:00,11:06:00,148,52,96,No,Entregada
604409,501345,20251117,20251117,20045,30029,40040,15:14:00,17:27:00,133,76,57,No,Retrasada
604410,504161,20260415,20260415,20033,30020,40001,15:33:00,17:08:00,95,45,50,No,Entregada
604411,507673,20250525,20250525,20017,30013,40007,11:56:00,14:40:00,164,50,114,No,Entregada
604412,504702,20260916,20260916,20018,30030,40004,09:02:00,11:24:00,142,60,82,No,Retrasada
604413,504780,20250730,20250730,20026,30026,40015,16:53:00,19:37:00,164,64,100,No,Entregada
604414,501185,20250905,20250905,20041,30019,40065,13:27:00,14:43:00,76,61,15,Sí,Entregada
604415,507104,20260303,20260303,20005,30024,40001,16:00:00,16:56:00,56,45,11,Sí,Entregada
604416,502303,20260113,20260113,20003,30016,40002,11:29:00,12:30:00,61,55,6,Sí,Entregada
604417,508486,20260821,20260821,20026,30014,40028,07:11:00,11:04:00,233,115,118,No,Entregada
604418,505372,20250513,20250513,20045,30017,40093,13:28:00,15:45:00,137,39,98,No,Entregada
604419,509159,20261212,20261212,20003,30012,40006,15:25:00,17:55:00,150,70,80,No,Retrasada
604420,509960,20250402,20250402,20037,30021,40046,07:31:00,09:49:00,138,33,105,No,Retrasada
604421,506657,20260326,20260326,20032,30001,40092,09:50:00,11:26:00,96,23,73,No,Entregada
604422,502530,20261220,20261220,20041,30013,40076,08:08:00,10:32:00,144,64,80,No,Entregada
604423,507583,20260322,20260322,20045,30013,40040,13:01:00,15:01:00,120,76,44,No,Entregada
604424,506822,20250704,20250704,20022,30001,40032,14:12:00,15:15:00,63,55,8,Sí,Entregada
604425,509593,20260721,20260721,20047,30017,40080,08:39:00,09:26:00,47,15,32,No,Entregada
604426,503311,20250611,20250611,20032,30030,40081,07:08:00,08:59:00,111,94,17,No,Entregada
604427,504149,20260519,20260519,20048,30003,40044,07:28:00,09:41:00,133,72,61,No,Retrasada
604428,507648,20260718,20260718,20024,30005,40018,14:41:00,17:54:00,193,80,113,No,Entregada
604429,509840,20250310,20250310,20003,30023,40063,09:22:00,10:38:00,76,52,24,No,Retrasada
604430,500008,20250105,20250105,20048,30013,40018,17:31:00,18:56:00,85,80,5,Sí,Entregada
604431,503796,20261203,20261203,20001,30010,40090,09:36:00,10:53:00,77,36,41,No,Entregada
604432,504258,20260904,20260904,20018,30006,40003,11:19:00,13:19:00,120,42,78,No,Entregada
604433,502445,20250816,20250816,20032,30020,40086,14:20:00,17:24:00,184,103,81,No,Entregada
604434,509007,20250507,20250507,20048,30015,40032,09:51:00,11:34:00,103,55,48,No,Entregada
604435,509190,20261027,20261027,20031,30030,40008,08:14:00,10:54:00,160,58,102,No,Entregada
604436,508468,20260725,20260725,20024,30013,40099,17:25:00,18:10:00,45,32,13,Sí,Entregada
604437,508063,20260429,20260429,20018,30021,40094,12:19:00,13:44:00,85,24,61,No,Entregada
604438,509254,20250101,20250101,20031,30012,40002,14:08:00,16:44:00,156,55,101,No,Entregada
604439,509186,20251013,20251013,20048,30010,40059,11:14:00,13:22:00,128,23,105,No,Entregada
604440,503989,20250824,20250824,20003,30026,40084,16:29:00,17:21:00,52,33,19,No,Retrasada
604441,506385,20260501,20260501,20022,30024,40005,12:12:00,14:51:00,159,48,111,No,Retrasada
604442,502828,20260502,20260502,20031,30012,40055,14:40:00,17:39:00,179,78,101,No,Entregada
604443,501866,20251019,20251019,20048,30020,40028,14:41:00,17:43:00,182,115,67,No,Entregada
604444,507428,20250531,20250531,20041,30012,40055,08:31:00,11:25:00,174,78,96,No,Entregada
604445,502378,20250721,20250721,20049,30001,40055,15:39:00,17:48:00,129,78,51,No,Retrasada
604446,504357,20260117,20260117,20026,30020,40065,08:37:00,10:21:00,104,61,43,No,Entregada
604447,506246,20251215,20251215,20041,30030,40084,13:13:00,15:33:00,140,33,107,No,Entregada
604448,504710,20261107,20261107,20028,30016,40051,16:16:00,18:07:00,111,43,68,No,Entregada
604449,502542,20260420,20260420,20028,30012,40019,10:53:00,12:32:00,99,91,8,Sí,Entregada
604450,505110,20260801,20260801,20047,30021,40051,11:48:00,13:02:00,74,43,31,No,Retrasada
604451,507873,20260922,20260922,20026,30026,40044,16:01:00,18:19:00,138,72,66,No,Entregada
604452,508287,20261120,20261120,20003,30007,40034,10:23:00,12:53:00,150,37,113,No,Entregada
604453,509006,20250322,20250322,20022,30009,40065,17:42:00,19:11:00,89,61,28,No,Entregada
604454,503377,20250514,20250514,20041,30017,40054,11:12:00,14:03:00,171,82,89,No,Entregada
604455,501439,20260728,20260728,20028,30019,40009,13:25:00,14:34:00,69,40,29,No,Retrasada
604456,506046,20260625,20260625,20042,30002,40069,15:34:00,17:27:00,113,52,61,No,Entregada
604457,509042,20261107,20261107,20041,30021,40018,16:39:00,18:44:00,125,80,45,No,Entregada
604458,506162,20260316,20260316,20047,30006,40044,09:20:00,10:56:00,96,72,24,No,Retrasada
604459,505491,20261126,20261126,20032,30015,40032,11:59:00,14:36:00,157,55,102,No,Retrasada
604460,509251,20250520,20250520,20035,30015,40098,12:10:00,13:15:00,65,31,34,No,Entregada
604461,505270,20260205,20260205,20032,30024,40041,13:32:00,16:30:00,178,92,86,No,Entregada
604462,501570,20260517,20260517,20001,30023,40085,14:24:00,15:06:00,42,41,1,Sí,Entregada
604463,509692,20261206,20261206,20046,30003,40027,09:51:00,13:09:00,198,81,117,No,Retrasada
604464,508974,20260203,20260203,20017,30011,40086,07:30:00,10:16:00,166,103,63,No,Retrasada
604465,502883,20260811,20260811,20017,30012,40059,07:46:00,09:56:00,130,23,107,No,Retrasada
604466,507175,20250917,20250917,20001,30017,40081,12:51:00,14:26:00,95,94,1,Sí,Retrasada
604467,508738,20260504,20260504,20041,30029,40096,17:21:00,19:19:00,118,37,81,No,Entregada
604468,505203,20260703,20260703,20011,30009,40060,07:57:00,10:11:00,134,66,68,No,Retrasada
604469,505840,20250311,20250311,20031,30019,40052,12:29:00,15:09:00,160,55,105,No,Entregada
604470,508514,20250119,20250119,20003,30019,40055,13:22:00,15:35:00,133,78,55,No,Entregada
604471,500494,20250915,20250915,20026,30027,40096,09:41:00,11:46:00,125,37,88,No,Entregada
604472,502052,20251130,20251130,20037,30013,40006,11:45:00,14:35:00,170,70,100,No,Entregada
604473,504553,20251030,20251030,20028,30011,40011,14:33:00,17:01:00,148,78,70,No,Entregada
604474,503451,20260601,20260601,20041,30023,40021,16:26:00,20:23:00,237,120,117,No,Entregada
604475,509600,20261221,20261221,20018,30023,40055,13:36:00,16:00:00,144,78,66,No,Entregada
604476,507375,20260517,20260517,20028,30019,40065,07:25:00,08:28:00,63,61,2,Sí,Entregada
604477,509970,20250422,20250422,20047,30019,40038,09:05:00,10:38:00,93,37,56,No,Entregada
604478,504058,20250715,20250715,20033,30017,40066,16:24:00,18:08:00,104,81,23,No,Entregada
604479,505475,20260327,20260327,20035,30002,40084,10:07:00,11:49:00,102,33,69,No,Entregada
604480,501156,20261103,20261103,20037,30010,40089,15:03:00,16:57:00,114,57,57,No,Entregada
604481,507558,20250424,20250424,20047,30014,40046,15:42:00,17:20:00,98,33,65,No,Entregada
604482,502350,20250911,20250911,20041,30005,40008,12:53:00,15:33:00,160,58,102,No,Entregada
604483,502321,20260323,20260323,20035,30009,40059,17:57:00,19:49:00,112,23,89,No,Entregada
604484,503171,20250105,20250105,20017,30019,40055,08:39:00,11:21:00,162,78,84,No,Retrasada
604485,508190,20261221,20261221,20031,30005,40037,16:17:00,19:21:00,184,81,103,No,Retrasada
604486,506504,20251203,20251203,20007,30002,40081,11:37:00,13:54:00,137,94,43,No,Entregada
604487,506355,20251116,20251116,20041,30027,40007,17:25:00,19:07:00,102,50,52,No,Entregada
604488,505088,20260712,20260712,20026,30030,40054,11:14:00,14:22:00,188,82,106,No,Entregada
604489,503434,20251202,20251202,20026,30019,40057,11:23:00,12:48:00,85,56,29,No,Entregada
604490,508230,20260809,20260809,20007,30001,40018,12:28:00,15:25:00,177,80,97,No,Retrasada
604491,500426,20261227,20261227,20041,30021,40095,11:35:00,14:42:00,187,73,114,No,Retrasada
604492,505893,20260904,20260904,20041,30021,40057,11:40:00,14:19:00,159,56,103,No,Entregada
604493,505922,20260531,20260531,20022,30023,40073,12:27:00,14:08:00,101,83,18,No,Entregada
604494,503123,20251207,20251207,20041,30005,40085,16:11:00,18:14:00,123,41,82,No,Entregada
604495,502234,20250515,20250515,20005,30015,40001,07:25:00,09:45:00,140,45,95,No,Entregada
604496,506247,20261122,20261122,20048,30024,40084,08:22:00,09:21:00,59,33,26,No,Entregada
604497,506559,20260426,20260426,20028,30020,40063,13:52:00,15:33:00,101,52,49,No,Retrasada
604498,503415,20250718,20250718,20032,30010,40007,09:48:00,11:16:00,88,50,38,No,Entregada
604499,509736,20251031,20251031,20047,30023,40076,10:48:00,12:24:00,96,64,32,No,Entregada
604500,508123,20251202,20251202,20001,30024,40051,17:08:00,19:13:00,125,43,82,No,Entregada
604501,506994,20260506,20260506,20001,30026,40018,15:47:00,18:57:00,190,80,110,No,Retrasada
604502,507361,20260101,20260101,20012,30001,40006,17:46:00,19:18:00,92,70,22,No,Entregada
604503,507704,20250606,20250606,20041,30016,40095,15:43:00,17:21:00,98,73,25,No,Entregada
604504,507643,20250330,20250330,20026,30012,40046,17:44:00,19:28:00,104,33,71,No,Entregada
604505,507152,20250428,20250428,20031,30011,40051,11:41:00,14:09:00,148,43,105,No,Retrasada
604506,507529,20260701,20260701,20047,30007,40032,15:53:00,16:52:00,59,55,4,Sí,Entregada
604507,500229,20251019,20251019,20037,30021,40032,11:28:00,13:41:00,133,55,78,No,Retrasada
604508,504211,20260330,20260330,20017,30029,40072,17:18:00,19:37:00,139,112,27,No,Entregada
604509,505841,20260811,20260811,20048,30007,40055,07:17:00,08:57:00,100,78,22,No,Entregada
604510,504273,20260530,20260530,20024,30026,40060,08:56:00,11:55:00,179,66,113,No,Entregada
604511,504201,20260514,20260514,20045,30006,40034,09:23:00,10:29:00,66,37,29,No,Entregada
604512,506007,20260224,20260224,20045,30005,40040,16:10:00,18:42:00,152,76,76,No,Entregada
604513,506239,20261017,20261017,20047,30003,40062,14:01:00,15:49:00,108,76,32,No,Entregada
604514,508568,20260618,20260618,20045,30003,40034,13:08:00,13:46:00,38,37,1,Sí,Retrasada
604515,504317,20250130,20250130,20046,30013,40029,16:17:00,17:38:00,81,76,5,Sí,Entregada
604516,500024,20250516,20250516,20018,30007,40049,08:45:00,10:43:00,118,69,49,No,Entregada
604517,504688,20251206,20251206,20024,30015,40062,17:57:00,20:40:00,163,76,87,No,Entregada
604518,508765,20250508,20250508,20024,30012,40087,14:04:00,16:23:00,139,113,26,No,Entregada
604519,505208,20250823,20250823,20005,30001,40084,14:25:00,16:09:00,104,33,71,No,Entregada
604520,504605,20260626,20260626,20048,30012,40093,10:05:00,11:12:00,67,39,28,No,Retrasada
604521,507916,20250924,20250924,20033,30001,40040,09:29:00,11:54:00,145,76,69,No,Entregada
604522,502744,20250513,20250513,20035,30006,40081,15:57:00,19:28:00,211,94,117,No,Entregada
604523,501719,20250104,20250104,20022,30024,40081,17:51:00,20:03:00,132,94,38,No,Entregada
604524,507466,20250606,20250606,20028,30012,40003,11:37:00,13:57:00,140,42,98,No,Entregada
604525,509054,20250129,20250129,20047,30007,40060,14:34:00,16:30:00,116,66,50,No,Entregada
604526,503961,20251221,20251221,20047,30027,40096,17:00:00,19:20:00,140,37,103,No,Entregada
604527,500242,20251117,20251117,20028,30019,40011,10:52:00,12:22:00,90,78,12,Sí,Entregada
604528,507814,20260620,20260620,20041,30015,40054,15:20:00,16:51:00,91,82,9,Sí,Entregada
604529,508459,20250319,20250319,20048,30029,40062,11:10:00,13:20:00,130,76,54,No,Entregada
604530,502281,20260114,20260114,20003,30011,40094,08:18:00,08:50:00,32,24,8,Sí,Retrasada
604531,506477,20250816,20250816,20024,30017,40014,10:45:00,12:25:00,100,49,51,No,Entregada
604532,502265,20250312,20250312,20032,30007,40041,10:05:00,12:27:00,142,92,50,No,Entregada
604533,503084,20260901,20260901,20024,30024,40039,09:10:00,10:56:00,106,73,33,No,Retrasada
604534,507722,20260228,20260228,20046,30006,40009,17:31:00,19:56:00,145,40,105,No,Entregada
604535,506182,20250903,20250903,20024,30021,40085,14:11:00,15:50:00,99,41,58,No,Entregada
604536,508639,20260120,20260120,20045,30029,40090,15:16:00,16:55:00,99,36,63,No,Entregada
604537,508469,20250401,20250401,20024,30029,40011,12:22:00,13:58:00,96,78,18,No,Entregada
604538,506667,20260821,20260821,20028,30003,40080,17:14:00,18:50:00,96,15,81,No,Entregada
604539,509532,20260325,20260325,20032,30029,40049,13:11:00,15:32:00,141,69,72,No,Entregada
604540,501473,20250805,20250805,20026,30026,40093,09:12:00,11:06:00,114,39,75,No,Entregada
604541,501541,20260419,20260419,20001,30023,40095,17:50:00,20:09:00,139,73,66,No,Entregada
604542,501682,20250328,20250328,20047,30016,40001,17:05:00,19:50:00,165,45,120,No,Entregada
604543,509850,20251029,20251029,20048,30013,40051,09:08:00,10:58:00,110,43,67,No,Entregada
604544,501839,20250315,20250315,20028,30014,40039,17:03:00,19:46:00,163,73,90,No,Entregada
604545,505885,20260618,20260618,20037,30020,40087,07:28:00,10:23:00,175,113,62,No,Entregada
604546,507650,20251001,20251001,20041,30015,40047,15:43:00,17:41:00,118,37,81,No,Entregada
604547,502071,20250830,20250830,20005,30002,40001,11:56:00,13:57:00,121,45,76,No,Entregada
604548,502704,20250301,20250301,20001,30026,40099,11:52:00,12:25:00,33,32,1,Sí,Entregada
604549,505749,20260709,20260709,20024,30020,40042,07:23:00,09:47:00,144,100,44,No,Entregada
604550,505656,20261013,20261013,20045,30002,40078,13:45:00,16:47:00,182,84,98,No,Entregada
604551,508080,20250613,20250613,20035,30017,40042,09:18:00,12:37:00,199,100,99,No,Entregada
604552,505566,20251018,20251018,20003,30026,40013,09:53:00,13:18:00,205,87,118,No,Entregada
604553,500934,20260511,20260511,20032,30010,40086,15:15:00,17:26:00,131,103,28,No,Entregada
604554,505539,20251012,20251012,20022,30010,40094,17:54:00,20:15:00,141,24,117,No,Entregada
604555,502436,20260616,20260616,20031,30005,40004,12:50:00,14:49:00,119,60,59,No,Entregada
604556,504824,20260516,20260516,20003,30001,40093,11:58:00,13:18:00,80,39,41,No,Entregada
604557,509315,20250527,20250527,20041,30011,40004,10:11:00,12:30:00,139,60,79,No,Entregada
604558,508630,20250708,20250708,20032,30026,40090,08:03:00,09:10:00,67,36,31,No,Entregada
604559,507153,20260521,20260521,20047,30007,40078,10:34:00,13:52:00,198,84,114,No,Entregada
604560,501412,20250121,20250121,20037,30009,40093,09:45:00,11:29:00,104,39,65,No,Entregada
604561,508127,20250902,20250902,20005,30003,40098,10:51:00,11:52:00,61,31,30,No,Entregada
604562,503814,20250206,20250206,20003,30003,40062,16:00:00,17:41:00,101,76,25,No,Retrasada
604563,503035,20260219,20260219,20026,30021,40035,15:25:00,18:18:00,173,107,66,No,Retrasada
604564,501508,20260308,20260308,20026,30030,40090,12:03:00,13:56:00,113,36,77,No,Entregada
604565,502526,20251111,20251111,20024,30029,40087,14:16:00,17:13:00,177,113,64,No,Entregada
604566,500255,20261130,20261130,20045,30010,40014,15:21:00,17:16:00,115,49,66,No,Entregada
604567,507994,20250211,20250211,20041,30005,40039,13:32:00,16:14:00,162,73,89,No,Entregada
604568,500736,20261021,20261021,20028,30016,40011,16:58:00,18:53:00,115,78,37,No,Entregada
604569,500985,20260717,20260717,20024,30005,40094,13:44:00,14:28:00,44,24,20,No,Entregada
604570,503036,20260110,20260110,20045,30024,40082,13:01:00,14:41:00,100,74,26,No,Entregada
604571,509903,20250211,20250211,20037,30001,40018,16:15:00,18:44:00,149,80,69,No,Entregada
604572,502325,20260213,20260213,20048,30020,40040,15:59:00,18:54:00,175,76,99,No,Retrasada
604573,508374,20260422,20260422,20028,30013,40055,07:16:00,09:18:00,122,78,44,No,Entregada
604574,505439,20250516,20250516,20003,30029,40007,15:25:00,16:54:00,89,50,39,No,Entregada
604575,504755,20260109,20260109,20018,30015,40018,08:15:00,11:30:00,195,80,115,No,Entregada
604576,506440,20261002,20261002,20046,30003,40042,11:07:00,14:29:00,202,100,102,No,Entregada
604577,506656,20250809,20250809,20024,30014,40007,10:34:00,12:09:00,95,50,45,No,Entregada
604578,502614,20260827,20260827,20041,30023,40032,08:08:00,09:32:00,84,55,29,No,Entregada
604579,502389,20261124,20261124,20017,30019,40060,08:24:00,09:38:00,74,66,8,Sí,Entregada
604580,507370,20251205,20251205,20026,30002,40007,08:08:00,09:08:00,60,50,10,Sí,Retrasada
604581,504646,20250919,20250919,20035,30023,40003,12:46:00,15:06:00,140,42,98,No,Entregada
604582,503013,20260410,20260410,20018,30014,40021,14:02:00,17:54:00,232,120,112,No,Entregada
604583,501826,20260108,20260108,20032,30017,40081,09:53:00,13:00:00,187,94,93,No,Entregada
604584,500440,20260721,20260721,20026,30012,40093,08:54:00,10:09:00,75,39,36,No,Retrasada
604585,508805,20260805,20260805,20001,30003,40044,07:30:00,10:13:00,163,72,91,No,Entregada
604586,503214,20260117,20260117,20018,30027,40065,12:42:00,13:53:00,71,61,10,Sí,Entregada
604587,500932,20250610,20250610,20028,30023,40009,09:09:00,11:49:00,160,40,120,No,Entregada
604588,505803,20260128,20260128,20007,30009,40073,17:16:00,20:22:00,186,83,103,No,Entregada
604589,501241,20260601,20260601,20041,30009,40092,07:01:00,07:50:00,49,23,26,No,Entregada
604590,507071,20261006,20261006,20048,30024,40062,08:40:00,11:38:00,178,76,102,No,Entregada
604591,504467,20251004,20251004,20047,30012,40092,07:57:00,08:40:00,43,23,20,No,Entregada
604592,506553,20251211,20251211,20028,30014,40029,12:40:00,14:00:00,80,76,4,Sí,Entregada
604593,509596,20260620,20260620,20026,30007,40081,07:19:00,10:25:00,186,94,92,No,Entregada
604594,505011,20250312,20250312,20003,30011,40021,07:37:00,10:37:00,180,120,60,No,Entregada
604595,501650,20260805,20260805,20046,30017,40015,15:56:00,17:19:00,83,64,19,No,Entregada
604596,509172,20250121,20250121,20035,30009,40009,17:32:00,18:13:00,41,40,1,Sí,Entregada
604597,500843,20250917,20250917,20024,30011,40069,07:25:00,08:48:00,83,52,31,No,Entregada
604598,501887,20261218,20261218,20012,30002,40057,12:22:00,14:27:00,125,56,69,No,Entregada
604599,507517,20250514,20250514,20024,30003,40078,15:32:00,18:32:00,180,84,96,No,Retrasada
604600,506976,20250806,20250806,20031,30015,40029,07:12:00,09:18:00,126,76,50,No,Entregada
604601,507323,20251211,20251211,20028,30012,40084,16:19:00,17:10:00,51,33,18,No,Entregada
604602,502923,20250326,20250326,20018,30019,40011,13:10:00,14:52:00,102,78,24,No,Entregada
604603,509267,20261214,20261214,20031,30030,40080,12:31:00,13:20:00,49,15,34,No,Entregada
604604,509194,20260425,20260425,20018,30023,40018,11:20:00,14:13:00,173,80,93,No,Retrasada
604605,501383,20250815,20250815,20031,30011,40041,10:24:00,13:33:00,189,92,97,No,Entregada
604606,509424,20250124,20250124,20003,30030,40007,13:26:00,15:12:00,106,50,56,No,Entregada
604607,504070,20250206,20250206,20031,30009,40019,14:47:00,17:10:00,143,91,52,No,Entregada
604608,506785,20251217,20251217,20022,30023,40002,08:08:00,09:33:00,85,55,30,No,Entregada
604609,506803,20261231,20261231,20022,30003,40034,08:43:00,10:47:00,124,37,87,No,Entregada
604610,500085,20250311,20250311,20026,30029,40032,09:40:00,12:32:00,172,55,117,No,Entregada
604611,509298,20260314,20260314,20031,30013,40010,10:35:00,13:01:00,146,75,71,No,Entregada
604612,502867,20251022,20251022,20048,30016,40069,10:31:00,12:12:00,101,52,49,No,Entregada
604613,507081,20250419,20250419,20028,30024,40003,15:17:00,16:14:00,57,42,15,Sí,Entregada
604614,506035,20260322,20260322,20046,30003,40021,12:31:00,16:26:00,235,120,115,No,Entregada
604615,507882,20251129,20251129,20011,30009,40065,16:10:00,18:27:00,137,61,76,No,Entregada
604616,504374,20250413,20250413,20031,30012,40038,11:15:00,13:20:00,125,37,88,No,Entregada
604617,502998,20261114,20261114,20037,30013,40087,09:51:00,13:19:00,208,113,95,No,Entregada
604618,505964,20250531,20250531,20017,30006,40041,15:17:00,16:57:00,100,92,8,Sí,Entregada
604619,506691,20250715,20250715,20048,30011,40057,13:23:00,15:45:00,142,56,86,No,Retrasada
604620,503190,20261210,20261210,20048,30029,40092,16:48:00,18:00:00,72,23,49,No,Entregada
604621,503463,20261023,20261023,20003,30019,40022,15:26:00,18:15:00,169,110,59,No,Entregada
604622,508524,20260112,20260112,20045,30010,40057,15:46:00,18:17:00,151,56,95,No,Entregada
604623,507404,20250227,20250227,20028,30015,40085,12:24:00,13:40:00,76,41,35,No,Entregada
604624,501453,20251126,20251126,20037,30013,40095,10:27:00,13:05:00,158,73,85,No,Entregada
604625,509483,20250625,20250625,20046,30010,40010,12:29:00,14:24:00,115,75,40,No,Entregada
604626,505960,20260510,20260510,20041,30012,40065,12:04:00,13:28:00,84,61,23,No,Entregada
604627,508583,20260520,20260520,20031,30026,40087,15:35:00,17:45:00,130,113,17,No,Entregada
604628,506221,20251201,20251201,20024,30011,40089,14:32:00,16:58:00,146,57,89,No,Entregada
604629,504819,20250528,20250528,20035,30024,40022,12:10:00,14:59:00,169,110,59,No,Entregada
604630,502801,20251025,20251025,20047,30019,40014,10:46:00,11:50:00,64,49,15,Sí,Entregada
604631,502949,20250127,20250127,20018,30016,40040,16:00:00,18:45:00,165,76,89,No,Entregada
604632,506513,20260508,20260508,20026,30029,40086,08:18:00,10:23:00,125,103,22,No,Entregada
604633,506618,20260311,20260311,20024,30014,40065,09:32:00,11:21:00,109,61,48,No,Entregada
604634,509342,20260321,20260321,20028,30006,40073,13:40:00,15:23:00,103,83,20,No,Entregada
604635,505197,20251019,20251019,20003,30014,40037,07:56:00,09:39:00,103,81,22,No,Entregada
604636,502478,20260812,20260812,20031,30011,40086,10:05:00,13:34:00,209,103,106,No,Entregada
604637,507824,20260629,20260629,20045,30010,40014,17:04:00,18:06:00,62,49,13,Sí,Entregada
604638,509222,20250903,20250903,20028,30005,40063,09:37:00,10:48:00,71,52,19,No,Entregada
604639,505547,20250204,20250204,20028,30012,40060,12:58:00,14:22:00,84,66,18,No,Entregada
604640,500540,20260720,20260720,20032,30023,40011,16:48:00,19:01:00,133,78,55,No,Entregada
604641,508663,20260202,20260202,20035,30013,40028,14:25:00,17:41:00,196,115,81,No,Retrasada
604642,502398,20250102,20250102,20032,30014,40052,15:07:00,17:51:00,164,55,109,No,Entregada
604643,509058,20260306,20260306,20031,30014,40011,08:12:00,09:47:00,95,78,17,No,Entregada
604644,504982,20260619,20260619,20022,30021,40065,07:16:00,08:49:00,93,61,32,No,Entregada
604645,504594,20250902,20250902,20001,30026,40094,12:25:00,13:07:00,42,24,18,No,Entregada
604646,501074,20260501,20260501,20033,30002,40011,17:31:00,20:27:00,176,78,98,No,Entregada
604647,505823,20250820,20250820,20045,30024,40052,16:05:00,18:40:00,155,55,100,No,Entregada
604648,506169,20260704,20260704,20048,30030,40015,10:21:00,12:48:00,147,64,83,No,Entregada
604649,500185,20260818,20260818,20017,30026,40019,15:42:00,18:40:00,178,91,87,No,Entregada
604650,508262,20260709,20260709,20047,30019,40018,13:39:00,16:29:00,170,80,90,No,Retrasada
604651,501741,20251107,20251107,20046,30029,40039,14:24:00,17:06:00,162,73,89,No,Entregada
604652,504665,20250819,20250819,20047,30024,40049,13:22:00,16:04:00,162,69,93,No,Entregada
604653,507773,20251019,20251019,20031,30007,40073,16:51:00,20:06:00,195,83,112,No,Retrasada
604654,509799,20261103,20261103,20018,30003,40005,11:31:00,12:25:00,54,48,6,Sí,Entregada
604655,504847,20261221,20261221,20003,30023,40054,07:15:00,10:15:00,180,82,98,No,Entregada
604656,501447,20260820,20260820,20005,30002,40020,15:43:00,17:05:00,82,43,39,No,Entregada
604657,502846,20260911,20260911,20018,30030,40035,07:20:00,09:41:00,141,107,34,No,Retrasada
604658,502250,20260509,20260509,20031,30009,40047,10:47:00,12:13:00,86,37,49,No,Entregada
604659,505009,20250322,20250322,20035,30001,40046,11:47:00,14:11:00,144,33,111,No,Entregada
604660,506501,20250416,20250416,20005,30029,40066,09:13:00,11:14:00,121,81,40,No,Entregada
604661,509191,20260720,20260720,20047,30013,40073,11:42:00,14:32:00,170,83,87,No,Retrasada
604662,500588,20260606,20260606,20037,30017,40005,08:05:00,09:12:00,67,48,19,No,Retrasada
604663,509132,20250222,20250222,20024,30024,40093,17:03:00,17:50:00,47,39,8,Sí,Entregada
604664,501210,20250222,20250222,20047,30019,40080,11:18:00,12:25:00,67,15,52,No,Entregada
604665,504703,20250410,20250410,20037,30003,40090,08:42:00,10:41:00,119,36,83,No,Entregada
604666,501694,20250124,20250124,20001,30026,40057,16:26:00,18:58:00,152,56,96,No,Entregada
604667,505862,20250729,20250729,20024,30007,40049,08:40:00,09:49:00,69,69,0,Sí,Entregada
604668,507965,20260826,20260826,20045,30006,40044,10:45:00,13:06:00,141,72,69,No,Entregada
604669,502018,20260509,20260509,20026,30016,40086,14:42:00,17:11:00,149,103,46,No,Entregada
604670,502824,20260919,20260919,20024,30003,40015,07:25:00,10:17:00,172,64,108,No,Entregada
604671,500812,20250419,20250419,20003,30012,40020,15:25:00,18:08:00,163,43,120,No,Entregada
604672,509652,20250803,20250803,20045,30015,40040,17:33:00,19:42:00,129,76,53,No,Entregada
604673,504873,20250819,20250819,20046,30020,40066,12:14:00,14:05:00,111,81,30,No,Entregada
604674,506558,20250326,20250326,20047,30012,40044,17:17:00,20:03:00,166,72,94,No,Entregada
604675,506933,20250728,20250728,20047,30030,40013,11:32:00,14:34:00,182,87,95,No,Entregada
604676,509601,20260930,20260930,20037,30013,40065,10:51:00,12:05:00,74,61,13,Sí,Entregada
604677,501364,20260331,20260331,20018,30030,40040,14:21:00,16:12:00,111,76,35,No,Entregada
604678,500202,20260804,20260804,20003,30014,40021,07:23:00,11:14:00,231,120,111,No,Entregada
604679,502899,20260523,20260523,20041,30021,40073,15:21:00,18:32:00,191,83,108,No,Entregada
604680,506396,20250325,20250325,20045,30003,40098,07:24:00,09:25:00,121,31,90,No,Entregada
604681,505804,20251019,20251019,20048,30030,40092,11:47:00,13:08:00,81,23,58,No,Retrasada
604682,501387,20260225,20260225,20026,30002,40027,12:37:00,15:53:00,196,81,115,No,Entregada
604683,503742,20260905,20260905,20031,30007,40011,07:36:00,10:43:00,187,78,109,No,Entregada
604684,508466,20250830,20250830,20005,30021,40014,09:16:00,10:30:00,74,49,25,No,Retrasada
604685,505572,20261103,20261103,20032,30023,40042,12:19:00,15:37:00,198,100,98,No,Entregada
604686,501186,20260330,20260330,20018,30030,40098,10:01:00,11:43:00,102,31,71,No,Entregada
604687,503702,20250924,20250924,20046,30023,40073,08:25:00,11:33:00,188,83,105,No,Retrasada
604688,506454,20261222,20261222,20018,30019,40015,07:52:00,10:18:00,146,64,82,No,Entregada
604689,509668,20261207,20261207,20026,30027,40035,10:54:00,14:12:00,198,107,91,No,Retrasada
604690,504129,20251009,20251009,20024,30020,40010,14:12:00,16:29:00,137,75,62,No,Entregada
604691,509068,20250424,20250424,20018,30012,40057,08:39:00,11:26:00,167,56,111,No,Retrasada
604692,508799,20250918,20250918,20003,30003,40038,16:58:00,19:08:00,130,37,93,No,Entregada
604693,507336,20251023,20251023,20046,30023,40054,13:35:00,15:15:00,100,82,18,No,Entregada
604694,508846,20260210,20260210,20024,30013,40039,13:54:00,15:21:00,87,73,14,Sí,Entregada
604695,508640,20261202,20261202,20028,30012,40011,17:12:00,19:12:00,120,78,42,No,Entregada
604696,509303,20251111,20251111,20003,30005,40093,14:42:00,15:57:00,75,39,36,No,Retrasada
604697,502139,20250409,20250409,20018,30013,40004,17:25:00,18:53:00,88,60,28,No,Entregada
604698,509399,20261117,20261117,20047,30005,40034,13:03:00,15:26:00,143,37,106,No,Entregada
604699,509944,20250701,20250701,20026,30015,40047,08:23:00,09:01:00,38,37,1,Sí,Entregada
604700,506777,20260508,20260508,20024,30021,40008,11:03:00,12:15:00,72,58,14,Sí,Entregada
604701,504874,20250729,20250729,20017,30016,40018,10:33:00,11:56:00,83,80,3,Sí,Entregada
604702,509104,20260822,20260822,20018,30017,40059,09:45:00,10:57:00,72,23,49,No,Retrasada
604703,509089,20261013,20261013,20001,30023,40047,07:58:00,08:57:00,59,37,22,No,Retrasada
604704,501252,20260921,20260921,20048,30001,40060,15:23:00,17:58:00,155,66,89,No,Entregada
604705,502290,20260725,20260725,20024,30026,40007,09:02:00,10:57:00,115,50,65,No,Retrasada
604706,508779,20251014,20251014,20022,30003,40022,13:52:00,15:49:00,117,110,7,Sí,Entregada
604707,500745,20250304,20250304,20018,30029,40018,10:48:00,12:18:00,90,80,10,Sí,Entregada
604708,509533,20260524,20260524,20035,30020,40057,14:18:00,15:31:00,73,56,17,No,Entregada
604709,506961,20260321,20260321,20033,30010,40006,08:57:00,10:56:00,119,70,49,No,Entregada
604710,509097,20251225,20251225,20045,30015,40073,15:02:00,17:38:00,156,83,73,No,Entregada
604711,509937,20260903,20260903,20045,30013,40014,14:39:00,15:38:00,59,49,10,Sí,Entregada
604712,506371,20250322,20250322,20024,30019,40060,08:17:00,10:29:00,132,66,66,No,Retrasada
604713,507934,20250426,20250426,20032,30007,40041,13:51:00,16:18:00,147,92,55,No,Entregada
604714,504518,20260329,20260329,20032,30011,40063,11:54:00,14:00:00,126,52,74,No,Entregada
604715,501764,20250505,20250505,20022,30021,40059,07:20:00,08:07:00,47,23,24,No,Entregada
604716,500340,20251229,20251229,20005,30015,40059,09:50:00,10:22:00,32,23,9,Sí,Entregada
604717,504507,20260326,20260326,20028,30007,40040,10:30:00,12:00:00,90,76,14,Sí,Entregada
604718,509565,20260214,20260214,20031,30007,40042,08:25:00,10:52:00,147,100,47,No,Retrasada
604719,509118,20250905,20250905,20003,30020,40007,13:11:00,14:21:00,70,50,20,No,Entregada
604720,507083,20260510,20260510,20008,30009,40005,14:59:00,17:34:00,155,48,107,No,Entregada
604721,504910,20260409,20260409,20032,30007,40060,09:30:00,11:25:00,115,66,49,No,Entregada
604722,508301,20251019,20251019,20018,30019,40077,08:08:00,08:44:00,36,24,12,Sí,Entregada
604723,503042,20250608,20250608,20041,30012,40040,15:40:00,16:59:00,79,76,3,Sí,Entregada
604724,509728,20250314,20250314,20028,30026,40021,13:10:00,17:10:00,240,120,120,No,Retrasada
604725,504716,20260325,20260325,20012,30001,40004,08:40:00,10:14:00,94,60,34,No,Entregada
604726,500319,20250927,20250927,20022,30003,40015,17:57:00,19:21:00,84,64,20,No,Entregada
604727,502010,20250519,20250519,20048,30007,40080,11:02:00,12:53:00,111,15,96,No,Entregada
604728,509721,20250201,20250201,20048,30027,40047,15:31:00,18:00:00,149,37,112,No,Entregada
604729,506776,20260128,20260128,20026,30030,40069,16:14:00,18:26:00,132,52,80,No,Entregada
604730,501178,20250214,20250214,20018,30014,40009,10:45:00,12:59:00,134,40,94,No,Entregada
604731,506213,20250612,20250612,20032,30024,40096,10:33:00,11:15:00,42,37,5,Sí,Entregada
604732,509273,20260501,20260501,20028,30027,40060,08:06:00,10:29:00,143,66,77,No,Entregada
604733,500854,20250614,20250614,20047,30027,40029,17:11:00,18:38:00,87,76,11,Sí,Entregada
604734,504576,20260903,20260903,20026,30029,40095,10:56:00,12:20:00,84,73,11,Sí,Entregada
604735,502408,20250225,20250225,20017,30023,40086,13:38:00,16:26:00,168,103,65,No,Retrasada
604736,509902,20260518,20260518,20032,30029,40095,14:59:00,16:34:00,95,73,22,No,Entregada
604737,505034,20261129,20261129,20041,30005,40006,10:41:00,11:57:00,76,70,6,Sí,Entregada
604738,503427,20260220,20260220,20022,30021,40065,17:53:00,19:21:00,88,61,27,No,Retrasada
604739,503289,20251217,20251217,20031,30029,40073,09:37:00,11:43:00,126,83,43,No,Entregada
604740,502243,20250226,20250226,20018,30024,40019,13:55:00,16:46:00,171,91,80,No,Entregada
604741,503830,20260821,20260821,20035,30026,40040,12:25:00,15:30:00,185,76,109,No,Retrasada
604742,502914,20250222,20250222,20033,30013,40099,12:43:00,15:09:00,146,32,114,No,Entregada
604743,505995,20260210,20260210,20026,30007,40096,11:42:00,12:24:00,42,37,5,Sí,Entregada
604744,504687,20260503,20260503,20028,30001,40038,10:48:00,12:46:00,118,37,81,No,Entregada
604745,500876,20260227,20260227,20028,30010,40054,11:39:00,15:00:00,201,82,119,No,Entregada
604746,500776,20251122,20251122,20048,30019,40069,11:49:00,14:22:00,153,52,101,No,Entregada
604747,504072,20250227,20250227,20035,30024,40005,07:46:00,09:13:00,87,48,39,No,Entregada
604748,502863,20250703,20250703,20032,30026,40001,10:33:00,12:36:00,123,45,78,No,Entregada
604749,509585,20250712,20250712,20028,30020,40041,07:23:00,10:52:00,209,92,117,No,Entregada
604750,507597,20261108,20261108,20029,30001,40003,11:33:00,13:19:00,106,42,64,No,Retrasada
604751,502391,20260205,20260205,20045,30029,40078,12:12:00,14:19:00,127,84,43,No,Entregada
604752,506348,20250925,20250925,20029,30002,40014,13:19:00,15:54:00,155,49,106,No,Entregada
604753,500332,20250128,20250128,20031,30014,40055,14:49:00,17:17:00,148,78,70,No,Entregada
604754,503720,20250125,20250125,20001,30013,40057,08:55:00,11:36:00,161,56,105,No,Entregada
604755,503589,20250529,20250529,20032,30010,40066,07:41:00,10:34:00,173,81,92,No,Entregada
604756,504230,20250907,20250907,20005,30009,40094,13:18:00,14:09:00,51,24,27,No,Entregada
604757,504477,20250723,20250723,20002,30002,40001,10:25:00,12:31:00,126,45,81,No,Entregada
604758,505786,20250723,20250723,20022,30015,40099,11:39:00,13:32:00,113,32,81,No,Entregada
604759,502888,20250802,20250802,20032,30016,40039,17:17:00,18:37:00,80,73,7,Sí,Entregada
604760,508458,20260422,20260422,20018,30029,40066,10:56:00,14:14:00,198,81,117,No,Entregada
604761,500620,20260808,20260808,20041,30014,40028,14:35:00,17:22:00,167,115,52,No,Entregada
604762,502790,20251108,20251108,20017,30027,40077,14:54:00,15:21:00,27,24,3,Sí,Retrasada
604763,506223,20251113,20251113,20047,30021,40069,11:20:00,13:51:00,151,52,99,No,Retrasada
604764,503247,20250905,20250905,20017,30011,40037,12:04:00,15:01:00,177,81,96,No,Retrasada
604765,500009,20251119,20251119,20033,30013,40009,11:45:00,14:02:00,137,40,97,No,Entregada
604766,504643,20261230,20261230,20012,30009,40006,08:42:00,11:03:00,141,70,71,No,Entregada
604767,508484,20260602,20260602,20035,30023,40052,11:41:00,13:38:00,117,55,62,No,Entregada
604768,505593,20250703,20250703,20017,30023,40093,11:52:00,13:27:00,95,39,56,No,Entregada
604769,503079,20251207,20251207,20032,30014,40073,07:06:00,10:06:00,180,83,97,No,Entregada
604770,502283,20250115,20250115,20028,30005,40081,08:31:00,10:44:00,133,94,39,No,Entregada
604771,502872,20250208,20250208,20031,30012,40021,10:09:00,12:47:00,158,120,38,No,Entregada
604772,501284,20250417,20250417,20003,30007,40003,14:55:00,17:19:00,144,42,102,No,Entregada
604773,508816,20261226,20261226,20022,30029,40022,07:52:00,10:59:00,187,110,77,No,Entregada
604774,501361,20250730,20250730,20018,30014,40052,15:05:00,17:53:00,168,55,113,No,Entregada
604775,502510,20261009,20261009,20041,30027,40037,15:09:00,16:33:00,84,81,3,Sí,Entregada
604776,505047,20260829,20260829,20048,30016,40086,13:03:00,16:07:00,184,103,81,No,Retrasada
604777,507129,20250124,20250124,20018,30011,40092,13:48:00,16:02:00,134,23,111,No,Entregada
604778,508711,20260522,20260522,20007,30002,40078,10:16:00,11:46:00,90,84,6,Sí,Entregada
604779,504913,20251207,20251207,20018,30007,40071,13:06:00,15:16:00,130,64,66,No,Entregada
604780,508911,20250501,20250501,20024,30014,40094,11:09:00,13:18:00,129,24,105,No,Retrasada
604781,503874,20260724,20260724,20028,30010,40094,16:54:00,17:37:00,43,24,19,No,Retrasada
604782,500998,20260906,20260906,20047,30007,40019,13:19:00,16:41:00,202,91,111,No,Entregada
604783,509709,20261013,20261013,20024,30002,40014,14:50:00,15:49:00,59,49,10,Sí,Entregada
604784,502200,20261101,20261101,20041,30030,40099,14:34:00,15:12:00,38,32,6,Sí,Entregada
604785,503548,20260530,20260530,20031,30019,40062,11:49:00,14:54:00,185,76,109,No,Retrasada
604786,501389,20261016,20261016,20047,30024,40011,13:42:00,16:45:00,183,78,105,No,Entregada
604787,506931,20260206,20260206,20028,30020,40029,15:40:00,17:53:00,133,76,57,No,Entregada
604788,508461,20250529,20250529,20028,30016,40007,08:54:00,10:31:00,97,50,47,No,Entregada
604789,508522,20260623,20260623,20001,30015,40051,07:40:00,09:44:00,124,43,81,No,Entregada
604790,508116,20260130,20260130,20048,30015,40008,09:52:00,11:37:00,105,58,47,No,Entregada
604791,503314,20250116,20250116,20033,30003,40027,16:49:00,19:55:00,186,81,105,No,Entregada
604792,508204,20250422,20250422,20018,30027,40066,13:42:00,16:50:00,188,81,107,No,Entregada
604793,502894,20260725,20260725,20031,30011,40098,08:58:00,10:07:00,69,31,38,No,Entregada
604794,502174,20260828,20260828,20045,30020,40009,12:35:00,14:33:00,118,40,78,No,Entregada
604795,500774,20260614,20260614,20003,30021,40015,17:15:00,18:45:00,90,64,26,No,Entregada
604796,505907,20260815,20260815,20048,30016,40095,10:10:00,12:36:00,146,73,73,No,Retrasada
604797,500441,20250616,20250616,20028,30021,40040,09:26:00,11:49:00,143,76,67,No,Entregada
604798,507009,20251024,20251024,20028,30006,40005,10:32:00,11:47:00,75,48,27,No,Retrasada
604799,507799,20250408,20250408,20022,30026,40078,13:33:00,16:47:00,194,84,110,No,Entregada
604800,504767,20260113,20260113,20031,30012,40093,07:21:00,09:22:00,121,39,82,No,Entregada
604801,507176,20250821,20250821,20048,30015,40003,08:44:00,09:28:00,44,42,2,Sí,Entregada
604802,508720,20260830,20260830,20017,30027,40092,14:38:00,16:22:00,104,23,81,No,Entregada
604803,504088,20260128,20260128,20003,30016,40066,17:18:00,19:26:00,128,81,47,No,Entregada
604804,500126,20260310,20260310,20026,30012,40096,10:40:00,11:56:00,76,37,39,No,Entregada
604805,506311,20260327,20260327,20026,30007,40058,11:17:00,14:23:00,186,93,93,No,Entregada
604806,501943,20260222,20260222,20003,30016,40090,13:06:00,14:54:00,108,36,72,No,Entregada
604807,504557,20261218,20261218,20003,30012,40022,12:48:00,14:39:00,111,110,1,Sí,Entregada
604808,504633,20260730,20260730,20017,30009,40062,10:55:00,13:47:00,172,76,96,No,Entregada
604809,507961,20260614,20260614,20003,30020,40060,14:23:00,16:23:00,120,66,54,No,Entregada
604810,506214,20260725,20260725,20024,30006,40076,17:22:00,20:02:00,160,64,96,No,Entregada
604811,501917,20261225,20261225,20017,30030,40034,10:55:00,11:37:00,42,37,5,Sí,Entregada
604812,508787,20251011,20251011,20032,30024,40035,14:59:00,18:29:00,210,107,103,No,Retrasada
604813,505858,20261104,20261104,20005,30023,40077,11:16:00,12:06:00,50,24,26,No,Entregada
604814,505437,20250922,20250922,20022,30006,40035,15:19:00,18:52:00,213,107,106,No,Entregada
604815,504658,20260406,20260406,20048,30012,40015,15:29:00,17:05:00,96,64,32,No,Entregada
604816,502637,20250308,20250308,20028,30016,40014,16:28:00,17:56:00,88,49,39,No,Retrasada
604817,500729,20251229,20251229,20002,30002,40081,17:09:00,19:24:00,135,94,41,No,Entregada
604818,509083,20260802,20260802,20028,30014,40037,13:15:00,14:44:00,89,81,8,Sí,Entregada
604819,508089,20250825,20250825,20033,30002,40039,13:58:00,16:37:00,159,73,86,No,Entregada
604820,508303,20250810,20250810,20022,30010,40002,10:18:00,13:06:00,168,55,113,No,Retrasada
604821,503890,20251010,20251010,20048,30030,40018,14:16:00,16:54:00,158,80,78,No,Retrasada
604822,506360,20260515,20260515,20017,30027,40013,16:55:00,19:15:00,140,87,53,No,Entregada
604823,507248,20250411,20250411,20005,30020,40027,11:40:00,14:54:00,194,81,113,No,Entregada
604824,506520,20250912,20250912,20028,30021,40051,09:31:00,11:20:00,109,43,66,No,Entregada
604825,508354,20261215,20261215,20032,30007,40076,12:01:00,14:42:00,161,64,97,No,Entregada
604826,508578,20260506,20260506,20018,30016,40081,17:50:00,19:45:00,115,94,21,No,Entregada
604827,505683,20260113,20260113,20047,30007,40010,07:07:00,09:09:00,122,75,47,No,Entregada
604828,500476,20250729,20250729,20033,30029,40058,10:54:00,13:05:00,131,93,38,No,Entregada
604829,502439,20251008,20251008,20022,30006,40005,16:20:00,17:42:00,82,48,34,No,Entregada
604830,509825,20250102,20250102,20003,30002,40078,07:37:00,09:46:00,129,84,45,No,Entregada
604831,508635,20250218,20250218,20017,30012,40065,14:00:00,15:08:00,68,61,7,Sí,Entregada
604832,504660,20251001,20251001,20041,30026,40099,12:47:00,14:49:00,122,32,90,No,Entregada
604833,504637,20251019,20251019,20017,30024,40087,16:05:00,18:37:00,152,113,39,No,Entregada
604834,502990,20250506,20250506,20031,30005,40002,08:18:00,10:48:00,150,55,95,No,Entregada
604835,505422,20250401,20250401,20005,30006,40001,11:32:00,14:04:00,152,45,107,No,Entregada
604836,506254,20251208,20251208,20028,30011,40001,12:07:00,13:24:00,77,45,32,No,Entregada
604837,509004,20261231,20261231,20026,30007,40046,07:08:00,09:38:00,150,33,117,No,Retrasada
604838,504750,20250129,20250129,20017,30017,40005,14:23:00,15:43:00,80,48,32,No,Retrasada
604839,509730,20260524,20260524,20047,30020,40013,10:24:00,13:43:00,199,87,112,No,Entregada
604840,507950,20260221,20260221,20022,30015,40001,10:16:00,11:21:00,65,45,20,No,Retrasada
604841,506960,20250806,20250806,20047,30012,40072,08:54:00,10:55:00,121,112,9,Sí,Entregada
604842,501488,20260922,20260922,20018,30030,40060,17:52:00,20:58:00,186,66,120,No,Entregada
604843,506534,20260222,20260222,20024,30014,40086,11:35:00,14:22:00,167,103,64,No,Retrasada
604844,501798,20250715,20250715,20005,30010,40082,10:58:00,13:08:00,130,74,56,No,Entregada
604845,508958,20250109,20250109,20024,30007,40002,13:31:00,15:11:00,100,55,45,No,Entregada
604846,508788,20260508,20260508,20047,30015,40042,13:08:00,14:57:00,109,100,9,Sí,Entregada
604847,506584,20260615,20260615,20022,30029,40007,10:14:00,12:48:00,154,50,104,No,Entregada
604848,501117,20251218,20251218,20047,30006,40042,07:11:00,09:01:00,110,100,10,Sí,Entregada
604849,502901,20260520,20260520,20005,30006,40092,09:56:00,10:28:00,32,23,9,Sí,Entregada
604850,503358,20250419,20250419,20017,30011,40028,07:10:00,10:33:00,203,115,88,No,Entregada
604851,508717,20250628,20250628,20007,30009,40038,17:29:00,19:07:00,98,37,61,No,Retrasada
604852,501075,20251014,20251014,20005,30029,40080,16:10:00,17:00:00,50,15,35,No,Entregada
604853,500739,20260724,20260724,20047,30012,40011,10:37:00,12:47:00,130,78,52,No,Entregada
604854,500269,20250410,20250410,20026,30013,40049,12:59:00,15:25:00,146,69,77,No,Retrasada
604855,502068,20250421,20250421,20001,30023,40047,07:55:00,08:32:00,37,37,0,Sí,Entregada
604856,502533,20251025,20251025,20041,30021,40065,11:12:00,14:10:00,178,61,117,No,Entregada
604857,504135,20260112,20260112,20033,30006,40037,09:59:00,11:49:00,110,81,29,No,Entregada
604858,506201,20260115,20260115,20032,30019,40003,10:54:00,12:06:00,72,42,30,No,Entregada
604859,501152,20250629,20250629,20041,30020,40051,08:19:00,10:28:00,129,43,86,No,Entregada
604860,500803,20250906,20250906,20047,30006,40095,07:21:00,08:40:00,79,73,6,Sí,Entregada
604861,507113,20261012,20261012,20031,30011,40086,14:19:00,17:34:00,195,103,92,No,Entregada
604862,506437,20250830,20250830,20045,30003,40035,16:29:00,19:52:00,203,107,96,No,Entregada
604863,502486,20250119,20250119,20022,30005,40037,10:11:00,13:04:00,173,81,92,No,Entregada
604864,500216,20250317,20250317,20048,30013,40008,13:35:00,16:15:00,160,58,102,No,Entregada
604865,506844,20260204,20260204,20028,30002,40009,17:39:00,18:25:00,46,40,6,Sí,Retrasada
604866,508972,20250131,20250131,20032,30026,40001,10:50:00,12:29:00,99,45,54,No,Entregada
604867,509274,20250113,20250113,20031,30030,40099,16:33:00,18:50:00,137,32,105,No,Entregada
604868,505961,20260205,20260205,20037,30026,40008,08:29:00,11:18:00,169,58,111,No,Entregada
604869,501118,20260127,20260127,20026,30026,40076,14:36:00,17:23:00,167,64,103,No,Entregada
604870,501808,20261028,20261028,20032,30027,40081,12:53:00,16:11:00,198,94,104,No,Entregada
604871,505879,20251114,20251114,20011,30001,40022,12:32:00,16:10:00,218,110,108,No,Entregada
604872,508431,20261124,20261124,20031,30015,40094,13:14:00,14:32:00,78,24,54,No,Entregada
604873,506267,20250924,20250924,20001,30005,40078,12:44:00,14:43:00,119,84,35,No,Entregada
604874,506382,20260807,20260807,20026,30012,40009,14:07:00,15:10:00,63,40,23,No,Entregada
604875,503635,20260118,20260118,20035,30023,40059,09:09:00,09:48:00,39,23,16,No,Entregada
604876,502344,20260308,20260308,20024,30012,40065,13:54:00,15:07:00,73,61,12,Sí,Entregada
604877,503378,20261203,20261203,20041,30016,40027,17:25:00,20:18:00,173,81,92,No,Entregada
604878,504288,20260718,20260718,20024,30030,40013,17:54:00,19:48:00,114,87,27,No,Entregada
604879,509168,20260917,20260917,20028,30027,40047,14:42:00,16:53:00,131,37,94,No,Retrasada
604880,509577,20250519,20250519,20031,30023,40005,11:35:00,12:55:00,80,48,32,No,Entregada
604881,506629,20250307,20250307,20001,30026,40037,09:19:00,11:21:00,122,81,41,No,Retrasada
604882,505982,20260728,20260728,20037,30026,40021,07:22:00,11:02:00,220,120,100,No,Entregada
604883,504222,20260810,20260810,20003,30009,40080,11:29:00,12:55:00,86,15,71,No,Entregada
604884,508181,20260613,20260613,20047,30021,40089,12:32:00,14:59:00,147,57,90,No,Entregada
604885,507524,20250828,20250828,20003,30027,40042,08:24:00,12:02:00,218,100,118,No,Entregada
604886,509635,20260720,20260720,20024,30003,40022,07:30:00,11:08:00,218,110,108,No,Entregada
604887,502644,20260517,20260517,20026,30007,40084,10:59:00,13:12:00,133,33,100,No,Entregada
604888,502522,20260204,20260204,20024,30026,40069,13:28:00,16:06:00,158,52,106,No,Entregada
604889,506815,20260927,20260927,20031,30013,40002,11:58:00,13:05:00,67,55,12,Sí,Entregada
604890,500695,20250108,20250108,20001,30003,40060,13:10:00,15:44:00,154,66,88,No,Entregada
604891,501829,20250614,20250614,20032,30026,40027,07:46:00,10:45:00,179,81,98,No,Entregada
604892,506952,20260304,20260304,20041,30015,40081,14:01:00,17:17:00,196,94,102,No,Entregada
604893,503317,20250606,20250606,20017,30002,40002,16:38:00,19:08:00,150,55,95,No,Entregada
604894,502394,20260819,20260819,20037,30001,40004,08:48:00,10:49:00,121,60,61,No,Retrasada
604895,507881,20260207,20260207,20045,30002,40018,16:08:00,18:06:00,118,80,38,No,Retrasada
604896,503506,20261005,20261005,20031,30012,40039,16:57:00,20:08:00,191,73,118,No,Entregada
604897,502373,20260127,20260127,20041,30030,40057,07:51:00,08:54:00,63,56,7,Sí,Entregada
604898,509664,20251019,20251019,20033,30023,40035,11:48:00,15:05:00,197,107,90,No,Retrasada
604899,502645,20260315,20260315,20041,30012,40096,12:36:00,15:02:00,146,37,109,No,Entregada
604900,508694,20260315,20260315,20026,30012,40006,10:23:00,12:14:00,111,70,41,No,Entregada
604901,508969,20260107,20260107,20047,30013,40095,10:57:00,14:01:00,184,73,111,No,Retrasada
604902,501071,20250423,20250423,20024,30012,40041,09:15:00,11:13:00,118,92,26,No,Entregada
604903,504405,20250923,20250923,20048,30021,40087,15:27:00,17:42:00,135,113,22,No,Entregada
604904,505944,20261004,20261004,20031,30006,40008,13:20:00,16:03:00,163,58,105,No,Entregada
604905,507956,20260925,20260925,20003,30007,40047,16:35:00,19:04:00,149,37,112,No,Entregada
604906,502741,20260120,20260120,20017,30029,40015,08:53:00,11:29:00,156,64,92,No,Entregada
604907,508602,20250604,20250604,20003,30014,40085,15:47:00,16:47:00,60,41,19,No,Entregada
604908,508521,20250502,20250502,20018,30003,40052,10:27:00,11:38:00,71,55,16,No,Retrasada
604909,500507,20261023,20261023,20028,30007,40005,13:15:00,14:21:00,66,48,18,No,Entregada
604910,502529,20250615,20250615,20024,30021,40057,09:45:00,12:40:00,175,56,119,No,Retrasada
604911,509603,20250205,20250205,20024,30012,40010,10:00:00,11:52:00,112,75,37,No,Retrasada
604912,501631,20250922,20250922,20035,30024,40087,17:16:00,20:41:00,205,113,92,No,Entregada
604913,507070,20251017,20251017,20028,30007,40018,17:01:00,20:00:00,179,80,99,No,Entregada
604914,507318,20250201,20250201,20024,30003,40066,14:23:00,16:14:00,111,81,30,No,Retrasada
604915,505415,20260920,20260920,20031,30030,40085,15:22:00,17:18:00,116,41,75,No,Entregada
604916,502315,20250610,20250610,20041,30007,40082,08:18:00,09:48:00,90,74,16,No,Retrasada
604917,501298,20251203,20251203,20012,30009,40041,13:35:00,16:19:00,164,92,72,No,Entregada
604918,501683,20251009,20251009,20003,30014,40076,08:42:00,11:21:00,159,64,95,No,Retrasada
604919,506224,20261204,20261204,20026,30010,40007,10:43:00,11:50:00,67,50,17,No,Entregada
604920,500610,20261125,20261125,20035,30017,40007,17:33:00,18:28:00,55,50,5,Sí,Entregada
604921,503572,20250304,20250304,20031,30001,40014,14:06:00,16:42:00,156,49,107,No,Retrasada
604922,507513,20251231,20251231,20032,30020,40001,09:42:00,12:22:00,160,45,115,No,Entregada
604923,502079,20260618,20260618,20028,30027,40005,10:49:00,13:14:00,145,48,97,No,Entregada
604924,509263,20251202,20251202,20032,30003,40082,10:01:00,13:14:00,193,74,119,No,Entregada
604925,508554,20260106,20260106,20033,30029,40060,12:17:00,15:23:00,186,66,120,No,Entregada
604926,503216,20260724,20260724,20005,30017,40062,10:29:00,12:53:00,144,76,68,No,Entregada
604927,501534,20260607,20260607,20031,30030,40014,13:31:00,14:35:00,64,49,15,Sí,Entregada
604928,506521,20250523,20250523,20035,30013,40085,08:35:00,10:44:00,129,41,88,No,Entregada
604929,508844,20260805,20260805,20045,30020,40092,08:25:00,10:17:00,112,23,89,No,Retrasada
604930,507690,20260413,20260413,20045,30029,40065,13:33:00,15:04:00,91,61,30,No,Entregada
604931,508034,20250328,20250328,20028,30012,40015,17:32:00,19:31:00,119,64,55,No,Retrasada
604932,501109,20260608,20260608,20031,30001,40027,15:20:00,17:56:00,156,81,75,No,Retrasada
604933,503789,20250118,20250118,20032,30017,40004,16:41:00,19:12:00,151,60,91,No,Entregada
604934,500686,20261116,20261116,20046,30020,40063,09:12:00,10:23:00,71,52,19,No,Entregada
604935,501441,20260606,20260606,20018,30002,40081,17:48:00,19:44:00,116,94,22,No,Entregada
604936,509693,20260122,20260122,20032,30002,40015,10:40:00,12:41:00,121,64,57,No,Entregada
604937,507887,20250416,20250416,20001,30017,40062,14:17:00,16:52:00,155,76,79,No,Retrasada
604938,504300,20250817,20250817,20017,30017,40041,10:11:00,12:28:00,137,92,45,No,Retrasada
604939,507206,20260619,20260619,20024,30019,40013,13:18:00,14:52:00,94,87,7,Sí,Retrasada
604940,503770,20250629,20250629,20045,30020,40003,12:33:00,13:34:00,61,42,19,No,Entregada
604941,505285,20261128,20261128,20033,30002,40051,11:52:00,13:13:00,81,43,38,No,Entregada
604942,504143,20250720,20250720,20031,30005,40019,09:41:00,12:01:00,140,91,49,No,Entregada
604943,506514,20250718,20250718,20035,30010,40094,08:43:00,10:21:00,98,24,74,No,Entregada
604944,509872,20260713,20260713,20031,30015,40019,17:34:00,19:37:00,123,91,32,No,Entregada
604945,503280,20260725,20260725,20043,30002,40003,07:33:00,09:08:00,95,42,53,No,Entregada
604946,503577,20250212,20250212,20018,30015,40046,08:52:00,11:18:00,146,33,113,No,Entregada
604947,507755,20260625,20260625,20024,30006,40080,12:17:00,14:29:00,132,15,117,No,Entregada
604948,508665,20260403,20260403,20041,30012,40020,16:17:00,17:22:00,65,43,22,No,Entregada
604949,506902,20250209,20250209,20045,30001,40038,17:46:00,19:18:00,92,37,55,No,Entregada
604950,504554,20260204,20260204,20003,30005,40005,17:42:00,20:27:00,165,48,117,No,Entregada
604951,508596,20260908,20260908,20046,30017,40080,10:31:00,11:23:00,52,15,37,No,Entregada
604952,506561,20250516,20250516,20001,30021,40060,08:52:00,10:31:00,99,66,33,No,Entregada
604953,508516,20251202,20251202,20037,30010,40060,09:07:00,10:56:00,109,66,43,No,Entregada
604954,503339,20251002,20251002,20046,30006,40062,09:37:00,12:40:00,183,76,107,No,Entregada
604955,509841,20250327,20250327,20037,30001,40029,13:33:00,15:05:00,92,76,16,No,Entregada
604956,506397,20260122,20260122,20017,30030,40005,15:31:00,17:57:00,146,48,98,No,Entregada
604957,501377,20251220,20251220,20017,30005,40007,07:44:00,08:51:00,67,50,17,No,Entregada
604958,505449,20260112,20260112,20026,30009,40047,10:38:00,13:02:00,144,37,107,No,Entregada
604959,502631,20260212,20260212,20024,30026,40071,12:14:00,14:16:00,122,64,58,No,Entregada
604960,503113,20260223,20260223,20005,30024,40084,10:47:00,12:08:00,81,33,48,No,Retrasada
604961,502546,20250302,20250302,20041,30017,40052,11:26:00,13:23:00,117,55,62,No,Entregada
604962,506620,20250510,20250510,20026,30016,40085,13:18:00,15:40:00,142,41,101,No,Retrasada
604963,508062,20260413,20260413,20031,30009,40005,11:49:00,14:21:00,152,48,104,No,Entregada
604964,500296,20260422,20260422,20017,30007,40076,12:56:00,15:39:00,163,64,99,No,Entregada
604965,501286,20250130,20250130,20017,30016,40065,10:23:00,11:40:00,77,61,16,No,Entregada
604966,502429,20260305,20260305,20022,30003,40060,16:11:00,18:41:00,150,66,84,No,Entregada
604967,507078,20250926,20250926,20046,30013,40072,12:22:00,14:32:00,130,112,18,No,Entregada
604968,501773,20250829,20250829,20047,30030,40086,10:00:00,13:04:00,184,103,81,No,Retrasada
604969,502749,20250824,20250824,20032,30012,40059,12:19:00,14:36:00,137,23,114,No,Retrasada
604970,500887,20260925,20260925,20017,30017,40059,12:02:00,13:47:00,105,23,82,No,Entregada
604971,501432,20261005,20261005,20047,30014,40095,10:19:00,11:37:00,78,73,5,Sí,Entregada
604972,504955,20260313,20260313,20047,30017,40037,11:54:00,15:06:00,192,81,111,No,Entregada
604973,502240,20251115,20251115,20032,30003,40022,13:35:00,16:13:00,158,110,48,No,Entregada
604974,507242,20261109,20261109,20024,30027,40021,09:17:00,13:05:00,228,120,108,No,Entregada
604975,503345,20260309,20260309,20024,30029,40062,09:08:00,11:34:00,146,76,70,No,Retrasada
604976,504427,20260705,20260705,20047,30013,40065,11:52:00,13:41:00,109,61,48,No,Entregada
604977,501324,20250329,20250329,20022,30003,40020,15:55:00,18:33:00,158,43,115,No,Retrasada
604978,502845,20260405,20260405,20005,30006,40007,15:56:00,17:40:00,104,50,54,No,Entregada
604979,506708,20251112,20251112,20041,30011,40015,17:38:00,18:48:00,70,64,6,Sí,Retrasada
604980,509883,20250221,20250221,20041,30012,40085,10:28:00,12:54:00,146,41,105,No,Entregada
604981,500403,20260323,20260323,20032,30016,40032,08:33:00,11:00:00,147,55,92,No,Entregada
604982,503367,20260806,20260806,20026,30029,40092,10:44:00,12:17:00,93,23,70,No,Entregada
604983,502882,20260918,20260918,20032,30030,40058,07:10:00,09:53:00,163,93,70,No,Entregada
604984,507665,20260118,20260118,20033,30026,40084,07:11:00,08:56:00,105,33,72,No,Entregada
604985,503239,20250427,20250427,20026,30012,40044,14:26:00,16:12:00,106,72,34,No,Retrasada
604986,502726,20260715,20260715,20035,30006,40059,10:39:00,12:09:00,90,23,67,No,Entregada
604987,503992,20261218,20261218,20032,30016,40047,17:52:00,19:25:00,93,37,56,No,Entregada
604988,508311,20250316,20250316,20046,30026,40058,16:54:00,18:49:00,115,93,22,No,Retrasada
604989,505044,20260804,20260804,20017,30007,40089,10:48:00,13:30:00,162,57,105,No,Entregada
604990,501805,20261102,20261102,20003,30024,40006,12:43:00,14:31:00,108,70,38,No,Entregada
604991,507117,20260913,20260913,20032,30011,40063,12:52:00,15:03:00,131,52,79,No,Entregada
604992,503205,20250711,20250711,20026,30029,40062,11:49:00,13:16:00,87,76,11,Sí,Entregada
604993,506448,20250720,20250720,20028,30026,40049,09:07:00,11:26:00,139,69,70,No,Entregada
604994,509110,20250605,20250605,20047,30015,40034,16:02:00,17:40:00,98,37,61,No,Entregada
604995,507398,20260226,20260226,20003,30019,40084,12:58:00,13:32:00,34,33,1,Sí,Entregada
604996,500571,20261215,20261215,20049,30009,40035,12:12:00,14:13:00,121,107,14,Sí,Entregada
604997,506333,20260617,20260617,20026,30020,40042,16:05:00,18:59:00,174,100,74,No,Entregada
604998,501633,20261219,20261219,20046,30009,40072,10:15:00,13:49:00,214,112,102,No,Entregada
604999,504736,20260613,20260613,20041,30030,40094,07:28:00,09:06:00,98,24,74,No,Entregada
605000,500464,20250904,20250904,20041,30017,40015,07:15:00,09:24:00,129,64,65,No,Retrasada
605001,508054,20260708,20260708,20047,30006,40087,16:48:00,19:19:00,151,113,38,No,Entregada
605002,507974,20250824,20250824,20022,30002,40029,16:52:00,18:44:00,112,76,36,No,Entregada
605003,503124,20261212,20261212,20031,30007,40009,17:35:00,18:35:00,60,40,20,No,Entregada
605004,500031,20260206,20260206,20022,30013,40020,17:13:00,18:14:00,61,43,18,No,Entregada
605005,502604,20251021,20251021,20028,30009,40022,08:16:00,10:13:00,117,110,7,Sí,Entregada
605006,502081,20250405,20250405,20035,30026,40069,11:56:00,14:28:00,152,52,100,No,Entregada
605007,500895,20250220,20250220,20031,30005,40019,16:32:00,19:17:00,165,91,74,No,Entregada
605008,507246,20250317,20250317,20048,30005,40096,16:42:00,17:44:00,62,37,25,No,Retrasada
605009,503489,20260316,20260316,20037,30017,40076,17:14:00,20:18:00,184,64,120,No,Entregada
605010,501740,20260404,20260404,20028,30002,40096,12:25:00,14:24:00,119,37,82,No,Entregada
605011,508188,20260108,20260108,20048,30007,40078,12:58:00,16:08:00,190,84,106,No,Entregada
605012,503133,20260811,20260811,20041,30007,40065,12:23:00,14:29:00,126,61,65,No,Entregada
605013,504771,20260303,20260303,20018,30015,40099,12:25:00,13:54:00,89,32,57,No,Entregada
605014,502940,20250708,20250708,20028,30015,40020,09:44:00,12:19:00,155,43,112,No,Entregada
605015,500589,20260201,20260201,20001,30006,40034,17:03:00,18:40:00,97,37,60,No,Entregada
605016,505322,20250126,20250126,20047,30014,40051,14:34:00,15:46:00,72,43,29,No,Entregada
605017,505189,20250709,20250709,20003,30016,40051,09:32:00,11:27:00,115,43,72,No,Entregada
605018,501879,20250530,20250530,20031,30009,40018,09:06:00,12:02:00,176,80,96,No,Entregada
605019,504672,20260616,20260616,20028,30014,40046,17:26:00,19:03:00,97,33,64,No,Entregada
605020,500363,20260119,20260119,20018,30006,40062,15:49:00,17:10:00,81,76,5,Sí,Entregada
605021,505778,20260212,20260212,20041,30007,40051,08:31:00,09:23:00,52,43,9,Sí,Entregada
605022,505480,20250513,20250513,20024,30006,40060,15:00:00,16:16:00,76,66,10,Sí,Entregada
605023,506155,20251231,20251231,20031,30012,40059,12:32:00,13:59:00,87,23,64,No,Entregada
605024,504493,20261227,20261227,20017,30012,40027,12:39:00,15:40:00,181,81,100,No,Entregada
605025,509785,20250922,20250922,20047,30017,40029,07:51:00,10:11:00,140,76,64,No,Retrasada
605026,503278,20261029,20261029,20017,30017,40055,14:45:00,17:09:00,144,78,66,No,Entregada
605027,501731,20261231,20261231,20046,30023,40096,14:54:00,17:15:00,141,37,104,No,Retrasada
605028,509009,20261126,20261126,20032,30021,40099,14:18:00,15:06:00,48,32,16,No,Retrasada
605029,506725,20261128,20261128,20033,30021,40082,17:04:00,20:07:00,183,74,109,No,Entregada
605030,500757,20260407,20260407,20033,30010,40060,17:56:00,19:37:00,101,66,35,No,Entregada
605031,505532,20260918,20260918,20047,30009,40057,15:28:00,17:49:00,141,56,85,No,Entregada
605032,508126,20261214,20261214,20001,30029,40073,15:33:00,17:20:00,107,83,24,No,Entregada
605033,506009,20260125,20260125,20017,30016,40060,07:05:00,10:09:00,184,66,118,No,Retrasada
605034,509928,20260406,20260406,20033,30021,40063,08:57:00,11:44:00,167,52,115,No,Entregada
605035,509411,20250126,20250126,20046,30005,40063,17:00:00,19:32:00,152,52,100,No,Entregada
605036,506541,20260402,20260402,20026,30021,40094,14:47:00,15:36:00,49,24,25,No,Entregada
605037,504401,20260529,20260529,20022,30005,40055,11:29:00,13:19:00,110,78,32,No,Retrasada
605038,509087,20250128,20250128,20017,30021,40015,10:47:00,12:46:00,119,64,55,No,Entregada
605039,503806,20260806,20260806,20018,30020,40081,09:28:00,12:22:00,174,94,80,No,Entregada
605040,508884,20260426,20260426,20003,30014,40013,09:23:00,11:35:00,132,87,45,No,Entregada
605041,509805,20260416,20260416,20032,30012,40007,17:31:00,20:10:00,159,50,109,No,Entregada
605042,503236,20251019,20251019,20018,30016,40072,13:52:00,17:07:00,195,112,83,No,Entregada
605043,507434,20260915,20260915,20047,30006,40006,15:39:00,18:20:00,161,70,91,No,Entregada
605044,507331,20250615,20250615,20032,30003,40049,13:26:00,16:02:00,156,69,87,No,Entregada
605045,505168,20261026,20261026,20028,30007,40019,11:34:00,14:33:00,179,91,88,No,Entregada
605046,505068,20250824,20250824,20024,30017,40001,08:05:00,10:26:00,141,45,96,No,Entregada
605047,509660,20251129,20251129,20026,30014,40072,16:57:00,20:07:00,190,112,78,No,Entregada
605048,500874,20260330,20260330,20033,30003,40089,16:17:00,18:27:00,130,57,73,No,Retrasada
605049,506401,20260218,20260218,20047,30014,40057,08:30:00,11:18:00,168,56,112,No,Entregada
605050,504123,20260910,20260910,20017,30013,40029,11:48:00,13:16:00,88,76,12,Sí,Entregada
605051,508379,20251124,20251124,20046,30020,40096,16:48:00,17:29:00,41,37,4,Sí,Retrasada
605052,505190,20251023,20251023,20037,30009,40004,13:16:00,14:42:00,86,60,26,No,Entregada
605053,503609,20251029,20251029,20046,30020,40093,09:31:00,11:27:00,116,39,77,No,Entregada
605054,504700,20251109,20251109,20041,30017,40051,17:26:00,19:15:00,109,43,66,No,Entregada
605055,506245,20250418,20250418,20037,30021,40037,13:08:00,15:31:00,143,81,62,No,Retrasada
605056,508752,20260725,20260725,20041,30014,40062,16:19:00,19:08:00,169,76,93,No,Retrasada
605057,505135,20250523,20250523,20024,30030,40034,14:41:00,16:20:00,99,37,62,No,Entregada
605058,502814,20251102,20251102,20007,30009,40086,09:35:00,11:29:00,114,103,11,Sí,Entregada
605059,509820,20260503,20260503,20003,30006,40049,14:56:00,16:48:00,112,69,43,No,Entregada
605060,502931,20250417,20250417,20046,30017,40055,13:40:00,15:40:00,120,78,42,No,Entregada
605061,506170,20260901,20260901,20032,30023,40069,09:56:00,11:27:00,91,52,39,No,Retrasada
605062,500663,20260607,20260607,20028,30003,40080,07:56:00,09:35:00,99,15,84,No,Entregada
605063,500665,20261014,20261014,20046,30017,40090,14:27:00,16:29:00,122,36,86,No,Entregada
605064,507806,20260401,20260401,20024,30019,40015,17:32:00,19:50:00,138,64,74,No,Entregada
605065,508047,20251018,20251018,20024,30011,40096,10:21:00,12:35:00,134,37,97,No,Entregada
605066,508044,20251022,20251022,20028,30012,40086,13:02:00,15:58:00,176,103,73,No,Entregada
605067,507546,20261113,20261113,20032,30002,40011,12:55:00,15:22:00,147,78,69,No,Entregada
605068,500997,20250807,20250807,20045,30026,40092,16:14:00,18:04:00,110,23,87,No,Entregada
605069,507886,20260707,20260707,20026,30026,40090,07:22:00,09:56:00,154,36,118,No,Entregada
605070,506792,20251118,20251118,20046,30005,40086,10:05:00,12:14:00,129,103,26,No,Entregada
605071,500829,20260723,20260723,20035,30013,40081,09:13:00,12:47:00,214,94,120,No,Retrasada
605072,507464,20260317,20260317,20003,30019,40060,13:29:00,15:39:00,130,66,64,No,Entregada
605073,502771,20250821,20250821,20026,30007,40044,07:21:00,09:22:00,121,72,49,No,Entregada
605074,500475,20260807,20260807,20032,30027,40080,16:59:00,18:58:00,119,15,104,No,Entregada
605075,507358,20260605,20260605,20048,30013,40066,09:04:00,10:49:00,105,81,24,No,Entregada
605076,505362,20250728,20250728,20046,30005,40010,07:50:00,10:23:00,153,75,78,No,Entregada
605077,500483,20250607,20250607,20001,30023,40090,09:55:00,11:58:00,123,36,87,No,Entregada
605078,507598,20260924,20260924,20005,30026,40082,11:12:00,14:07:00,175,74,101,No,Entregada
605079,502795,20250121,20250121,20041,30019,40090,11:05:00,12:50:00,105,36,69,No,Retrasada
605080,507607,20261001,20261001,20028,30027,40051,08:45:00,11:06:00,141,43,98,No,Entregada
605081,502029,20250422,20250422,20046,30009,40007,12:15:00,14:09:00,114,50,64,No,Entregada
605082,508960,20250319,20250319,20047,30016,40081,16:07:00,18:26:00,139,94,45,No,Entregada
605083,504612,20250228,20250228,20028,30016,40098,11:27:00,12:55:00,88,31,57,No,Retrasada
605084,501225,20261229,20261229,20047,30019,40041,16:10:00,18:23:00,133,92,41,No,Retrasada
605085,508991,20250214,20250214,20024,30017,40020,17:50:00,19:43:00,113,43,70,No,Entregada
605086,509369,20261026,20261026,20046,30023,40032,16:23:00,17:53:00,90,55,35,No,Entregada
605087,507616,20260915,20260915,20041,30012,40082,09:20:00,11:04:00,104,74,30,No,Entregada
605088,506793,20250609,20250609,20046,30010,40065,14:04:00,15:22:00,78,61,17,No,Retrasada
605089,500461,20260208,20260208,20031,30030,40089,10:03:00,11:57:00,114,57,57,No,Entregada
605090,504883,20261007,20261007,20048,30029,40082,09:07:00,10:44:00,97,74,23,No,Entregada
605091,506703,20251016,20251016,20017,30021,40092,11:12:00,12:05:00,53,23,30,No,Entregada
605092,501585,20260213,20260213,20018,30001,40060,13:25:00,16:15:00,170,66,104,No,Entregada
605093,506995,20250520,20250520,20032,30027,40051,11:30:00,13:54:00,144,43,101,No,Retrasada
605094,506431,20260312,20260312,20037,30029,40084,13:54:00,14:29:00,35,33,2,Sí,Retrasada
605095,504694,20260815,20260815,20018,30014,40080,12:22:00,13:46:00,84,15,69,No,Entregada
605096,508452,20261026,20261026,20026,30016,40057,10:22:00,12:13:00,111,56,55,No,Entregada
605097,503262,20250512,20250512,20035,30026,40072,17:20:00,19:26:00,126,112,14,Sí,Retrasada
605098,504342,20260723,20260723,20045,30017,40004,17:03:00,19:58:00,175,60,115,No,Entregada
605099,502564,20260604,20260604,20047,30027,40018,14:01:00,15:30:00,89,80,9,Sí,Retrasada
605100,500986,20261008,20261008,20046,30010,40057,07:56:00,09:38:00,102,56,46,No,Entregada
605101,509176,20260815,20260815,20028,30020,40082,08:10:00,10:13:00,123,74,49,No,Entregada
605102,504523,20250121,20250121,20028,30006,40060,16:53:00,18:13:00,80,66,14,Sí,Entregada
605103,509452,20261001,20261001,20048,30019,40002,17:16:00,20:06:00,170,55,115,No,Entregada
605104,509130,20250702,20250702,20003,30005,40094,15:33:00,17:24:00,111,24,87,No,Entregada
605105,506631,20260726,20260726,20047,30012,40054,08:23:00,11:28:00,185,82,103,No,Entregada
605106,505744,20260525,20260525,20048,30014,40047,07:42:00,09:56:00,134,37,97,No,Retrasada
605107,502107,20260531,20260531,20018,30021,40009,17:05:00,18:10:00,65,40,25,No,Retrasada
605108,500469,20250928,20250928,20041,30010,40002,09:12:00,10:48:00,96,55,41,No,Entregada
605109,506583,20261026,20261026,20048,30019,40082,08:04:00,09:28:00,84,74,10,Sí,Retrasada
605110,506492,20250226,20250226,20005,30010,40052,13:15:00,14:43:00,88,55,33,No,Entregada
605111,505501,20260704,20260704,20033,30015,40076,14:46:00,15:50:00,64,64,0,Sí,Retrasada
605112,500192,20260526,20260526,20028,30012,40013,10:32:00,12:00:00,88,87,1,Sí,Retrasada
605113,508776,20260825,20260825,20041,30009,40051,16:32:00,17:34:00,62,43,19,No,Entregada
605114,503930,20250627,20250627,20048,30015,40008,09:28:00,11:52:00,144,58,86,No,Entregada
605115,507890,20261214,20261214,20041,30030,40052,12:23:00,14:45:00,142,55,87,No,Entregada
605116,500522,20261128,20261128,20045,30024,40089,13:43:00,14:51:00,68,57,11,Sí,Retrasada
605117,509217,20260712,20260712,20041,30024,40028,17:40:00,20:56:00,196,115,81,No,Entregada
605118,504384,20260920,20260920,20005,30029,40055,13:21:00,15:08:00,107,78,29,No,Entregada
605119,505317,20261005,20261005,20024,30009,40092,11:29:00,13:28:00,119,23,96,No,Retrasada
605120,504539,20251003,20251003,20041,30001,40086,14:32:00,16:50:00,138,103,35,No,Entregada
605121,504156,20260408,20260408,20041,30019,40041,07:23:00,10:09:00,166,92,74,No,Entregada
605122,506244,20261204,20261204,20002,30002,40042,12:10:00,14:49:00,159,100,59,No,Entregada
605123,501318,20250416,20250416,20028,30002,40093,10:27:00,12:22:00,115,39,76,No,Entregada
605124,506566,20260324,20260324,20047,30013,40096,14:17:00,15:17:00,60,37,23,No,Entregada
605125,501094,20261120,20261120,20026,30007,40038,12:35:00,13:37:00,62,37,25,No,Entregada
605126,504995,20260410,20260410,20028,30002,40073,12:20:00,14:20:00,120,83,37,No,Entregada
605127,500101,20260219,20260219,20024,30021,40085,16:46:00,19:19:00,153,41,112,No,Retrasada
605128,502834,20250927,20250927,20047,30019,40098,09:42:00,11:03:00,81,31,50,No,Entregada
605129,507411,20250101,20250101,20035,30009,40041,16:00:00,18:14:00,134,92,42,No,Retrasada
605130,509123,20250306,20250306,20028,30014,40058,16:25:00,18:34:00,129,93,36,No,Entregada
605131,509180,20251022,20251022,20028,30010,40077,07:41:00,08:43:00,62,24,38,No,Retrasada
605132,507739,20260505,20260505,20031,30003,40063,11:44:00,13:03:00,79,52,27,No,Entregada
605133,506898,20261221,20261221,20046,30017,40010,13:26:00,15:23:00,117,75,42,No,Entregada
605134,501008,20260211,20260211,20048,30026,40027,09:17:00,12:33:00,196,81,115,No,Entregada
605135,502878,20250821,20250821,20041,30016,40085,14:10:00,15:49:00,99,41,58,No,Entregada
605136,505206,20250405,20250405,20033,30026,40040,13:55:00,15:52:00,117,76,41,No,Entregada
605137,504957,20260428,20260428,20041,30019,40062,14:05:00,15:52:00,107,76,31,No,Entregada
605138,507999,20261022,20261022,20041,30011,40046,07:25:00,08:29:00,64,33,31,No,Retrasada
605139,508307,20261204,20261204,20045,30002,40020,13:24:00,16:01:00,157,43,114,No,Entregada
605140,504611,20260211,20260211,20048,30030,40044,11:12:00,13:19:00,127,72,55,No,Entregada
605141,507493,20260824,20260824,20017,30019,40037,09:09:00,12:15:00,186,81,105,No,Entregada
605142,500542,20260825,20260825,20017,30027,40013,13:15:00,16:02:00,167,87,80,No,Entregada
605143,500501,20250314,20250314,20028,30003,40019,12:07:00,15:20:00,193,91,102,No,Entregada
605144,507473,20260313,20260313,20032,30014,40034,13:32:00,15:39:00,127,37,90,No,Entregada
605145,509428,20260113,20260113,20032,30027,40004,08:49:00,10:10:00,81,60,21,No,Entregada
605146,505341,20250625,20250625,20046,30010,40051,17:40:00,19:11:00,91,43,48,No,Entregada
605147,503394,20260909,20260909,20035,30020,40062,12:39:00,15:07:00,148,76,72,No,Entregada
605148,509136,20250219,20250219,20024,30016,40010,12:55:00,15:02:00,127,75,52,No,Retrasada
605149,506774,20261230,20261230,20041,30030,40005,16:16:00,17:43:00,87,48,39,No,Entregada
605150,504433,20261230,20261230,20026,30017,40059,08:44:00,10:14:00,90,23,67,No,Entregada
605151,501845,20251117,20251117,20041,30019,40058,09:25:00,11:19:00,114,93,21,No,Entregada
605152,509568,20260923,20260923,20031,30027,40008,11:58:00,14:11:00,133,58,75,No,Entregada
605153,506766,20250527,20250527,20031,30030,40044,17:45:00,19:35:00,110,72,38,No,Entregada
605154,506645,20250820,20250820,20018,30010,40001,07:47:00,09:54:00,127,45,82,No,Entregada
605155,504878,20260801,20260801,20033,30005,40078,07:06:00,10:20:00,194,84,110,No,Entregada
605156,508793,20250602,20250602,20018,30014,40041,14:32:00,17:23:00,171,92,79,No,Entregada
605157,507742,20251127,20251127,20045,30024,40095,13:10:00,14:38:00,88,73,15,Sí,Entregada
605158,509511,20250206,20250206,20037,30015,40038,15:06:00,16:19:00,73,37,36,No,Entregada
605159,505972,20250814,20250814,20047,30023,40084,09:44:00,11:39:00,115,33,82,No,Entregada
605160,507760,20260503,20260503,20018,30015,40077,10:11:00,11:55:00,104,24,80,No,Entregada
605161,502979,20261106,20261106,20048,30027,40035,10:33:00,13:49:00,196,107,89,No,Entregada
605162,509876,20250903,20250903,20048,30023,40059,12:27:00,13:51:00,84,23,61,No,Retrasada
605163,503100,20251225,20251225,20003,30011,40060,13:20:00,15:26:00,126,66,60,No,Entregada
605164,506780,20251030,20251030,20033,30024,40013,16:37:00,18:36:00,119,87,32,No,Entregada
605165,509163,20260219,20260219,20003,30011,40042,10:58:00,13:07:00,129,100,29,No,Entregada
605166,507775,20260825,20260825,20026,30007,40004,08:21:00,09:40:00,79,60,19,No,Entregada
605167,500595,20250210,20250210,20022,30017,40001,15:24:00,17:55:00,151,45,106,No,Entregada
605168,500217,20251105,20251105,20003,30027,40027,15:23:00,17:57:00,154,81,73,No,Retrasada
605169,508657,20261115,20261115,20031,30019,40062,07:36:00,08:55:00,79,76,3,Sí,Entregada
605170,508941,20261121,20261121,20026,30016,40008,16:48:00,17:49:00,61,58,3,Sí,Entregada
605171,509579,20250202,20250202,20024,30015,40004,13:41:00,16:09:00,148,60,88,No,Entregada
605172,509915,20260927,20260927,20033,30017,40002,09:55:00,12:17:00,142,55,87,No,Entregada
605173,502528,20260514,20260514,20041,30012,40015,16:29:00,18:05:00,96,64,32,No,Entregada
605174,503924,20250130,20250130,20031,30007,40060,10:20:00,12:48:00,148,66,82,No,Entregada
605175,501145,20250912,20250912,20048,30024,40028,16:06:00,18:28:00,142,115,27,No,Entregada
605176,507826,20250618,20250618,20003,30005,40093,17:36:00,20:15:00,159,39,120,No,Entregada
605177,506116,20251129,20251129,20047,30005,40099,07:41:00,08:22:00,41,32,9,Sí,Entregada
605178,502897,20250113,20250113,20032,30002,40013,13:32:00,16:23:00,171,87,84,No,Entregada
605179,505686,20250108,20250108,20017,30012,40094,17:22:00,18:45:00,83,24,59,No,Retrasada
605180,505834,20260830,20260830,20018,30029,40060,14:20:00,15:40:00,80,66,14,Sí,Entregada
605181,504722,20260121,20260121,20048,30001,40039,17:16:00,19:37:00,141,73,68,No,Entregada
605182,508300,20250314,20250314,20047,30016,40057,12:19:00,13:36:00,77,56,21,No,Entregada
605183,502218,20261102,20261102,20017,30007,40076,10:34:00,12:18:00,104,64,40,No,Retrasada
605184,501957,20260630,20260630,20041,30019,40062,16:27:00,18:53:00,146,76,70,No,Entregada
605185,503849,20261104,20261104,20003,30012,40006,10:55:00,12:27:00,92,70,22,No,Entregada
605186,508286,20260812,20260812,20003,30014,40065,17:16:00,18:41:00,85,61,24,No,Entregada
605187,502574,20260122,20260122,20041,30006,40092,09:41:00,10:09:00,28,23,5,Sí,Entregada
605188,500981,20261230,20261230,20047,30019,40011,07:08:00,09:28:00,140,78,62,No,Entregada
605189,501906,20261108,20261108,20033,30013,40094,10:44:00,12:07:00,83,24,59,No,Entregada
605190,509717,20250806,20250806,20026,30015,40005,16:41:00,18:19:00,98,48,50,No,Entregada
605191,505729,20260726,20260726,20035,30006,40059,11:46:00,12:45:00,59,23,36,No,Entregada
605192,505369,20260926,20260926,20031,30019,40032,09:48:00,12:20:00,152,55,97,No,Entregada
605193,508766,20250303,20250303,20041,30002,40093,12:48:00,14:28:00,100,39,61,No,Retrasada
605194,506562,20260418,20260418,20047,30023,40071,07:13:00,09:14:00,121,64,57,No,Entregada
605195,504180,20251206,20251206,20037,30020,40003,13:59:00,15:16:00,77,42,35,No,Entregada
605196,501050,20250424,20250424,20041,30015,40029,15:39:00,18:51:00,192,76,116,No,Entregada
605197,501772,20260523,20260523,20003,30023,40094,16:07:00,16:56:00,49,24,25,No,Entregada
605198,501748,20261023,20261023,20041,30027,40090,16:56:00,18:19:00,83,36,47,No,Retrasada
605199,502712,20251007,20251007,20028,30014,40019,14:25:00,16:23:00,118,91,27,No,Entregada
605200,502065,20260905,20260905,20022,30023,40098,14:49:00,16:39:00,110,31,79,No,Entregada
605201,509613,20261006,20261006,20028,30026,40055,08:43:00,11:16:00,153,78,75,No,Entregada
605202,500508,20260208,20260208,20031,30019,40010,14:05:00,17:01:00,176,75,101,No,Entregada
605203,501126,20250302,20250302,20001,30006,40021,16:00:00,19:40:00,220,120,100,No,Entregada
605204,504526,20261203,20261203,20045,30020,40041,15:41:00,18:34:00,173,92,81,No,Entregada
605205,508921,20260314,20260314,20028,30016,40094,11:36:00,13:45:00,129,24,105,No,Retrasada
605206,501497,20260620,20260620,20028,30016,40007,10:07:00,12:01:00,114,50,64,No,Entregada
605207,505398,20261213,20261213,20003,30002,40009,09:17:00,10:57:00,100,40,60,No,Entregada
605208,506843,20261007,20261007,20003,30024,40072,08:44:00,12:02:00,198,112,86,No,Entregada
605209,502693,20250426,20250426,20017,30026,40092,13:19:00,14:15:00,56,23,33,No,Entregada
605210,506420,20260622,20260622,20001,30005,40037,16:04:00,19:14:00,190,81,109,No,Retrasada
605211,500585,20250319,20250319,20041,30010,40084,12:16:00,14:26:00,130,33,97,No,Entregada
605212,508628,20260715,20260715,20005,30006,40010,08:04:00,09:28:00,84,75,9,Sí,Entregada
605213,502454,20260519,20260519,20018,30016,40069,15:32:00,17:40:00,128,52,76,No,Entregada
605214,500879,20260728,20260728,20018,30009,40095,16:51:00,18:08:00,77,73,4,Sí,Retrasada
605215,507901,20260808,20260808,20037,30015,40027,15:59:00,17:34:00,95,81,14,Sí,Entregada
605216,509658,20260401,20260401,20003,30029,40062,15:54:00,18:44:00,170,76,94,No,Entregada
605217,502459,20250530,20250530,20047,30014,40008,17:20:00,20:09:00,169,58,111,No,Entregada
605218,503445,20261030,20261030,20037,30026,40038,17:56:00,20:19:00,143,37,106,No,Entregada
605219,507389,20250609,20250609,20028,30016,40047,17:50:00,20:19:00,149,37,112,No,Entregada
605220,507427,20260625,20260625,20028,30002,40009,08:38:00,09:45:00,67,40,27,No,Retrasada
605221,505529,20250425,20250425,20017,30030,40041,09:02:00,11:34:00,152,92,60,No,Entregada
605222,508678,20260504,20260504,20032,30019,40058,16:52:00,19:28:00,156,93,63,No,Retrasada
605223,502371,20250204,20250204,20033,30003,40089,14:36:00,17:23:00,167,57,110,No,Entregada
605224,509506,20250215,20250215,20045,30006,40001,15:39:00,16:33:00,54,45,9,Sí,Retrasada
605225,508825,20260123,20260123,20018,30007,40047,12:14:00,13:11:00,57,37,20,No,Retrasada
605226,503166,20250802,20250802,20002,30009,40054,16:01:00,18:12:00,131,82,49,No,Entregada
605227,503858,20261030,20261030,20031,30017,40094,07:19:00,09:17:00,118,24,94,No,Entregada
605228,504575,20251126,20251126,20048,30021,40071,09:09:00,11:00:00,111,64,47,No,Entregada
605229,501082,20260821,20260821,20047,30019,40080,09:11:00,10:02:00,51,15,36,No,Retrasada
605230,500688,20260115,20260115,20018,30019,40084,07:53:00,10:05:00,132,33,99,No,Entregada
605231,504733,20251219,20251219,20047,30012,40060,13:26:00,14:56:00,90,66,24,No,Entregada
605232,505326,20250311,20250311,20031,30002,40015,10:34:00,11:46:00,72,64,8,Sí,Entregada
605233,504673,20251214,20251214,20001,30005,40095,14:37:00,17:05:00,148,73,75,No,Entregada
605234,507985,20261228,20261228,20002,30001,40018,07:42:00,09:35:00,113,80,33,No,Entregada
605235,508182,20250124,20250124,20003,30030,40087,11:37:00,14:43:00,186,113,73,No,Entregada
605236,506888,20260718,20260718,20005,30021,40035,09:09:00,12:05:00,176,107,69,No,Retrasada
605237,503774,20250327,20250327,20001,30003,40066,16:03:00,18:57:00,174,81,93,No,Entregada
605238,503218,20250918,20250918,20003,30003,40040,07:00:00,10:01:00,181,76,105,No,Entregada
605239,501337,20250412,20250412,20024,30013,40049,16:43:00,19:48:00,185,69,116,No,Entregada
605240,502471,20251218,20251218,20032,30003,40020,12:05:00,13:35:00,90,43,47,No,Entregada
605241,503219,20261225,20261225,20028,30011,40051,15:46:00,16:41:00,55,43,12,Sí,Retrasada
605242,507371,20250622,20250622,20018,30024,40035,15:39:00,18:18:00,159,107,52,No,Retrasada
605243,500308,20260124,20260124,20048,30017,40092,16:17:00,17:53:00,96,23,73,No,Entregada
605244,506219,20250729,20250729,20032,30012,40054,08:53:00,11:23:00,150,82,68,No,Entregada
605245,501442,20250118,20250118,20041,30014,40038,09:45:00,10:40:00,55,37,18,No,Entregada
605246,508273,20251015,20251015,20041,30002,40081,17:28:00,19:12:00,104,94,10,Sí,Entregada
605247,505421,20260517,20260517,20018,30019,40094,11:35:00,12:41:00,66,24,42,No,Entregada
605248,509206,20251108,20251108,20046,30002,40086,09:57:00,11:59:00,122,103,19,No,Entregada
605249,507518,20250925,20250925,20005,30013,40049,12:53:00,15:15:00,142,69,73,No,Retrasada
605250,507711,20261012,20261012,20047,30016,40013,10:20:00,12:12:00,112,87,25,No,Retrasada
605251,503794,20261209,20261209,20017,30021,40080,08:54:00,10:58:00,124,15,109,No,Entregada
605252,508565,20250329,20250329,20046,30001,40073,16:13:00,18:06:00,113,83,30,No,Entregada
605253,507685,20261105,20261105,20018,30026,40096,08:07:00,10:42:00,155,37,118,No,Entregada
605254,508801,20260118,20260118,20047,30009,40072,14:24:00,17:16:00,172,112,60,No,Entregada
605255,507461,20250810,20250810,20026,30002,40007,17:01:00,19:00:00,119,50,69,No,Entregada
605256,504984,20250917,20250917,20026,30014,40059,12:58:00,15:11:00,133,23,110,No,Entregada
605257,503993,20250507,20250507,20001,30017,40041,11:34:00,13:22:00,108,92,16,No,Entregada
605258,508912,20260126,20260126,20041,30011,40028,14:56:00,17:41:00,165,115,50,No,Entregada
605259,505177,20250819,20250819,20026,30023,40037,13:53:00,16:28:00,155,81,74,No,Entregada
605260,508599,20260822,20260822,20024,30016,40044,08:43:00,10:19:00,96,72,24,No,Retrasada
605261,504105,20250205,20250205,20035,30026,40085,09:07:00,11:02:00,115,41,74,No,Entregada
605262,502299,20251009,20251009,20035,30017,40046,16:27:00,18:10:00,103,33,70,No,Entregada
605263,500753,20250608,20250608,20024,30026,40052,12:44:00,14:00:00,76,55,21,No,Entregada
605264,503465,20261120,20261120,20047,30030,40080,09:38:00,10:11:00,33,15,18,No,Entregada
605265,505262,20260712,20260712,20018,30006,40018,14:05:00,15:50:00,105,80,25,No,Entregada
605266,500715,20260716,20260716,20005,30015,40065,07:22:00,09:03:00,101,61,40,No,Entregada
605267,507835,20250702,20250702,20035,30010,40018,15:44:00,17:50:00,126,80,46,No,Entregada
605268,507060,20250410,20250410,20048,30026,40014,09:23:00,11:40:00,137,49,88,No,Retrasada
605269,500314,20260202,20260202,20041,30017,40098,16:48:00,18:31:00,103,31,72,No,Entregada
605270,505633,20250406,20250406,20035,30020,40027,08:24:00,10:19:00,115,81,34,No,Entregada
605271,509714,20250923,20250923,20041,30014,40076,15:01:00,16:36:00,95,64,31,No,Entregada
605272,500520,20250430,20250430,20007,30009,40007,11:56:00,13:57:00,121,50,71,No,Entregada
605273,501819,20251227,20251227,20022,30020,40054,10:49:00,14:02:00,193,82,111,No,Entregada
605274,500335,20261206,20261206,20005,30021,40007,13:17:00,15:42:00,145,50,95,No,Retrasada
605275,508840,20260922,20260922,20028,30024,40060,14:00:00,15:33:00,93,66,27,No,Entregada
605276,509112,20250502,20250502,20017,30001,40092,12:29:00,14:36:00,127,23,104,No,Entregada
605277,502126,20260718,20260718,20001,30026,40076,09:11:00,11:09:00,118,64,54,No,Entregada
605278,502172,20260705,20260705,20041,30002,40077,13:21:00,15:23:00,122,24,98,No,Entregada
605279,506233,20250819,20250819,20003,30014,40058,11:29:00,13:11:00,102,93,9,Sí,Entregada
605280,503170,20251228,20251228,20046,30026,40080,13:35:00,14:27:00,52,15,37,No,Retrasada
605281,509812,20260818,20260818,20032,30016,40040,14:43:00,16:43:00,120,76,44,No,Retrasada
605282,500438,20260520,20260520,20022,30013,40040,14:29:00,16:19:00,110,76,34,No,Entregada
605283,506997,20261120,20261120,20045,30005,40052,11:12:00,13:21:00,129,55,74,No,Entregada
605284,502017,20251117,20251117,20022,30002,40087,11:44:00,14:17:00,153,113,40,No,Entregada
605285,505802,20250102,20250102,20001,30015,40046,07:19:00,08:09:00,50,33,17,No,Entregada
605286,504734,20251030,20251030,20031,30007,40015,11:29:00,14:23:00,174,64,110,No,Entregada
605287,509900,20260825,20260825,20029,30001,40060,12:09:00,13:48:00,99,66,33,No,Entregada
605288,503538,20260511,20260511,20045,30009,40042,08:43:00,10:53:00,130,100,30,No,Entregada
605289,501926,20251203,20251203,20017,30019,40003,10:05:00,11:28:00,83,42,41,No,Entregada
605290,507459,20260527,20260527,20017,30015,40037,13:53:00,16:35:00,162,81,81,No,Retrasada
605291,508867,20260126,20260126,20041,30015,40090,11:12:00,12:12:00,60,36,24,No,Entregada
605292,509249,20260225,20260225,20024,30014,40089,09:15:00,10:30:00,75,57,18,No,Entregada
605293,507065,20260126,20260126,20033,30003,40094,07:02:00,09:00:00,118,24,94,No,Retrasada
605294,508086,20260720,20260720,20017,30005,40013,10:55:00,13:28:00,153,87,66,No,Entregada
605295,502221,20260104,20260104,20045,30015,40071,14:44:00,17:13:00,149,64,85,No,Entregada
605296,509864,20260518,20260518,20007,30001,40096,17:53:00,20:09:00,136,37,99,No,Retrasada
605297,505130,20250225,20250225,20028,30001,40018,15:40:00,18:54:00,194,80,114,No,Retrasada
605298,506854,20251029,20251029,20018,30014,40018,09:18:00,11:39:00,141,80,61,No,Entregada
605299,507902,20250710,20250710,20032,30016,40042,11:50:00,13:49:00,119,100,19,No,Entregada
605300,508110,20250502,20250502,20017,30030,40013,08:49:00,11:08:00,139,87,52,No,Entregada
605301,509336,20250803,20250803,20035,30003,40032,17:47:00,19:56:00,129,55,74,No,Entregada
605302,500466,20250512,20250512,20047,30014,40005,07:46:00,08:37:00,51,48,3,Sí,Entregada
605303,509890,20250618,20250618,20047,30027,40018,16:19:00,19:12:00,173,80,93,No,Entregada
605304,508987,20261227,20261227,20017,30014,40007,10:32:00,13:13:00,161,50,111,No,Entregada
605305,505973,20250922,20250922,20041,30011,40087,15:27:00,18:11:00,164,113,51,No,Entregada
605306,505641,20260323,20260323,20048,30002,40002,17:50:00,19:52:00,122,55,67,No,Retrasada
605307,509845,20250112,20250112,20028,30012,40059,13:20:00,14:59:00,99,23,76,No,Entregada
605308,509221,20260402,20260402,20024,30006,40077,15:35:00,17:11:00,96,24,72,No,Entregada
605309,503255,20251211,20251211,20041,30027,40066,08:16:00,10:52:00,156,81,75,No,Entregada
605310,507014,20261008,20261008,20001,30021,40041,13:49:00,16:08:00,139,92,47,No,Entregada
605311,509156,20250708,20250708,20003,30016,40096,08:45:00,11:03:00,138,37,101,No,Entregada
605312,509265,20260709,20260709,20028,30021,40058,16:10:00,18:59:00,169,93,76,No,Retrasada
605313,503923,20260204,20260204,20005,30006,40006,11:34:00,14:15:00,161,70,91,No,Entregada
605314,509200,20250524,20250524,20003,30027,40009,08:16:00,10:23:00,127,40,87,No,Retrasada
605315,502653,20250915,20250915,20026,30011,40084,14:21:00,16:10:00,109,33,76,No,Entregada
605316,500804,20260326,20260326,20003,30006,40069,11:04:00,12:23:00,79,52,27,No,Entregada
605317,503164,20260226,20260226,20037,30015,40046,13:21:00,14:59:00,98,33,65,No,Retrasada
605318,503385,20250108,20250108,20028,30002,40057,16:29:00,18:50:00,141,56,85,No,Entregada
605319,508954,20260622,20260622,20003,30029,40086,09:21:00,12:16:00,175,103,72,No,Entregada
605320,505597,20250724,20250724,20035,30021,40001,08:23:00,10:59:00,156,45,111,No,Entregada
605321,507357,20261002,20261002,20005,30021,40034,12:51:00,13:42:00,51,37,14,Sí,Entregada
605322,509710,20250204,20250204,20035,30017,40078,09:31:00,11:27:00,116,84,32,No,Entregada
605323,502952,20260209,20260209,20017,30017,40028,14:25:00,16:49:00,144,115,29,No,Entregada
605324,507667,20260914,20260914,20003,30006,40099,12:02:00,12:46:00,44,32,12,Sí,Entregada
605325,504595,20261028,20261028,20028,30009,40013,17:55:00,21:13:00,198,87,111,No,Entregada
605326,504936,20260930,20260930,20028,30011,40009,10:43:00,12:28:00,105,40,65,No,Entregada
605327,507393,20250504,20250504,20048,30030,40089,11:23:00,13:02:00,99,57,42,No,Entregada
605328,505359,20250919,20250919,20017,30012,40089,07:02:00,09:54:00,172,57,115,No,Entregada
605329,501889,20260115,20260115,20005,30020,40029,16:55:00,18:22:00,87,76,11,Sí,Retrasada
605330,503043,20250927,20250927,20003,30012,40027,12:33:00,14:09:00,96,81,15,Sí,Entregada
605331,504923,20260702,20260702,20017,30023,40090,07:58:00,09:53:00,115,36,79,No,Entregada
605332,501566,20250129,20250129,20017,30014,40060,09:56:00,12:58:00,182,66,116,No,Entregada
605333,503381,20260316,20260316,20026,30012,40063,16:20:00,18:14:00,114,52,62,No,Entregada
605334,503582,20250212,20250212,20026,30027,40039,11:05:00,13:08:00,123,73,50,No,Entregada
605335,506848,20251225,20251225,20037,30015,40047,12:31:00,13:40:00,69,37,32,No,Entregada
605336,509127,20260303,20260303,20031,30016,40057,11:14:00,12:24:00,70,56,14,Sí,Retrasada
605337,509645,20260330,20260330,20048,30020,40094,15:29:00,17:24:00,115,24,91,No,Entregada
605338,507938,20261008,20261008,20033,30015,40096,17:05:00,18:04:00,59,37,22,No,Entregada
605339,505281,20261202,20261202,20045,30005,40095,14:42:00,17:31:00,169,73,96,No,Entregada
605340,509323,20251218,20251218,20041,30014,40006,11:30:00,13:50:00,140,70,70,No,Entregada
605341,503889,20261222,20261222,20017,30030,40049,16:17:00,19:21:00,184,69,115,No,Entregada
605342,508557,20260629,20260629,20022,30020,40015,10:49:00,12:56:00,127,64,63,No,Entregada
605343,509951,20261017,20261017,20031,30012,40062,11:08:00,13:09:00,121,76,45,No,Entregada
605344,502183,20251214,20251214,20018,30019,40022,16:46:00,20:33:00,227,110,117,No,Retrasada
605345,503590,20260126,20260126,20028,30015,40032,16:23:00,17:46:00,83,55,28,No,Entregada
605346,507623,20250522,20250522,20037,30015,40011,08:27:00,10:38:00,131,78,53,No,Entregada
605347,506884,20260612,20260612,20045,30013,40055,08:05:00,10:19:00,134,78,56,No,Entregada
605348,503142,20261006,20261006,20033,30026,40062,07:19:00,08:56:00,97,76,21,No,Entregada
605349,503258,20251217,20251217,20047,30014,40082,16:17:00,18:03:00,106,74,32,No,Entregada
605350,509967,20261005,20261005,20041,30020,40085,12:42:00,14:35:00,113,41,72,No,Entregada
605351,508432,20260525,20260525,20028,30006,40089,07:54:00,08:55:00,61,57,4,Sí,Entregada
605352,507738,20261130,20261130,20031,30024,40078,15:39:00,18:03:00,144,84,60,No,Entregada
605353,500902,20261125,20261125,20005,30015,40018,11:05:00,12:40:00,95,80,15,Sí,Entregada
605354,503871,20250711,20250711,20045,30017,40054,17:27:00,19:36:00,129,82,47,No,Entregada
605355,508543,20251014,20251014,20003,30020,40018,09:10:00,11:30:00,140,80,60,No,Retrasada
605356,506555,20251125,20251125,20005,30006,40081,12:09:00,15:24:00,195,94,101,No,Entregada
605357,507632,20250616,20250616,20022,30026,40044,11:51:00,13:16:00,85,72,13,Sí,Retrasada
605358,500092,20250905,20250905,20032,30012,40035,15:14:00,18:22:00,188,107,81,No,Entregada
605359,505647,20260424,20260424,20037,30026,40086,12:37:00,16:04:00,207,103,104,No,Entregada
605360,506119,20250716,20250716,20026,30021,40049,07:09:00,09:24:00,135,69,66,No,Entregada
605361,509339,20251012,20251012,20048,30023,40035,15:06:00,17:41:00,155,107,48,No,Entregada
605362,506446,20260908,20260908,20024,30012,40038,12:20:00,14:47:00,147,37,110,No,Entregada
605363,501515,20261006,20261006,20045,30005,40092,16:28:00,18:21:00,113,23,90,No,Entregada
605364,503305,20261227,20261227,20001,30015,40077,17:24:00,18:14:00,50,24,26,No,Entregada
605365,501433,20260508,20260508,20048,30017,40042,16:42:00,18:26:00,104,100,4,Sí,Entregada
605366,501579,20250228,20250228,20041,30003,40057,07:56:00,10:14:00,138,56,82,No,Entregada
605367,509121,20261101,20261101,20026,30012,40021,12:48:00,16:47:00,239,120,119,No,Entregada
605368,508254,20250206,20250206,20018,30027,40011,15:02:00,16:34:00,92,78,14,Sí,Entregada
605369,508237,20260512,20260512,20017,30023,40092,08:15:00,10:28:00,133,23,110,No,Entregada
605370,504246,20251218,20251218,20048,30023,40007,15:51:00,17:10:00,79,50,29,No,Entregada
605371,506438,20260708,20260708,20003,30014,40038,17:42:00,18:55:00,73,37,36,No,Entregada
605372,505090,20251025,20251025,20048,30012,40029,09:01:00,11:29:00,148,76,72,No,Entregada
605373,501992,20260506,20260506,20032,30003,40044,09:46:00,11:38:00,112,72,40,No,Retrasada
605374,504968,20260731,20260731,20003,30019,40041,17:41:00,19:38:00,117,92,25,No,Entregada
605375,504738,20261121,20261121,20024,30003,40034,11:38:00,12:37:00,59,37,22,No,Entregada
605376,505540,20260214,20260214,20001,30009,40099,13:39:00,15:35:00,116,32,84,No,Entregada
605377,501702,20260415,20260415,20047,30027,40080,07:12:00,07:35:00,23,15,8,Sí,Retrasada
605378,509974,20260417,20260417,20022,30010,40008,07:51:00,09:16:00,85,58,27,No,Entregada
605379,507602,20261108,20261108,20048,30002,40015,16:09:00,18:33:00,144,64,80,No,Entregada
605380,500560,20261224,20261224,20001,30003,40041,13:41:00,16:52:00,191,92,99,No,Entregada
605381,501400,20260815,20260815,20045,30002,40008,07:50:00,09:50:00,120,58,62,No,Retrasada
605382,503349,20261218,20261218,20022,30021,40057,17:52:00,18:56:00,64,56,8,Sí,Retrasada
605383,507823,20251103,20251103,20026,30012,40020,17:20:00,18:42:00,82,43,39,No,Entregada
605384,500827,20250902,20250902,20022,30009,40041,11:59:00,14:49:00,170,92,78,No,Entregada
605385,501954,20250814,20250814,20048,30015,40089,10:15:00,13:01:00,166,57,109,No,Retrasada
605386,507604,20250223,20250223,20047,30011,40019,13:59:00,16:02:00,123,91,32,No,Entregada
605387,507630,20260919,20260919,20028,30019,40077,17:39:00,19:57:00,138,24,114,No,Retrasada
605388,503629,20250217,20250217,20045,30017,40007,15:41:00,18:15:00,154,50,104,No,Entregada
605389,504444,20260527,20260527,20041,30001,40085,09:27:00,11:47:00,140,41,99,No,Entregada
605390,507220,20250916,20250916,20018,30027,40096,13:04:00,15:25:00,141,37,104,No,Entregada
605391,500802,20251024,20251024,20024,30027,40039,17:51:00,20:51:00,180,73,107,No,Retrasada
605392,506020,20250227,20250227,20032,30019,40073,13:41:00,16:05:00,144,83,61,No,Entregada
605393,501588,20260227,20260227,20041,30027,40014,15:11:00,17:33:00,142,49,93,No,Entregada
605394,506865,20260125,20260125,20026,30007,40093,10:48:00,13:18:00,150,39,111,No,Entregada
605395,500618,20260905,20260905,20007,30001,40076,15:56:00,18:02:00,126,64,62,No,Entregada
605396,501999,20260104,20260104,20028,30026,40095,13:44:00,15:08:00,84,73,11,Sí,Entregada
605397,505918,20250212,20250212,20005,30013,40042,07:10:00,09:14:00,124,100,24,No,Entregada
605398,501849,20250513,20250513,20048,30027,40055,09:05:00,11:26:00,141,78,63,No,Entregada
605399,503865,20250809,20250809,20048,30026,40090,15:30:00,16:55:00,85,36,49,No,Entregada
605400,506335,20260309,20260309,20035,30002,40099,12:54:00,14:54:00,120,32,88,No,Retrasada
605401,507694,20250120,20250120,20035,30003,40027,12:51:00,16:07:00,196,81,115,No,Entregada
605402,504159,20250616,20250616,20026,30015,40073,07:13:00,09:24:00,131,83,48,No,Entregada
605403,504679,20251217,20251217,20043,30002,40022,10:28:00,12:18:00,110,110,0,Sí,Entregada
605404,505271,20260905,20260905,20031,30016,40051,14:22:00,15:29:00,67,43,24,No,Entregada
605405,507079,20261009,20261009,20003,30024,40072,13:28:00,16:31:00,183,112,71,No,Retrasada
605406,506263,20250715,20250715,20028,30030,40039,15:02:00,17:59:00,177,73,104,No,Entregada
605407,504101,20251116,20251116,20031,30003,40062,11:38:00,13:12:00,94,76,18,No,Entregada
605408,501367,20250614,20250614,20046,30015,40084,17:29:00,18:10:00,41,33,8,Sí,Entregada
605409,506084,20261225,20261225,20003,30012,40071,14:13:00,16:50:00,157,64,93,No,Entregada
605410,503342,20250501,20250501,20037,30006,40001,11:48:00,12:48:00,60,45,15,Sí,Entregada
605411,502090,20260628,20260628,20003,30019,40001,07:13:00,07:59:00,46,45,1,Sí,Entregada
605412,503078,20250309,20250309,20045,30021,40089,11:16:00,14:02:00,166,57,109,No,Entregada
605413,506421,20250813,20250813,20022,30015,40014,12:44:00,15:02:00,138,49,89,No,Entregada
605414,508439,20250307,20250307,20031,30026,40063,10:26:00,11:33:00,67,52,15,Sí,Retrasada
605415,509999,20260726,20260726,20001,30005,40037,09:51:00,12:41:00,170,81,89,No,Entregada
605416,503942,20250117,20250117,20035,30029,40066,11:29:00,14:09:00,160,81,79,No,Entregada
605417,505054,20261113,20261113,20001,30024,40078,09:31:00,12:27:00,176,84,92,No,Entregada
605418,508938,20250303,20250303,20028,30012,40035,10:02:00,13:39:00,217,107,110,No,Entregada
605419,509482,20250924,20250924,20032,30030,40020,08:11:00,09:08:00,57,43,14,Sí,Entregada
605420,507134,20251121,20251121,20022,30006,40047,11:42:00,12:52:00,70,37,33,No,Entregada
605421,507923,20250520,20250520,20048,30009,40094,12:54:00,14:31:00,97,24,73,No,Entregada
605422,506676,20260811,20260811,20047,30007,40082,15:16:00,17:56:00,160,74,86,No,Entregada
605423,501778,20250925,20250925,20024,30014,40095,15:54:00,18:18:00,144,73,71,No,Retrasada
605424,502324,20250419,20250419,20024,30024,40095,14:26:00,16:46:00,140,73,67,No,Entregada
605425,502263,20260531,20260531,20046,30001,40060,13:01:00,16:03:00,182,66,116,No,Entregada
605426,505033,20260402,20260402,20018,30027,40071,12:20:00,14:56:00,156,64,92,No,Entregada
605427,501867,20260224,20260224,20026,30001,40096,13:23:00,15:07:00,104,37,67,No,Entregada
605428,507258,20261104,20261104,20041,30011,40007,12:45:00,14:37:00,112,50,62,No,Entregada
605429,500046,20260308,20260308,20032,30019,40004,08:42:00,11:02:00,140,60,80,No,Entregada
605430,507606,20261218,20261218,20017,30030,40071,10:11:00,12:41:00,150,64,86,No,Entregada
605431,500564,20260906,20260906,20024,30027,40005,10:13:00,11:32:00,79,48,31,No,Entregada
605432,502986,20260416,20260416,20024,30012,40054,16:59:00,18:39:00,100,82,18,No,Entregada
605433,504639,20251231,20251231,20007,30009,40010,10:06:00,11:31:00,85,75,10,Sí,Entregada
605434,509419,20260704,20260704,20046,30020,40049,07:14:00,09:48:00,154,69,85,No,Entregada
605435,504045,20251115,20251115,20033,30001,40086,11:56:00,13:48:00,112,103,9,Sí,Entregada
605436,501635,20261220,20261220,20003,30007,40095,16:44:00,18:23:00,99,73,26,No,Entregada
605437,507422,20250617,20250617,20017,30003,40022,17:39:00,20:20:00,161,110,51,No,Entregada
605438,505643,20260201,20260201,20032,30014,40044,16:36:00,18:15:00,99,72,27,No,Entregada
605439,504333,20261010,20261010,20024,30024,40095,12:50:00,14:19:00,89,73,16,No,Entregada
605440,502701,20261004,20261004,20022,30021,40090,17:49:00,19:08:00,79,36,43,No,Entregada
605441,503348,20260106,20260106,20028,30016,40002,10:48:00,12:45:00,117,55,62,No,Retrasada
605442,505104,20250713,20250713,20026,30017,40069,10:29:00,12:53:00,144,52,92,No,Entregada
605443,509659,20260923,20260923,20035,30020,40044,11:53:00,13:51:00,118,72,46,No,Retrasada
605444,502114,20260611,20260611,20018,30027,40027,16:41:00,19:44:00,183,81,102,No,Entregada
605445,507288,20250201,20250201,20003,30030,40035,10:23:00,13:53:00,210,107,103,No,Entregada
605446,506660,20260602,20260602,20018,30003,40092,13:14:00,14:29:00,75,23,52,No,Entregada
605447,502130,20260305,20260305,20046,30020,40081,07:53:00,10:40:00,167,94,73,No,Entregada
605448,509418,20250819,20250819,20046,30001,40014,12:34:00,13:42:00,68,49,19,No,Entregada
605449,507968,20250319,20250319,20001,30024,40069,09:14:00,10:36:00,82,52,30,No,Entregada
605450,504615,20260607,20260607,20037,30023,40065,08:44:00,10:42:00,118,61,57,No,Entregada
605451,500478,20250410,20250410,20028,30007,40089,15:41:00,16:47:00,66,57,9,Sí,Entregada
605452,507684,20260129,20260129,20018,30014,40034,11:12:00,13:40:00,148,37,111,No,Entregada
605453,506889,20250308,20250308,20003,30001,40094,09:37:00,10:39:00,62,24,38,No,Entregada
605454,506175,20260930,20260930,20033,30024,40057,17:30:00,19:02:00,92,56,36,No,Entregada
605455,509606,20261110,20261110,20024,30016,40029,11:58:00,14:20:00,142,76,66,No,Entregada
605456,500184,20250823,20250823,20041,30026,40022,08:40:00,11:48:00,188,110,78,No,Entregada
605457,506179,20261222,20261222,20029,30009,40002,12:31:00,14:21:00,110,55,55,No,Entregada
605458,505613,20260905,20260905,20032,30015,40020,13:32:00,15:22:00,110,43,67,No,Entregada
605459,509300,20261212,20261212,20026,30011,40001,13:20:00,15:47:00,147,45,102,No,Entregada
605460,509648,20260415,20260415,20001,30015,40087,14:26:00,17:50:00,204,113,91,No,Entregada
605461,500915,20260515,20260515,20005,30015,40077,12:16:00,14:28:00,132,24,108,No,Entregada
605462,506619,20261021,20261021,20028,30002,40073,14:14:00,16:16:00,122,83,39,No,Entregada
605463,504056,20250721,20250721,20003,30023,40019,10:37:00,13:05:00,148,91,57,No,Entregada
605464,508819,20261203,20261203,20005,30029,40057,15:47:00,18:16:00,149,56,93,No,Entregada
605465,505625,20250715,20250715,20028,30030,40051,16:28:00,17:32:00,64,43,21,No,Entregada
605466,508757,20260131,20260131,20017,30010,40087,14:45:00,17:39:00,174,113,61,No,Entregada
605467,500521,20250715,20250715,20041,30030,40019,17:01:00,19:42:00,161,91,70,No,Retrasada
605468,500028,20250721,20250721,20018,30005,40071,07:29:00,09:44:00,135,64,71,No,Retrasada
605469,501276,20260421,20260421,20041,30030,40029,11:47:00,14:45:00,178,76,102,No,Entregada
605470,506310,20260401,20260401,20018,30015,40078,10:53:00,13:42:00,169,84,85,No,Entregada
605471,503060,20261022,20261022,20026,30029,40014,12:12:00,14:47:00,155,49,106,No,Entregada
605472,503237,20260410,20260410,20017,30024,40035,11:28:00,15:03:00,215,107,108,No,Entregada
605473,507504,20250612,20250612,20003,30003,40003,09:10:00,10:49:00,99,42,57,No,Retrasada
605474,503029,20260125,20260125,20024,30013,40034,12:50:00,14:01:00,71,37,34,No,Entregada
605475,508031,20260808,20260808,20018,30027,40073,14:59:00,17:13:00,134,83,51,No,Entregada
605476,500055,20250103,20250103,20003,30014,40085,09:42:00,12:23:00,161,41,120,No,Entregada
605477,503599,20250222,20250222,20003,30005,40006,08:35:00,09:59:00,84,70,14,Sí,Entregada
605478,504272,20260627,20260627,20001,30020,40014,15:29:00,16:23:00,54,49,5,Sí,Entregada
605479,503840,20260814,20260814,20003,30012,40046,12:52:00,15:13:00,141,33,108,No,Entregada
605480,504261,20251203,20251203,20035,30020,40029,14:15:00,16:02:00,107,76,31,No,Entregada
605481,505590,20260919,20260919,20033,30006,40080,10:44:00,12:21:00,97,15,82,No,Entregada
605482,506630,20260110,20260110,20048,30017,40040,08:57:00,10:40:00,103,76,27,No,Entregada
605483,500014,20260831,20260831,20003,30009,40099,10:11:00,12:20:00,129,32,97,No,Entregada
605484,506011,20251012,20251012,20041,30020,40062,16:49:00,19:23:00,154,76,78,No,Entregada
605485,501494,20261016,20261016,20046,30017,40010,08:46:00,10:19:00,93,75,18,No,Entregada
605486,502450,20261231,20261231,20026,30026,40063,13:29:00,14:35:00,66,52,14,Sí,Entregada
605487,503175,20251230,20251230,20005,30006,40078,16:44:00,20:03:00,199,84,115,No,Entregada
605488,503650,20250604,20250604,20031,30010,40010,14:47:00,17:42:00,175,75,100,No,Retrasada
605489,504911,20260620,20260620,20031,30017,40010,15:57:00,18:49:00,172,75,97,No,Retrasada
605490,501311,20260905,20260905,20024,30003,40008,17:03:00,19:22:00,139,58,81,No,Entregada
605491,504894,20250622,20250622,20033,30001,40029,08:12:00,11:26:00,194,76,118,No,Entregada
605492,503805,20250217,20250217,20041,30005,40092,17:34:00,19:32:00,118,23,95,No,Entregada
605493,501224,20260610,20260610,20048,30014,40001,16:49:00,18:26:00,97,45,52,No,Entregada
605494,503679,20260808,20260808,20032,30013,40081,10:05:00,13:10:00,185,94,91,No,Entregada
605495,503832,20260521,20260521,20001,30021,40009,11:12:00,13:19:00,127,40,87,No,Entregada
605496,504229,20251213,20251213,20046,30006,40066,11:58:00,13:31:00,93,81,12,Sí,Entregada
605497,507094,20260119,20260119,20045,30003,40085,07:50:00,09:46:00,116,41,75,No,Entregada
605498,500941,20260628,20260628,20026,30013,40054,09:28:00,11:08:00,100,82,18,No,Entregada
605499,505591,20260909,20260909,20032,30021,40062,09:01:00,11:47:00,166,76,90,No,Entregada
605500,501817,20250502,20250502,20032,30019,40020,11:39:00,13:44:00,125,43,82,No,Entregada
605501,503664,20250826,20250826,20026,30007,40073,09:35:00,11:23:00,108,83,25,No,Entregada
605502,505066,20261210,20261210,20041,30015,40052,13:15:00,15:59:00,164,55,109,No,Entregada
605503,501169,20260507,20260507,20045,30020,40040,15:11:00,17:48:00,157,76,81,No,Entregada
605504,509754,20250103,20250103,20031,30005,40063,11:32:00,14:03:00,151,52,99,No,Entregada
605505,507803,20250927,20250927,20026,30012,40015,07:43:00,09:54:00,131,64,67,No,Entregada
605506,505198,20251019,20251019,20008,30001,40094,16:32:00,18:44:00,132,24,108,No,Retrasada
605507,509223,20251206,20251206,20026,30001,40065,12:29:00,15:02:00,153,61,92,No,Retrasada
605508,507816,20250822,20250822,20041,30016,40066,12:22:00,14:07:00,105,81,24,No,Entregada
605509,503523,20260426,20260426,20022,30026,40073,08:28:00,11:41:00,193,83,110,No,Entregada
605510,502047,20260329,20260329,20007,30002,40072,08:38:00,11:18:00,160,112,48,No,Entregada
605511,507927,20260621,20260621,20041,30016,40072,17:00:00,19:18:00,138,112,26,No,Retrasada
605512,501052,20260820,20260820,20017,30016,40081,11:16:00,13:07:00,111,94,17,No,Entregada
605513,501730,20260201,20260201,20026,30012,40092,10:59:00,12:22:00,83,23,60,No,Entregada
605514,504717,20251125,20251125,20041,30007,40027,15:22:00,18:25:00,183,81,102,No,Retrasada
605515,509723,20250228,20250228,20024,30011,40062,11:30:00,13:53:00,143,76,67,No,Entregada
605516,508979,20261008,20261008,20048,30029,40021,16:09:00,18:16:00,127,120,7,Sí,Entregada
605517,501089,20251023,20251023,20048,30019,40022,12:38:00,16:21:00,223,110,113,No,Entregada
605518,501270,20250108,20250108,20003,30014,40021,12:58:00,15:53:00,175,120,55,No,Entregada
605519,507442,20250610,20250610,20005,30006,40041,17:13:00,18:54:00,101,92,9,Sí,Entregada
605520,505234,20260202,20260202,20033,30015,40010,09:48:00,12:20:00,152,75,77,No,Entregada
605521,502063,20260412,20260412,20045,30010,40028,11:20:00,14:37:00,197,115,82,No,Entregada
605522,502100,20260120,20260120,20047,30019,40010,10:18:00,13:31:00,193,75,118,No,Entregada
605523,505816,20250214,20250214,20037,30009,40073,11:46:00,14:31:00,165,83,82,No,Entregada
605524,504039,20251126,20251126,20037,30029,40019,14:51:00,17:13:00,142,91,51,No,Entregada
605525,507609,20250110,20250110,20041,30030,40066,07:22:00,10:20:00,178,81,97,No,Retrasada
605526,501709,20260615,20260615,20018,30013,40021,08:48:00,11:35:00,167,120,47,No,Retrasada
605527,507812,20250520,20250520,20003,30019,40008,07:05:00,08:42:00,97,58,39,No,Entregada
605528,504106,20250810,20250810,20018,30016,40078,10:22:00,12:23:00,121,84,37,No,Entregada
605529,509353,20260504,20260504,20031,30017,40028,11:03:00,14:06:00,183,115,68,No,Entregada
605530,507686,20251106,20251106,20032,30021,40057,07:46:00,09:52:00,126,56,70,No,Entregada
605531,506037,20250218,20250218,20048,30011,40019,16:50:00,20:21:00,211,91,120,No,Entregada
605532,507819,20260504,20260504,20024,30019,40085,07:12:00,09:42:00,150,41,109,No,Entregada
605533,504108,20260824,20260824,20017,30006,40069,13:19:00,14:21:00,62,52,10,Sí,Entregada
605534,508185,20260516,20260516,20018,30030,40057,17:01:00,19:45:00,164,56,108,No,Entregada
605535,500896,20260810,20260810,20032,30011,40087,10:40:00,13:58:00,198,113,85,No,Entregada
605536,506451,20260508,20260508,20026,30027,40001,17:24:00,19:21:00,117,45,72,No,Entregada
605537,507976,20260402,20260402,20017,30009,40092,15:23:00,16:31:00,68,23,45,No,Entregada
605538,504179,20260511,20260511,20024,30029,40055,16:14:00,17:49:00,95,78,17,No,Retrasada
605539,504664,20260831,20260831,20003,30030,40095,17:14:00,19:46:00,152,73,79,No,Entregada
605540,503055,20250306,20250306,20032,30014,40001,12:28:00,13:22:00,54,45,9,Sí,Entregada
605541,509210,20251011,20251011,20001,30009,40013,16:02:00,18:27:00,145,87,58,No,Retrasada
605542,501684,20250907,20250907,20017,30007,40039,07:59:00,09:39:00,100,73,27,No,Entregada
605543,509291,20251022,20251022,20018,30019,40071,14:21:00,17:25:00,184,64,120,No,Entregada
605544,506826,20260517,20260517,20022,30029,40029,07:01:00,09:45:00,164,76,88,No,Entregada
605545,508208,20261101,20261101,20048,30026,40035,12:55:00,15:05:00,130,107,23,No,Entregada
605546,506209,20250407,20250407,20048,30012,40018,09:44:00,12:57:00,193,80,113,No,Retrasada
605547,505637,20260313,20260313,20032,30014,40055,08:30:00,11:29:00,179,78,101,No,Entregada
605548,508366,20260314,20260314,20047,30020,40010,10:26:00,12:19:00,113,75,38,No,Entregada
605549,501254,20250927,20250927,20033,30020,40082,08:04:00,09:43:00,99,74,25,No,Entregada
605550,507941,20261016,20261016,20028,30003,40055,15:35:00,18:52:00,197,78,119,No,Retrasada
605551,509061,20260315,20260315,20018,30013,40015,12:05:00,13:37:00,92,64,28,No,Retrasada
605552,508611,20250117,20250117,20032,30017,40090,13:34:00,15:59:00,145,36,109,No,Retrasada
605553,508281,20261110,20261110,20047,30023,40002,10:06:00,12:14:00,128,55,73,No,Entregada
605554,505145,20250128,20250128,20048,30019,40089,12:36:00,14:34:00,118,57,61,No,Retrasada
605555,504422,20260811,20260811,20031,30006,40022,16:27:00,18:52:00,145,110,35,No,Entregada
605556,503141,20260213,20260213,20048,30020,40001,10:59:00,13:34:00,155,45,110,No,Entregada
605557,506614,20251109,20251109,20048,30009,40081,09:20:00,11:14:00,114,94,20,No,Retrasada
605558,504921,20260626,20260626,20048,30012,40049,09:18:00,10:35:00,77,69,8,Sí,Entregada
605559,501525,20250226,20250226,20017,30029,40021,08:09:00,11:23:00,194,120,74,No,Retrasada
605560,505316,20260402,20260402,20032,30010,40029,17:29:00,18:45:00,76,76,0,Sí,Entregada
605561,501918,20250914,20250914,20042,30009,40076,10:24:00,12:37:00,133,64,69,No,Entregada
605562,508298,20250917,20250917,20028,30024,40082,16:27:00,19:06:00,159,74,85,No,Retrasada
605563,506918,20250526,20250526,20018,30002,40037,17:39:00,19:30:00,111,81,30,No,Entregada
605564,502264,20250718,20250718,20048,30030,40069,12:24:00,14:02:00,98,52,46,No,Retrasada
605565,501289,20261215,20261215,20041,30016,40020,11:47:00,13:27:00,100,43,57,No,Entregada
605566,500166,20260521,20260521,20001,30017,40085,08:03:00,10:21:00,138,41,97,No,Entregada
605567,501727,20250906,20250906,20001,30013,40020,16:19:00,18:12:00,113,43,70,No,Entregada
605568,507696,20261213,20261213,20028,30006,40071,15:17:00,17:34:00,137,64,73,No,Entregada
605569,505672,20260604,20260604,20018,30016,40029,07:59:00,10:35:00,156,76,80,No,Entregada
605570,501136,20261109,20261109,20033,30015,40028,11:16:00,13:23:00,127,115,12,Sí,Entregada
605571,503551,20260413,20260413,20028,30020,40096,10:58:00,12:39:00,101,37,64,No,Entregada
605572,508409,20251013,20251013,20026,30015,40086,07:37:00,09:52:00,135,103,32,No,Entregada
605573,506891,20260826,20260826,20047,30003,40089,13:49:00,15:10:00,81,57,24,No,Entregada
605574,505594,20261224,20261224,20031,30023,40047,16:30:00,18:23:00,113,37,76,No,Entregada
605575,509670,20260722,20260722,20026,30012,40013,13:56:00,16:54:00,178,87,91,No,Entregada
605576,506837,20260207,20260207,20047,30009,40092,13:22:00,15:25:00,123,23,100,No,Entregada
605577,508907,20250324,20250324,20028,30001,40046,09:37:00,10:50:00,73,33,40,No,Entregada
605578,504131,20250728,20250728,20035,30015,40029,14:12:00,16:24:00,132,76,56,No,Entregada
605579,508498,20250112,20250112,20024,30015,40058,12:27:00,14:47:00,140,93,47,No,Entregada
605580,501536,20260804,20260804,20045,30021,40004,14:10:00,15:58:00,108,60,48,No,Retrasada
605581,504914,20250712,20250712,20007,30009,40090,16:36:00,18:07:00,91,36,55,No,Entregada
605582,508964,20260317,20260317,20028,30007,40065,08:08:00,09:20:00,72,61,11,Sí,Entregada
605583,505167,20260211,20260211,20047,30016,40092,17:00:00,18:50:00,110,23,87,No,Entregada
605584,508567,20260123,20260123,20026,30012,40093,11:16:00,12:59:00,103,39,64,No,Entregada
605585,507588,20260413,20260413,20001,30005,40069,15:09:00,16:32:00,83,52,31,No,Entregada
605586,501577,20251022,20251022,20031,30009,40046,17:42:00,20:00:00,138,33,105,No,Entregada
605587,502892,20260509,20260509,20024,30030,40052,17:58:00,19:41:00,103,55,48,No,Entregada
605588,503485,20250704,20250704,20041,30030,40040,13:52:00,16:07:00,135,76,59,No,Retrasada
605589,500353,20260416,20260416,20028,30019,40087,07:01:00,09:43:00,162,113,49,No,Entregada
605590,505812,20250906,20250906,20005,30026,40038,09:24:00,11:13:00,109,37,72,No,Entregada
605591,501322,20260715,20260715,20018,30014,40072,13:05:00,15:56:00,171,112,59,No,Entregada
605592,501563,20250612,20250612,20048,30029,40003,16:32:00,17:49:00,77,42,35,No,Entregada
605593,501281,20261008,20261008,20017,30009,40066,16:20:00,17:57:00,97,81,16,No,Entregada
605594,508155,20251112,20251112,20031,30009,40005,14:23:00,16:26:00,123,48,75,No,Entregada
605595,506543,20251221,20251221,20026,30013,40087,14:13:00,16:25:00,132,113,19,No,Entregada
605596,504871,20260722,20260722,20031,30012,40092,16:14:00,16:39:00,25,23,2,Sí,Entregada
605597,503221,20260928,20260928,20032,30024,40005,16:21:00,18:05:00,104,48,56,No,Entregada
605598,505462,20260522,20260522,20018,30026,40085,09:57:00,11:45:00,108,41,67,No,Entregada
605599,501350,20250123,20250123,20017,30026,40002,07:45:00,09:16:00,91,55,36,No,Entregada
605600,507431,20260705,20260705,20008,30001,40008,11:30:00,13:09:00,99,58,41,No,Entregada
605601,500361,20250807,20250807,20022,30021,40009,09:18:00,10:30:00,72,40,32,No,Entregada
605602,501330,20250219,20250219,20046,30023,40021,09:27:00,13:25:00,238,120,118,No,Entregada
605603,501671,20260609,20260609,20026,30030,40084,17:36:00,19:50:00,134,33,101,No,Entregada
605604,501232,20260209,20260209,20032,30014,40041,13:13:00,15:48:00,155,92,63,No,Entregada
605605,503019,20261019,20261019,20018,30023,40035,17:05:00,20:11:00,186,107,79,No,Entregada
605606,507982,20250405,20250405,20003,30006,40038,08:04:00,10:18:00,134,37,97,No,Entregada
605607,502440,20250716,20250716,20024,30007,40084,08:27:00,10:27:00,120,33,87,No,Retrasada
605608,507203,20250529,20250529,20048,30024,40060,10:23:00,12:41:00,138,66,72,No,Entregada
605609,501621,20250722,20250722,20047,30010,40042,13:21:00,15:17:00,116,100,16,No,Entregada
605610,500785,20250129,20250129,20018,30019,40066,14:55:00,17:44:00,169,81,88,No,Retrasada
605611,507279,20250530,20250530,20047,30030,40039,17:05:00,19:18:00,133,73,60,No,Entregada
605612,502192,20260828,20260828,20024,30007,40007,15:58:00,17:38:00,100,50,50,No,Entregada
605613,501759,20251018,20251018,20037,30024,40071,08:13:00,10:42:00,149,64,85,No,Entregada
605614,508145,20261231,20261231,20018,30019,40018,16:02:00,18:22:00,140,80,60,No,Entregada
605615,501994,20260504,20260504,20018,30010,40077,07:11:00,09:05:00,114,24,90,No,Entregada
605616,502083,20250412,20250412,20041,30021,40003,13:54:00,15:21:00,87,42,45,No,Entregada
605617,504529,20250616,20250616,20047,30006,40044,09:39:00,11:22:00,103,72,31,No,Entregada
605618,502975,20251121,20251121,20041,30012,40073,10:56:00,14:03:00,187,83,104,No,Entregada
605619,502791,20260404,20260404,20028,30014,40029,10:00:00,12:54:00,174,76,98,No,Retrasada
605620,509942,20260409,20260409,20046,30009,40005,16:17:00,18:05:00,108,48,60,No,Entregada
605621,504044,20250601,20250601,20003,30017,40062,14:37:00,17:17:00,160,76,84,No,Entregada
605622,504061,20260815,20260815,20042,30001,40001,17:46:00,19:50:00,124,45,79,No,Entregada
605623,501661,20250513,20250513,20048,30009,40049,14:52:00,16:04:00,72,69,3,Sí,Retrasada
605624,500732,20251224,20251224,20017,30016,40022,08:51:00,11:11:00,140,110,30,No,Retrasada
605625,502989,20250320,20250320,20018,30007,40046,11:51:00,13:47:00,116,33,83,No,Entregada
605626,501627,20260714,20260714,20035,30013,40094,17:30:00,18:47:00,77,24,53,No,Entregada
605627,508138,20260413,20260413,20003,30024,40018,15:12:00,16:48:00,96,80,16,No,Entregada
605628,506266,20250812,20250812,20043,30009,40085,15:05:00,17:00:00,115,41,74,No,Entregada
605629,508276,20250908,20250908,20048,30005,40081,08:56:00,10:51:00,115,94,21,No,Entregada
605630,502512,20250502,20250502,20003,30030,40047,08:54:00,10:13:00,79,37,42,No,Entregada
605631,503351,20261205,20261205,20033,30013,40060,16:08:00,17:40:00,92,66,26,No,Retrasada
605632,500345,20250125,20250125,20003,30027,40055,17:24:00,19:27:00,123,78,45,No,Entregada
605633,500799,20251129,20251129,20031,30030,40054,17:43:00,19:39:00,116,82,34,No,Entregada
605634,507419,20260725,20260725,20048,30024,40060,12:35:00,15:00:00,145,66,79,No,Entregada
605635,503919,20260505,20260505,20048,30013,40002,09:26:00,11:45:00,139,55,84,No,Entregada
605636,504397,20251009,20251009,20037,30013,40047,13:14:00,15:11:00,117,37,80,No,Entregada
605637,508726,20250828,20250828,20032,30024,40095,08:02:00,10:12:00,130,73,57,No,Entregada
605638,505587,20250531,20250531,20035,30021,40060,14:28:00,17:33:00,185,66,119,No,Entregada
605639,505114,20260906,20260906,20032,30019,40085,14:06:00,15:30:00,84,41,43,No,Entregada
605640,509466,20260820,20260820,20011,30002,40042,12:21:00,14:37:00,136,100,36,No,Entregada
605641,507001,20251023,20251023,20032,30010,40062,09:45:00,11:17:00,92,76,16,No,Entregada
605642,507032,20260217,20260217,20048,30023,40086,17:48:00,20:55:00,187,103,84,No,Entregada
605643,502577,20250428,20250428,20026,30009,40099,14:38:00,16:26:00,108,32,76,No,Retrasada
605644,505538,20260125,20260125,20047,30006,40093,14:43:00,16:22:00,99,39,60,No,Entregada
605645,507856,20260404,20260404,20043,30009,40076,13:18:00,14:37:00,79,64,15,Sí,Entregada
605646,502670,20250711,20250711,20001,30003,40021,17:17:00,19:18:00,121,120,1,Sí,Entregada
605647,500037,20250517,20250517,20018,30010,40034,08:11:00,10:35:00,144,37,107,No,Entregada
605648,502568,20260805,20260805,20032,30007,40078,17:37:00,19:43:00,126,84,42,No,Retrasada
605649,504997,20261022,20261022,20017,30029,40021,10:24:00,13:05:00,161,120,41,No,Entregada
605650,509031,20260221,20260221,20017,30027,40003,12:36:00,14:14:00,98,42,56,No,Entregada
605651,504089,20260210,20260210,20018,30007,40077,14:51:00,16:57:00,126,24,102,No,Entregada
605652,509513,20261025,20261025,20024,30002,40052,17:52:00,19:53:00,121,55,66,No,Retrasada
605653,504853,20251230,20251230,20017,30030,40042,07:06:00,09:04:00,118,100,18,No,Entregada
605654,500168,20251213,20251213,20049,30002,40014,16:25:00,17:22:00,57,49,8,Sí,Retrasada
605655,507424,20261021,20261021,20046,30005,40090,16:32:00,18:51:00,139,36,103,No,Entregada
605656,509813,20250123,20250123,20017,30020,40051,09:57:00,12:06:00,129,43,86,No,Entregada
605657,505827,20250609,20250609,20001,30010,40076,10:22:00,13:19:00,177,64,113,No,Retrasada
605658,500018,20260224,20260224,20041,30007,40094,14:41:00,15:35:00,54,24,30,No,Retrasada
605659,508588,20250520,20250520,20033,30003,40089,15:42:00,17:58:00,136,57,79,No,Entregada
605660,505679,20250617,20250617,20045,30024,40066,13:23:00,15:16:00,113,81,32,No,Entregada
605661,501928,20260101,20260101,20026,30020,40018,09:05:00,10:31:00,86,80,6,Sí,Retrasada
605662,502996,20260113,20260113,20032,30006,40015,07:46:00,10:39:00,173,64,109,No,Entregada
605663,505884,20250325,20250325,20022,30003,40020,14:55:00,16:55:00,120,43,77,No,Entregada
605664,503879,20260107,20260107,20005,30013,40046,17:18:00,18:43:00,85,33,52,No,Retrasada
605665,505087,20250526,20250526,20026,30024,40018,09:02:00,11:41:00,159,80,79,No,Entregada
605666,502960,20261027,20261027,20003,30019,40051,09:13:00,11:25:00,132,43,89,No,Retrasada
605667,500480,20260915,20260915,20048,30024,40008,16:21:00,19:05:00,164,58,106,No,Entregada
605668,507303,20250611,20250611,20048,30003,40034,17:06:00,19:03:00,117,37,80,No,Entregada
605669,508606,20261211,20261211,20003,30007,40089,07:22:00,08:30:00,68,57,11,Sí,Entregada
605670,501199,20260913,20260913,20037,30013,40010,10:54:00,13:02:00,128,75,53,No,Entregada
605671,509569,20260922,20260922,20041,30023,40015,07:58:00,10:41:00,163,64,99,No,Entregada
605672,505798,20250412,20250412,20041,30013,40019,10:35:00,12:41:00,126,91,35,No,Entregada
605673,502711,20260713,20260713,20048,30019,40020,16:28:00,18:05:00,97,43,54,No,Entregada
605674,504562,20250407,20250407,20032,30010,40082,08:29:00,09:59:00,90,74,16,No,Entregada
605675,507905,20250827,20250827,20018,30014,40060,12:10:00,14:23:00,133,66,67,No,Entregada
605676,509066,20250709,20250709,20033,30013,40058,11:16:00,13:33:00,137,93,44,No,Entregada
605677,508421,20260519,20260519,20001,30024,40009,15:52:00,16:52:00,60,40,20,No,Entregada
605678,504600,20250518,20250518,20048,30007,40042,12:37:00,15:08:00,151,100,51,No,Entregada
605679,500673,20250723,20250723,20045,30001,40081,08:06:00,10:22:00,136,94,42,No,Entregada
605680,504719,20260828,20260828,20028,30016,40015,11:59:00,14:55:00,176,64,112,No,Entregada
605681,507817,20251215,20251215,20024,30024,40089,10:51:00,12:19:00,88,57,31,No,Entregada
605682,505981,20260819,20260819,20032,30016,40047,08:07:00,10:02:00,115,37,78,No,Entregada
605683,501614,20250821,20250821,20048,30002,40071,17:27:00,18:58:00,91,64,27,No,Entregada
605684,505447,20250719,20250719,20047,30014,40060,11:19:00,13:15:00,116,66,50,No,Entregada
605685,501763,20250719,20250719,20001,30021,40003,17:19:00,19:19:00,120,42,78,No,Retrasada
605686,506135,20261008,20261008,20041,30029,40004,16:45:00,18:51:00,126,60,66,No,Retrasada
605687,505091,20260610,20260610,20047,30021,40006,10:03:00,11:59:00,116,70,46,No,Entregada
605688,505579,20250404,20250404,20005,30015,40071,09:08:00,10:34:00,86,64,22,No,Retrasada
605689,502262,20251108,20251108,20001,30005,40082,15:20:00,17:08:00,108,74,34,No,Entregada
605690,503795,20260112,20260112,20005,30010,40039,14:58:00,17:08:00,130,73,57,No,Entregada
605691,501818,20250711,20250711,20041,30027,40044,15:11:00,17:21:00,130,72,58,No,Retrasada
605692,507492,20251009,20251009,20048,30012,40071,17:42:00,18:46:00,64,64,0,Sí,Retrasada
605693,509738,20260409,20260409,20046,30013,40040,14:46:00,17:08:00,142,76,66,No,Entregada
605694,504850,20260613,20260613,20031,30002,40018,17:00:00,18:48:00,108,80,28,No,Entregada
605695,507112,20250630,20250630,20022,30001,40072,08:39:00,11:03:00,144,112,32,No,Entregada
605696,501618,20260627,20260627,20031,30023,40028,13:27:00,16:22:00,175,115,60,No,Entregada
605697,505951,20260322,20260322,20018,30019,40055,13:56:00,17:06:00,190,78,112,No,Entregada
605698,502155,20261117,20261117,20026,30026,40005,09:55:00,11:04:00,69,48,21,No,Entregada
605699,501217,20250502,20250502,20037,30006,40093,14:50:00,15:31:00,41,39,2,Sí,Entregada
605700,507417,20260425,20260425,20031,30016,40087,10:52:00,14:09:00,197,113,84,No,Entregada
605701,507991,20250323,20250323,20024,30011,40038,14:31:00,15:30:00,59,37,22,No,Entregada
605702,508832,20260115,20260115,20031,30003,40013,10:48:00,12:35:00,107,87,20,No,Retrasada
605703,509171,20251102,20251102,20028,30002,40093,10:32:00,11:53:00,81,39,42,No,Entregada
605704,500516,20260331,20260331,20035,30020,40042,07:40:00,09:45:00,125,100,25,No,Entregada
605705,502610,20260326,20260326,20048,30010,40076,11:53:00,14:35:00,162,64,98,No,Retrasada
605706,509491,20250822,20250822,20047,30012,40009,11:26:00,13:33:00,127,40,87,No,Entregada
605707,502490,20250513,20250513,20017,30019,40042,16:00:00,19:24:00,204,100,104,No,Entregada
605708,500205,20250725,20250725,20045,30003,40099,14:30:00,16:52:00,142,32,110,No,Entregada
605709,504943,20250429,20250429,20033,30013,40089,08:00:00,10:01:00,121,57,64,No,Entregada
605710,506887,20261129,20261129,20018,30015,40037,09:26:00,12:44:00,198,81,117,No,Entregada
605711,501147,20251011,20251011,20047,30019,40099,12:33:00,13:50:00,77,32,45,No,Entregada
605712,500451,20260926,20260926,20045,30001,40042,09:21:00,12:53:00,212,100,112,No,Retrasada
605713,506724,20260529,20260529,20045,30006,40011,09:23:00,11:24:00,121,78,43,No,Retrasada
605714,505756,20260131,20260131,20024,30005,40006,12:32:00,15:18:00,166,70,96,No,Entregada
605715,505254,20260214,20260214,20037,30015,40084,15:16:00,17:30:00,134,33,101,No,Entregada
605716,500966,20261113,20261113,20031,30007,40049,07:54:00,09:14:00,80,69,11,Sí,Retrasada
605717,503785,20250831,20250831,20018,30015,40039,14:02:00,16:05:00,123,73,50,No,Entregada
605718,509954,20250531,20250531,20026,30007,40006,12:24:00,14:06:00,102,70,32,No,Entregada
605719,503716,20260319,20260319,20048,30019,40089,08:19:00,10:25:00,126,57,69,No,Retrasada
605720,500400,20250408,20250408,20017,30019,40015,08:51:00,10:25:00,94,64,30,No,Entregada
605721,505880,20260620,20260620,20001,30020,40099,16:23:00,17:40:00,77,32,45,No,Entregada
605722,500844,20260822,20260822,20002,30002,40076,14:51:00,16:04:00,73,64,9,Sí,Entregada
605723,502508,20261010,20261010,20017,30012,40063,16:12:00,18:17:00,125,52,73,No,Entregada
605724,504654,20260127,20260127,20017,30010,40058,16:48:00,19:55:00,187,93,94,No,Entregada
605725,500394,20250511,20250511,20031,30016,40047,16:23:00,17:02:00,39,37,2,Sí,Retrasada
605726,502953,20251122,20251122,20032,30012,40082,14:12:00,15:59:00,107,74,33,No,Entregada
605727,506047,20250727,20250727,20018,30019,40009,14:46:00,15:53:00,67,40,27,No,Entregada
605728,502980,20260413,20260413,20017,30021,40022,17:20:00,20:36:00,196,110,86,No,Entregada
605729,504707,20260430,20260430,20017,30006,40076,11:07:00,13:46:00,159,64,95,No,Entregada
605730,504839,20261024,20261024,20035,30024,40019,08:59:00,11:38:00,159,91,68,No,Entregada
605731,502427,20260131,20260131,20017,30003,40072,16:32:00,19:30:00,178,112,66,No,Entregada
605732,508761,20250627,20250627,20018,30014,40032,12:26:00,14:20:00,114,55,59,No,Entregada
605733,504347,20260227,20260227,20042,30002,40058,14:49:00,16:45:00,116,93,23,No,Entregada
605734,500959,20250301,20250301,20031,30023,40057,11:45:00,14:29:00,164,56,108,No,Retrasada
605735,504621,20261026,20261026,20028,30013,40028,17:07:00,20:01:00,174,115,59,No,Entregada
605736,507292,20251002,20251002,20047,30027,40037,12:08:00,14:24:00,136,81,55,No,Entregada
605737,501610,20261218,20261218,20029,30001,40039,08:36:00,09:55:00,79,73,6,Sí,Entregada
605738,507330,20250306,20250306,20017,30030,40046,08:52:00,10:33:00,101,33,68,No,Entregada
605739,508014,20251121,20251121,20024,30020,40015,17:36:00,20:11:00,155,64,91,No,Entregada
605740,508828,20260609,20260609,20048,30015,40003,14:42:00,16:35:00,113,42,71,No,Entregada
605741,504566,20250320,20250320,20024,30011,40015,09:11:00,11:06:00,115,64,51,No,Entregada
605742,502697,20250924,20250924,20032,30017,40054,09:00:00,10:55:00,115,82,33,No,Entregada
605743,506403,20260906,20260906,20002,30009,40073,15:01:00,17:32:00,151,83,68,No,Entregada
605744,505229,20260502,20260502,20048,30023,40021,07:38:00,10:03:00,145,120,25,No,Retrasada
605745,506284,20251218,20251218,20003,30030,40069,15:31:00,17:16:00,105,52,53,No,Entregada
605746,506203,20250114,20250114,20035,30020,40044,09:40:00,12:21:00,161,72,89,No,Entregada
605747,500656,20250924,20250924,20018,30013,40071,10:19:00,11:55:00,96,64,32,No,Retrasada
605748,508931,20251115,20251115,20017,30030,40092,15:47:00,16:29:00,42,23,19,No,Entregada
605749,500526,20251009,20251009,20028,30019,40027,15:22:00,17:03:00,101,81,20,No,Retrasada
605750,507475,20260427,20260427,20028,30005,40006,13:22:00,16:31:00,189,70,119,No,Entregada
605751,509963,20260218,20260218,20047,30013,40052,08:26:00,10:50:00,144,55,89,No,Entregada
605752,509884,20250125,20250125,20048,30020,40066,08:01:00,10:43:00,162,81,81,No,Entregada
605753,508667,20250602,20250602,20048,30007,40001,15:19:00,16:34:00,75,45,30,No,Entregada
605754,500273,20250102,20250102,20032,30005,40011,07:11:00,09:10:00,119,78,41,No,Entregada
605755,508140,20260518,20260518,20017,30019,40040,17:42:00,20:02:00,140,76,64,No,Entregada
605756,500587,20260820,20260820,20037,30003,40046,10:37:00,13:04:00,147,33,114,No,Entregada
605757,502587,20250404,20250404,20022,30006,40029,08:45:00,10:09:00,84,76,8,Sí,Entregada
605758,503085,20260316,20260316,20028,30003,40046,15:47:00,17:10:00,83,33,50,No,Entregada
605759,500323,20250604,20250604,20018,30020,40040,13:26:00,16:09:00,163,76,87,No,Entregada
605760,508551,20250924,20250924,20003,30030,40019,15:00:00,18:08:00,188,91,97,No,Retrasada
605761,506868,20260506,20260506,20018,30024,40095,13:47:00,16:53:00,186,73,113,No,Entregada
605762,501409,20251226,20251226,20029,30009,40038,17:52:00,19:41:00,109,37,72,No,Retrasada
605763,508117,20250826,20250826,20024,30012,40057,17:23:00,18:20:00,57,56,1,Sí,Entregada
605764,502156,20250129,20250129,20041,30012,40094,17:58:00,18:42:00,44,24,20,No,Entregada
605765,504974,20260426,20260426,20003,30011,40021,10:22:00,13:50:00,208,120,88,No,Entregada
605766,508050,20260104,20260104,20026,30003,40051,13:55:00,15:10:00,75,43,32,No,Entregada
605767,500916,20250723,20250723,20026,30007,40072,15:31:00,18:26:00,175,112,63,No,Entregada
605768,500705,20260102,20260102,20003,30027,40028,09:46:00,13:05:00,199,115,84,No,Entregada
605769,501816,20260801,20260801,20048,30019,40096,08:11:00,10:11:00,120,37,83,No,Retrasada
605770,502868,20251120,20251120,20041,30016,40087,15:40:00,18:14:00,154,113,41,No,Entregada
605771,504000,20250306,20250306,20041,30027,40089,14:52:00,16:13:00,81,57,24,No,Entregada
605772,509545,20250724,20250724,20041,30016,40055,11:17:00,14:11:00,174,78,96,No,Entregada
605773,502425,20250108,20250108,20032,30027,40072,07:19:00,09:29:00,130,112,18,No,Entregada
605774,500806,20250417,20250417,20024,30010,40009,15:09:00,17:34:00,145,40,105,No,Entregada
605775,500407,20260614,20260614,20033,30002,40059,12:25:00,14:20:00,115,23,92,No,Entregada
605776,509377,20251127,20251127,20017,30017,40065,08:28:00,09:45:00,77,61,16,No,Entregada
605777,506850,20250321,20250321,20017,30016,40041,12:49:00,16:02:00,193,92,101,No,Retrasada
605778,500545,20260913,20260913,20031,30010,40001,13:26:00,15:34:00,128,45,83,No,Entregada
605779,507432,20260410,20260410,20035,30020,40027,12:06:00,14:53:00,167,81,86,No,Entregada
605780,500136,20260404,20260404,20018,30009,40004,09:33:00,11:54:00,141,60,81,No,Entregada
605781,503866,20260924,20260924,20035,30005,40008,11:23:00,13:16:00,113,58,55,No,Entregada
605782,505391,20260409,20260409,20048,30027,40020,14:00:00,16:03:00,123,43,80,No,Entregada
605783,502737,20250218,20250218,20045,30002,40052,17:32:00,20:15:00,163,55,108,No,Entregada
605784,502151,20251026,20251026,20046,30002,40019,13:50:00,16:57:00,187,91,96,No,Entregada
605785,500116,20260113,20260113,20005,30003,40015,07:03:00,08:51:00,108,64,44,No,Entregada
605786,502827,20261102,20261102,20001,30003,40054,17:39:00,20:26:00,167,82,85,No,Entregada
605787,504040,20260520,20260520,20028,30003,40059,14:51:00,16:43:00,112,23,89,No,Entregada
605788,507479,20251108,20251108,20022,30003,40089,07:36:00,10:22:00,166,57,109,No,Entregada
605789,502452,20260129,20260129,20024,30027,40046,16:42:00,18:50:00,128,33,95,No,Entregada
605790,505140,20250907,20250907,20005,30029,40013,07:30:00,09:29:00,119,87,32,No,Entregada
605791,503624,20250831,20250831,20047,30015,40065,13:20:00,15:15:00,115,61,54,No,Retrasada
605792,500002,20250325,20250325,20005,30017,40066,07:10:00,08:42:00,92,81,11,Sí,Entregada
605793,505516,20261210,20261210,20017,30006,40055,16:03:00,18:48:00,165,78,87,No,Entregada
605794,501194,20260113,20260113,20041,30013,40047,09:45:00,11:18:00,93,37,56,No,Entregada
605795,508574,20251112,20251112,20041,30006,40093,12:41:00,14:19:00,98,39,59,No,Retrasada
605796,503458,20250713,20250713,20048,30019,40099,07:18:00,09:27:00,129,32,97,No,Retrasada
605797,506573,20250113,20250113,20035,30029,40082,10:03:00,13:12:00,189,74,115,No,Entregada
605798,507663,20261023,20261023,20037,30005,40015,16:04:00,17:21:00,77,64,13,Sí,Retrasada
605799,500751,20260829,20260829,20031,30006,40035,16:51:00,18:47:00,116,107,9,Sí,Entregada
605800,509639,20260615,20260615,20048,30003,40077,12:19:00,13:46:00,87,24,63,No,Entregada
605801,507515,20250820,20250820,20041,30011,40063,16:39:00,18:32:00,113,52,61,No,Entregada
605802,503737,20250916,20250916,20046,30003,40082,17:36:00,20:20:00,164,74,90,No,Entregada
605803,503109,20250924,20250924,20048,30014,40078,07:58:00,10:04:00,126,84,42,No,Entregada
605804,501990,20260130,20260130,20003,30006,40099,08:36:00,09:59:00,83,32,51,No,Entregada
605805,508048,20251112,20251112,20041,30007,40007,11:37:00,14:18:00,161,50,111,No,Entregada
605806,508359,20251028,20251028,20028,30012,40038,07:08:00,07:53:00,45,37,8,Sí,Entregada
605807,500281,20250614,20250614,20022,30021,40005,11:32:00,13:32:00,120,48,72,No,Entregada
605808,500995,20250515,20250515,20017,30019,40011,07:07:00,09:08:00,121,78,43,No,Entregada
605809,508476,20260421,20260421,20017,30016,40077,17:36:00,19:19:00,103,24,79,No,Entregada
605810,504436,20251013,20251013,20024,30027,40029,15:32:00,17:20:00,108,76,32,No,Entregada
605811,507849,20250129,20250129,20031,30023,40063,15:37:00,17:44:00,127,52,75,No,Entregada
605812,502573,20251106,20251106,20032,30016,40092,15:36:00,16:39:00,63,23,40,No,Retrasada
605813,509056,20260924,20260924,20047,30024,40095,16:51:00,19:02:00,131,73,58,No,Retrasada
605814,506846,20250831,20250831,20028,30014,40085,12:38:00,13:36:00,58,41,17,No,Entregada
605815,501980,20250929,20250929,20028,30010,40002,14:24:00,16:12:00,108,55,53,No,Entregada
605816,500220,20250523,20250523,20048,30006,40084,13:26:00,14:06:00,40,33,7,Sí,Entregada
605817,505950,20251008,20251008,20018,30020,40039,15:25:00,17:02:00,97,73,24,No,Retrasada
605818,504527,20250228,20250228,20041,30021,40044,12:37:00,14:57:00,140,72,68,No,Entregada
605819,507659,20260829,20260829,20048,30010,40022,08:34:00,11:13:00,159,110,49,No,Entregada
605820,509499,20260923,20260923,20024,30014,40029,17:22:00,19:10:00,108,76,32,No,Entregada
605821,506870,20261110,20261110,20047,30014,40040,10:50:00,12:23:00,93,76,17,No,Entregada
605822,502532,20250317,20250317,20031,30030,40096,15:14:00,16:06:00,52,37,15,Sí,Entregada
605823,500350,20250625,20250625,20018,30027,40005,14:04:00,15:29:00,85,48,37,No,Retrasada
605824,504906,20260413,20260413,20047,30010,40060,14:16:00,15:28:00,72,66,6,Sí,Retrasada
605825,505297,20250819,20250819,20028,30012,40004,13:07:00,15:09:00,122,60,62,No,Entregada
605826,507983,20260723,20260723,20024,30014,40080,09:39:00,11:22:00,103,15,88,No,Entregada
605827,504818,20250320,20250320,20032,30020,40035,16:00:00,18:24:00,144,107,37,No,Entregada
605828,506549,20261024,20261024,20017,30012,40098,16:47:00,17:33:00,46,31,15,Sí,Retrasada
605829,500503,20260108,20260108,20032,30030,40096,16:35:00,17:28:00,53,37,16,No,Retrasada
605830,500741,20250116,20250116,20028,30026,40090,12:44:00,14:50:00,126,36,90,No,Entregada
605831,509833,20250709,20250709,20017,30007,40078,11:27:00,13:03:00,96,84,12,Sí,Entregada
605832,509969,20250919,20250919,20031,30023,40062,07:32:00,09:28:00,116,76,40,No,Entregada
605833,509256,20260916,20260916,20046,30023,40032,10:33:00,13:28:00,175,55,120,No,Entregada
605834,508228,20251010,20251010,20031,30005,40055,14:19:00,16:26:00,127,78,49,No,Entregada
605835,509559,20260121,20260121,20041,30007,40058,13:32:00,16:52:00,200,93,107,No,Retrasada
605836,509441,20250620,20250620,20041,30009,40058,07:28:00,10:45:00,197,93,104,No,Entregada
605837,500662,20250704,20250704,20018,30006,40034,17:11:00,18:26:00,75,37,38,No,Entregada
605838,502216,20261222,20261222,20001,30002,40065,07:16:00,09:01:00,105,61,44,No,Entregada
605839,502361,20250925,20250925,20031,30023,40007,10:45:00,12:30:00,105,50,55,No,Entregada
605840,506760,20250207,20250207,20026,30027,40038,08:06:00,09:28:00,82,37,45,No,Entregada
605841,505042,20251119,20251119,20018,30012,40020,17:53:00,19:44:00,111,43,68,No,Entregada
605842,504236,20260306,20260306,20046,30006,40057,07:22:00,09:24:00,122,56,66,No,Entregada
605843,502842,20251221,20251221,20048,30027,40006,17:05:00,19:57:00,172,70,102,No,Entregada
605844,504100,20260710,20260710,20048,30012,40038,10:56:00,13:26:00,150,37,113,No,Entregada
605845,500670,20260420,20260420,20003,30013,40072,16:25:00,19:17:00,172,112,60,No,Entregada
605846,503750,20251031,20251031,20041,30020,40059,14:52:00,15:24:00,32,23,9,Sí,Entregada
605847,505676,20251204,20251204,20005,30013,40019,16:12:00,18:59:00,167,91,76,No,Entregada
605848,504959,20261201,20261201,20022,30023,40062,17:39:00,20:32:00,173,76,97,No,Retrasada
605849,507140,20250202,20250202,20018,30030,40092,12:16:00,14:19:00,123,23,100,No,Entregada
605850,500882,20250413,20250413,20028,30016,40044,17:11:00,19:48:00,157,72,85,No,Entregada
605851,509439,20261229,20261229,20022,30013,40090,10:20:00,11:44:00,84,36,48,No,Retrasada
605852,505642,20260814,20260814,20048,30023,40020,11:17:00,12:51:00,94,43,51,No,Entregada
605853,504613,20250410,20250410,20033,30013,40081,09:57:00,13:06:00,189,94,95,No,Entregada
605854,507320,20250303,20250303,20043,30002,40066,09:02:00,12:19:00,197,81,116,No,Entregada
605855,501341,20261221,20261221,20031,30011,40001,09:50:00,12:00:00,130,45,85,No,Retrasada
605856,500750,20250912,20250912,20035,30006,40005,17:47:00,19:51:00,124,48,76,No,Retrasada
605857,500661,20251119,20251119,20048,30030,40018,14:44:00,17:02:00,138,80,58,No,Retrasada
605858,504283,20250816,20250816,20047,30027,40055,11:19:00,12:48:00,89,78,11,Sí,Entregada
605859,504670,20261113,20261113,20035,30003,40089,08:34:00,11:27:00,173,57,116,No,Entregada
605860,507282,20260105,20260105,20045,30010,40011,11:13:00,13:11:00,118,78,40,No,Entregada
605861,509875,20260705,20260705,20035,30023,40002,14:50:00,15:51:00,61,55,6,Sí,Entregada
605862,506544,20260720,20260720,20032,30023,40054,15:30:00,18:19:00,169,82,87,No,Retrasada
605863,502023,20260920,20260920,20003,30013,40037,08:08:00,10:37:00,149,81,68,No,Entregada
605864,504584,20250309,20250309,20003,30002,40086,16:01:00,19:04:00,183,103,80,No,Retrasada
605865,509536,20250217,20250217,20022,30013,40020,11:21:00,13:16:00,115,43,72,No,Entregada
605866,509995,20260112,20260112,20024,30029,40065,10:27:00,12:56:00,149,61,88,No,Entregada
605867,502277,20251007,20251007,20048,30007,40099,11:25:00,13:21:00,116,32,84,No,Entregada
605868,501011,20250323,20250323,20018,30001,40081,11:52:00,13:41:00,109,94,15,Sí,Entregada
605869,501012,20261003,20261003,20031,30026,40034,12:32:00,14:27:00,115,37,78,No,Entregada
605870,508232,20250929,20250929,20017,30027,40021,11:47:00,15:03:00,196,120,76,No,Entregada
605871,502335,20261005,20261005,20003,30030,40005,07:46:00,10:22:00,156,48,108,No,Retrasada
605872,502494,20250509,20250509,20001,30013,40015,10:19:00,13:12:00,173,64,109,No,Retrasada
605873,504110,20251107,20251107,20045,30020,40022,10:29:00,13:01:00,152,110,42,No,Entregada
605874,504570,20250304,20250304,20048,30005,40022,13:59:00,17:48:00,229,110,119,No,Entregada
605875,501192,20251109,20251109,20048,30016,40077,15:41:00,16:30:00,49,24,25,No,Entregada
605876,505040,20251010,20251010,20028,30017,40008,12:52:00,14:20:00,88,58,30,No,Entregada
605877,507446,20250130,20250130,20041,30014,40010,11:20:00,13:03:00,103,75,28,No,Entregada
605878,507106,20251028,20251028,20031,30009,40011,15:07:00,17:41:00,154,78,76,No,Retrasada
605879,506958,20260310,20260310,20017,30030,40060,16:38:00,17:46:00,68,66,2,Sí,Entregada
605880,509266,20260514,20260514,20005,30029,40027,09:42:00,12:13:00,151,81,70,No,Entregada
605881,505313,20260407,20260407,20041,30007,40086,10:51:00,12:48:00,117,103,14,Sí,Entregada
605882,505117,20261119,20261119,20032,30020,40009,16:01:00,17:47:00,106,40,66,No,Entregada
605883,508847,20261125,20261125,20026,30006,40087,12:30:00,16:05:00,215,113,102,No,Entregada
605884,505236,20250812,20250812,20018,30029,40090,15:16:00,16:34:00,78,36,42,No,Entregada
605885,501256,20260703,20260703,20041,30012,40092,15:05:00,16:27:00,82,23,59,No,Entregada
605886,507716,20260419,20260419,20048,30023,40002,14:28:00,16:02:00,94,55,39,No,Entregada
605887,504381,20260323,20260323,20042,30009,40006,12:29:00,14:07:00,98,70,28,No,Entregada
605888,509126,20250122,20250122,20045,30017,40054,09:26:00,12:19:00,173,82,91,No,Retrasada
605889,504807,20250712,20250712,20043,30009,40098,11:51:00,12:24:00,33,31,2,Sí,Entregada
605890,507145,20260802,20260802,20045,30003,40078,09:22:00,11:28:00,126,84,42,No,Entregada
605891,508402,20261011,20261011,20003,30005,40005,17:26:00,19:50:00,144,48,96,No,Retrasada
605892,503936,20260321,20260321,20022,30005,40089,08:29:00,11:14:00,165,57,108,No,Retrasada
605893,504015,20260301,20260301,20045,30009,40010,09:43:00,12:17:00,154,75,79,No,Entregada
605894,506406,20250704,20250704,20033,30021,40090,08:23:00,10:35:00,132,36,96,No,Entregada
605895,507321,20260727,20260727,20003,30020,40072,15:36:00,18:44:00,188,112,76,No,Entregada
605896,504073,20260703,20260703,20024,30005,40076,16:49:00,19:33:00,164,64,100,No,Retrasada
605897,508073,20251116,20251116,20031,30003,40092,16:58:00,18:51:00,113,23,90,No,Retrasada
605898,501397,20250117,20250117,20018,30006,40069,08:43:00,09:48:00,65,52,13,Sí,Entregada
605899,508309,20260505,20260505,20026,30007,40052,15:06:00,17:08:00,122,55,67,No,Retrasada
605900,503616,20260519,20260519,20022,30013,40082,12:38:00,15:47:00,189,74,115,No,Entregada
605901,501131,20250705,20250705,20005,30005,40010,16:25:00,18:26:00,121,75,46,No,Entregada
605902,509865,20251030,20251030,20047,30029,40081,14:57:00,16:34:00,97,94,3,Sí,Entregada
605903,507756,20250811,20250811,20046,30024,40058,17:06:00,20:01:00,175,93,82,No,Entregada
605904,500657,20250410,20250410,20026,30014,40078,07:08:00,10:06:00,178,84,94,No,Entregada
605905,509213,20250713,20250713,20046,30015,40019,08:16:00,10:39:00,143,91,52,No,Retrasada
605906,506110,20251122,20251122,20037,30024,40015,15:22:00,17:43:00,141,64,77,No,Entregada
605907,501836,20251102,20251102,20026,30021,40044,17:23:00,19:34:00,131,72,59,No,Entregada
605908,504514,20250325,20250325,20029,30002,40038,09:44:00,11:55:00,131,37,94,No,Entregada
605909,504582,20261127,20261127,20017,30011,40077,07:26:00,08:12:00,46,24,22,No,Entregada
605910,505906,20260825,20260825,20048,30001,40011,10:37:00,13:04:00,147,78,69,No,Retrasada
605911,503182,20250531,20250531,20046,30029,40058,13:04:00,15:42:00,158,93,65,No,Entregada
605912,503810,20251018,20251018,20032,30013,40052,12:05:00,14:00:00,115,55,60,No,Entregada
605913,505081,20250311,20250311,20032,30026,40032,11:16:00,12:29:00,73,55,18,No,Entregada
605914,509470,20250329,20250329,20026,30023,40046,07:21:00,08:33:00,72,33,39,No,Entregada
605915,501153,20251120,20251120,20047,30016,40039,14:29:00,17:33:00,184,73,111,No,Retrasada
605916,500038,20250119,20250119,20017,30016,40084,16:09:00,17:21:00,72,33,39,No,Entregada
605917,508590,20251108,20251108,20001,30029,40063,16:46:00,18:25:00,99,52,47,No,Entregada
605918,503183,20250603,20250603,20024,30030,40005,10:02:00,12:10:00,128,48,80,No,Entregada
605919,503082,20261124,20261124,20028,30021,40013,08:46:00,11:03:00,137,87,50,No,Entregada
605920,506375,20261007,20261007,20032,30010,40080,08:25:00,09:39:00,74,15,59,No,Retrasada
605921,506748,20261115,20261115,20048,30005,40089,14:35:00,16:39:00,124,57,67,No,Entregada
605922,500975,20251017,20251017,20017,30030,40077,12:35:00,13:07:00,32,24,8,Sí,Retrasada
605923,504764,20261009,20261009,20047,30015,40032,14:48:00,17:17:00,149,55,94,No,Entregada
605924,506080,20260221,20260221,20018,30007,40093,16:30:00,18:38:00,128,39,89,No,Entregada
605925,500365,20250401,20250401,20018,30012,40086,15:59:00,18:00:00,121,103,18,No,Entregada
605926,500875,20250723,20250723,20041,30011,40093,07:23:00,09:13:00,110,39,71,No,Entregada
605927,509231,20261225,20261225,20031,30029,40029,15:04:00,18:11:00,187,76,111,No,Entregada
605928,502976,20261027,20261027,20017,30019,40005,10:42:00,12:25:00,103,48,55,No,Entregada
605929,508046,20260701,20260701,20017,30027,40004,09:58:00,12:57:00,179,60,119,No,Retrasada
605930,508605,20251111,20251111,20037,30015,40015,14:13:00,15:48:00,95,64,31,No,Entregada
605931,500029,20260806,20260806,20012,30001,40029,14:29:00,16:25:00,116,76,40,No,Entregada
605932,503501,20250911,20250911,20041,30019,40002,15:11:00,16:30:00,79,55,24,No,Entregada
605933,501130,20250820,20250820,20024,30016,40092,16:37:00,18:00:00,83,23,60,No,Entregada
605934,501170,20261221,20261221,20028,30010,40087,13:59:00,16:33:00,154,113,41,No,Entregada
605935,501327,20250310,20250310,20028,30012,40085,16:47:00,19:28:00,161,41,120,No,Entregada
605936,509160,20250618,20250618,20031,30014,40073,09:43:00,11:14:00,91,83,8,Sí,Entregada
605937,501608,20251206,20251206,20045,30015,40041,11:14:00,14:30:00,196,92,104,No,Entregada
605938,505805,20250831,20250831,20024,30012,40037,13:56:00,16:48:00,172,81,91,No,Entregada
605939,508661,20250419,20250419,20033,30024,40069,12:16:00,13:49:00,93,52,41,No,Retrasada
605940,509285,20250828,20250828,20041,30020,40028,14:49:00,17:29:00,160,115,45,No,Entregada
605941,500355,20251115,20251115,20035,30010,40039,14:24:00,17:05:00,161,73,88,No,Entregada
605942,506428,20260805,20260805,20048,30021,40063,08:09:00,09:18:00,69,52,17,No,Retrasada
605943,502630,20250421,20250421,20017,30014,40035,17:27:00,20:35:00,188,107,81,No,Retrasada
605944,501584,20260622,20260622,20024,30007,40065,15:46:00,18:06:00,140,61,79,No,Entregada
605945,503020,20260821,20260821,20018,30030,40006,14:35:00,16:32:00,117,70,47,No,Retrasada
605946,500728,20251109,20251109,20048,30012,40039,17:30:00,18:55:00,85,73,12,Sí,Entregada
605947,501812,20250520,20250520,20045,30024,40032,10:07:00,11:44:00,97,55,42,No,Retrasada
605948,504963,20260316,20260316,20028,30002,40013,15:48:00,18:11:00,143,87,56,No,Entregada
605949,506433,20261216,20261216,20047,30014,40002,11:47:00,13:31:00,104,55,49,No,Retrasada
605950,501586,20260205,20260205,20032,30030,40066,16:26:00,18:08:00,102,81,21,No,Entregada
605951,507512,20261218,20261218,20017,30013,40042,14:20:00,17:54:00,214,100,114,No,Retrasada
605952,505924,20260620,20260620,20024,30030,40003,12:02:00,12:56:00,54,42,12,Sí,Entregada
605953,504478,20260222,20260222,20005,30024,40099,14:17:00,16:15:00,118,32,86,No,Entregada
605954,503194,20261117,20261117,20048,30019,40042,07:21:00,09:29:00,128,100,28,No,Entregada
605955,506880,20260409,20260409,20032,30029,40034,16:19:00,18:00:00,101,37,64,No,Entregada
605956,501280,20260105,20260105,20018,30015,40007,15:22:00,16:16:00,54,50,4,Sí,Entregada
605957,506023,20250926,20250926,20028,30012,40005,14:46:00,16:47:00,121,48,73,No,Entregada
605958,505760,20261226,20261226,20026,30005,40020,16:42:00,19:05:00,143,43,100,No,Entregada
605959,507998,20260101,20260101,20031,30005,40052,09:20:00,11:00:00,100,55,45,No,Entregada
605960,508666,20260918,20260918,20017,30016,40096,16:37:00,17:23:00,46,37,9,Sí,Entregada
605961,502601,20260707,20260707,20032,30009,40094,10:47:00,12:20:00,93,24,69,No,Entregada
605962,506757,20260209,20260209,20032,30009,40006,14:10:00,15:44:00,94,70,24,No,Entregada
605963,507898,20250711,20250711,20041,30005,40028,15:38:00,18:12:00,154,115,39,No,Retrasada
605964,502127,20250504,20250504,20047,30002,40065,10:30:00,12:16:00,106,61,45,No,Retrasada
605965,508641,20260311,20260311,20041,30030,40042,08:25:00,10:50:00,145,100,45,No,Entregada
605966,509071,20260922,20260922,20047,30029,40044,11:12:00,12:36:00,84,72,12,Sí,Entregada
605967,506745,20260522,20260522,20037,30005,40066,13:20:00,15:01:00,101,81,20,No,Entregada
605968,502502,20251121,20251121,20041,30027,40076,07:32:00,09:35:00,123,64,59,No,Retrasada
605969,500375,20250814,20250814,20026,30014,40077,10:53:00,11:20:00,27,24,3,Sí,Entregada
605970,501955,20261006,20261006,20028,30017,40077,12:07:00,12:33:00,26,24,2,Sí,Entregada
605971,502531,20250711,20250711,20003,30007,40003,08:09:00,10:35:00,146,42,104,No,Entregada
605972,500747,20250425,20250425,20003,30007,40058,14:18:00,17:00:00,162,93,69,No,Retrasada
605973,504219,20250113,20250113,20017,30019,40058,13:03:00,15:32:00,149,93,56,No,Retrasada
605974,503045,20251227,20251227,20002,30009,40077,15:00:00,16:50:00,110,24,86,No,Entregada
605975,502692,20261101,20261101,20016,30001,40089,07:23:00,08:35:00,72,57,15,Sí,Entregada
605976,505079,20261120,20261120,20048,30030,40039,14:04:00,16:25:00,141,73,68,No,Retrasada
605977,508747,20261110,20261110,20005,30024,40066,09:54:00,13:00:00,186,81,105,No,Entregada
605978,504756,20260701,20260701,20024,30011,40090,12:24:00,14:15:00,111,36,75,No,Entregada
605979,504452,20251225,20251225,20047,30021,40011,12:47:00,15:45:00,178,78,100,No,Entregada
605980,503457,20250421,20250421,20018,30010,40054,07:17:00,09:08:00,111,82,29,No,Retrasada
605981,505733,20260812,20260812,20031,30017,40047,09:34:00,10:54:00,80,37,43,No,Retrasada
605982,506509,20260525,20260525,20031,30019,40020,13:16:00,15:37:00,141,43,98,No,Retrasada
605983,509828,20260930,20260930,20046,30003,40008,13:41:00,16:21:00,160,58,102,No,Entregada
605984,509111,20251114,20251114,20041,30014,40037,10:36:00,13:33:00,177,81,96,No,Entregada
605985,500710,20261109,20261109,20032,30010,40032,07:30:00,09:20:00,110,55,55,No,Entregada
605986,506056,20251018,20251018,20035,30024,40035,07:58:00,11:25:00,207,107,100,No,Entregada
605987,503134,20261101,20261101,20028,30001,40066,12:52:00,14:14:00,82,81,1,Sí,Entregada
605988,504751,20260115,20260115,20033,30002,40093,14:24:00,15:41:00,77,39,38,No,Entregada
605989,505453,20260310,20260310,20022,30020,40003,08:46:00,11:14:00,148,42,106,No,Entregada
605990,508241,20250930,20250930,20031,30013,40041,15:49:00,18:23:00,154,92,62,No,Entregada
605991,506674,20250101,20250101,20024,30010,40089,16:42:00,17:55:00,73,57,16,No,Entregada
605992,502160,20251002,20251002,20032,30001,40081,16:25:00,19:44:00,199,94,105,No,Retrasada
605993,503308,20250710,20250710,20005,30024,40093,08:15:00,10:50:00,155,39,116,No,Retrasada
605994,508253,20260623,20260623,20028,30016,40076,11:26:00,13:04:00,98,64,34,No,Retrasada
605995,502146,20250327,20250327,20017,30007,40008,09:00:00,10:58:00,118,58,60,No,Retrasada
605996,502703,20250218,20250218,20018,30021,40052,07:24:00,09:26:00,122,55,67,No,Entregada
605997,504118,20250313,20250313,20041,30017,40004,09:39:00,11:26:00,107,60,47,No,Entregada
605998,503022,20250420,20250420,20035,30005,40035,08:53:00,12:03:00,190,107,83,No,Entregada
605999,505483,20260301,20260301,20018,30017,40014,15:21:00,17:44:00,143,49,94,No,Entregada
606000,501634,20250514,20250514,20045,30003,40032,09:54:00,11:26:00,92,55,37,No,Retrasada
606001,508525,20250703,20250703,20028,30012,40062,08:25:00,09:41:00,76,76,0,Sí,Entregada
606002,507929,20250326,20250326,20018,30013,40044,12:19:00,14:32:00,133,72,61,No,Entregada
606003,508923,20250506,20250506,20048,30019,40001,13:21:00,14:22:00,61,45,16,No,Entregada
606004,504999,20250302,20250302,20045,30029,40008,17:16:00,19:31:00,135,58,77,No,Entregada
606005,507538,20261223,20261223,20046,30020,40046,11:09:00,12:43:00,94,33,61,No,Retrasada
606006,507570,20260513,20260513,20026,30027,40041,16:14:00,17:58:00,104,92,12,Sí,Entregada
606007,502007,20251208,20251208,20031,30029,40069,17:22:00,18:15:00,53,52,1,Sí,Entregada
606008,509378,20251115,20251115,20032,30014,40002,11:15:00,13:26:00,131,55,76,No,Entregada
606009,508850,20250724,20250724,20046,30015,40027,09:23:00,11:34:00,131,81,50,No,Entregada
606010,502729,20250407,20250407,20005,30021,40065,13:30:00,14:48:00,78,61,17,No,Entregada
606011,503038,20251216,20251216,20049,30002,40077,09:48:00,10:56:00,68,24,44,No,Entregada
606012,500408,20260106,20260106,20037,30021,40060,11:57:00,14:36:00,159,66,93,No,Entregada
606013,508963,20261026,20261026,20026,30016,40089,11:30:00,14:11:00,161,57,104,No,Entregada
606014,503960,20250304,20250304,20046,30003,40038,11:55:00,13:31:00,96,37,59,No,Retrasada
606015,506609,20260508,20260508,20037,30005,40039,10:54:00,13:29:00,155,73,82,No,Retrasada
606016,507989,20260706,20260706,20041,30006,40005,10:53:00,12:17:00,84,48,36,No,Retrasada
606017,509708,20260512,20260512,20024,30030,40022,10:51:00,14:32:00,221,110,111,No,Entregada
606018,505129,20260914,20260914,20017,30015,40063,15:10:00,17:46:00,156,52,104,No,Entregada
606019,501016,20261110,20261110,20047,30014,40003,15:22:00,17:50:00,148,42,106,No,Entregada
606020,503838,20261018,20261018,20028,30027,40065,16:51:00,19:26:00,155,61,94,No,Retrasada
606021,502153,20250728,20250728,20017,30027,40004,13:20:00,16:05:00,165,60,105,No,Entregada
606022,504293,20250811,20250811,20047,30010,40059,14:07:00,15:25:00,78,23,55,No,Entregada
606023,500047,20260817,20260817,20031,30027,40057,17:45:00,19:37:00,112,56,56,No,Entregada
606024,505767,20260823,20260823,20041,30017,40042,13:03:00,16:14:00,191,100,91,No,Entregada
606025,501160,20260804,20260804,20024,30019,40029,09:25:00,11:54:00,149,76,73,No,Entregada
606026,507219,20260310,20260310,20032,30027,40039,17:38:00,19:58:00,140,73,67,No,Entregada
606027,506683,20250513,20250513,20047,30007,40044,09:14:00,11:38:00,144,72,72,No,Entregada
606028,505049,20250222,20250222,20001,30001,40038,11:23:00,13:53:00,150,37,113,No,Entregada
606029,506782,20260418,20260418,20005,30021,40029,15:10:00,17:29:00,139,76,63,No,Entregada
606030,505257,20261202,20261202,20005,30010,40020,07:40:00,08:29:00,49,43,6,Sí,Entregada
606031,501238,20250223,20250223,20018,30015,40032,07:02:00,08:36:00,94,55,39,No,Entregada
606032,501249,20260902,20260902,20048,30027,40034,08:49:00,09:42:00,53,37,16,No,Retrasada
606033,508171,20250823,20250823,20049,30001,40071,13:09:00,15:45:00,156,64,92,No,Entregada
606034,501792,20251114,20251114,20024,30010,40008,14:15:00,17:04:00,169,58,111,No,Entregada
606035,501971,20250207,20250207,20046,30020,40069,07:03:00,08:16:00,73,52,21,No,Entregada
606036,505260,20260109,20260109,20035,30013,40055,11:03:00,14:21:00,198,78,120,No,Entregada
606037,507048,20261216,20261216,20017,30019,40041,09:45:00,11:22:00,97,92,5,Sí,Entregada
606038,507978,20260715,20260715,20031,30005,40057,13:34:00,14:55:00,81,56,25,No,Entregada
606039,505428,20260519,20260519,20032,30023,40032,07:16:00,09:40:00,144,55,89,No,Retrasada
606040,501718,20250219,20250219,20026,30029,40084,08:31:00,10:31:00,120,33,87,No,Entregada
606041,509346,20260704,20260704,20017,30021,40032,16:02:00,18:35:00,153,55,98,No,Entregada
606042,509473,20261221,20261221,20033,30003,40040,15:21:00,17:53:00,152,76,76,No,Entregada
606043,501255,20250218,20250218,20007,30009,40062,13:39:00,15:29:00,110,76,34,No,Entregada
606044,503405,20251108,20251108,20032,30014,40078,17:18:00,20:00:00,162,84,78,No,Entregada
606045,506380,20261215,20261215,20001,30001,40063,08:40:00,09:49:00,69,52,17,No,Retrasada
606046,502067,20261125,20261125,20045,30024,40049,11:00:00,14:00:00,180,69,111,No,Retrasada
606047,501639,20250905,20250905,20017,30026,40035,09:42:00,13:13:00,211,107,104,No,Entregada
606048,504676,20250727,20250727,20026,30010,40098,09:52:00,12:18:00,146,31,115,No,Retrasada
606049,501744,20250425,20250425,20045,30001,40072,16:06:00,19:55:00,229,112,117,No,Entregada
606050,502433,20261005,20261005,20017,30030,40081,12:58:00,14:59:00,121,94,27,No,Entregada
606051,505917,20250117,20250117,20022,30023,40014,15:52:00,18:22:00,150,49,101,No,Entregada
606052,508425,20250504,20250504,20028,30014,40059,09:42:00,10:56:00,74,23,51,No,Retrasada
606053,504021,20260202,20260202,20018,30029,40090,17:08:00,19:29:00,141,36,105,No,Entregada
606054,502556,20251008,20251008,20047,30019,40060,12:38:00,14:34:00,116,66,50,No,Entregada
606055,501137,20260629,20260629,20001,30015,40055,12:32:00,14:44:00,132,78,54,No,Entregada
606056,506168,20260625,20260625,20005,30029,40076,11:02:00,12:49:00,107,64,43,No,Retrasada
606057,505173,20260313,20260313,20032,30006,40086,16:59:00,20:14:00,195,103,92,No,Entregada
606058,505414,20260219,20260219,20028,30020,40019,13:48:00,16:38:00,170,91,79,No,Entregada
606059,500003,20260907,20260907,20041,30016,40055,17:03:00,20:19:00,196,78,118,No,Entregada
606060,502663,20251110,20251110,20003,30007,40006,14:43:00,16:39:00,116,70,46,No,Entregada
606061,501088,20250801,20250801,20048,30005,40094,07:37:00,09:47:00,130,24,106,No,Entregada
606062,503482,20250828,20250828,20041,30007,40020,10:14:00,11:07:00,53,43,10,Sí,Entregada
606063,503130,20250627,20250627,20037,30006,40020,17:46:00,18:43:00,57,43,14,Sí,Retrasada
606064,502413,20250526,20250526,20028,30020,40055,16:20:00,17:38:00,78,78,0,Sí,Entregada
606065,502012,20250808,20250808,20017,30012,40066,13:52:00,16:48:00,176,81,95,No,Retrasada
606066,507399,20250825,20250825,20026,30026,40065,14:08:00,15:34:00,86,61,25,No,Entregada
606067,502412,20260312,20260312,20003,30006,40092,12:48:00,14:57:00,129,23,106,No,Entregada
606068,506495,20250505,20250505,20003,30012,40042,15:00:00,18:35:00,215,100,115,No,Entregada
606069,509406,20260102,20260102,20032,30010,40096,13:35:00,15:22:00,107,37,70,No,Entregada
606070,507122,20251106,20251106,20026,30019,40073,13:55:00,16:52:00,177,83,94,No,Entregada
606071,503481,20251006,20251006,20026,30011,40076,07:50:00,10:51:00,181,64,117,No,Entregada
606072,500930,20261114,20261114,20017,30005,40081,07:35:00,10:29:00,174,94,80,No,Entregada
606073,500069,20250131,20250131,20028,30026,40010,17:40:00,20:01:00,141,75,66,No,Retrasada
606074,502260,20251228,20251228,20031,30017,40044,17:22:00,20:27:00,185,72,113,No,Entregada
606075,504890,20260128,20260128,20033,30015,40086,15:00:00,17:22:00,142,103,39,No,Entregada
606076,507563,20250112,20250112,20024,30016,40010,09:21:00,11:59:00,158,75,83,No,Retrasada
606077,503245,20250122,20250122,20018,30027,40018,14:50:00,17:49:00,179,80,99,No,Entregada
606078,503562,20250425,20250425,20033,30017,40028,16:50:00,20:33:00,223,115,108,No,Entregada
606079,501195,20260516,20260516,20003,30006,40019,14:18:00,15:54:00,96,91,5,Sí,Entregada
606080,508251,20261016,20261016,20028,30002,40054,09:06:00,10:46:00,100,82,18,No,Entregada
606081,501056,20250129,20250129,20024,30019,40049,07:28:00,09:53:00,145,69,76,No,Entregada
606082,505494,20251014,20251014,20026,30019,40063,14:43:00,16:35:00,112,52,60,No,Entregada
606083,504314,20250226,20250226,20001,30026,40037,09:30:00,11:14:00,104,81,23,No,Retrasada
606084,501758,20250722,20250722,20008,30001,40094,11:25:00,13:40:00,135,24,111,No,Entregada
606085,504525,20260524,20260524,20033,30002,40057,08:44:00,10:33:00,109,56,53,No,Entregada
606086,501129,20250911,20250911,20022,30017,40007,14:12:00,15:42:00,90,50,40,No,Retrasada
606087,506856,20251002,20251002,20047,30030,40027,15:16:00,16:53:00,97,81,16,No,Entregada
606088,507200,20261222,20261222,20047,30030,40021,09:37:00,12:32:00,175,120,55,No,Entregada
606089,507186,20250529,20250529,20031,30019,40037,15:13:00,17:17:00,124,81,43,No,Entregada
606090,506157,20260922,20260922,20018,30003,40001,12:10:00,14:08:00,118,45,73,No,Entregada
606091,502353,20250528,20250528,20032,30014,40013,17:58:00,19:43:00,105,87,18,No,Entregada
606092,506547,20250328,20250328,20005,30026,40072,14:42:00,16:40:00,118,112,6,Sí,Entregada
606093,500013,20250504,20250504,20028,30015,40092,16:09:00,18:22:00,133,23,110,No,Retrasada
606094,504332,20250216,20250216,20047,30023,40035,11:14:00,13:03:00,109,107,2,Sí,Entregada
606095,506847,20250919,20250919,20046,30026,40071,14:29:00,16:52:00,143,64,79,No,Entregada
606096,501851,20261208,20261208,20035,30005,40015,14:57:00,17:35:00,158,64,94,No,Entregada
606097,501033,20261230,20261230,20026,30007,40001,10:09:00,11:36:00,87,45,42,No,Entregada
606098,508159,20260124,20260124,20047,30026,40073,15:03:00,17:36:00,153,83,70,No,Entregada
606099,507865,20260528,20260528,20017,30029,40059,15:55:00,17:50:00,115,23,92,No,Entregada
606100,505171,20250715,20250715,20024,30014,40073,14:02:00,17:20:00,198,83,115,No,Entregada
606101,502662,20261025,20261025,20017,30030,40087,17:39:00,20:39:00,180,113,67,No,Entregada
606102,508451,20260623,20260623,20029,30002,40005,09:12:00,11:32:00,140,48,92,No,Retrasada
606103,509914,20250517,20250517,20031,30005,40055,15:29:00,17:41:00,132,78,54,No,Entregada
606104,502820,20260220,20260220,20048,30021,40095,16:00:00,17:42:00,102,73,29,No,Entregada
606105,501226,20251126,20251126,20026,30006,40071,10:30:00,11:59:00,89,64,25,No,Entregada
606106,505702,20260525,20260525,20026,30001,40042,11:52:00,13:57:00,125,100,25,No,Retrasada
606107,503343,20250228,20250228,20046,30009,40013,08:54:00,11:51:00,177,87,90,No,Entregada
606108,507670,20250722,20250722,20037,30015,40042,11:18:00,13:50:00,152,100,52,No,Entregada
606109,500897,20250612,20250612,20011,30009,40037,13:20:00,15:23:00,123,81,42,No,Entregada
606110,500549,20260614,20260614,20008,30009,40081,15:20:00,17:42:00,142,94,48,No,Retrasada
606111,505576,20250701,20250701,20022,30015,40065,13:01:00,14:42:00,101,61,40,No,Entregada
606112,507649,20260830,20260830,20028,30005,40081,14:42:00,17:32:00,170,94,76,No,Retrasada
606113,500190,20260528,20260528,20003,30024,40007,09:06:00,10:49:00,103,50,53,No,Entregada
606114,502559,20260417,20260417,20047,30027,40005,10:40:00,12:36:00,116,48,68,No,Entregada
606115,508404,20260404,20260404,20007,30002,40065,08:30:00,11:09:00,159,61,98,No,Entregada
606116,501481,20250728,20250728,20032,30030,40087,07:07:00,09:26:00,139,113,26,No,Retrasada
606117,504441,20261015,20261015,20037,30003,40013,14:47:00,16:45:00,118,87,31,No,Entregada
606118,502582,20260526,20260526,20005,30015,40038,13:33:00,15:13:00,100,37,63,No,Entregada
606119,504782,20260825,20260825,20003,30030,40044,10:10:00,11:34:00,84,72,12,Sí,Entregada
606120,503333,20260124,20260124,20002,30009,40063,08:00:00,10:24:00,144,52,92,No,Retrasada
606121,505690,20250521,20250521,20048,30007,40011,11:23:00,13:34:00,131,78,53,No,Entregada
606122,505631,20260410,20260410,20005,30015,40040,08:34:00,10:18:00,104,76,28,No,Entregada
606123,507972,20260526,20260526,20005,30001,40093,14:49:00,16:08:00,79,39,40,No,Entregada
606124,507752,20260430,20260430,20048,30027,40098,15:33:00,16:24:00,51,31,20,No,Entregada
606125,505543,20260506,20260506,20005,30023,40041,10:13:00,12:34:00,141,92,49,No,Retrasada
606126,503077,20260424,20260424,20018,30027,40007,12:35:00,15:02:00,147,50,97,No,Retrasada
606127,501605,20261202,20261202,20032,30016,40085,10:15:00,11:46:00,91,41,50,No,Entregada
606128,502228,20251116,20251116,20028,30009,40020,11:08:00,13:17:00,129,43,86,No,Entregada
606129,504457,20260917,20260917,20026,30014,40059,10:31:00,12:47:00,136,23,113,No,Entregada
606130,500348,20250912,20250912,20003,30026,40032,14:45:00,16:04:00,79,55,24,No,Retrasada
606131,506052,20250723,20250723,20017,30011,40041,17:50:00,21:07:00,197,92,105,No,Entregada
606132,509959,20260909,20260909,20031,30016,40058,11:32:00,14:37:00,185,93,92,No,Entregada
606133,500316,20250225,20250225,20018,30019,40034,11:08:00,12:10:00,62,37,25,No,Entregada
606134,509698,20251125,20251125,20011,30002,40013,14:19:00,16:08:00,109,87,22,No,Entregada
606135,505797,20250424,20250424,20037,30021,40018,11:35:00,13:46:00,131,80,51,No,Entregada
606136,502558,20250908,20250908,20003,30013,40059,15:33:00,17:44:00,131,23,108,No,Entregada
606137,509205,20250404,20250404,20017,30027,40008,17:41:00,20:06:00,145,58,87,No,Entregada
606138,509809,20251117,20251117,20029,30001,40051,16:49:00,19:32:00,163,43,120,No,Retrasada
606139,501042,20260701,20260701,20022,30024,40090,11:00:00,11:39:00,39,36,3,Sí,Entregada
606140,507566,20260716,20260716,20005,30003,40089,10:55:00,12:04:00,69,57,12,Sí,Retrasada
606141,504849,20260325,20260325,20035,30010,40035,09:07:00,12:51:00,224,107,117,No,Retrasada
606142,509687,20250604,20250604,20017,30001,40073,10:19:00,13:40:00,201,83,118,No,Entregada
606143,509923,20260202,20260202,20031,30030,40078,16:02:00,18:31:00,149,84,65,No,Entregada
606144,508124,20260610,20260610,20017,30017,40042,17:49:00,21:26:00,217,100,117,No,Entregada
606145,502271,20260630,20260630,20017,30017,40071,07:20:00,10:11:00,171,64,107,No,Entregada
606146,508507,20250629,20250629,20037,30017,40022,17:42:00,21:17:00,215,110,105,No,Entregada
606147,505525,20261027,20261027,20005,30010,40069,09:27:00,10:50:00,83,52,31,No,Entregada
606148,503125,20251218,20251218,20031,30019,40037,07:28:00,10:02:00,154,81,73,No,Entregada
606149,500694,20250225,20250225,20048,30010,40046,12:07:00,14:24:00,137,33,104,No,Retrasada
606150,504120,20260221,20260221,20024,30011,40085,09:41:00,12:16:00,155,41,114,No,Entregada
606151,500946,20260430,20260430,20031,30011,40099,08:00:00,10:12:00,132,32,100,No,Entregada
606152,500398,20251003,20251003,20033,30001,40055,08:10:00,10:39:00,149,78,71,No,Entregada
606153,504472,20260117,20260117,20035,30006,40049,14:45:00,17:03:00,138,69,69,No,Entregada
606154,501440,20251208,20251208,20016,30009,40002,15:09:00,17:58:00,169,55,114,No,Retrasada
606155,507003,20250828,20250828,20032,30002,40032,10:40:00,13:35:00,175,55,120,No,Entregada
606156,509843,20250221,20250221,20046,30006,40005,15:52:00,18:08:00,136,48,88,No,Retrasada
606157,505231,20250318,20250318,20045,30024,40010,08:21:00,11:25:00,184,75,109,No,Entregada
606158,503520,20250316,20250316,20024,30003,40018,15:41:00,18:28:00,167,80,87,No,Retrasada
606159,501174,20251208,20251208,20032,30006,40080,07:11:00,07:52:00,41,15,26,No,Entregada
606160,508388,20250801,20250801,20032,30027,40015,17:56:00,19:06:00,70,64,6,Sí,Retrasada
606161,504556,20250121,20250121,20047,30020,40019,10:11:00,12:46:00,155,91,64,No,Entregada
606162,505035,20260811,20260811,20017,30011,40039,07:25:00,10:31:00,186,73,113,No,Entregada
606163,500049,20250710,20250710,20032,30016,40015,15:18:00,16:36:00,78,64,14,Sí,Entregada
606164,505658,20261025,20261025,20045,30021,40042,08:01:00,10:13:00,132,100,32,No,Entregada
606165,505443,20260329,20260329,20048,30003,40065,17:06:00,19:47:00,161,61,100,No,Retrasada
606166,503799,20250411,20250411,20024,30021,40007,14:35:00,15:59:00,84,50,34,No,Entregada
606167,506675,20261015,20261015,20028,30005,40038,15:21:00,17:13:00,112,37,75,No,Retrasada
606168,509978,20250717,20250717,20022,30023,40058,16:54:00,20:27:00,213,93,120,No,Entregada
606169,506588,20260424,20260424,20041,30023,40013,16:28:00,18:19:00,111,87,24,No,Retrasada
606170,503388,20251123,20251123,20024,30016,40027,07:11:00,09:03:00,112,81,31,No,Entregada
606171,504099,20250317,20250317,20031,30006,40035,17:03:00,19:52:00,169,107,62,No,Entregada
606172,501501,20250426,20250426,20017,30029,40082,14:14:00,15:28:00,74,74,0,Sí,Entregada
606173,509062,20260522,20260522,20033,30023,40089,09:15:00,11:21:00,126,57,69,No,Entregada
606174,500779,20260216,20260216,20033,30021,40076,09:12:00,11:23:00,131,64,67,No,Entregada
606175,509814,20260303,20260303,20028,30017,40015,08:25:00,10:57:00,152,64,88,No,Entregada
606176,501857,20250323,20250323,20005,30024,40014,12:23:00,14:43:00,140,49,91,No,Entregada
606177,505705,20250618,20250618,20017,30026,40099,15:35:00,16:58:00,83,32,51,No,Entregada
606178,503867,20260919,20260919,20031,30024,40094,07:20:00,08:30:00,70,24,46,No,Entregada
606179,501193,20251208,20251208,20048,30021,40015,08:44:00,11:28:00,164,64,100,No,Entregada
606180,503071,20260623,20260623,20003,30009,40054,14:22:00,16:49:00,147,82,65,No,Retrasada
606181,506429,20261224,20261224,20046,30017,40099,07:48:00,08:26:00,38,32,6,Sí,Entregada
606182,509103,20261206,20261206,20026,30023,40003,09:24:00,10:21:00,57,42,15,Sí,Entregada
606183,509856,20250816,20250816,20024,30027,40032,12:53:00,15:11:00,138,55,83,No,Entregada
606184,506096,20250627,20250627,20032,30005,40021,16:37:00,19:51:00,194,120,74,No,Entregada
606185,501060,20260730,20260730,20022,30024,40019,08:26:00,10:59:00,153,91,62,No,Entregada
606186,501921,20260526,20260526,20041,30012,40054,07:41:00,09:43:00,122,82,40,No,Entregada
606187,503731,20260302,20260302,20033,30002,40077,15:26:00,17:22:00,116,24,92,No,Entregada
606188,505384,20251219,20251219,20017,30017,40007,11:24:00,12:30:00,66,50,16,No,Entregada
606189,500796,20250225,20250225,20005,30017,40044,11:51:00,14:56:00,185,72,113,No,Entregada
606190,505624,20250312,20250312,20001,30017,40085,14:43:00,16:36:00,113,41,72,No,Entregada
606191,504899,20251013,20251013,20018,30014,40049,16:19:00,18:03:00,104,69,35,No,Entregada
606192,500498,20250601,20250601,20024,30030,40052,08:36:00,10:21:00,105,55,50,No,Entregada
606193,505524,20260922,20260922,20031,30024,40069,08:34:00,11:24:00,170,52,118,No,Entregada
606194,509957,20261204,20261204,20031,30030,40093,08:13:00,10:01:00,108,39,69,No,Entregada
606195,507452,20251022,20251022,20046,30029,40073,08:07:00,10:49:00,162,83,79,No,Entregada
606196,505070,20260106,20260106,20048,30012,40082,08:16:00,11:27:00,191,74,117,No,Retrasada
606197,500512,20251225,20251225,20017,30030,40093,10:40:00,12:38:00,118,39,79,No,Entregada
606198,506070,20250722,20250722,20028,30019,40007,13:49:00,14:44:00,55,50,5,Sí,Entregada
606199,506489,20260104,20260104,20018,30009,40044,12:43:00,15:09:00,146,72,74,No,Entregada
606200,509966,20250609,20250609,20033,30010,40077,08:13:00,10:09:00,116,24,92,No,Retrasada
606201,504255,20260105,20260105,20047,30016,40054,11:13:00,13:34:00,141,82,59,No,Entregada
606202,500059,20260511,20260511,20003,30020,40029,12:31:00,14:49:00,138,76,62,No,Entregada
606203,507143,20250828,20250828,20024,30019,40021,12:44:00,14:57:00,133,120,13,Sí,Entregada
606204,509586,20250215,20250215,20046,30013,40078,14:34:00,17:09:00,155,84,71,No,Entregada
606205,509849,20261012,20261012,20045,30023,40095,08:54:00,10:16:00,82,73,9,Sí,Entregada
606206,504627,20260201,20260201,20032,30026,40046,10:47:00,12:16:00,89,33,56,No,Entregada
606207,504735,20260322,20260322,20048,30023,40039,11:04:00,13:22:00,138,73,65,No,Entregada
606208,509143,20250616,20250616,20048,30024,40071,15:45:00,17:38:00,113,64,49,No,Entregada
606209,506577,20250513,20250513,20047,30024,40065,14:06:00,15:22:00,76,61,15,Sí,Entregada
606210,506716,20260616,20260616,20026,30017,40006,14:44:00,16:35:00,111,70,41,No,Entregada
606211,509703,20251017,20251017,20017,30016,40066,11:37:00,14:47:00,190,81,109,No,Entregada
606212,503074,20250311,20250311,20047,30011,40034,07:18:00,09:02:00,104,37,67,No,Retrasada
606213,507080,20250401,20250401,20032,30010,40020,09:46:00,11:34:00,108,43,65,No,Entregada
606214,502201,20250509,20250509,20035,30003,40008,13:42:00,15:52:00,130,58,72,No,Entregada
606215,509662,20261114,20261114,20026,30027,40073,13:48:00,15:26:00,98,83,15,Sí,Entregada
606216,508194,20260119,20260119,20028,30006,40019,11:33:00,14:55:00,202,91,111,No,Retrasada
606217,505164,20260710,20260710,20003,30023,40057,13:12:00,14:30:00,78,56,22,No,Entregada
606218,509448,20250112,20250112,20045,30005,40093,17:50:00,19:53:00,123,39,84,No,Entregada
606219,500434,20260118,20260118,20041,30019,40002,08:44:00,10:17:00,93,55,38,No,Retrasada
606220,500284,20260613,20260613,20026,30012,40058,13:53:00,16:33:00,160,93,67,No,Entregada
606221,504651,20250519,20250519,20005,30017,40057,17:34:00,19:14:00,100,56,44,No,Entregada
606222,501699,20260626,20260626,20045,30017,40098,08:00:00,10:00:00,120,31,89,No,Entregada
606223,509135,20261024,20261024,20047,30017,40066,12:06:00,15:06:00,180,81,99,No,Retrasada
606224,509679,20260811,20260811,20046,30006,40071,13:32:00,16:13:00,161,64,97,No,Retrasada
606225,504953,20260323,20260323,20041,30017,40032,11:17:00,13:27:00,130,55,75,No,Entregada
606226,504624,20250408,20250408,20033,30005,40089,15:36:00,18:14:00,158,57,101,No,Entregada
606227,500423,20260226,20260226,20017,30007,40011,09:59:00,12:18:00,139,78,61,No,Entregada
606228,507870,20260203,20260203,20001,30021,40019,09:12:00,12:08:00,176,91,85,No,Entregada
606229,503821,20260916,20260916,20026,30012,40080,11:12:00,12:25:00,73,15,58,No,Entregada
606230,509547,20250219,20250219,20026,30011,40019,08:32:00,10:11:00,99,91,8,Sí,Entregada
606231,503964,20251101,20251101,20028,30007,40052,13:50:00,15:06:00,76,55,21,No,Entregada
606232,509667,20261221,20261221,20005,30010,40009,10:27:00,11:16:00,49,40,9,Sí,Retrasada
606233,502935,20260905,20260905,20041,30030,40078,17:36:00,20:45:00,189,84,105,No,Retrasada
606234,505337,20251026,20251026,20031,30014,40065,16:32:00,19:18:00,166,61,105,No,Entregada
606235,504509,20260419,20260419,20042,30001,40042,11:25:00,13:55:00,150,100,50,No,Entregada
606236,501844,20260711,20260711,20046,30002,40071,12:17:00,13:26:00,69,64,5,Sí,Entregada
606237,500227,20250614,20250614,20028,30030,40073,13:17:00,16:32:00,195,83,112,No,Retrasada
606238,505346,20251211,20251211,20033,30017,40099,10:10:00,11:51:00,101,32,69,No,Entregada
606239,508385,20251214,20251214,20048,30015,40098,10:06:00,11:32:00,86,31,55,No,Retrasada
606240,504530,20261210,20261210,20045,30005,40001,13:06:00,14:53:00,107,45,62,No,Entregada
606241,505378,20260607,20260607,20017,30021,40041,10:06:00,13:06:00,180,92,88,No,Entregada
606242,506519,20260815,20260815,20041,30014,40089,09:11:00,10:58:00,107,57,50,No,Retrasada
606243,508164,20250726,20250726,20047,30027,40065,17:34:00,20:18:00,164,61,103,No,Retrasada
606244,507785,20260409,20260409,20011,30009,40011,13:15:00,15:20:00,125,78,47,No,Entregada
606245,508729,20250405,20250405,20017,30016,40076,08:38:00,10:32:00,114,64,50,No,Entregada
606246,501198,20250128,20250128,20031,30011,40069,07:33:00,09:38:00,125,52,73,No,Entregada
606247,500078,20260324,20260324,20003,30013,40080,16:41:00,17:31:00,50,15,35,No,Entregada
606248,501578,20250510,20250510,20047,30020,40018,13:05:00,15:07:00,122,80,42,No,Entregada
606249,507263,20260817,20260817,20041,30015,40029,07:58:00,09:29:00,91,76,15,Sí,Entregada
606250,506490,20260808,20260808,20035,30003,40014,07:18:00,08:59:00,101,49,52,No,Entregada
606251,508368,20260706,20260706,20042,30001,40044,14:52:00,17:41:00,169,72,97,No,Entregada
606252,502680,20260510,20260510,20049,30002,40059,11:56:00,13:53:00,117,23,94,No,Retrasada
606253,501927,20260426,20260426,20047,30027,40004,09:54:00,12:14:00,140,60,80,No,Entregada
606254,500200,20250320,20250320,20005,30002,40059,17:14:00,19:10:00,116,23,93,No,Entregada
606255,500617,20260328,20260328,20047,30027,40001,13:42:00,15:20:00,98,45,53,No,Entregada
606256,507708,20260213,20260213,20041,30027,40010,12:48:00,15:04:00,136,75,61,No,Entregada
606257,505660,20261020,20261020,20031,30007,40073,16:39:00,19:00:00,141,83,58,No,Retrasada
606258,504986,20250915,20250915,20033,30001,40004,11:41:00,13:08:00,87,60,27,No,Retrasada
606259,502215,20250507,20250507,20047,30011,40007,17:30:00,20:03:00,153,50,103,No,Entregada
606260,500960,20260131,20260131,20048,30027,40065,17:45:00,19:42:00,117,61,56,No,Entregada
606261,502248,20250601,20250601,20005,30024,40038,07:07:00,07:44:00,37,37,0,Sí,Retrasada
606262,508319,20260514,20260514,20041,30017,40009,16:22:00,18:38:00,136,40,96,No,Entregada
606263,507822,20250722,20250722,20031,30024,40008,12:40:00,15:24:00,164,58,106,No,Entregada
606264,505709,20250530,20250530,20041,30012,40052,11:08:00,13:30:00,142,55,87,No,Entregada
606265,506139,20260526,20260526,20005,30029,40035,08:22:00,11:55:00,213,107,106,No,Entregada
606266,503446,20260529,20260529,20003,30011,40060,13:33:00,16:11:00,158,66,92,No,Entregada
606267,508087,20261115,20261115,20032,30011,40051,11:27:00,13:05:00,98,43,55,No,Entregada
606268,505332,20260812,20260812,20022,30001,40058,17:31:00,19:36:00,125,93,32,No,Entregada
606269,501691,20260928,20260928,20026,30016,40019,15:48:00,18:29:00,161,91,70,No,Entregada
606270,508892,20260928,20260928,20033,30015,40015,09:01:00,11:05:00,124,64,60,No,Entregada
606271,503631,20261021,20261021,20047,30020,40029,12:15:00,13:40:00,85,76,9,Sí,Entregada
606272,500247,20260627,20260627,20047,30014,40087,11:32:00,14:34:00,182,113,69,No,Entregada
606273,501445,20260903,20260903,20028,30009,40069,10:29:00,12:10:00,101,52,49,No,Entregada
606274,502592,20261216,20261216,20045,30009,40066,14:43:00,17:05:00,142,81,61,No,Entregada
606275,508395,20260422,20260422,20048,30026,40055,13:55:00,16:24:00,149,78,71,No,Entregada
606276,509334,20260806,20260806,20041,30023,40078,08:19:00,11:10:00,171,84,87,No,Entregada
606277,500193,20250307,20250307,20032,30014,40003,14:59:00,15:51:00,52,42,10,Sí,Entregada
606278,505247,20260113,20260113,20031,30015,40014,16:06:00,17:00:00,54,49,5,Sí,Entregada
606279,506185,20260127,20260127,20022,30024,40042,07:17:00,09:29:00,132,100,32,No,Entregada
606280,508106,20250727,20250727,20003,30027,40052,15:44:00,17:15:00,91,55,36,No,Entregada
606281,504260,20250523,20250523,20003,30020,40071,12:45:00,15:02:00,137,64,73,No,Entregada
606282,506045,20250905,20250905,20018,30011,40099,14:27:00,16:48:00,141,32,109,No,Entregada
606283,503653,20260411,20260411,20045,30013,40032,12:18:00,13:13:00,55,55,0,Sí,Entregada
606284,504804,20261216,20261216,20032,30027,40081,07:33:00,10:35:00,182,94,88,No,Entregada
606285,501754,20250619,20250619,20017,30019,40008,11:25:00,14:05:00,160,58,102,No,Entregada
606286,507488,20250617,20250617,20035,30003,40003,08:19:00,10:24:00,125,42,83,No,Entregada
606287,509436,20260517,20260517,20001,30020,40063,13:52:00,15:20:00,88,52,36,No,Entregada
606288,508274,20260211,20260211,20017,30016,40099,13:40:00,14:23:00,43,32,11,Sí,Retrasada
606289,507191,20260611,20260611,20024,30009,40047,11:41:00,13:05:00,84,37,47,No,Entregada
606290,504606,20260706,20260706,20041,30019,40015,13:17:00,16:12:00,175,64,111,No,Entregada
606291,508989,20251205,20251205,20028,30006,40073,11:27:00,14:40:00,193,83,110,No,Entregada
606292,506058,20260810,20260810,20037,30001,40069,11:57:00,13:09:00,72,52,20,No,Entregada
606293,503848,20261001,20261001,20046,30020,40066,16:29:00,18:50:00,141,81,60,No,Entregada
606294,503780,20260906,20260906,20035,30010,40090,16:05:00,17:34:00,89,36,53,No,Entregada
606295,508692,20250212,20250212,20017,30021,40037,13:04:00,14:31:00,87,81,6,Sí,Entregada
606296,502150,20260512,20260512,20018,30014,40020,11:30:00,12:47:00,77,43,34,No,Entregada
606297,503759,20260823,20260823,20045,30029,40076,14:53:00,17:01:00,128,64,64,No,Entregada
606298,500580,20250730,20250730,20032,30029,40041,15:56:00,19:06:00,190,92,98,No,Entregada
606299,507725,20250325,20250325,20041,30020,40015,07:58:00,10:47:00,169,64,105,No,Entregada
606300,508372,20250707,20250707,20005,30010,40039,08:25:00,10:56:00,151,73,78,No,Entregada
606301,500773,20251225,20251225,20048,30003,40042,09:59:00,11:44:00,105,100,5,Sí,Entregada
606302,505426,20250330,20250330,20017,30003,40040,09:28:00,12:02:00,154,76,78,No,Entregada
606303,506102,20261104,20261104,20046,30017,40063,09:00:00,11:02:00,122,52,70,No,Entregada
606304,509824,20250707,20250707,20017,30020,40006,11:15:00,13:57:00,162,70,92,No,Entregada
606305,502615,20260417,20260417,20026,30020,40085,12:08:00,14:24:00,136,41,95,No,Entregada
606306,505149,20251213,20251213,20022,30020,40054,08:08:00,10:28:00,140,82,58,No,Entregada
606307,508134,20261022,20261022,20041,30019,40095,13:27:00,15:41:00,134,73,61,No,Entregada
606308,502044,20260211,20260211,20024,30014,40086,10:46:00,13:54:00,188,103,85,No,Entregada
606309,505927,20260608,20260608,20032,30016,40027,17:25:00,20:06:00,161,81,80,No,Entregada
606310,506946,20250709,20250709,20028,30016,40063,12:21:00,14:08:00,107,52,55,No,Retrasada
606311,507309,20261228,20261228,20046,30026,40039,12:17:00,13:42:00,85,73,12,Sí,Entregada
606312,508750,20260128,20260128,20031,30014,40006,13:38:00,15:41:00,123,70,53,No,Entregada
606313,500051,20261016,20261016,20035,30015,40029,11:52:00,14:16:00,144,76,68,No,Entregada
606314,506914,20260210,20260210,20033,30003,40005,15:04:00,16:28:00,84,48,36,No,Entregada
606315,502636,20250705,20250705,20001,30001,40078,14:26:00,15:52:00,86,84,2,Sí,Entregada
606316,504990,20260818,20260818,20048,30007,40034,13:51:00,15:02:00,71,37,34,No,Entregada
606317,502745,20260414,20260414,20048,30001,40002,11:03:00,13:31:00,148,55,93,No,Entregada
606318,500096,20250127,20250127,20045,30024,40087,09:33:00,12:01:00,148,113,35,No,Entregada
606319,508004,20250813,20250813,20003,30013,40020,14:03:00,15:33:00,90,43,47,No,Retrasada
606320,509860,20250313,20250313,20046,30001,40014,17:46:00,18:51:00,65,49,16,No,Entregada
606321,503375,20251020,20251020,20037,30023,40065,15:39:00,17:36:00,117,61,56,No,Entregada
606322,504046,20250319,20250319,20024,30011,40059,16:27:00,18:46:00,139,23,116,No,Retrasada
606323,502618,20251030,20251030,20047,30017,40065,16:30:00,18:01:00,91,61,30,No,Retrasada
606324,500561,20251129,20251129,20018,30021,40042,17:51:00,20:28:00,157,100,57,No,Retrasada
606325,502583,20260606,20260606,20033,30005,40020,17:19:00,18:49:00,90,43,47,No,Entregada
606326,503232,20251030,20251030,20032,30027,40042,14:26:00,17:28:00,182,100,82,No,Entregada
606327,501652,20250712,20250712,20018,30027,40054,09:46:00,12:21:00,155,82,73,No,Entregada
606328,509182,20260421,20260421,20022,30003,40004,12:56:00,15:11:00,135,60,75,No,Retrasada
606329,504351,20260917,20260917,20017,30006,40029,10:52:00,12:55:00,123,76,47,No,Entregada
606330,501656,20260612,20260612,20026,30013,40005,10:01:00,11:59:00,118,48,70,No,Entregada
606331,500307,20250922,20250922,20037,30001,40090,07:28:00,09:21:00,113,36,77,No,Entregada
606332,508341,20250128,20250128,20043,30001,40073,08:32:00,11:08:00,156,83,73,No,Retrasada
606333,503303,20250508,20250508,20017,30007,40060,12:29:00,14:47:00,138,66,72,No,Retrasada
606334,505850,20250112,20250112,20043,30001,40044,10:03:00,12:37:00,154,72,82,No,Entregada
606335,503270,20250713,20250713,20026,30014,40002,17:48:00,20:17:00,149,55,94,No,Entregada
606336,504167,20260402,20260402,20048,30012,40052,12:52:00,15:35:00,163,55,108,No,Entregada
606337,504054,20260212,20260212,20045,30020,40046,11:24:00,12:30:00,66,33,33,No,Entregada
606338,505027,20251109,20251109,20005,30006,40065,17:55:00,19:02:00,67,61,6,Sí,Entregada
606339,503519,20260208,20260208,20047,30030,40018,17:45:00,19:23:00,98,80,18,No,Retrasada
606340,506107,20260807,20260807,20046,30006,40084,15:18:00,17:44:00,146,33,113,No,Entregada
606341,505374,20250410,20250410,20045,30009,40049,17:36:00,18:55:00,79,69,10,Sí,Entregada
606342,502660,20260830,20260830,20026,30001,40054,16:32:00,19:09:00,157,82,75,No,Entregada
606343,503402,20260513,20260513,20012,30001,40057,15:44:00,17:21:00,97,56,41,No,Entregada
606344,503511,20260818,20260818,20001,30005,40095,11:14:00,12:38:00,84,73,11,Sí,Entregada
606345,505932,20250312,20250312,20026,30011,40072,14:37:00,17:53:00,196,112,84,No,Entregada
606346,506819,20261211,20261211,20024,30014,40018,16:21:00,18:00:00,99,80,19,No,Entregada
606347,501755,20250922,20250922,20031,30014,40084,08:31:00,09:39:00,68,33,35,No,Entregada
606348,509371,20260808,20260808,20033,30006,40028,08:08:00,11:30:00,202,115,87,No,Entregada
606349,509038,20251126,20251126,20017,30010,40085,09:19:00,10:36:00,77,41,36,No,Retrasada
606350,508183,20260708,20260708,20041,30019,40004,16:25:00,19:03:00,158,60,98,No,Entregada
606351,508616,20260718,20260718,20028,30010,40062,09:57:00,11:14:00,77,76,1,Sí,Entregada
606352,509643,20260714,20260714,20041,30016,40051,17:17:00,18:40:00,83,43,40,No,Entregada
606353,506325,20250720,20250720,20005,30015,40022,10:09:00,12:07:00,118,110,8,Sí,Entregada
606354,507379,20250811,20250811,20047,30014,40084,16:18:00,18:16:00,118,33,85,No,Entregada
606355,501626,20260202,20260202,20046,30003,40041,11:16:00,12:52:00,96,92,4,Sí,Entregada
606356,508914,20250705,20250705,20041,30014,40051,11:02:00,12:28:00,86,43,43,No,Retrasada
606357,509796,20251209,20251209,20018,30027,40022,13:54:00,16:02:00,128,110,18,No,Entregada
606358,501964,20250209,20250209,20003,30020,40055,12:42:00,15:54:00,192,78,114,No,Entregada
606359,509033,20260424,20260424,20031,30014,40072,13:18:00,15:51:00,153,112,41,No,Entregada
606360,504059,20260326,20260326,20046,30024,40015,17:52:00,20:17:00,145,64,81,No,Entregada
606361,505790,20250701,20250701,20017,30021,40051,09:25:00,11:05:00,100,43,57,No,Entregada
606362,506064,20260803,20260803,20017,30013,40066,09:01:00,11:28:00,147,81,66,No,Retrasada
606363,509365,20260124,20260124,20028,30019,40039,12:10:00,14:49:00,159,73,86,No,Entregada
606364,506122,20261207,20261207,20041,30023,40047,14:54:00,16:59:00,125,37,88,No,Entregada
606365,504565,20250223,20250223,20031,30024,40028,15:11:00,18:03:00,172,115,57,No,Entregada
606366,507596,20260205,20260205,20041,30016,40060,12:46:00,14:54:00,128,66,62,No,Retrasada
606367,502420,20260419,20260419,20041,30007,40078,15:06:00,17:21:00,135,84,51,No,Entregada
606368,500655,20261111,20261111,20003,30007,40034,13:21:00,15:26:00,125,37,88,No,Entregada
606369,505311,20260213,20260213,20045,30009,40041,08:11:00,10:06:00,115,92,23,No,Entregada
606370,501662,20250707,20250707,20024,30006,40071,13:05:00,14:17:00,72,64,8,Sí,Retrasada
606371,507155,20261003,20261003,20045,30026,40011,08:33:00,10:27:00,114,78,36,No,Retrasada
606372,501161,20250619,20250619,20022,30024,40058,12:38:00,16:07:00,209,93,116,No,Entregada
606373,504380,20260824,20260824,20047,30019,40028,12:35:00,15:22:00,167,115,52,No,Entregada
606374,504695,20250526,20250526,20048,30023,40082,15:11:00,16:48:00,97,74,23,No,Retrasada
606375,505396,20250522,20250522,20011,30002,40028,07:39:00,09:54:00,135,115,20,No,Entregada
606376,504016,20261011,20261011,20033,30024,40077,16:33:00,18:39:00,126,24,102,No,Entregada
606377,502773,20250212,20250212,20028,30014,40028,16:40:00,19:44:00,184,115,69,No,Entregada
606378,500989,20261028,20261028,20035,30015,40034,09:49:00,10:39:00,50,37,13,Sí,Entregada
606379,505619,20260114,20260114,20047,30003,40062,15:30:00,17:35:00,125,76,49,No,Entregada
606380,507743,20260121,20260121,20048,30007,40042,16:43:00,18:26:00,103,100,3,Sí,Entregada
606381,507674,20260301,20260301,20022,30024,40019,14:38:00,17:36:00,178,91,87,No,Entregada
606382,501204,20260306,20260306,20047,30020,40005,12:40:00,13:44:00,64,48,16,No,Entregada
606383,501053,20251030,20251030,20031,30014,40099,10:37:00,12:05:00,88,32,56,No,Entregada
606384,506330,20260123,20260123,20031,30002,40090,14:43:00,17:05:00,142,36,106,No,Entregada
606385,505442,20251024,20251024,20018,30002,40021,13:12:00,17:10:00,238,120,118,No,Entregada
606386,500219,20250619,20250619,20048,30003,40099,07:30:00,08:34:00,64,32,32,No,Entregada
606387,507096,20260516,20260516,20003,30024,40038,16:18:00,18:46:00,148,37,111,No,Entregada
606388,505764,20260728,20260728,20018,30013,40029,08:47:00,10:08:00,81,76,5,Sí,Entregada
606389,505063,20260828,20260828,20035,30005,40001,13:57:00,15:53:00,116,45,71,No,Entregada
606390,503229,20251015,20251015,20041,30006,40052,13:37:00,16:19:00,162,55,107,No,Entregada
606391,509527,20260501,20260501,20017,30016,40040,08:55:00,10:26:00,91,76,15,Sí,Entregada
606392,501666,20250116,20250116,20037,30026,40032,16:45:00,18:52:00,127,55,72,No,Retrasada
606393,506575,20260101,20260101,20031,30011,40015,09:07:00,11:31:00,144,64,80,No,Entregada
606394,509084,20260527,20260527,20046,30015,40094,10:54:00,12:27:00,93,24,69,No,Entregada
606395,506799,20260704,20260704,20017,30005,40084,10:00:00,11:13:00,73,33,40,No,Entregada
606396,508343,20250826,20250826,20022,30002,40003,14:33:00,15:43:00,70,42,28,No,Retrasada
606397,509261,20250611,20250611,20005,30024,40058,07:23:00,09:54:00,151,93,58,No,Retrasada
606398,504189,20261110,20261110,20035,30001,40073,13:39:00,16:30:00,171,83,88,No,Retrasada
606399,504200,20250509,20250509,20037,30003,40060,16:51:00,18:48:00,117,66,51,No,Entregada
606400,500420,20250513,20250513,20047,30017,40004,14:00:00,15:05:00,65,60,5,Sí,Entregada
606401,507415,20250606,20250606,20017,30023,40089,15:01:00,17:22:00,141,57,84,No,Entregada
606402,503161,20260112,20260112,20047,30021,40007,09:45:00,12:06:00,141,50,91,No,Entregada
606403,509394,20261121,20261121,20043,30002,40038,12:47:00,14:04:00,77,37,40,No,Entregada
606404,507682,20260630,20260630,20047,30024,40046,13:37:00,15:30:00,113,33,80,No,Retrasada
606405,507503,20250827,20250827,20035,30015,40092,14:14:00,15:47:00,93,23,70,No,Retrasada
606406,509351,20250307,20250307,20041,30012,40058,10:40:00,13:17:00,157,93,64,No,Entregada
606407,505599,20250423,20250423,20024,30006,40090,14:45:00,16:12:00,87,36,51,No,Entregada
606408,501066,20250214,20250214,20049,30001,40038,11:01:00,13:16:00,135,37,98,No,Entregada
606409,503914,20260206,20260206,20035,30005,40059,17:09:00,18:01:00,52,23,29,No,Entregada
606410,504393,20250912,20250912,20032,30016,40019,17:50:00,20:02:00,132,91,41,No,Entregada
606411,506685,20250705,20250705,20012,30002,40095,10:46:00,12:25:00,99,73,26,No,Retrasada
606412,509537,20260319,20260319,20041,30003,40020,08:11:00,09:32:00,81,43,38,No,Entregada
606413,500071,20250519,20250519,20033,30013,40098,15:49:00,18:14:00,145,31,114,No,Retrasada
606414,507844,20251204,20251204,20003,30007,40044,07:44:00,10:12:00,148,72,76,No,Entregada
606415,505166,20251129,20251129,20046,30020,40003,13:10:00,15:19:00,129,42,87,No,Entregada
606416,504379,20260506,20260506,20026,30020,40049,17:51:00,20:26:00,155,69,86,No,Entregada
606417,507935,20261122,20261122,20048,30016,40038,08:31:00,09:56:00,85,37,48,No,Entregada
606418,502395,20250812,20250812,20018,30012,40047,09:51:00,10:49:00,58,37,21,No,Entregada
606419,501874,20251129,20251129,20024,30023,40049,10:11:00,12:51:00,160,69,91,No,Entregada
606420,506165,20260604,20260604,20046,30009,40084,11:40:00,13:29:00,109,33,76,No,Retrasada
606421,506191,20250518,20250518,20024,30010,40044,09:58:00,12:57:00,179,72,107,No,Entregada
606422,505277,20250507,20250507,20028,30010,40037,09:14:00,12:24:00,190,81,109,No,Retrasada
606423,504226,20250619,20250619,20041,30003,40013,11:39:00,14:54:00,195,87,108,No,Entregada
606424,507572,20260425,20260425,20017,30024,40082,16:54:00,18:26:00,92,74,18,No,Entregada
606425,506229,20251205,20251205,20018,30027,40087,13:10:00,16:42:00,212,113,99,No,Entregada
606426,501208,20250817,20250817,20017,30024,40039,08:51:00,10:12:00,81,73,8,Sí,Entregada
606427,507310,20250820,20250820,20017,30030,40080,10:40:00,11:30:00,50,15,35,No,Entregada
606428,504181,20261202,20261202,20024,30005,40099,12:03:00,12:58:00,55,32,23,No,Entregada
606429,502728,20260315,20260315,20041,30009,40084,12:24:00,13:59:00,95,33,62,No,Entregada
606430,509682,20250727,20250727,20022,30017,40002,14:17:00,16:04:00,107,55,52,No,Retrasada
606431,506426,20250623,20250623,20032,30029,40029,13:14:00,15:11:00,117,76,41,No,Retrasada
606432,508479,20260927,20260927,20041,30007,40028,13:20:00,15:59:00,159,115,44,No,Entregada
606433,503885,20260402,20260402,20037,30003,40080,07:13:00,08:57:00,104,15,89,No,Entregada
606434,506938,20260410,20260410,20031,30020,40005,15:19:00,17:49:00,150,48,102,No,Retrasada
606435,500982,20251221,20251221,20047,30027,40077,13:30:00,13:59:00,29,24,5,Sí,Entregada
606436,509383,20251210,20251210,20022,30001,40063,16:24:00,17:52:00,88,52,36,No,Retrasada
606437,504435,20260512,20260512,20048,30027,40003,15:11:00,16:10:00,59,42,17,No,Entregada
606438,500366,20251214,20251214,20048,30005,40008,13:24:00,14:59:00,95,58,37,No,Entregada
606439,509880,20250818,20250818,20017,30019,40002,11:59:00,14:01:00,122,55,67,No,Entregada
606440,505736,20260722,20260722,20047,30030,40047,16:06:00,17:29:00,83,37,46,No,Entregada
606441,508882,20260314,20260314,20032,30013,40003,17:01:00,19:09:00,128,42,86,No,Entregada
606442,502950,20260324,20260324,20032,30007,40014,11:11:00,12:51:00,100,49,51,No,Entregada
606443,503455,20251211,20251211,20047,30012,40087,10:27:00,12:27:00,120,113,7,Sí,Entregada
606444,502623,20250820,20250820,20032,30027,40018,09:10:00,11:10:00,120,80,40,No,Entregada
606445,504299,20251019,20251019,20026,30014,40001,17:53:00,20:13:00,140,45,95,No,Entregada
606446,500926,20250718,20250718,20024,30027,40049,07:25:00,10:09:00,164,69,95,No,Retrasada
606447,501213,20251125,20251125,20026,30020,40069,14:33:00,17:15:00,162,52,110,No,Entregada
606448,508713,20260321,20260321,20032,30011,40077,15:03:00,16:24:00,81,24,57,No,Retrasada
606449,502855,20261103,20261103,20048,30027,40049,07:50:00,09:38:00,108,69,39,No,Entregada
606450,501257,20251225,20251225,20032,30020,40093,16:48:00,17:31:00,43,39,4,Sí,Entregada
606451,504085,20261020,20261020,20048,30014,40071,10:27:00,12:02:00,95,64,31,No,Entregada
606452,502210,20260314,20260314,20032,30030,40044,10:24:00,11:36:00,72,72,0,Sí,Entregada
606453,508217,20250105,20250105,20005,30003,40090,07:10:00,08:39:00,89,36,53,No,Entregada
606454,505616,20261214,20261214,20041,30027,40010,07:07:00,09:14:00,127,75,52,No,Entregada
606455,506921,20250103,20250103,20032,30005,40028,07:31:00,09:50:00,139,115,24,No,Entregada
606456,502171,20261224,20261224,20049,30009,40090,15:59:00,18:02:00,123,36,87,No,Entregada
606457,506548,20250814,20250814,20003,30017,40069,13:26:00,15:35:00,129,52,77,No,Entregada
606458,500439,20250929,20250929,20022,30023,40096,17:39:00,19:55:00,136,37,99,No,Entregada
606459,504705,20261120,20261120,20018,30009,40042,10:26:00,13:36:00,190,100,90,No,Entregada
606460,505397,20250627,20250627,20018,30010,40018,16:16:00,18:37:00,141,80,61,No,Entregada
606461,500877,20250823,20250823,20028,30019,40058,12:47:00,16:04:00,197,93,104,No,Retrasada
606462,504353,20260127,20260127,20047,30020,40008,10:53:00,12:15:00,82,58,24,No,Entregada
606463,506570,20260823,20260823,20018,30010,40046,07:43:00,09:16:00,93,33,60,No,Entregada
606464,506250,20260707,20260707,20007,30009,40060,09:21:00,12:16:00,175,66,109,No,Entregada
606465,501230,20250109,20250109,20011,30002,40063,09:55:00,10:54:00,59,52,7,Sí,Entregada
606466,509429,20260920,20260920,20022,30013,40096,14:28:00,15:18:00,50,37,13,Sí,Entregada
606467,509030,20250518,20250518,20047,30007,40081,08:21:00,11:14:00,173,94,79,No,Entregada
606468,502781,20260702,20260702,20001,30024,40011,09:56:00,11:20:00,84,78,6,Sí,Entregada
606469,503448,20260926,20260926,20028,30003,40028,16:26:00,20:15:00,229,115,114,No,Entregada
606470,506008,20251114,20251114,20032,30006,40001,14:36:00,15:33:00,57,45,12,Sí,Entregada
606471,506442,20260804,20260804,20022,30026,40087,07:55:00,10:43:00,168,113,55,No,Entregada
606472,508797,20250821,20250821,20017,30024,40060,13:58:00,15:18:00,80,66,14,Sí,Entregada
606473,509137,20260422,20260422,20024,30021,40092,17:08:00,18:58:00,110,23,87,No,Entregada
606474,508800,20250307,20250307,20031,30021,40028,07:07:00,09:17:00,130,115,15,Sí,Entregada
606475,506665,20260714,20260714,20032,30011,40081,10:34:00,13:40:00,186,94,92,No,Retrasada
606476,507525,20260420,20260420,20031,30002,40076,16:11:00,17:59:00,108,64,44,No,Entregada
606477,504534,20250720,20250720,20032,30012,40055,15:22:00,18:32:00,190,78,112,No,Entregada
606478,506068,20250427,20250427,20018,30020,40072,11:04:00,13:09:00,125,112,13,Sí,Retrasada
606479,506688,20260710,20260710,20017,30014,40072,12:08:00,15:33:00,205,112,93,No,Retrasada
606480,502509,20260426,20260426,20048,30027,40082,13:22:00,16:18:00,176,74,102,No,Entregada
606481,505241,20250909,20250909,20026,30023,40006,09:54:00,11:30:00,96,70,26,No,Entregada
606482,506010,20250907,20250907,20032,30016,40081,08:54:00,11:47:00,173,94,79,No,Entregada
606483,508211,20260505,20260505,20024,30026,40059,12:10:00,12:38:00,28,23,5,Sí,Entregada
606484,506687,20260613,20260613,20035,30006,40087,11:59:00,15:28:00,209,113,96,No,Entregada
606485,508732,20250907,20250907,20047,30007,40086,07:11:00,09:11:00,120,103,17,No,Entregada
606486,506287,20260502,20260502,20033,30006,40007,10:51:00,12:00:00,69,50,19,No,Retrasada
606487,509465,20260520,20260520,20047,30014,40078,17:04:00,19:26:00,142,84,58,No,Entregada
606488,506366,20251225,20251225,20026,30026,40019,11:37:00,14:41:00,184,91,93,No,Entregada
606489,504572,20260103,20260103,20005,30015,40082,12:02:00,14:52:00,170,74,96,No,Entregada
606490,508174,20250616,20250616,20031,30016,40038,14:49:00,15:54:00,65,37,28,No,Entregada
606491,509117,20261016,20261016,20037,30024,40047,08:16:00,09:37:00,81,37,44,No,Entregada
606492,509955,20260503,20260503,20026,30011,40001,07:23:00,08:16:00,53,45,8,Sí,Entregada
606493,509599,20261213,20261213,20024,30006,40055,15:44:00,17:16:00,92,78,14,Sí,Retrasada
606494,500492,20250124,20250124,20018,30019,40007,09:51:00,12:11:00,140,50,90,No,Retrasada
606495,508721,20250712,20250712,20041,30011,40002,12:26:00,15:01:00,155,55,100,No,Entregada
606496,509119,20250803,20250803,20026,30009,40044,15:04:00,17:27:00,143,72,71,No,Entregada
606497,500680,20250103,20250103,20042,30009,40084,14:41:00,16:58:00,137,33,104,No,Entregada
606498,508042,20260922,20260922,20032,30026,40066,09:43:00,12:19:00,156,81,75,No,Entregada
606499,509312,20250414,20250414,20048,30006,40099,16:32:00,18:59:00,147,32,115,No,Entregada
606500,506363,20260813,20260813,20024,30019,40080,14:03:00,16:01:00,118,15,103,No,Entregada
606501,505360,20251117,20251117,20018,30027,40076,14:56:00,17:56:00,180,64,116,No,Entregada
606502,508132,20250804,20250804,20047,30020,40007,11:16:00,12:32:00,76,50,26,No,Entregada
606503,504451,20260321,20260321,20033,30006,40063,08:07:00,10:54:00,167,52,115,No,Entregada
606504,500265,20251109,20251109,20041,30024,40060,11:36:00,14:09:00,153,66,87,No,Retrasada
606505,501689,20260310,20260310,20022,30024,40066,13:30:00,15:23:00,113,81,32,No,Entregada
606506,504443,20260314,20260314,20033,30023,40071,11:18:00,13:26:00,128,64,64,No,Entregada
606507,503442,20261023,20261023,20026,30001,40014,12:06:00,14:42:00,156,49,107,No,Entregada
606508,507591,20250612,20250612,20018,30016,40055,08:34:00,11:10:00,156,78,78,No,Entregada
606509,506362,20250712,20250712,20028,30007,40080,14:43:00,15:51:00,68,15,53,No,Entregada
606510,505903,20260911,20260911,20026,30030,40073,11:05:00,13:41:00,156,83,73,No,Retrasada
606511,505111,20250224,20250224,20037,30029,40089,17:34:00,20:03:00,149,57,92,No,Entregada
606512,502333,20250627,20250627,20024,30015,40032,13:12:00,15:05:00,113,55,58,No,Entregada
606513,508928,20260204,20260204,20035,30017,40035,13:45:00,16:31:00,166,107,59,No,Retrasada
606514,503659,20260321,20260321,20048,30027,40071,09:04:00,10:31:00,87,64,23,No,Entregada
606515,503850,20251018,20251018,20033,30029,40037,12:40:00,15:21:00,161,81,80,No,Entregada
606516,501533,20250411,20250411,20031,30026,40005,09:57:00,11:35:00,98,48,50,No,Entregada
606517,502073,20250726,20250726,20026,30020,40032,09:49:00,10:54:00,65,55,10,Sí,Entregada
606518,504334,20261113,20261113,20024,30024,40010,08:08:00,10:01:00,113,75,38,No,Entregada
606519,504411,20260602,20260602,20026,30023,40013,16:19:00,19:33:00,194,87,107,No,Entregada
606520,508426,20250304,20250304,20048,30027,40077,11:36:00,12:56:00,80,24,56,No,Entregada
606521,503646,20260310,20260310,20028,30009,40093,08:38:00,10:38:00,120,39,81,No,Entregada
606522,502256,20261012,20261012,20032,30027,40015,15:46:00,17:09:00,83,64,19,No,Retrasada
606523,506979,20250909,20250909,20037,30003,40007,14:40:00,16:38:00,118,50,68,No,Entregada
606524,504831,20250624,20250624,20041,30019,40028,16:33:00,19:18:00,165,115,50,No,Retrasada
606525,504267,20250118,20250118,20026,30027,40039,14:48:00,17:59:00,191,73,118,No,Entregada
606526,504264,20260128,20260128,20003,30011,40011,17:45:00,19:39:00,114,78,36,No,Entregada
606527,504486,20261214,20261214,20041,30012,40003,07:25:00,09:17:00,112,42,70,No,Entregada
606528,508781,20260413,20260413,20028,30030,40072,07:07:00,10:44:00,217,112,105,No,Entregada
606529,506457,20250827,20250827,20032,30027,40077,15:35:00,17:11:00,96,24,72,No,Entregada
606530,507582,20250817,20250817,20037,30006,40037,09:28:00,11:09:00,101,81,20,No,Entregada
606531,504376,20260129,20260129,20049,30001,40027,07:24:00,10:28:00,184,81,103,No,Entregada
606532,500765,20260212,20260212,20048,30027,40022,17:54:00,21:26:00,212,110,102,No,Retrasada
606533,503884,20250519,20250519,20045,30006,40076,16:14:00,19:14:00,180,64,116,No,Entregada
606534,508698,20260512,20260512,20008,30001,40063,11:52:00,13:24:00,92,52,40,No,Entregada
606535,500164,20250923,20250923,20048,30015,40038,16:13:00,17:46:00,93,37,56,No,Entregada
606536,509806,20261214,20261214,20018,30010,40086,17:03:00,19:32:00,149,103,46,No,Entregada
606537,504927,20260328,20260328,20031,30026,40085,13:37:00,15:18:00,101,41,60,No,Entregada
606538,503736,20261220,20261220,20022,30009,40072,16:24:00,19:23:00,179,112,67,No,Entregada
606539,506876,20260226,20260226,20047,30017,40082,16:05:00,18:42:00,157,74,83,No,Retrasada
606540,505650,20260405,20260405,20046,30029,40052,15:05:00,17:15:00,130,55,75,No,Entregada
606541,504483,20250513,20250513,20018,30009,40078,08:27:00,10:20:00,113,84,29,No,Entregada
606542,503470,20250705,20250705,20003,30026,40051,10:51:00,13:20:00,149,43,106,No,Entregada
606543,501061,20250629,20250629,20003,30029,40082,16:09:00,17:29:00,80,74,6,Sí,Entregada
606544,502066,20261011,20261011,20026,30011,40049,07:51:00,10:19:00,148,69,79,No,Entregada
606545,501250,20251013,20251013,20033,30002,40007,13:35:00,14:39:00,64,50,14,Sí,Retrasada
606546,504168,20250805,20250805,20047,30027,40089,14:07:00,16:36:00,149,57,92,No,Entregada
606547,509940,20250325,20250325,20003,30007,40011,09:22:00,12:31:00,189,78,111,No,Entregada
606548,502761,20260826,20260826,20047,30013,40065,13:02:00,15:35:00,153,61,92,No,Entregada
606549,509199,20260714,20260714,20018,30016,40059,11:36:00,12:47:00,71,23,48,No,Entregada
606550,503101,20260628,20260628,20001,30021,40066,07:13:00,08:48:00,95,81,14,Sí,Entregada
606551,500465,20250511,20250511,20018,30001,40071,14:43:00,16:28:00,105,64,41,No,Entregada
606552,502972,20250814,20250814,20028,30005,40082,10:53:00,12:21:00,88,74,14,Sí,Entregada
606553,500443,20250503,20250503,20024,30019,40019,07:26:00,09:59:00,153,91,62,No,Entregada
606554,501043,20261123,20261123,20041,30009,40052,08:32:00,10:53:00,141,55,86,No,Entregada
606555,507761,20250817,20250817,20048,30017,40073,12:08:00,15:15:00,187,83,104,No,Entregada
606556,506073,20250609,20250609,20047,30006,40006,12:18:00,14:19:00,121,70,51,No,Entregada
606557,504077,20251221,20251221,20032,30020,40038,10:00:00,11:49:00,109,37,72,No,Entregada
606558,508308,20250222,20250222,20045,30024,40063,08:59:00,10:47:00,108,52,56,No,Entregada
606559,509578,20260812,20260812,20031,30020,40003,07:42:00,09:15:00,93,42,51,No,Entregada
606560,507510,20250526,20250526,20033,30017,40028,11:19:00,13:20:00,121,115,6,Sí,Entregada
606561,504215,20260219,20260219,20005,30029,40021,17:44:00,20:52:00,188,120,68,No,Entregada
606562,505224,20250208,20250208,20026,30015,40058,11:14:00,14:01:00,167,93,74,No,Entregada
606563,508935,20250331,20250331,20032,30009,40090,12:35:00,14:55:00,140,36,104,No,Retrasada
606564,502673,20250321,20250321,20024,30011,40009,15:21:00,16:41:00,80,40,40,No,Retrasada
606565,502310,20260304,20260304,20048,30016,40039,11:14:00,14:00:00,166,73,93,No,Entregada
606566,501013,20250913,20250913,20046,30023,40002,11:01:00,11:57:00,56,55,1,Sí,Entregada
606567,509892,20260201,20260201,20047,30019,40094,11:58:00,12:42:00,44,24,20,No,Entregada
606568,503396,20260812,20260812,20018,30014,40084,17:19:00,19:48:00,149,33,116,No,Entregada
606569,500121,20260907,20260907,20003,30019,40014,13:32:00,15:29:00,117,49,68,No,Entregada
606570,505377,20260410,20260410,20032,30015,40006,15:57:00,18:30:00,153,70,83,No,Entregada
606571,504775,20260829,20260829,20037,30026,40072,16:54:00,20:07:00,193,112,81,No,Entregada
606572,503683,20260323,20260323,20001,30005,40055,12:28:00,13:48:00,80,78,2,Sí,Entregada
606573,503004,20260327,20260327,20001,30021,40065,11:15:00,13:55:00,160,61,99,No,Entregada
606574,508632,20260813,20260813,20018,30017,40090,16:20:00,18:30:00,130,36,94,No,Entregada
606575,508282,20250203,20250203,20048,30027,40001,08:02:00,09:03:00,61,45,16,No,Entregada
606576,508853,20251209,20251209,20041,30011,40001,13:46:00,15:25:00,99,45,54,No,Retrasada
606577,504104,20251015,20251015,20024,30011,40009,08:44:00,09:57:00,73,40,33,No,Entregada
606578,507751,20260311,20260311,20001,30021,40029,07:14:00,10:14:00,180,76,104,No,Entregada
606579,508006,20251211,20251211,20046,30023,40044,11:18:00,13:16:00,118,72,46,No,Entregada
606580,507551,20250220,20250220,20012,30001,40086,13:51:00,16:56:00,185,103,82,No,Entregada
606581,508552,20251105,20251105,20003,30024,40057,17:13:00,18:11:00,58,56,2,Sí,Entregada
606582,508904,20261022,20261022,20037,30006,40001,07:44:00,08:32:00,48,45,3,Sí,Entregada
606583,507586,20250502,20250502,20018,30021,40073,12:30:00,14:51:00,141,83,58,No,Entregada
606584,503630,20251112,20251112,20045,30021,40066,10:12:00,12:09:00,117,81,36,No,Entregada
606585,509241,20250605,20250605,20024,30006,40072,13:40:00,15:40:00,120,112,8,Sí,Entregada
606586,503706,20250418,20250418,20048,30027,40058,08:04:00,11:34:00,210,93,117,No,Entregada
606587,502349,20250901,20250901,20017,30024,40071,15:14:00,16:20:00,66,64,2,Sí,Retrasada
606588,507257,20260211,20260211,20035,30001,40086,13:54:00,16:02:00,128,103,25,No,Retrasada
606589,505846,20261203,20261203,20035,30001,40054,07:29:00,09:16:00,107,82,25,No,Retrasada
606590,502338,20260430,20260430,20045,30010,40076,12:27:00,13:40:00,73,64,9,Sí,Entregada
606591,503361,20250624,20250624,20031,30026,40084,10:36:00,12:56:00,140,33,107,No,Entregada
606592,502829,20261003,20261003,20024,30030,40032,13:38:00,15:36:00,118,55,63,No,Entregada
606593,506786,20260110,20260110,20048,30020,40027,12:29:00,15:34:00,185,81,104,No,Retrasada
606594,502954,20261215,20261215,20048,30009,40042,17:16:00,19:15:00,119,100,19,No,Entregada
606595,501212,20261122,20261122,20031,30006,40095,16:58:00,18:57:00,119,73,46,No,Entregada
606596,503897,20260227,20260227,20001,30003,40054,17:40:00,19:54:00,134,82,52,No,Entregada
606597,501428,20250311,20250311,20028,30017,40021,12:13:00,14:14:00,121,120,1,Sí,Entregada
606598,503301,20250113,20250113,20033,30026,40063,14:41:00,15:51:00,70,52,18,No,Entregada
606599,502782,20260424,20260424,20031,30016,40065,15:05:00,17:17:00,132,61,71,No,Retrasada
606600,500536,20260503,20260503,20026,30010,40060,13:49:00,15:06:00,77,66,11,Sí,Entregada
606601,501176,20250804,20250804,20028,30026,40055,07:28:00,09:12:00,104,78,26,No,Retrasada
606602,501593,20260824,20260824,20018,30005,40013,15:20:00,17:01:00,101,87,14,Sí,Entregada
606603,500612,20250228,20250228,20028,30013,40089,07:59:00,08:56:00,57,57,0,Sí,Entregada
606604,502561,20251006,20251006,20005,30021,40095,10:39:00,13:38:00,179,73,106,No,Entregada
606605,509189,20260422,20260422,20033,30024,40039,17:57:00,20:06:00,129,73,56,No,Entregada
606606,507297,20250801,20250801,20041,30012,40035,16:31:00,19:09:00,158,107,51,No,Entregada
606607,507241,20251002,20251002,20048,30029,40042,08:35:00,10:48:00,133,100,33,No,Retrasada
606608,507030,20251129,20251129,20028,30029,40063,08:28:00,10:52:00,144,52,92,No,Retrasada
606609,501529,20250205,20250205,20022,30017,40044,10:50:00,13:01:00,131,72,59,No,Entregada
606610,508234,20250506,20250506,20018,30015,40034,11:34:00,13:22:00,108,37,71,No,Entregada
606611,503335,20260605,20260605,20047,30006,40044,08:50:00,11:59:00,189,72,117,No,Retrasada
606612,507270,20250122,20250122,20031,30024,40003,11:37:00,14:04:00,147,42,105,No,Entregada
606613,509621,20261213,20261213,20048,30030,40027,13:56:00,16:49:00,173,81,92,No,Retrasada
606614,502481,20250729,20250729,20031,30019,40040,09:07:00,11:00:00,113,76,37,No,Entregada
606615,503959,20250119,20250119,20037,30003,40084,17:18:00,19:39:00,141,33,108,No,Entregada
606616,505107,20250716,20250716,20048,30024,40019,13:33:00,16:10:00,157,91,66,No,Entregada
606617,502715,20250415,20250415,20046,30029,40018,17:54:00,20:44:00,170,80,90,No,Entregada
606618,504684,20260309,20260309,20018,30016,40078,08:50:00,10:24:00,94,84,10,Sí,Entregada
606619,506217,20260724,20260724,20003,30003,40032,11:39:00,14:03:00,144,55,89,No,Entregada
606620,502516,20251126,20251126,20003,30012,40001,10:43:00,12:44:00,121,45,76,No,Entregada
606621,505126,20261119,20261119,20046,30024,40018,09:11:00,12:11:00,180,80,100,No,Retrasada
606622,509800,20251218,20251218,20028,30030,40093,14:36:00,15:27:00,51,39,12,Sí,Entregada
606623,503881,20251223,20251223,20046,30026,40037,08:37:00,10:54:00,137,81,56,No,Retrasada
606624,501587,20250909,20250909,20022,30005,40076,11:52:00,14:55:00,183,64,119,No,Entregada
606625,502765,20250529,20250529,20047,30012,40011,07:00:00,09:05:00,125,78,47,No,Entregada
606626,503447,20261016,20261016,20024,30029,40029,11:09:00,13:24:00,135,76,59,No,Entregada
606627,501261,20260604,20260604,20018,30016,40092,09:28:00,10:02:00,34,23,11,Sí,Entregada
606628,502763,20261229,20261229,20031,30013,40008,07:43:00,08:51:00,68,58,10,Sí,Entregada
606629,505912,20261225,20261225,20017,30030,40073,17:19:00,20:36:00,197,83,114,No,Entregada
606630,506499,20250923,20250923,20037,30023,40078,08:17:00,10:24:00,127,84,43,No,Entregada
606631,507537,20251008,20251008,20033,30005,40015,09:41:00,12:22:00,161,64,97,No,Entregada
606632,508269,20260217,20260217,20017,30030,40006,11:12:00,12:46:00,94,70,24,No,Entregada
606633,504784,20251029,20251029,20048,30020,40076,14:27:00,15:34:00,67,64,3,Sí,Entregada
606634,504569,20261108,20261108,20026,30020,40078,14:53:00,18:12:00,199,84,115,No,Entregada
606635,505959,20250520,20250520,20012,30001,40018,08:48:00,10:23:00,95,80,15,Sí,Entregada
606636,501673,20250504,20250504,20022,30006,40096,07:34:00,09:16:00,102,37,65,No,Entregada
606637,502347,20260904,20260904,20024,30015,40039,11:34:00,14:09:00,155,73,82,No,Entregada
606638,502963,20260731,20260731,20024,30009,40014,11:02:00,12:49:00,107,49,58,No,Entregada
606639,503110,20260311,20260311,20024,30012,40071,15:41:00,16:52:00,71,64,7,Sí,Entregada
606640,502700,20250316,20250316,20026,30026,40005,16:00:00,17:54:00,114,48,66,No,Retrasada
606641,501358,20260329,20260329,20045,30010,40041,08:26:00,10:12:00,106,92,14,Sí,Entregada
606642,507395,20250113,20250113,20031,30027,40003,10:29:00,11:33:00,64,42,22,No,Entregada
606643,509921,20260902,20260902,20032,30021,40032,14:46:00,16:26:00,100,55,45,No,Entregada
606644,505379,20260102,20260102,20031,30023,40069,07:25:00,08:44:00,79,52,27,No,Entregada
606645,503330,20250821,20250821,20046,30006,40076,09:54:00,11:07:00,73,64,9,Sí,Retrasada
606646,500100,20250124,20250124,20041,30024,40060,12:10:00,13:19:00,69,66,3,Sí,Entregada
606647,503691,20260421,20260421,20024,30014,40039,16:38:00,18:56:00,138,73,65,No,Entregada
606648,507741,20260705,20260705,20032,30015,40008,07:54:00,08:58:00,64,58,6,Sí,Entregada
606649,506093,20261029,20261029,20018,30012,40060,16:02:00,18:27:00,145,66,79,No,Retrasada
606650,501669,20260531,20260531,20047,30019,40001,15:50:00,17:48:00,118,45,73,No,Entregada
606651,507494,20260405,20260405,20041,30020,40055,09:26:00,11:11:00,105,78,27,No,Entregada
606652,509979,20260625,20260625,20005,30029,40010,16:58:00,19:53:00,175,75,100,No,Entregada
606653,508724,20261225,20261225,20008,30002,40096,11:28:00,12:24:00,56,37,19,No,Entregada
606654,501115,20250312,20250312,20048,30030,40028,16:14:00,19:25:00,191,115,76,No,Retrasada
606655,504896,20260529,20260529,20017,30019,40049,13:40:00,14:59:00,79,69,10,Sí,Entregada
606656,506905,20250212,20250212,20017,30012,40098,12:05:00,13:29:00,84,31,53,No,Entregada
606657,507500,20250212,20250212,20033,30026,40032,14:46:00,16:08:00,82,55,27,No,Entregada
606658,509558,20250416,20250416,20018,30030,40047,15:53:00,16:33:00,40,37,3,Sí,Entregada
606659,503775,20260607,20260607,20024,30027,40032,08:40:00,11:00:00,140,55,85,No,Retrasada
606660,504302,20260917,20260917,20005,30009,40058,12:52:00,15:03:00,131,93,38,No,Entregada
606661,506841,20250320,20250320,20047,30011,40040,11:55:00,13:54:00,119,76,43,No,Entregada
606662,503252,20251103,20251103,20048,30024,40006,09:09:00,11:55:00,166,70,96,No,Entregada
606663,509789,20250122,20250122,20017,30013,40078,08:13:00,10:04:00,111,84,27,No,Retrasada
606664,503347,20250716,20250716,20033,30021,40006,14:44:00,17:19:00,155,70,85,No,Entregada
606665,506635,20261215,20261215,20016,30001,40087,16:38:00,20:00:00,202,113,89,No,Entregada
606666,504482,20260624,20260624,20017,30011,40071,12:31:00,14:45:00,134,64,70,No,Entregada
606667,500481,20250820,20250820,20024,30016,40034,12:47:00,15:02:00,135,37,98,No,Entregada
606668,502405,20250901,20250901,20003,30010,40038,16:57:00,19:18:00,141,37,104,No,Retrasada
606669,505623,20250910,20250910,20028,30021,40013,15:00:00,18:08:00,188,87,101,No,Entregada
606670,509874,20260112,20260112,20001,30029,40047,08:47:00,10:49:00,122,37,85,No,Entregada
606671,509484,20251107,20251107,20001,30026,40080,17:02:00,17:53:00,51,15,36,No,Entregada
606672,505118,20250424,20250424,20032,30006,40051,12:34:00,14:20:00,106,43,63,No,Entregada
606673,508137,20260902,20260902,20037,30005,40073,14:03:00,16:51:00,168,83,85,No,Entregada
606674,502020,20250401,20250401,20017,30012,40009,13:03:00,15:23:00,140,40,100,No,Entregada
606675,501425,20261227,20261227,20031,30011,40052,15:01:00,16:55:00,114,55,59,No,Entregada
606676,504671,20260908,20260908,20024,30026,40084,08:56:00,10:16:00,80,33,47,No,Entregada
606677,504428,20260922,20260922,20041,30007,40081,16:04:00,19:16:00,192,94,98,No,Retrasada
606678,509720,20260526,20260526,20047,30005,40004,15:28:00,17:11:00,103,60,43,No,Entregada
606679,507600,20260119,20260119,20031,30014,40029,09:44:00,12:31:00,167,76,91,No,Entregada
606680,503766,20250125,20250125,20024,30030,40039,11:51:00,14:55:00,184,73,111,No,Entregada
606681,502513,20260419,20260419,20017,30027,40090,11:45:00,13:41:00,116,36,80,No,Entregada
606682,509913,20260619,20260619,20033,30020,40069,15:43:00,17:50:00,127,52,75,No,Entregada
606683,509178,20250303,20250303,20017,30026,40065,09:00:00,10:51:00,111,61,50,No,Entregada
606684,503010,20250325,20250325,20037,30013,40009,10:07:00,11:35:00,88,40,48,No,Retrasada
606685,509144,20250806,20250806,20042,30002,40035,07:12:00,09:09:00,117,107,10,Sí,Entregada
606686,501701,20260409,20260409,20046,30010,40094,10:19:00,12:13:00,114,24,90,No,Entregada
606687,500412,20250722,20250722,20037,30029,40010,14:35:00,17:03:00,148,75,73,No,Entregada
606688,502040,20250911,20250911,20047,30017,40059,08:10:00,09:36:00,86,23,63,No,Retrasada
606689,504718,20260309,20260309,20041,30005,40066,09:09:00,11:47:00,158,81,77,No,Entregada
606690,509141,20250322,20250322,20048,30005,40087,07:42:00,11:35:00,233,113,120,No,Entregada
606691,502594,20250403,20250403,20048,30009,40037,07:12:00,08:40:00,88,81,7,Sí,Entregada
606692,502800,20250301,20250301,20037,30021,40085,17:22:00,19:27:00,125,41,84,No,Entregada
606693,502106,20250218,20250218,20041,30029,40066,15:54:00,18:46:00,172,81,91,No,Entregada
606694,507599,20250910,20250910,20031,30003,40076,15:46:00,17:35:00,109,64,45,No,Entregada
606695,500334,20260928,20260928,20024,30019,40084,16:32:00,17:06:00,34,33,1,Sí,Entregada
606696,508815,20251208,20251208,20028,30002,40049,14:39:00,17:42:00,183,69,114,No,Entregada
606697,502567,20250726,20250726,20003,30019,40049,15:24:00,17:36:00,132,69,63,No,Entregada
606698,506039,20260117,20260117,20028,30010,40055,12:24:00,14:33:00,129,78,51,No,Entregada
606699,501146,20250404,20250404,20024,30019,40002,09:54:00,11:55:00,121,55,66,No,Entregada
606700,504761,20250524,20250524,20026,30014,40086,15:33:00,18:38:00,185,103,82,No,Retrasada
606701,508061,20260422,20260422,20032,30002,40022,15:21:00,17:54:00,153,110,43,No,Entregada
606702,502552,20260807,20260807,20048,30029,40084,12:33:00,14:26:00,113,33,80,No,Retrasada
606703,505386,20260308,20260308,20028,30023,40076,14:54:00,16:25:00,91,64,27,No,Entregada
606704,502417,20260826,20260826,20045,30026,40001,14:37:00,16:15:00,98,45,53,No,Retrasada
606705,502302,20260509,20260509,20033,30015,40077,13:59:00,15:29:00,90,24,66,No,Retrasada
606706,501986,20260712,20260712,20041,30011,40080,17:31:00,19:27:00,116,15,101,No,Entregada
606707,505608,20250212,20250212,20047,30007,40058,13:48:00,16:23:00,155,93,62,No,Entregada
606708,505998,20250620,20250620,20031,30029,40038,12:03:00,14:05:00,122,37,85,No,Entregada
606709,507847,20250713,20250713,20047,30026,40057,16:18:00,17:52:00,94,56,38,No,Entregada
606710,508763,20260812,20260812,20017,30027,40055,15:52:00,18:43:00,171,78,93,No,Entregada
606711,505892,20260517,20260517,20031,30021,40010,12:47:00,14:31:00,104,75,29,No,Entregada
606712,507909,20250611,20250611,20028,30005,40087,10:54:00,13:17:00,143,113,30,No,Entregada
606713,505355,20251117,20251117,20031,30015,40094,13:44:00,14:29:00,45,24,21,No,Entregada
606714,505861,20251103,20251103,20046,30020,40095,16:48:00,18:01:00,73,73,0,Sí,Entregada
606715,500294,20250408,20250408,20002,30001,40072,16:17:00,19:33:00,196,112,84,No,Retrasada
606716,500927,20250717,20250717,20018,30030,40010,07:46:00,09:09:00,83,75,8,Sí,Entregada
606717,508956,20250709,20250709,20028,30027,40037,14:58:00,17:43:00,165,81,84,No,Entregada
606718,501450,20250607,20250607,20035,30020,40071,16:30:00,19:16:00,166,64,102,No,Entregada
606719,506982,20250624,20250624,20018,30006,40072,12:41:00,15:26:00,165,112,53,No,Retrasada
606720,508147,20260405,20260405,20029,30001,40032,15:22:00,16:28:00,66,55,11,Sí,Entregada
606721,507269,20261029,20261029,20033,30010,40038,09:23:00,10:05:00,42,37,5,Sí,Retrasada
606722,509275,20260626,20260626,20028,30027,40077,11:20:00,13:13:00,113,24,89,No,Entregada
606723,507016,20260330,20260330,20008,30001,40058,10:51:00,13:36:00,165,93,72,No,Entregada
606724,509476,20251114,20251114,20003,30027,40006,14:26:00,15:49:00,83,70,13,Sí,Entregada
606725,503513,20251004,20251004,20046,30005,40032,10:41:00,13:21:00,160,55,105,No,Entregada
606726,501085,20260702,20260702,20001,30020,40090,08:55:00,10:22:00,87,36,51,No,Entregada
606727,505457,20260212,20260212,20001,30026,40069,16:24:00,17:41:00,77,52,25,No,Retrasada
606728,507022,20260903,20260903,20018,30027,40071,16:00:00,18:52:00,172,64,108,No,Entregada
606729,508467,20250423,20250423,20007,30002,40071,13:31:00,14:53:00,82,64,18,No,Retrasada
606730,506374,20260116,20260116,20047,30016,40054,17:28:00,19:12:00,104,82,22,No,Entregada
606731,507699,20260311,20260311,20024,30027,40003,13:58:00,16:25:00,147,42,105,No,Retrasada
606732,503243,20260208,20260208,20048,30007,40001,12:08:00,14:27:00,139,45,94,No,Entregada
606733,507224,20250227,20250227,20003,30027,40080,10:05:00,11:58:00,113,15,98,No,Retrasada
606734,503727,20260417,20260417,20046,30006,40078,15:47:00,17:15:00,88,84,4,Sí,Retrasada
606735,500154,20250813,20250813,20017,30019,40010,09:39:00,11:10:00,91,75,16,No,Entregada
606736,500819,20251125,20251125,20032,30020,40029,10:43:00,13:40:00,177,76,101,No,Retrasada
606737,507516,20250323,20250323,20032,30030,40073,07:19:00,09:33:00,134,83,51,No,Entregada
606738,500004,20251231,20251231,20001,30002,40029,17:31:00,20:38:00,187,76,111,No,Entregada
606739,505304,20260124,20260124,20033,30006,40054,14:47:00,17:14:00,147,82,65,No,Entregada
606740,507377,20260805,20260805,20047,30015,40002,10:29:00,13:14:00,165,55,110,No,Entregada
606741,500600,20251206,20251206,20026,30023,40011,07:57:00,09:15:00,78,78,0,Sí,Entregada
606742,500007,20260524,20260524,20003,30011,40046,10:40:00,12:45:00,125,33,92,No,Entregada
606743,506744,20261201,20261201,20001,30017,40046,10:51:00,12:46:00,115,33,82,No,Entregada
606744,501172,20251003,20251003,20026,30020,40086,13:03:00,14:51:00,108,103,5,Sí,Entregada
606745,503299,20261009,20261009,20017,30027,40065,16:21:00,19:04:00,163,61,102,No,Entregada
606746,505498,20261220,20261220,20003,30020,40022,17:21:00,21:08:00,227,110,117,No,Entregada
606747,501355,20250828,20250828,20028,30020,40077,08:27:00,10:02:00,95,24,71,No,Entregada
606748,503288,20261028,20261028,20035,30006,40066,07:13:00,08:53:00,100,81,19,No,Entregada
606749,500313,20260626,20260626,20048,30019,40041,07:33:00,09:09:00,96,92,4,Sí,Entregada
606750,508773,20250928,20250928,20032,30003,40086,10:18:00,13:20:00,182,103,79,No,Entregada
606751,501475,20260919,20260919,20043,30009,40058,16:42:00,19:34:00,172,93,79,No,Entregada
606752,503657,20250731,20250731,20048,30027,40062,16:49:00,18:31:00,102,76,26,No,Entregada
606753,504748,20250616,20250616,20017,30021,40009,09:51:00,11:48:00,117,40,77,No,Entregada
606754,509133,20250925,20250925,20024,30016,40047,16:04:00,17:13:00,69,37,32,No,Entregada
606755,503039,20251023,20251023,20026,30007,40095,13:59:00,15:55:00,116,73,43,No,Entregada
606756,504468,20260616,20260616,20041,30009,40055,09:39:00,11:03:00,84,78,6,Sí,Entregada
606757,504339,20250605,20250605,20026,30011,40049,14:02:00,17:02:00,180,69,111,No,Retrasada
606758,503257,20260404,20260404,20028,30006,40099,15:55:00,17:59:00,124,32,92,No,Retrasada
606759,507102,20260302,20260302,20032,30017,40041,08:09:00,11:06:00,177,92,85,No,Entregada
606760,502021,20251031,20251031,20003,30006,40019,10:35:00,13:57:00,202,91,111,No,Entregada
606761,509637,20261116,20261116,20026,30019,40029,07:53:00,10:52:00,179,76,103,No,Entregada
606762,502938,20250330,20250330,20024,30020,40094,12:29:00,13:30:00,61,24,37,No,Entregada
606763,503443,20250718,20250718,20024,30020,40099,10:22:00,12:13:00,111,32,79,No,Entregada
606764,509934,20260728,20260728,20003,30027,40094,07:44:00,08:39:00,55,24,31,No,Entregada
606765,501667,20250922,20250922,20041,30013,40086,10:17:00,13:00:00,163,103,60,No,Entregada
606766,504375,20250904,20250904,20003,30021,40039,15:00:00,17:40:00,160,73,87,No,Entregada
606767,504851,20261226,20261226,20041,30007,40080,14:14:00,15:21:00,67,15,52,No,Entregada
606768,507660,20260924,20260924,20031,30001,40019,07:26:00,10:12:00,166,91,75,No,Entregada
606769,509282,20261010,20261010,20032,30014,40073,12:17:00,14:17:00,120,83,37,No,Entregada
606770,502991,20250723,20250723,20033,30015,40069,13:22:00,14:31:00,69,52,17,No,Entregada
606771,502487,20251101,20251101,20001,30005,40094,08:42:00,10:54:00,132,24,108,No,Entregada
606772,504465,20260306,20260306,20017,30007,40071,15:22:00,17:29:00,127,64,63,No,Retrasada
606773,502213,20261118,20261118,20003,30015,40059,13:12:00,14:51:00,99,23,76,No,Entregada
606774,506821,20250605,20250605,20024,30017,40058,11:04:00,14:20:00,196,93,103,No,Entregada
606775,503484,20260529,20260529,20032,30027,40092,09:48:00,10:59:00,71,23,48,No,Retrasada
606776,507119,20260720,20260720,20017,30030,40086,17:52:00,21:30:00,218,103,115,No,Entregada
606777,509296,20251223,20251223,20045,30024,40078,12:55:00,14:52:00,117,84,33,No,Entregada
606778,503139,20260130,20260130,20017,30024,40096,09:04:00,11:14:00,130,37,93,No,Entregada
606779,508490,20261127,20261127,20026,30030,40055,17:11:00,18:53:00,102,78,24,No,Entregada
606780,505089,20260626,20260626,20046,30023,40096,15:36:00,16:30:00,54,37,17,No,Entregada
606781,505966,20250603,20250603,20018,30011,40055,11:13:00,12:49:00,96,78,18,No,Retrasada
606782,507774,20260610,20260610,20003,30030,40062,07:31:00,10:47:00,196,76,120,No,Entregada
606783,501888,20250109,20250109,20028,30015,40046,07:36:00,08:29:00,53,33,20,No,Entregada
606784,505350,20250505,20250505,20003,30027,40059,12:41:00,13:52:00,71,23,48,No,Entregada
606785,508020,20260910,20260910,20026,30015,40040,10:02:00,11:30:00,88,76,12,Sí,Entregada
606786,502725,20250129,20250129,20028,30010,40063,11:24:00,12:32:00,68,52,16,No,Entregada
606787,501486,20250810,20250810,20047,30013,40029,14:41:00,17:24:00,163,76,87,No,Entregada
606788,509021,20260105,20260105,20048,30030,40001,13:31:00,15:01:00,90,45,45,No,Entregada
606789,500302,20261121,20261121,20045,30002,40087,15:50:00,19:41:00,231,113,118,No,Entregada
606790,500084,20250110,20250110,20022,30020,40035,17:05:00,19:54:00,169,107,62,No,Retrasada
606791,502019,20250623,20250623,20003,30012,40027,07:45:00,10:16:00,151,81,70,No,Entregada
606792,507763,20260128,20260128,20003,30019,40072,15:27:00,19:16:00,229,112,117,No,Entregada
606793,504170,20260827,20260827,20035,30017,40081,15:45:00,18:04:00,139,94,45,No,Entregada
606794,504568,20250804,20250804,20035,30015,40078,07:02:00,09:50:00,168,84,84,No,Entregada
606795,507914,20250111,20250111,20046,30006,40080,13:20:00,14:02:00,42,15,27,No,Entregada
606796,505867,20250527,20250527,20032,30001,40006,15:30:00,17:08:00,98,70,28,No,Entregada
606797,500163,20250318,20250318,20005,30005,40003,08:53:00,10:51:00,118,42,76,No,Entregada
606798,507843,20250209,20250209,20024,30027,40096,15:06:00,15:47:00,41,37,4,Sí,Entregada
606799,506755,20260212,20260212,20046,30003,40038,11:09:00,13:00:00,111,37,74,No,Entregada
606800,501647,20250104,20250104,20041,30005,40052,12:14:00,14:07:00,113,55,58,No,Entregada
606801,502489,20250117,20250117,20026,30020,40087,10:53:00,14:36:00,223,113,110,No,Entregada
606802,509022,20260515,20260515,20041,30007,40055,17:06:00,19:10:00,124,78,46,No,Entregada
606803,508946,20260407,20260407,20032,30017,40037,17:52:00,20:47:00,175,81,94,No,Entregada
606804,502617,20260816,20260816,20017,30001,40076,08:52:00,11:13:00,141,64,77,No,Entregada
606805,505806,20260907,20260907,20047,30024,40003,13:01:00,15:31:00,150,42,108,No,Entregada
606806,507251,20251016,20251016,20047,30017,40020,08:36:00,10:47:00,131,43,88,No,Entregada
606807,509430,20260412,20260412,20037,30020,40049,07:15:00,09:25:00,130,69,61,No,Entregada
606808,503928,20260715,20260715,20037,30023,40096,13:15:00,14:35:00,80,37,43,No,Entregada
606809,508674,20260517,20260517,20003,30010,40057,13:29:00,16:06:00,157,56,101,No,Entregada
606810,504238,20261112,20261112,20037,30024,40084,10:36:00,12:56:00,140,33,107,No,Entregada
606811,508918,20260202,20260202,20001,30017,40063,11:19:00,12:25:00,66,52,14,Sí,Retrasada
606812,507397,20251021,20251021,20031,30002,40082,12:19:00,14:28:00,129,74,55,No,Entregada
606813,508193,20260414,20260414,20005,30005,40041,14:57:00,17:36:00,159,92,67,No,Entregada
606814,503556,20260409,20260409,20028,30027,40037,14:54:00,16:48:00,114,81,33,No,Entregada
606815,501171,20260917,20260917,20047,30014,40092,16:27:00,18:24:00,117,23,94,No,Entregada
606816,502074,20250928,20250928,20022,30026,40060,10:50:00,12:27:00,97,66,31,No,Entregada
606817,506473,20250614,20250614,20041,30015,40003,15:40:00,18:17:00,157,42,115,No,Entregada
606818,506478,20260525,20260525,20048,30029,40042,10:19:00,13:01:00,162,100,62,No,Entregada
606819,506300,20260127,20260127,20031,30027,40071,16:58:00,19:19:00,141,64,77,No,Entregada
606820,506860,20251124,20251124,20028,30016,40049,12:10:00,13:39:00,89,69,20,No,Entregada
606821,505855,20260403,20260403,20031,30029,40087,17:52:00,21:00:00,188,113,75,No,Entregada
606822,508580,20251218,20251218,20001,30026,40060,16:55:00,18:04:00,69,66,3,Sí,Entregada
606823,500467,20260627,20260627,20026,30007,40092,13:10:00,14:22:00,72,23,49,No,Entregada
606824,504175,20260314,20260314,20037,30026,40037,08:17:00,10:25:00,128,81,47,No,Entregada
606825,502687,20250822,20250822,20031,30019,40073,11:44:00,13:36:00,112,83,29,No,Entregada
606826,505244,20250728,20250728,20035,30013,40058,09:19:00,10:59:00,100,93,7,Sí,Retrasada
606827,505793,20251201,20251201,20001,30017,40035,11:41:00,14:08:00,147,107,40,No,Retrasada
606828,500669,20251213,20251213,20045,30010,40094,11:17:00,12:30:00,73,24,49,No,Entregada
606829,506095,20260318,20260318,20026,30016,40041,12:59:00,15:25:00,146,92,54,No,Entregada
606830,500072,20260201,20260201,20029,30001,40008,11:29:00,13:22:00,113,58,55,No,Entregada
606831,500811,20250314,20250314,20022,30015,40060,17:39:00,18:50:00,71,66,5,Sí,Retrasada
606832,500386,20260828,20260828,20041,30006,40028,08:34:00,12:12:00,218,115,103,No,Entregada
606833,503517,20260919,20260919,20001,30005,40077,16:32:00,18:16:00,104,24,80,No,Entregada
606834,507326,20260219,20260219,20032,30017,40011,11:00:00,13:53:00,173,78,95,No,Retrasada
606835,501623,20251126,20251126,20045,30024,40089,09:26:00,10:35:00,69,57,12,Sí,Entregada
606836,509349,20260930,20260930,20031,30007,40098,17:00:00,18:14:00,74,31,43,No,Retrasada
606837,505968,20260412,20260412,20031,30026,40073,11:52:00,14:49:00,177,83,94,No,Entregada
606838,502588,20251110,20251110,20028,30019,40071,11:31:00,12:59:00,88,64,24,No,Retrasada
606839,506790,20250624,20250624,20047,30027,40084,09:45:00,12:18:00,153,33,120,No,Entregada
606840,506503,20260314,20260314,20024,30015,40073,08:26:00,10:31:00,125,83,42,No,Entregada
606841,505627,20250921,20250921,20048,30026,40006,17:45:00,19:08:00,83,70,13,Sí,Entregada
606842,504629,20251129,20251129,20032,30027,40073,17:37:00,20:28:00,171,83,88,No,Entregada
606843,505269,20250625,20250625,20032,30016,40057,15:10:00,17:05:00,115,56,59,No,Entregada
606844,503667,20260428,20260428,20022,30013,40028,09:20:00,11:26:00,126,115,11,Sí,Entregada
606845,505345,20260528,20260528,20026,30021,40027,08:42:00,11:42:00,180,81,99,No,Entregada
606846,508177,20261001,20261001,20024,30024,40020,16:34:00,18:54:00,140,43,97,No,Entregada
606847,506540,20251122,20251122,20005,30006,40049,12:05:00,13:51:00,106,69,37,No,Retrasada
606848,502889,20260419,20260419,20031,30017,40037,07:39:00,09:51:00,132,81,51,No,Entregada
606849,502852,20261223,20261223,20035,30003,40042,15:39:00,17:26:00,107,100,7,Sí,Retrasada
606850,506616,20260829,20260829,20048,30014,40099,16:05:00,18:20:00,135,32,103,No,Entregada
606851,508885,20250719,20250719,20047,30023,40004,14:42:00,17:29:00,167,60,107,No,Retrasada
606852,502900,20250223,20250223,20041,30011,40051,15:02:00,17:24:00,142,43,99,No,Entregada
606853,507476,20250925,20250925,20024,30011,40021,07:21:00,10:06:00,165,120,45,No,Entregada
606854,502204,20260728,20260728,20022,30010,40094,07:39:00,09:29:00,110,24,86,No,Entregada
606855,506563,20250305,20250305,20028,30027,40044,14:18:00,16:14:00,116,72,44,No,Entregada
606856,502479,20250903,20250903,20024,30015,40058,16:57:00,19:20:00,143,93,50,No,Entregada
606857,508684,20250217,20250217,20026,30019,40027,12:50:00,14:15:00,85,81,4,Sí,Entregada
606858,503968,20260201,20260201,20048,30020,40098,15:59:00,16:42:00,43,31,12,Sí,Entregada
606859,503032,20260917,20260917,20024,30006,40071,14:43:00,17:10:00,147,64,83,No,Entregada
606860,500667,20250421,20250421,20048,30010,40032,12:42:00,14:38:00,116,55,61,No,Entregada
606861,508025,20260323,20260323,20048,30023,40066,11:22:00,13:06:00,104,81,23,No,Entregada
606862,508555,20260804,20260804,20026,30027,40003,11:52:00,13:11:00,79,42,37,No,Entregada
606863,506977,20251217,20251217,20024,30019,40018,10:45:00,13:12:00,147,80,67,No,Retrasada
606864,508417,20260125,20260125,20026,30011,40086,16:57:00,19:21:00,144,103,41,No,Entregada
606865,504961,20251221,20251221,20041,30027,40078,14:27:00,15:55:00,88,84,4,Sí,Entregada
606866,509302,20261121,20261121,20035,30020,40094,15:21:00,16:34:00,73,24,49,No,Entregada
606867,505946,20260212,20260212,20026,30007,40058,13:18:00,15:05:00,107,93,14,Sí,Entregada
606868,507051,20250611,20250611,20008,30001,40063,17:18:00,19:22:00,124,52,72,No,Retrasada
606869,508811,20250116,20250116,20026,30007,40028,13:48:00,16:35:00,167,115,52,No,Entregada
606870,503975,20260608,20260608,20046,30005,40077,09:04:00,10:56:00,112,24,88,No,Retrasada
606871,508542,20260618,20260618,20049,30009,40098,09:16:00,11:39:00,143,31,112,No,Entregada
606872,505286,20261029,20261029,20037,30013,40038,15:15:00,17:50:00,155,37,118,No,Entregada
606873,502480,20260925,20260925,20042,30001,40095,09:29:00,11:19:00,110,73,37,No,Retrasada
606874,500859,20250919,20250919,20003,30003,40052,12:42:00,15:23:00,161,55,106,No,Entregada
606875,505327,20261023,20261023,20041,30021,40089,16:39:00,18:24:00,105,57,48,No,Retrasada
606876,500850,20260812,20260812,20048,30014,40005,12:20:00,14:40:00,140,48,92,No,Entregada
606877,508662,20261229,20261229,20045,30023,40022,15:51:00,18:34:00,163,110,53,No,Retrasada
606878,502375,20251001,20251001,20018,30009,40044,15:08:00,16:52:00,104,72,32,No,Entregada
606879,504151,20251101,20251101,20022,30017,40072,17:11:00,20:50:00,219,112,107,No,Entregada
606880,500360,20250917,20250917,20032,30002,40027,08:16:00,11:02:00,166,81,85,No,Entregada
606881,502163,20260122,20260122,20031,30029,40042,13:31:00,15:17:00,106,100,6,Sí,Entregada
606882,503751,20250514,20250514,20028,30019,40054,09:52:00,11:41:00,109,82,27,No,Entregada
606883,505654,20250523,20250523,20001,30005,40080,10:20:00,12:21:00,121,15,106,No,Entregada
606884,501144,20251224,20251224,20037,30006,40069,13:15:00,15:35:00,140,52,88,No,Entregada
606885,507592,20260501,20260501,20035,30029,40060,16:45:00,19:10:00,145,66,79,No,Retrasada
606886,509690,20250801,20250801,20017,30020,40020,07:11:00,08:04:00,53,43,10,Sí,Entregada
606887,507666,20260325,20260325,20048,30021,40001,16:49:00,19:08:00,139,45,94,No,Entregada
606888,508748,20260424,20260424,20028,30001,40032,17:07:00,18:52:00,105,55,50,No,Entregada
606889,500973,20260416,20260416,20018,30027,40003,13:12:00,14:43:00,91,42,49,No,Retrasada
606890,507877,20260710,20260710,20032,30024,40027,16:35:00,18:12:00,97,81,16,No,Entregada
606891,502401,20261030,20261030,20047,30007,40009,12:18:00,13:01:00,43,40,3,Sí,Entregada
606892,505138,20251209,20251209,20018,30011,40046,17:20:00,19:08:00,108,33,75,No,Retrasada
606893,504864,20261110,20261110,20041,30015,40004,09:47:00,11:03:00,76,60,16,No,Entregada
606894,505263,20250518,20250518,20018,30006,40003,09:59:00,10:53:00,54,42,12,Sí,Entregada
606895,504857,20260412,20260412,20046,30021,40084,14:59:00,16:29:00,90,33,57,No,Retrasada
606896,507893,20260714,20260714,20012,30002,40058,16:50:00,18:59:00,129,93,36,No,Entregada
606897,505469,20260120,20260120,20048,30013,40069,08:00:00,10:07:00,127,52,75,No,Retrasada
606898,507033,20261201,20261201,20032,30030,40028,09:00:00,12:47:00,227,115,112,No,Entregada
606899,507801,20250601,20250601,20041,30014,40044,16:05:00,18:35:00,150,72,78,No,Entregada
606900,503293,20250608,20250608,20028,30007,40081,07:16:00,09:59:00,163,94,69,No,Entregada
606901,505294,20250129,20250129,20045,30029,40041,15:16:00,18:39:00,203,92,111,No,Entregada
606902,503851,20260206,20260206,20035,30021,40003,15:51:00,18:33:00,162,42,120,No,Entregada
606903,507521,20260224,20260224,20026,30026,40065,12:14:00,14:27:00,133,61,72,No,Entregada
606904,504547,20251002,20251002,20003,30020,40089,09:40:00,11:45:00,125,57,68,No,Entregada
606905,503601,20250315,20250315,20028,30021,40022,09:24:00,12:55:00,211,110,101,No,Entregada
606906,506885,20250813,20250813,20047,30015,40073,16:54:00,19:13:00,139,83,56,No,Entregada
606907,504406,20260401,20260401,20041,30001,40059,13:24:00,15:23:00,119,23,96,No,Entregada
606908,507969,20260419,20260419,20046,30029,40047,14:33:00,15:22:00,49,37,12,Sí,Entregada
606909,500179,20250404,20250404,20017,30010,40027,15:37:00,17:56:00,139,81,58,No,Entregada
606910,506188,20250914,20250914,20005,30015,40028,12:49:00,16:20:00,211,115,96,No,Entregada
606911,502750,20260902,20260902,20041,30003,40089,15:02:00,17:48:00,166,57,109,No,Entregada
606912,502691,20261205,20261205,20001,30024,40052,17:49:00,19:06:00,77,55,22,No,Entregada
606913,504043,20260116,20260116,20032,30012,40078,13:42:00,15:56:00,134,84,50,No,Entregada
606914,506141,20260409,20260409,20028,30016,40004,14:55:00,16:45:00,110,60,50,No,Entregada
606915,505873,20261213,20261213,20032,30024,40077,08:07:00,09:57:00,110,24,86,No,Entregada
606916,506466,20260807,20260807,20028,30001,40028,07:41:00,10:59:00,198,115,83,No,Entregada
606917,508714,20250504,20250504,20005,30024,40006,07:56:00,10:36:00,160,70,90,No,Retrasada
606918,505424,20261119,20261119,20017,30030,40039,10:15:00,13:05:00,170,73,97,No,Entregada
606919,505523,20251130,20251130,20035,30006,40041,08:01:00,11:32:00,211,92,119,No,Entregada
606920,501688,20250124,20250124,20001,30013,40011,08:51:00,10:15:00,84,78,6,Sí,Entregada
606921,502538,20260115,20260115,20024,30011,40072,09:57:00,12:59:00,182,112,70,No,Entregada
606922,505759,20250725,20250725,20041,30005,40049,07:25:00,09:25:00,120,69,51,No,Entregada
606923,503151,20250305,20250305,20017,30002,40028,15:50:00,18:10:00,140,115,25,No,Entregada
606924,501721,20250304,20250304,20031,30019,40057,12:16:00,13:20:00,64,56,8,Sí,Entregada
606925,507858,20251116,20251116,20018,30020,40092,08:45:00,09:27:00,42,23,19,No,Entregada
606926,501686,20261031,20261031,20031,30029,40054,14:43:00,17:53:00,190,82,108,No,Entregada
606927,508664,20250404,20250404,20046,30006,40073,08:20:00,11:40:00,200,83,117,No,Entregada
606928,509847,20250410,20250410,20045,30013,40051,13:35:00,14:39:00,64,43,21,No,Entregada
606929,502714,20250918,20250918,20047,30011,40092,11:23:00,11:55:00,32,23,9,Sí,Retrasada
606930,505743,20250910,20250910,20047,30011,40014,11:33:00,12:42:00,69,49,20,No,Entregada
606931,502683,20250122,20250122,20041,30015,40054,09:51:00,12:18:00,147,82,65,No,Entregada
606932,505915,20250926,20250926,20017,30027,40027,07:25:00,08:54:00,89,81,8,Sí,Entregada
606933,505061,20250809,20250809,20046,30023,40027,14:55:00,17:40:00,165,81,84,No,Entregada
606934,501591,20260104,20260104,20005,30013,40034,07:25:00,09:41:00,136,37,99,No,Entregada
606935,504164,20251119,20251119,20005,30020,40081,11:23:00,13:30:00,127,94,33,No,Entregada
606936,504275,20250912,20250912,20033,30015,40095,16:25:00,17:47:00,82,73,9,Sí,Entregada
606937,503579,20250610,20250610,20001,30002,40041,09:47:00,12:36:00,169,92,77,No,Entregada
606938,505967,20250724,20250724,20028,30012,40013,17:54:00,21:19:00,205,87,118,No,Entregada
606939,508246,20260914,20260914,20016,30002,40037,13:46:00,16:27:00,161,81,80,No,Entregada
606940,502327,20260824,20260824,20032,30019,40077,07:45:00,09:10:00,85,24,61,No,Retrasada
606941,506146,20250910,20250910,20005,30005,40081,17:10:00,20:10:00,180,94,86,No,Entregada
606942,503859,20261128,20261128,20031,30020,40086,07:52:00,10:13:00,141,103,38,No,Entregada
606943,500496,20260928,20260928,20028,30024,40080,14:55:00,16:37:00,102,15,87,No,Entregada
606944,500306,20250605,20250605,20047,30016,40096,07:15:00,09:11:00,116,37,79,No,Entregada
606945,501374,20260520,20260520,20024,30020,40028,15:06:00,18:44:00,218,115,103,No,Entregada
606946,502501,20250611,20250611,20048,30005,40039,15:21:00,17:43:00,142,73,69,No,Retrasada
606947,505545,20261120,20261120,20033,30029,40042,17:19:00,19:11:00,112,100,12,Sí,Entregada
606948,505039,20261023,20261023,20048,30003,40011,14:26:00,16:30:00,124,78,46,No,Entregada
606949,500984,20250715,20250715,20048,30026,40019,10:28:00,12:32:00,124,91,33,No,Entregada
606950,502732,20250524,20250524,20032,30023,40098,13:52:00,15:53:00,121,31,90,No,Entregada
606951,505746,20250807,20250807,20024,30003,40099,14:06:00,15:14:00,68,32,36,No,Retrasada
606952,500861,20250330,20250330,20037,30001,40049,13:10:00,15:44:00,154,69,85,No,Entregada
606953,500322,20260307,20260307,20033,30010,40041,11:49:00,14:24:00,155,92,63,No,Entregada
606954,507925,20261120,20261120,20047,30017,40009,11:27:00,12:54:00,87,40,47,No,Entregada
606955,501988,20250119,20250119,20045,30024,40090,11:14:00,12:12:00,58,36,22,No,Entregada
606956,507855,20261013,20261013,20028,30016,40035,13:16:00,16:39:00,203,107,96,No,Entregada
606957,504336,20260624,20260624,20018,30016,40095,12:57:00,14:22:00,85,73,12,Sí,Entregada
606958,502626,20260820,20260820,20048,30027,40015,13:09:00,15:48:00,159,64,95,No,Entregada
606959,502292,20260302,20260302,20022,30021,40072,12:02:00,15:32:00,210,112,98,No,Entregada
606960,509237,20250730,20250730,20018,30013,40046,13:28:00,14:58:00,90,33,57,No,Entregada
606961,509557,20260413,20260413,20003,30016,40011,08:57:00,12:15:00,198,78,120,No,Entregada
606962,505761,20250201,20250201,20031,30016,40098,14:23:00,14:58:00,35,31,4,Sí,Entregada
606963,507028,20250206,20250206,20018,30007,40095,15:52:00,18:40:00,168,73,95,No,Entregada
606964,500917,20260208,20260208,20028,30014,40038,17:39:00,18:39:00,60,37,23,No,Entregada
606965,508908,20261229,20261229,20047,30013,40037,11:36:00,13:14:00,98,81,17,No,Retrasada
606966,509317,20260503,20260503,20017,30014,40021,13:33:00,16:26:00,173,120,53,No,Entregada
606967,502579,20250813,20250813,20033,30020,40055,12:59:00,14:40:00,101,78,23,No,Entregada
606968,507552,20260404,20260404,20047,30027,40089,14:48:00,17:35:00,167,57,110,No,Entregada
606969,508310,20250820,20250820,20033,30006,40020,17:27:00,19:38:00,131,43,88,No,Entregada
606970,506646,20250218,20250218,20026,30011,40080,07:56:00,09:10:00,74,15,59,No,Entregada
606971,505312,20250604,20250604,20003,30006,40060,09:29:00,10:57:00,88,66,22,No,Retrasada
606972,506078,20260107,20260107,20037,30013,40085,09:41:00,11:29:00,108,41,67,No,Entregada
606973,503464,20250810,20250810,20046,30023,40034,16:41:00,19:17:00,156,37,119,No,Entregada
606974,509028,20261118,20261118,20028,30024,40080,12:50:00,13:32:00,42,15,27,No,Entregada
606975,501847,20260123,20260123,20018,30003,40027,09:46:00,12:45:00,179,81,98,No,Entregada
606976,508699,20261022,20261022,20048,30014,40052,15:33:00,17:09:00,96,55,41,No,Entregada
606977,507542,20260102,20260102,20028,30026,40076,13:40:00,15:07:00,87,64,23,No,Entregada
606978,502101,20261109,20261109,20047,30010,40055,16:36:00,19:42:00,186,78,108,No,Entregada
606979,503505,20260803,20260803,20003,30021,40020,16:40:00,18:32:00,112,43,69,No,Entregada
606980,502519,20260130,20260130,20028,30007,40002,17:20:00,20:15:00,175,55,120,No,Entregada
606981,505796,20250215,20250215,20033,30020,40032,11:06:00,13:00:00,114,55,59,No,Retrasada
606982,505847,20260704,20260704,20003,30024,40015,08:32:00,10:25:00,113,64,49,No,Entregada
606983,509276,20250802,20250802,20046,30006,40076,17:14:00,18:29:00,75,64,11,Sí,Entregada
606984,500517,20260925,20260925,20033,30015,40020,17:23:00,18:52:00,89,43,46,No,Entregada
606985,500491,20250403,20250403,20024,30027,40055,08:01:00,10:23:00,142,78,64,No,Entregada
606986,508965,20250509,20250509,20035,30026,40018,13:42:00,15:45:00,123,80,43,No,Entregada
606987,502717,20260827,20260827,20047,30013,40092,17:47:00,19:08:00,81,23,58,No,Entregada
606988,502058,20250912,20250912,20041,30003,40041,17:19:00,19:45:00,146,92,54,No,Retrasada
606989,510000,20250430,20250430,20048,30030,40003,11:12:00,12:40:00,88,42,46,No,Entregada
606990,507046,20250204,20250204,20024,30011,40069,14:57:00,17:22:00,145,52,93,No,Entregada
606991,506038,20260207,20260207,20047,30012,40010,09:39:00,12:46:00,187,75,112,No,Entregada
606992,508990,20250429,20250429,20024,30009,40038,09:45:00,11:26:00,101,37,64,No,Entregada
606993,508767,20250718,20250718,20022,30010,40029,11:26:00,13:58:00,152,76,76,No,Entregada
606994,504992,20251224,20251224,20024,30023,40049,13:07:00,14:25:00,78,69,9,Sí,Entregada
606995,506736,20251223,20251223,20026,30023,40096,16:26:00,18:01:00,95,37,58,No,Entregada
606996,505288,20250720,20250720,20037,30010,40058,07:16:00,09:08:00,112,93,19,No,Entregada
606997,506255,20261227,20261227,20024,30027,40062,09:12:00,11:35:00,143,76,67,No,Entregada
606998,507429,20260723,20260723,20003,30030,40009,14:09:00,15:48:00,99,40,59,No,Entregada
606999,509049,20261111,20261111,20028,30030,40037,17:49:00,20:01:00,132,81,51,No,Retrasada
607000,506764,20261009,20261009,20047,30017,40055,13:51:00,15:54:00,123,78,45,No,Entregada
607001,500293,20260419,20260419,20028,30029,40076,09:33:00,12:13:00,160,64,96,No,Entregada
607002,502768,20250401,20250401,20016,30001,40034,11:01:00,12:32:00,91,37,54,No,Retrasada
607003,503991,20260825,20260825,20047,30027,40007,11:44:00,13:21:00,97,50,47,No,Retrasada
607004,505671,20250215,20250215,20026,30019,40020,13:41:00,14:50:00,69,43,26,No,Entregada
607005,502293,20261008,20261008,20041,30015,40028,07:59:00,11:37:00,218,115,103,No,Entregada
607006,509173,20250605,20250605,20024,30030,40019,16:40:00,19:24:00,164,91,73,No,Entregada
607007,506475,20250621,20250621,20018,30010,40003,13:09:00,15:04:00,115,42,73,No,Entregada
607008,506291,20251222,20251222,20031,30010,40082,09:31:00,11:05:00,94,74,20,No,Entregada
607009,501018,20261211,20261211,20024,30030,40038,17:06:00,19:24:00,138,37,101,No,Entregada
607010,503658,20250307,20250307,20005,30026,40047,10:48:00,12:26:00,98,37,61,No,Retrasada
607011,500012,20260515,20260515,20041,30016,40020,10:55:00,11:39:00,44,43,1,Sí,Entregada
607012,508302,20250624,20250624,20032,30029,40044,16:13:00,17:58:00,105,72,33,No,Entregada
607013,502446,20250911,20250911,20041,30012,40020,12:52:00,13:54:00,62,43,19,No,Entregada
607014,502317,20261108,20261108,20003,30003,40021,09:52:00,12:59:00,187,120,67,No,Entregada
607015,506067,20260601,20260601,20041,30015,40095,17:36:00,20:36:00,180,73,107,No,Entregada
607016,500328,20260330,20260330,20007,30001,40028,16:18:00,18:54:00,156,115,41,No,Entregada
607017,507210,20251027,20251027,20045,30005,40032,10:36:00,11:35:00,59,55,4,Sí,Entregada
607018,505691,20250515,20250515,20033,30010,40019,09:03:00,11:22:00,139,91,48,No,Retrasada
607019,509002,20250719,20250719,20018,30012,40034,09:41:00,10:54:00,73,37,36,No,Entregada
607020,501996,20250320,20250320,20005,30006,40086,14:33:00,17:28:00,175,103,72,No,Entregada
607021,503763,20260703,20260703,20032,30010,40020,14:41:00,15:41:00,60,43,17,No,Entregada
607022,501179,20250612,20250612,20024,30017,40019,10:25:00,12:14:00,109,91,18,No,Entregada
607023,509616,20260114,20260114,20026,30001,40046,11:32:00,12:44:00,72,33,39,No,Entregada
607024,509768,20260815,20260815,20003,30012,40027,08:32:00,10:52:00,140,81,59,No,Entregada
607025,503184,20260414,20260414,20045,30023,40082,14:44:00,16:39:00,115,74,41,No,Entregada
607026,507719,20260316,20260316,20022,30029,40096,12:27:00,14:50:00,143,37,106,No,Entregada
607027,506354,20251015,20251015,20048,30024,40062,13:04:00,15:24:00,140,76,64,No,Retrasada
607028,506717,20260602,20260602,20003,30009,40065,15:03:00,16:56:00,113,61,52,No,Retrasada
607029,508376,20250319,20250319,20031,30023,40084,07:23:00,08:02:00,39,33,6,Sí,Entregada
607030,507603,20260520,20260520,20005,30005,40090,08:01:00,09:04:00,63,36,27,No,Entregada
607031,504803,20250915,20250915,20005,30026,40086,11:32:00,15:01:00,209,103,106,No,Entregada
607032,506113,20260319,20260319,20026,30012,40062,07:19:00,10:15:00,176,76,100,No,Entregada
607033,505261,20250410,20250410,20018,30015,40055,14:00:00,15:20:00,80,78,2,Sí,Entregada
607034,506279,20261014,20261014,20033,30029,40002,12:06:00,14:30:00,144,55,89,No,Entregada
607035,503531,20251126,20251126,20045,30010,40057,09:15:00,10:58:00,103,56,47,No,Entregada
607036,500684,20251112,20251112,20017,30026,40054,15:34:00,17:08:00,94,82,12,Sí,Retrasada
607037,503492,20260926,20260926,20028,30029,40086,16:44:00,19:31:00,167,103,64,No,Entregada
607038,508981,20251012,20251012,20003,30005,40060,08:57:00,10:33:00,96,66,30,No,Entregada
607039,509124,20251216,20251216,20037,30015,40072,10:28:00,12:45:00,137,112,25,No,Retrasada
607040,508591,20250402,20250402,20045,30009,40021,07:33:00,10:28:00,175,120,55,No,Retrasada
607041,506904,20250118,20250118,20047,30011,40059,12:17:00,12:48:00,31,23,8,Sí,Entregada
607042,501455,20261201,20261201,20028,30030,40042,17:26:00,21:05:00,219,100,119,No,Entregada
607043,506481,20260523,20260523,20035,30023,40006,16:40:00,18:02:00,82,70,12,Sí,Entregada
607044,505670,20251105,20251105,20037,30017,40095,08:28:00,10:21:00,113,73,40,No,Retrasada
607045,500851,20261106,20261106,20031,30014,40086,15:41:00,18:10:00,149,103,46,No,Retrasada
607046,503837,20260126,20260126,20045,30010,40037,13:16:00,15:04:00,108,81,27,No,Retrasada
607047,500458,20250824,20250824,20018,30012,40080,11:07:00,11:27:00,20,15,5,Sí,Entregada
607048,506400,20251005,20251005,20033,30026,40034,12:17:00,13:05:00,48,37,11,Sí,Entregada
607049,503600,20260514,20260514,20022,30003,40032,09:55:00,11:41:00,106,55,51,No,Entregada
607050,503536,20250601,20250601,20045,30003,40003,16:45:00,18:33:00,108,42,66,No,Entregada
607051,501716,20260701,20260701,20045,30015,40089,09:22:00,11:53:00,151,57,94,No,Retrasada
607052,506485,20260905,20260905,20032,30001,40049,13:37:00,15:56:00,139,69,70,No,Entregada
607053,500605,20251115,20251115,20018,30003,40044,17:23:00,20:34:00,191,72,119,No,Entregada
607054,503436,20251228,20251228,20003,30026,40057,17:42:00,19:55:00,133,56,77,No,Entregada
607055,504220,20260602,20260602,20046,30026,40059,15:20:00,17:35:00,135,23,112,No,Entregada
607056,504619,20261225,20261225,20003,30021,40077,13:09:00,15:22:00,133,24,109,No,Retrasada
607057,501765,20261002,20261002,20033,30013,40044,13:21:00,15:39:00,138,72,66,No,Entregada
607058,504552,20261019,20261019,20028,30027,40069,14:39:00,16:56:00,137,52,85,No,Entregada
607059,508957,20250118,20250118,20037,30021,40019,12:24:00,14:48:00,144,91,53,No,Retrasada
607060,506644,20251220,20251220,20031,30016,40082,15:08:00,16:31:00,83,74,9,Sí,Entregada
607061,507128,20250607,20250607,20005,30013,40059,13:36:00,14:31:00,55,23,32,No,Retrasada
607062,504277,20260416,20260416,20041,30024,40047,11:47:00,14:02:00,135,37,98,No,Entregada
607063,501597,20260131,20260131,20048,30012,40082,17:23:00,19:51:00,148,74,74,No,Entregada
607064,507794,20250401,20250401,20046,30017,40073,15:55:00,18:59:00,184,83,101,No,Entregada
607065,504461,20261028,20261028,20045,30010,40073,09:47:00,11:44:00,117,83,34,No,Entregada
607066,507135,20250224,20250224,20047,30027,40047,17:20:00,18:50:00,90,37,53,No,Entregada
607067,507284,20260906,20260906,20046,30009,40010,15:09:00,17:07:00,118,75,43,No,Entregada
607068,501589,20260206,20260206,20047,30016,40099,10:15:00,12:25:00,130,32,98,No,Entregada
607069,507308,20250527,20250527,20033,30020,40090,17:58:00,19:06:00,68,36,32,No,Entregada
607070,506751,20251216,20251216,20005,30009,40008,07:10:00,08:50:00,100,58,42,No,Entregada
607071,509602,20260505,20260505,20018,30016,40051,11:15:00,13:07:00,112,43,69,No,Entregada
607072,505467,20261107,20261107,20018,30019,40078,13:48:00,15:23:00,95,84,11,Sí,Entregada
607073,504171,20250302,20250302,20022,30006,40072,11:18:00,14:55:00,217,112,105,No,Entregada
607074,503734,20250402,20250402,20003,30024,40014,08:23:00,09:14:00,51,49,2,Sí,Entregada
607075,505309,20250301,20250301,20043,30009,40014,09:55:00,11:11:00,76,49,27,No,Entregada
607076,506650,20261107,20261107,20035,30021,40001,14:51:00,16:42:00,111,45,66,No,Entregada
607077,506210,20261022,20261022,20033,30029,40066,14:03:00,17:10:00,187,81,106,No,Entregada
607078,502331,20251130,20251130,20005,30002,40065,13:19:00,14:25:00,66,61,5,Sí,Entregada
607079,507953,20250705,20250705,20041,30010,40041,11:36:00,13:34:00,118,92,26,No,Retrasada
607080,508587,20260812,20260812,20041,30014,40076,07:12:00,10:03:00,171,64,107,No,Entregada
607081,509338,20260927,20260927,20017,30005,40076,07:34:00,10:03:00,149,64,85,No,Entregada
607082,509727,20261009,20261009,20005,30005,40065,10:33:00,12:20:00,107,61,46,No,Entregada
607083,502658,20250713,20250713,20035,30015,40089,13:44:00,15:08:00,84,57,27,No,Entregada
607084,500174,20250209,20250209,20035,30003,40084,17:57:00,20:19:00,142,33,109,No,Entregada
607085,506612,20250824,20250824,20037,30029,40084,17:36:00,18:39:00,63,33,30,No,Entregada
607086,506359,20251022,20251022,20031,30014,40047,16:08:00,18:34:00,146,37,109,No,Entregada
607087,501184,20260410,20260410,20035,30020,40021,15:45:00,18:05:00,140,120,20,No,Entregada
607088,501054,20260922,20260922,20026,30020,40009,12:46:00,14:54:00,128,40,88,No,Entregada
607089,509074,20250813,20250813,20047,30027,40042,17:35:00,20:58:00,203,100,103,No,Entregada
607090,501935,20260302,20260302,20003,30027,40087,14:58:00,17:13:00,135,113,22,No,Entregada
607091,501542,20250415,20250415,20018,30009,40028,17:35:00,21:20:00,225,115,110,No,Entregada
607092,500644,20260717,20260717,20041,30023,40060,14:10:00,15:44:00,94,66,28,No,Retrasada
607093,505452,20260314,20260314,20024,30030,40034,08:54:00,10:00:00,66,37,29,No,Retrasada
607094,508175,20250928,20250928,20018,30011,40063,10:31:00,12:52:00,141,52,89,No,Entregada
607095,502515,20251225,20251225,20024,30029,40077,16:54:00,17:55:00,61,24,37,No,Entregada
607096,508229,20250605,20250605,20003,30024,40002,12:59:00,14:20:00,81,55,26,No,Entregada
607097,503904,20260101,20260101,20048,30007,40035,13:11:00,16:39:00,208,107,101,No,Entregada
607098,502469,20260517,20260517,20047,30002,40093,07:14:00,09:19:00,125,39,86,No,Entregada
607099,501750,20250331,20250331,20003,30030,40082,11:18:00,13:30:00,132,74,58,No,Retrasada
607100,501139,20251124,20251124,20024,30019,40001,14:42:00,15:36:00,54,45,9,Sí,Entregada
607101,506227,20250122,20250122,20028,30012,40059,09:07:00,11:29:00,142,23,119,No,Retrasada
607102,500582,20250524,20250524,20018,30021,40059,15:42:00,17:27:00,105,23,82,No,Entregada
607103,508339,20260408,20260408,20043,30001,40090,17:44:00,19:07:00,83,36,47,No,Entregada
607104,507286,20261122,20261122,20037,30020,40084,12:19:00,14:00:00,101,33,68,No,Entregada
607105,509246,20250206,20250206,20024,30002,40057,07:49:00,08:58:00,69,56,13,Sí,Entregada
607106,504714,20250429,20250429,20024,30010,40019,16:43:00,18:39:00,116,91,25,No,Entregada
607107,509211,20260125,20260125,20007,30002,40085,13:30:00,15:19:00,109,41,68,No,Entregada
607108,506132,20260822,20260822,20041,30021,40001,14:18:00,15:18:00,60,45,15,Sí,Entregada
607109,505997,20250301,20250301,20045,30024,40066,16:27:00,19:05:00,158,81,77,No,Entregada
607110,505431,20250108,20250108,20046,30013,40040,09:11:00,12:11:00,180,76,104,No,Entregada
607111,504474,20250528,20250528,20022,30029,40018,16:19:00,19:18:00,179,80,99,No,Entregada
607112,505258,20250301,20250301,20041,30010,40028,11:32:00,15:26:00,234,115,119,No,Entregada
607113,504574,20250914,20250914,20032,30009,40044,12:48:00,15:50:00,182,72,110,No,Entregada
607114,509770,20250302,20250302,20037,30001,40032,16:09:00,18:43:00,154,55,99,No,Entregada
607115,500914,20260814,20260814,20041,30020,40009,12:17:00,14:37:00,140,40,100,No,Entregada
607116,505325,20260725,20260725,20045,30024,40014,07:47:00,10:36:00,169,49,120,No,Entregada
607117,502793,20250815,20250815,20028,30024,40041,10:52:00,12:33:00,101,92,9,Sí,Retrasada
607118,506692,20260930,20260930,20046,30002,40058,13:52:00,16:00:00,128,93,35,No,Retrasada
607119,503719,20250113,20250113,20028,30023,40094,07:03:00,08:44:00,101,24,77,No,Entregada
607120,509046,20261011,20261011,20024,30026,40035,16:27:00,18:57:00,150,107,43,No,Entregada
607121,502279,20260721,20260721,20032,30020,40092,11:14:00,12:18:00,64,23,41,No,Entregada
607122,504423,20250901,20250901,20032,30014,40076,08:53:00,11:36:00,163,64,99,No,Entregada
607123,503996,20260416,20260416,20045,30013,40041,13:36:00,16:56:00,200,92,108,No,Entregada
607124,502301,20260302,20260302,20017,30026,40095,11:14:00,13:12:00,118,73,45,No,Entregada
607125,501468,20251111,20251111,20031,30011,40037,11:36:00,14:18:00,162,81,81,No,Entregada
607126,501679,20261011,20261011,20028,30020,40005,15:21:00,17:28:00,127,48,79,No,Retrasada
607127,505484,20250112,20250112,20032,30002,40005,08:08:00,09:52:00,104,48,56,No,Entregada
607128,500652,20260701,20260701,20028,30013,40060,08:06:00,10:21:00,135,66,69,No,Retrasada
607129,502113,20251003,20251003,20033,30009,40081,15:03:00,17:24:00,141,94,47,No,Entregada
607130,500639,20250604,20250604,20033,30009,40089,16:07:00,17:36:00,89,57,32,No,Retrasada
607131,509055,20250503,20250503,20005,30017,40095,09:38:00,11:23:00,105,73,32,No,Entregada
607132,502337,20260325,20260325,20028,30026,40063,07:26:00,08:38:00,72,52,20,No,Entregada
607133,501756,20260409,20260409,20032,30016,40006,16:43:00,19:23:00,160,70,90,No,Retrasada
607134,507092,20261008,20261008,20017,30012,40011,08:40:00,11:57:00,197,78,119,No,Entregada
607135,504726,20250329,20250329,20028,30016,40032,08:35:00,10:31:00,116,55,61,No,Entregada
607136,503025,20260409,20260409,20022,30017,40008,12:21:00,13:44:00,83,58,25,No,Entregada
607137,506998,20250401,20250401,20017,30030,40005,11:37:00,12:36:00,59,48,11,Sí,Entregada
607138,504114,20260722,20260722,20035,30015,40008,11:22:00,12:36:00,74,58,16,No,Entregada
607139,507769,20260813,20260813,20041,30015,40060,16:39:00,19:31:00,172,66,106,No,Entregada
607140,501946,20250527,20250527,20041,30029,40047,11:53:00,13:06:00,73,37,36,No,Entregada
607141,501548,20260102,20260102,20028,30030,40081,13:34:00,16:43:00,189,94,95,No,Entregada
607142,503404,20260308,20260308,20035,30020,40034,09:59:00,10:36:00,37,37,0,Sí,Entregada
607143,509775,20260907,20260907,20003,30020,40037,10:54:00,12:38:00,104,81,23,No,Entregada
607144,503809,20250420,20250420,20048,30019,40084,12:36:00,14:04:00,88,33,55,No,Retrasada
607145,506964,20260718,20260718,20026,30016,40076,14:22:00,15:33:00,71,64,7,Sí,Entregada
607146,507949,20250707,20250707,20024,30011,40007,15:58:00,17:32:00,94,50,44,No,Entregada
607147,501516,20260124,20260124,20028,30012,40020,17:57:00,19:31:00,94,43,51,No,Entregada
607148,507278,20260806,20260806,20002,30001,40099,11:31:00,13:33:00,122,32,90,No,Entregada
607149,506679,20261027,20261027,20045,30026,40099,07:04:00,08:41:00,97,32,65,No,Entregada
607150,501949,20250602,20250602,20005,30024,40085,10:38:00,12:40:00,122,41,81,No,Retrasada
607151,504190,20261201,20261201,20031,30016,40021,16:52:00,20:49:00,237,120,117,No,Entregada
607152,504214,20260128,20260128,20026,30011,40055,16:41:00,19:18:00,157,78,79,No,Entregada
607153,508876,20260710,20260710,20003,30015,40098,11:22:00,13:47:00,145,31,114,No,Entregada
607154,503230,20260901,20260901,20024,30006,40022,17:53:00,20:32:00,159,110,49,No,Entregada
607155,501215,20261204,20261204,20047,30007,40054,10:26:00,12:25:00,119,82,37,No,Entregada
607156,508483,20251012,20251012,20046,30006,40065,12:02:00,14:53:00,171,61,110,No,Entregada
607157,506128,20260815,20260815,20032,30012,40077,13:56:00,16:11:00,135,24,111,No,Entregada
607158,508572,20260818,20260818,20017,30014,40071,11:44:00,13:30:00,106,64,42,No,Entregada
607159,505504,20260618,20260618,20047,30019,40094,10:40:00,12:00:00,80,24,56,No,Entregada
607160,500938,20260606,20260606,20045,30002,40072,14:23:00,17:50:00,207,112,95,No,Retrasada
607161,509986,20250220,20250220,20041,30014,40062,08:09:00,11:21:00,192,76,116,No,Entregada
607162,501469,20261009,20261009,20022,30021,40096,08:09:00,08:47:00,38,37,1,Sí,Entregada
607163,509245,20250714,20250714,20017,30023,40029,14:06:00,17:11:00,185,76,109,No,Entregada
607164,504182,20261111,20261111,20028,30007,40081,16:27:00,18:04:00,97,94,3,Sí,Entregada
607165,508242,20250504,20250504,20032,30023,40035,14:22:00,17:41:00,199,107,92,No,Retrasada
607166,503798,20250206,20250206,20018,30015,40035,09:16:00,12:31:00,195,107,88,No,Entregada
607167,506696,20260702,20260702,20047,30007,40003,09:10:00,11:51:00,161,42,119,No,Retrasada
607168,506522,20260202,20260202,20037,30017,40015,09:50:00,12:23:00,153,64,89,No,Entregada
607169,502723,20250103,20250103,20045,30020,40095,17:11:00,19:54:00,163,73,90,No,Entregada
607170,501354,20250522,20250522,20041,30006,40084,09:08:00,11:16:00,128,33,95,No,Retrasada
607171,503324,20250511,20250511,20002,30001,40069,10:00:00,11:48:00,108,52,56,No,Entregada
607172,501484,20250325,20250325,20028,30012,40092,09:23:00,11:43:00,140,23,117,No,Entregada
607173,504098,20251217,20251217,20024,30011,40047,13:07:00,14:34:00,87,37,50,No,Retrasada
607174,504618,20260319,20260319,20026,30023,40040,10:37:00,13:07:00,150,76,74,No,Entregada
607175,507055,20260828,20260828,20008,30002,40015,16:26:00,19:13:00,167,64,103,No,Entregada
607176,503740,20250617,20250617,20043,30001,40093,09:35:00,10:14:00,39,39,0,Sí,Retrasada
607177,508919,20260624,20260624,20018,30005,40010,14:21:00,16:28:00,127,75,52,No,Retrasada
607178,505697,20260921,20260921,20035,30015,40087,07:24:00,10:29:00,185,113,72,No,Entregada
607179,503995,20250421,20250421,20035,30003,40060,15:55:00,17:38:00,103,66,37,No,Retrasada
607180,506302,20261011,20261011,20032,30024,40004,14:46:00,16:45:00,119,60,59,No,Entregada
607181,500187,20260505,20260505,20031,30015,40077,08:05:00,09:18:00,73,24,49,No,Entregada
607182,509905,20261208,20261208,20032,30024,40055,16:24:00,17:55:00,91,78,13,Sí,Entregada
607183,504541,20251225,20251225,20047,30030,40052,08:45:00,10:11:00,86,55,31,No,Retrasada
607184,506252,20260526,20260526,20047,30007,40085,16:10:00,18:26:00,136,41,95,No,Entregada
607185,503535,20251012,20251012,20047,30012,40060,07:41:00,09:26:00,105,66,39,No,Retrasada
607186,500918,20260807,20260807,20024,30015,40028,08:43:00,12:28:00,225,115,110,No,Entregada
607187,502288,20260902,20260902,20028,30019,40038,10:23:00,12:16:00,113,37,76,No,Entregada
607188,503177,20260224,20260224,20035,30029,40015,11:41:00,12:52:00,71,64,7,Sí,Entregada
607189,505542,20260320,20260320,20003,30027,40009,07:42:00,08:33:00,51,40,11,Sí,Entregada
607190,505305,20260131,20260131,20041,30007,40085,08:49:00,10:20:00,91,41,50,No,Entregada
607191,508297,20260819,20260819,20028,30015,40093,10:29:00,12:38:00,129,39,90,No,Entregada
607192,500504,20260419,20260419,20032,30010,40094,07:48:00,10:00:00,132,24,108,No,Entregada
607193,507230,20250421,20250421,20032,30023,40004,09:34:00,12:28:00,174,60,114,No,Entregada
607194,507959,20260528,20260528,20018,30006,40003,15:22:00,16:12:00,50,42,8,Sí,Entregada
607195,509041,20261108,20261108,20017,30011,40055,08:10:00,10:06:00,116,78,38,No,Entregada
607196,509661,20261011,20261011,20018,30011,40007,15:38:00,18:23:00,165,50,115,No,Entregada
607197,505698,20260718,20260718,20017,30012,40001,12:35:00,14:31:00,116,45,71,No,Entregada
607198,501728,20251120,20251120,20026,30002,40013,15:12:00,17:45:00,153,87,66,No,Entregada
607199,509106,20260802,20260802,20047,30027,40005,10:32:00,11:29:00,57,48,9,Sí,Entregada
607200,507554,20250614,20250614,20003,30020,40087,17:12:00,19:57:00,165,113,52,No,Entregada
607201,500755,20260302,20260302,20026,30016,40034,16:58:00,19:09:00,131,37,94,No,Entregada
607202,507813,20250307,20250307,20045,30017,40062,17:02:00,19:14:00,132,76,56,No,Entregada
607203,505025,20250330,20250330,20003,30023,40011,10:33:00,13:50:00,197,78,119,No,Retrasada
607204,506810,20251122,20251122,20028,30011,40054,11:08:00,14:12:00,184,82,102,No,Retrasada
607205,507456,20250728,20250728,20018,30003,40006,15:35:00,17:11:00,96,70,26,No,Entregada
607206,506283,20250205,20250205,20037,30013,40099,09:55:00,11:54:00,119,32,87,No,Entregada
607207,503709,20251222,20251222,20032,30023,40072,14:05:00,17:19:00,194,112,82,No,Entregada
607208,509848,20260616,20260616,20031,30014,40071,17:02:00,18:08:00,66,64,2,Sí,Entregada
607209,502941,20250202,20250202,20031,30007,40096,08:20:00,08:59:00,39,37,2,Sí,Entregada
607210,507127,20250703,20250703,20033,30021,40092,09:17:00,10:10:00,53,23,30,No,Entregada
607211,504791,20251104,20251104,20022,30006,40032,14:49:00,16:32:00,103,55,48,No,Entregada
607212,504365,20261026,20261026,20032,30019,40080,09:05:00,10:53:00,108,15,93,No,Entregada
607213,504897,20261031,20261031,20028,30013,40098,12:08:00,14:31:00,143,31,112,No,Entregada
607214,505256,20260219,20260219,20031,30017,40090,10:49:00,12:51:00,122,36,86,No,Entregada
607215,508577,20260428,20260428,20047,30003,40094,12:44:00,14:23:00,99,24,75,No,Entregada
607216,509157,20251110,20251110,20022,30017,40071,07:19:00,09:16:00,117,64,53,No,Retrasada
607217,502707,20260917,20260917,20047,30030,40069,16:20:00,19:04:00,164,52,112,No,Entregada
607218,509208,20251119,20251119,20024,30002,40093,17:46:00,20:10:00,144,39,105,No,Entregada
607219,506411,20250106,20250106,20041,30014,40037,16:19:00,18:08:00,109,81,28,No,Entregada
607220,501984,20250328,20250328,20003,30030,40034,11:28:00,13:37:00,129,37,92,No,Retrasada
607221,505184,20260604,20260604,20033,30009,40085,07:15:00,07:58:00,43,41,2,Sí,Entregada
607222,501430,20260309,20260309,20024,30002,40035,12:57:00,16:17:00,200,107,93,No,Retrasada
607223,503539,20261212,20261212,20045,30010,40005,09:12:00,10:05:00,53,48,5,Sí,Entregada
607224,507979,20260703,20260703,20032,30030,40011,15:01:00,17:14:00,133,78,55,No,Entregada
607225,503777,20260326,20260326,20031,30024,40011,12:04:00,13:53:00,109,78,31,No,Entregada
607226,503179,20261102,20261102,20001,30003,40069,13:53:00,14:57:00,64,52,12,Sí,Entregada
607227,507541,20260921,20260921,20026,30011,40010,12:15:00,13:54:00,99,75,24,No,Entregada
607228,504396,20260919,20260919,20028,30001,40005,11:35:00,13:21:00,106,48,58,No,Entregada
607229,500863,20250105,20250105,20018,30005,40063,13:28:00,14:53:00,85,52,33,No,Entregada
607230,503570,20250313,20250313,20031,30030,40066,14:23:00,17:05:00,162,81,81,No,Entregada
607231,509015,20260616,20260616,20047,30007,40085,14:06:00,16:29:00,143,41,102,No,Entregada
607232,504243,20260105,20260105,20045,30017,40013,16:25:00,18:48:00,143,87,56,No,Entregada
607233,500933,20250123,20250123,20026,30015,40096,13:07:00,15:04:00,117,37,80,No,Retrasada
607234,500529,20251122,20251122,20043,30001,40010,12:41:00,14:40:00,119,75,44,No,Entregada
607235,504003,20250217,20250217,20024,30006,40013,12:03:00,14:06:00,123,87,36,No,Entregada
607236,501916,20260903,20260903,20017,30006,40044,08:51:00,12:00:00,189,72,117,No,Entregada
607237,507244,20250215,20250215,20035,30021,40081,07:05:00,10:28:00,203,94,109,No,Entregada
607238,501057,20250712,20250712,20003,30030,40018,11:38:00,13:31:00,113,80,33,No,Entregada
607239,504152,20250829,20250829,20003,30027,40057,07:12:00,09:31:00,139,56,83,No,Entregada
607240,505052,20260615,20260615,20018,30007,40073,16:15:00,18:24:00,129,83,46,No,Entregada
607241,500781,20251231,20251231,20048,30026,40022,09:39:00,13:13:00,214,110,104,No,Entregada
607242,500148,20260212,20260212,20046,30003,40005,10:00:00,11:13:00,73,48,25,No,Entregada
607243,500534,20250712,20250712,20028,30007,40029,09:59:00,11:28:00,89,76,13,Sí,Entregada
607244,503898,20250822,20250822,20007,30002,40084,09:47:00,12:20:00,153,33,120,No,Entregada
607245,502048,20260824,20260824,20022,30029,40093,09:29:00,11:33:00,124,39,85,No,Entregada
607246,508944,20260504,20260504,20041,30024,40040,08:30:00,10:01:00,91,76,15,Sí,Entregada
607247,508503,20250114,20250114,20047,30013,40077,11:12:00,13:35:00,143,24,119,No,Retrasada
607248,509899,20261215,20261215,20031,30023,40084,11:25:00,12:57:00,92,33,59,No,Entregada
607249,505324,20260705,20260705,20047,30015,40065,07:30:00,08:55:00,85,61,24,No,Entregada
607250,503688,20261124,20261124,20031,30020,40078,16:52:00,18:36:00,104,84,20,No,Entregada
607251,509321,20250810,20250810,20047,30012,40047,16:02:00,17:11:00,69,37,32,No,Entregada
607252,502627,20251106,20251106,20022,30029,40034,14:53:00,17:23:00,150,37,113,No,Entregada
607253,500964,20251220,20251220,20048,30020,40021,16:07:00,18:27:00,140,120,20,No,Retrasada
607254,503238,20250719,20250719,20048,30005,40072,09:11:00,12:07:00,176,112,64,No,Entregada
607255,505046,20250716,20250716,20047,30012,40041,09:11:00,11:50:00,159,92,67,No,Entregada
607256,504274,20250122,20250122,20047,30013,40032,15:40:00,18:27:00,167,55,112,No,Retrasada
607257,507225,20260616,20260616,20018,30026,40090,17:26:00,18:31:00,65,36,29,No,Entregada
607258,505226,20250824,20250824,20048,30029,40086,07:03:00,09:30:00,147,103,44,No,Retrasada
607259,503104,20260105,20260105,20046,30015,40047,15:28:00,17:13:00,105,37,68,No,Entregada
607260,505568,20260708,20260708,20041,30029,40082,15:54:00,18:56:00,182,74,108,No,Retrasada
607261,501360,20250214,20250214,20035,30026,40039,15:53:00,17:21:00,88,73,15,Sí,Entregada
607262,504976,20251023,20251023,20028,30014,40058,16:43:00,19:56:00,193,93,100,No,Entregada
607263,506672,20260731,20260731,20012,30002,40028,14:25:00,17:07:00,162,115,47,No,Retrasada
607264,506992,20260619,20260619,20026,30017,40034,15:22:00,17:35:00,133,37,96,No,Entregada
607265,506805,20250129,20250129,20032,30011,40076,10:49:00,12:52:00,123,64,59,No,Entregada
607266,507231,20251226,20251226,20032,30007,40001,13:28:00,15:59:00,151,45,106,No,Entregada
607267,504439,20250810,20250810,20022,30029,40090,11:22:00,13:17:00,115,36,79,No,Entregada
607268,503483,20251222,20251222,20037,30015,40093,08:04:00,09:33:00,89,39,50,No,Entregada
607269,506387,20260912,20260912,20005,30006,40072,12:37:00,14:37:00,120,112,8,Sí,Retrasada
607270,505082,20260216,20260216,20045,30002,40039,13:17:00,15:14:00,117,73,44,No,Entregada
607271,501981,20260629,20260629,20026,30014,40093,09:31:00,10:56:00,85,39,46,No,Entregada
607272,503080,20261028,20261028,20024,30019,40095,11:25:00,14:09:00,164,73,91,No,Entregada
607273,504763,20250115,20250115,20024,30030,40014,09:42:00,11:43:00,121,49,72,No,Entregada
607274,508613,20250624,20250624,20046,30021,40085,12:42:00,14:16:00,94,41,53,No,Retrasada
607275,509250,20250328,20250328,20045,30020,40004,14:44:00,17:34:00,170,60,110,No,Entregada
607276,502124,20261206,20261206,20028,30014,40019,10:18:00,13:38:00,200,91,109,No,Entregada
607277,501090,20261119,20261119,20045,30002,40015,07:15:00,10:14:00,179,64,115,No,Entregada
607278,504506,20260409,20260409,20018,30019,40077,11:55:00,13:11:00,76,24,52,No,Entregada
607279,507933,20261114,20261114,20041,30026,40076,15:30:00,18:13:00,163,64,99,No,Retrasada
607280,501140,20250501,20250501,20018,30024,40042,10:58:00,12:57:00,119,100,19,No,Retrasada
607281,505819,20251117,20251117,20003,30012,40095,12:00:00,14:21:00,141,73,68,No,Entregada
607282,508060,20250220,20250220,20028,30006,40046,10:39:00,11:17:00,38,33,5,Sí,Entregada
607283,507407,20261211,20261211,20041,30030,40071,14:12:00,16:24:00,132,64,68,No,Entregada
607284,500430,20260224,20260224,20017,30024,40084,13:25:00,14:36:00,71,33,38,No,Entregada
607285,503611,20250820,20250820,20037,30024,40094,11:54:00,14:04:00,130,24,106,No,Entregada
607286,503929,20250105,20250105,20045,30002,40081,13:44:00,17:15:00,211,94,117,No,Retrasada
607287,505845,20250908,20250908,20037,30010,40049,16:53:00,18:41:00,108,69,39,No,Entregada
607288,501710,20251111,20251111,20032,30027,40005,07:11:00,08:52:00,101,48,53,No,Entregada
607289,501293,20260514,20260514,20042,30009,40072,09:44:00,12:56:00,192,112,80,No,Entregada
607290,503581,20260706,20260706,20005,30010,40085,11:53:00,14:23:00,150,41,109,No,Entregada
607291,502056,20250212,20250212,20003,30014,40021,15:38:00,17:52:00,134,120,14,Sí,Entregada
607292,503160,20260530,20260530,20028,30014,40078,14:13:00,16:54:00,161,84,77,No,Entregada
607293,504741,20251016,20251016,20031,30030,40034,17:13:00,18:54:00,101,37,64,No,Entregada
607294,508690,20250719,20250719,20001,30013,40089,08:16:00,10:19:00,123,57,66,No,Entregada
607295,504133,20260121,20260121,20022,30003,40022,08:21:00,10:58:00,157,110,47,No,Entregada
607296,509243,20251010,20251010,20048,30016,40041,10:28:00,13:20:00,172,92,80,No,Retrasada
607297,509145,20250208,20250208,20005,30013,40071,16:55:00,18:59:00,124,64,60,No,Entregada
607298,507406,20260826,20260826,20047,30012,40094,07:28:00,08:01:00,33,24,9,Sí,Entregada
607299,508401,20251127,20251127,20048,30023,40039,14:44:00,16:44:00,120,73,47,No,Entregada
607300,507410,20250324,20250324,20031,30029,40095,14:25:00,17:35:00,190,73,117,No,Entregada
607301,502609,20250718,20250718,20048,30011,40040,15:09:00,18:20:00,191,76,115,No,Entregada
607302,505651,20251122,20251122,20041,30012,40011,14:07:00,15:37:00,90,78,12,Sí,Retrasada
607303,509755,20250408,20250408,20047,30013,40010,12:58:00,14:59:00,121,75,46,No,Retrasada
607304,506831,20250312,20250312,20032,30007,40082,08:30:00,10:47:00,137,74,63,No,Entregada
607305,502060,20250515,20250515,20024,30012,40059,07:52:00,10:12:00,140,23,117,No,Entregada
607306,505882,20261017,20261017,20018,30015,40065,16:48:00,19:18:00,150,61,89,No,Retrasada
607307,508167,20250531,20250531,20032,30016,40066,16:15:00,18:51:00,156,81,75,No,Entregada
607308,503146,20260918,20260918,20048,30007,40019,07:01:00,08:59:00,118,91,27,No,Entregada
607309,508335,20250924,20250924,20018,30014,40095,16:28:00,19:21:00,173,73,100,No,Entregada
607310,502859,20260115,20260115,20017,30010,40055,07:57:00,09:48:00,111,78,33,No,Entregada
607311,503767,20250608,20250608,20046,30015,40019,15:12:00,17:34:00,142,91,51,No,Entregada
607312,506720,20250702,20250702,20033,30002,40047,07:34:00,08:39:00,65,37,28,No,Entregada
607313,509437,20250930,20250930,20024,30017,40090,11:48:00,13:38:00,110,36,74,No,Entregada
607314,503887,20250620,20250620,20022,30021,40090,16:46:00,19:16:00,150,36,114,No,Retrasada
607315,506389,20260315,20260315,20048,30016,40034,16:49:00,18:38:00,109,37,72,No,Retrasada
607316,507396,20250302,20250302,20045,30026,40040,12:03:00,13:27:00,84,76,8,Sí,Entregada
607317,502705,20250207,20250207,20017,30029,40059,10:40:00,12:09:00,89,23,66,No,Entregada
607318,506450,20250419,20250419,20012,30001,40095,09:43:00,12:18:00,155,73,82,No,Entregada
607319,503969,20260410,20260410,20033,30023,40060,14:34:00,17:15:00,161,66,95,No,Entregada
607320,506554,20251209,20251209,20018,30015,40019,10:39:00,14:08:00,209,91,118,No,Entregada
607321,509426,20250917,20250917,20031,30013,40078,11:13:00,13:20:00,127,84,43,No,Entregada
607322,505141,20261014,20261014,20032,30027,40001,10:07:00,12:13:00,126,45,81,No,Entregada
607323,504251,20261027,20261027,20047,30019,40082,13:28:00,15:44:00,136,74,62,No,Entregada
607324,503491,20260130,20260130,20017,30012,40037,13:14:00,16:01:00,167,81,86,No,Entregada
607325,509129,20261012,20261012,20042,30002,40084,14:53:00,16:51:00,118,33,85,No,Entregada
607326,506436,20260126,20260126,20022,30024,40007,15:50:00,18:25:00,155,50,105,No,Retrasada
607327,504449,20260117,20260117,20041,30010,40009,08:04:00,09:30:00,86,40,46,No,Retrasada
607328,502112,20250628,20250628,20028,30023,40073,14:54:00,17:23:00,149,83,66,No,Entregada
607329,505406,20260320,20260320,20032,30024,40027,13:21:00,14:59:00,98,81,17,No,Retrasada
607330,504005,20250402,20250402,20018,30001,40052,15:36:00,17:36:00,120,55,65,No,Entregada
607331,502898,20260813,20260813,20022,30002,40047,14:05:00,16:14:00,129,37,92,No,Retrasada
607332,508806,20251208,20251208,20026,30030,40058,08:33:00,11:29:00,176,93,83,No,Entregada
607333,508723,20250104,20250104,20037,30009,40019,09:12:00,12:28:00,196,91,105,No,Entregada
607334,500738,20250915,20250915,20037,30017,40010,12:40:00,14:44:00,124,75,49,No,Retrasada
607335,501862,20251212,20251212,20024,30016,40094,16:50:00,18:11:00,81,24,57,No,Entregada
607336,506060,20260321,20260321,20047,30001,40015,15:39:00,18:06:00,147,64,83,No,Retrasada
607337,505174,20261012,20261012,20047,30016,40028,09:38:00,13:25:00,227,115,112,No,Entregada
607338,506700,20260915,20260915,20017,30019,40042,17:02:00,18:53:00,111,100,11,Sí,Entregada
607339,504235,20250812,20250812,20047,30010,40041,14:53:00,18:12:00,199,92,107,No,Entregada
607340,506317,20260909,20260909,20017,30030,40028,13:49:00,16:16:00,147,115,32,No,Entregada
607341,505810,20260202,20260202,20028,30016,40019,12:55:00,15:55:00,180,91,89,No,Entregada
607342,504663,20250212,20250212,20032,30012,40037,10:12:00,12:12:00,120,81,39,No,Retrasada
607343,500714,20250124,20250124,20005,30009,40049,11:30:00,13:37:00,127,69,58,No,Entregada
607344,506613,20261030,20261030,20037,30006,40039,15:42:00,18:48:00,186,73,113,No,Retrasada
607345,506585,20250313,20250313,20005,30006,40063,08:04:00,09:50:00,106,52,54,No,Entregada
607346,503625,20260131,20260131,20001,30009,40073,11:31:00,14:28:00,177,83,94,No,Retrasada
607347,500654,20260722,20260722,20047,30030,40084,13:01:00,15:31:00,150,33,117,No,Retrasada
607348,505977,20260426,20260426,20017,30024,40098,10:28:00,11:16:00,48,31,17,No,Entregada
607349,501379,20250920,20250920,20003,30012,40032,07:09:00,08:33:00,84,55,29,No,Retrasada
607350,502094,20260104,20260104,20048,30010,40018,10:05:00,13:03:00,178,80,98,No,Entregada
607351,501285,20260508,20260508,20045,30024,40032,16:56:00,18:52:00,116,55,61,No,Entregada
607352,502431,20260404,20260404,20035,30015,40032,09:13:00,11:27:00,134,55,79,No,Entregada
607353,501461,20261225,20261225,20031,30010,40059,09:50:00,11:19:00,89,23,66,No,Entregada
607354,503610,20261214,20261214,20041,30007,40098,15:49:00,17:44:00,115,31,84,No,Entregada
607355,507496,20260318,20260318,20047,30023,40038,15:21:00,16:55:00,94,37,57,No,Retrasada
607356,500151,20250723,20250723,20026,30029,40027,16:59:00,19:19:00,140,81,59,No,Retrasada
607357,500948,20250727,20250727,20048,30012,40063,08:07:00,09:25:00,78,52,26,No,Entregada
607358,509597,20260310,20260310,20037,30013,40037,13:47:00,15:29:00,102,81,21,No,Entregada
607359,507641,20250306,20250306,20032,30019,40014,08:48:00,10:16:00,88,49,39,No,Retrasada
607360,506542,20260922,20260922,20031,30027,40052,16:37:00,18:45:00,128,55,73,No,Entregada
607361,504668,20250416,20250416,20032,30030,40099,11:21:00,12:32:00,71,32,39,No,Entregada
607362,507437,20260905,20260905,20041,30029,40032,10:56:00,13:42:00,166,55,111,No,Entregada
607363,501064,20260408,20260408,20045,30015,40080,13:05:00,14:46:00,101,15,86,No,Entregada
607364,500156,20251018,20251018,20048,30015,40096,13:17:00,14:23:00,66,37,29,No,Entregada
607365,506002,20250907,20250907,20003,30009,40080,13:15:00,13:50:00,35,15,20,No,Entregada
607366,509538,20260919,20260919,20017,30030,40035,17:52:00,21:25:00,213,107,106,No,Entregada
607367,509456,20250625,20250625,20048,30016,40099,07:08:00,08:55:00,107,32,75,No,Entregada
607368,509882,20260211,20260211,20035,30013,40035,17:29:00,20:23:00,174,107,67,No,Retrasada
607369,500808,20251116,20251116,20005,30015,40011,08:00:00,09:51:00,111,78,33,No,Entregada
607370,505667,20260319,20260319,20018,30005,40087,13:28:00,16:01:00,153,113,40,No,Entregada
607371,505546,20260821,20260821,20048,30019,40027,16:22:00,19:01:00,159,81,78,No,Entregada
607372,508569,20260514,20260514,20001,30017,40008,17:33:00,19:22:00,109,58,51,No,Entregada
607373,508906,20250321,20250321,20047,30026,40089,07:07:00,08:42:00,95,57,38,No,Entregada
607374,508762,20250328,20250328,20035,30005,40035,07:44:00,11:23:00,219,107,112,No,Entregada
607375,508814,20250521,20250521,20031,30019,40002,13:14:00,15:36:00,142,55,87,No,Retrasada
607376,505268,20260929,20260929,20017,30024,40072,07:26:00,11:04:00,218,112,106,No,Entregada
607377,508835,20251113,20251113,20043,30002,40071,12:56:00,15:04:00,128,64,64,No,Entregada
607378,501259,20250629,20250629,20018,30026,40010,08:01:00,10:17:00,136,75,61,No,Entregada
607379,501119,20261209,20261209,20005,30017,40014,17:32:00,18:58:00,86,49,37,No,Entregada
607380,506161,20250628,20250628,20017,30005,40065,16:10:00,17:34:00,84,61,23,No,Entregada
607381,506710,20260430,20260430,20046,30026,40032,17:05:00,18:20:00,75,55,20,No,Retrasada
607382,506594,20261231,20261231,20002,30002,40037,08:54:00,11:01:00,127,81,46,No,Entregada
607383,500005,20260121,20260121,20045,30023,40005,09:00:00,10:35:00,95,48,47,No,Retrasada
607384,503878,20250920,20250920,20041,30005,40069,13:55:00,14:59:00,64,52,12,Sí,Retrasada
607385,507187,20260318,20260318,20001,30026,40047,12:36:00,13:47:00,71,37,34,No,Entregada
607386,503978,20250907,20250907,20032,30021,40006,09:52:00,12:09:00,137,70,67,No,Entregada
607387,508066,20260514,20260514,20047,30019,40027,08:03:00,11:07:00,184,81,103,No,Entregada
607388,508982,20261130,20261130,20041,30030,40082,12:21:00,15:15:00,174,74,100,No,Retrasada
607389,503380,20260718,20260718,20005,30020,40021,08:05:00,11:23:00,198,120,78,No,Entregada
607390,503162,20250619,20250619,20041,30010,40054,16:16:00,18:52:00,156,82,74,No,Entregada
607391,508993,20251102,20251102,20026,30006,40011,14:37:00,17:21:00,164,78,86,No,Entregada
607392,506538,20260415,20260415,20032,30001,40047,14:32:00,16:15:00,103,37,66,No,Entregada
607393,504900,20260419,20260419,20003,30024,40020,14:05:00,14:50:00,45,43,2,Sí,Entregada
607394,506237,20251011,20251011,20048,30014,40005,09:57:00,12:07:00,130,48,82,No,Entregada
607395,506031,20250803,20250803,20045,30002,40035,11:39:00,14:00:00,141,107,34,No,Entregada
607396,502159,20250912,20250912,20005,30002,40001,07:16:00,09:28:00,132,45,87,No,Entregada
607397,508121,20250717,20250717,20003,30011,40096,10:21:00,11:37:00,76,37,39,No,Retrasada
607398,508460,20250329,20250329,20032,30019,40015,10:13:00,12:22:00,129,64,65,No,Entregada
607399,508133,20250315,20250315,20028,30006,40044,13:14:00,14:46:00,92,72,20,No,Entregada
607400,507919,20260303,20260303,20045,30010,40099,07:34:00,10:05:00,151,32,119,No,Retrasada
607401,501458,20260605,20260605,20026,30019,40011,07:28:00,10:38:00,190,78,112,No,Entregada
607402,504146,20260430,20260430,20028,30027,40076,10:40:00,11:50:00,70,64,6,Sí,Entregada
607403,500731,20250128,20250128,20017,30011,40086,12:52:00,15:27:00,155,103,52,No,Entregada
607404,504794,20260919,20260919,20017,30007,40040,08:15:00,09:38:00,83,76,7,Sí,Retrasada
607405,504749,20260930,20260930,20026,30030,40041,15:41:00,19:02:00,201,92,109,No,Entregada
607406,505273,20250628,20250628,20018,30003,40007,08:56:00,11:04:00,128,50,78,No,Retrasada
607407,501092,20250328,20250328,20026,30030,40027,09:54:00,11:38:00,104,81,23,No,Entregada
607408,502498,20261129,20261129,20018,30014,40009,11:54:00,14:19:00,145,40,105,No,Entregada
607409,503525,20250421,20250421,20018,30011,40058,15:37:00,18:16:00,159,93,66,No,Retrasada
607410,507460,20261218,20261218,20037,30017,40063,08:12:00,09:24:00,72,52,20,No,Entregada
607411,506232,20250531,20250531,20045,30003,40096,07:35:00,09:25:00,110,37,73,No,Retrasada
607412,506580,20260218,20260218,20003,30003,40092,10:52:00,11:17:00,25,23,2,Sí,Retrasada
607413,501483,20260222,20260222,20041,30024,40018,15:16:00,18:03:00,167,80,87,No,Entregada
607414,508331,20260216,20260216,20049,30009,40065,14:05:00,16:23:00,138,61,77,No,Entregada
607415,507557,20260402,20260402,20041,30027,40098,07:43:00,08:58:00,75,31,44,No,Entregada
607416,501235,20260529,20260529,20003,30019,40084,14:49:00,16:52:00,123,33,90,No,Entregada
607417,503433,20260501,20260501,20026,30029,40062,14:46:00,17:34:00,168,76,92,No,Entregada
607418,505703,20250127,20250127,20028,30014,40001,14:33:00,16:40:00,127,45,82,No,Entregada
607419,508387,20261226,20261226,20003,30016,40085,16:54:00,19:23:00,149,41,108,No,Entregada
607420,504892,20261027,20261027,20026,30020,40098,15:26:00,17:13:00,107,31,76,No,Entregada
607421,502999,20250912,20250912,20048,30026,40054,14:49:00,16:36:00,107,82,25,No,Entregada
607422,505235,20260421,20260421,20018,30030,40086,10:47:00,12:50:00,123,103,20,No,Retrasada
607423,506034,20250929,20250929,20032,30011,40032,09:09:00,12:03:00,174,55,119,No,Retrasada
607424,505255,20250504,20250504,20022,30021,40009,17:19:00,18:45:00,86,40,46,No,Entregada
607425,503756,20260605,20260605,20018,30002,40011,08:10:00,09:57:00,107,78,29,No,Entregada
607426,507105,20250611,20250611,20005,30023,40072,16:21:00,18:32:00,131,112,19,No,Entregada
607427,508768,20250404,20250404,20048,30030,40089,13:36:00,16:07:00,151,57,94,No,Entregada
607428,500668,20250422,20250422,20041,30026,40077,17:43:00,19:27:00,104,24,80,No,Entregada
607429,503117,20250119,20250119,20048,30021,40021,11:35:00,15:35:00,240,120,120,No,Entregada
607430,506344,20260403,20260403,20048,30003,40005,07:02:00,08:02:00,60,48,12,Sí,Entregada
607431,502320,20250118,20250118,20032,30012,40034,10:43:00,12:49:00,126,37,89,No,Entregada
607432,507539,20261008,20261008,20041,30013,40039,09:54:00,12:24:00,150,73,77,No,Entregada
607433,500682,20251102,20251102,20018,30005,40084,13:24:00,13:59:00,35,33,2,Sí,Entregada
607434,503568,20250121,20250121,20048,30017,40003,11:00:00,13:11:00,131,42,89,No,Entregada
607435,507316,20250618,20250618,20003,30010,40001,07:13:00,08:32:00,79,45,34,No,Retrasada
607436,507067,20250402,20250402,20026,30023,40020,13:36:00,15:25:00,109,43,66,No,Entregada
607437,509065,20260214,20260214,20017,30013,40029,12:05:00,14:07:00,122,76,46,No,Entregada
607438,509239,20260407,20260407,20047,30019,40001,13:49:00,15:51:00,122,45,77,No,Entregada
607439,505520,20260415,20260415,20024,30005,40011,16:11:00,17:31:00,80,78,2,Sí,Entregada
607440,504041,20260917,20260917,20048,30007,40010,15:14:00,17:36:00,142,75,67,No,Entregada
607441,501001,20261005,20261005,20005,30009,40014,13:30:00,14:51:00,81,49,32,No,Entregada
607442,505157,20260411,20260411,20046,30021,40073,17:27:00,20:46:00,199,83,116,No,Retrasada
607443,501779,20250616,20250616,20031,30012,40051,13:15:00,14:49:00,94,43,51,No,Retrasada
607444,503228,20250114,20250114,20017,30009,40057,09:21:00,10:27:00,66,56,10,Sí,Entregada
607445,500201,20251122,20251122,20032,30006,40080,14:43:00,16:23:00,100,15,85,No,Entregada
607446,503826,20250924,20250924,20033,30006,40027,10:57:00,13:03:00,126,81,45,No,Entregada
607447,502123,20261201,20261201,20031,30029,40054,16:32:00,18:03:00,91,82,9,Sí,Entregada
607448,503694,20250219,20250219,20003,30007,40014,15:49:00,18:27:00,158,49,109,No,Retrasada
607449,509898,20251019,20251019,20033,30021,40047,17:48:00,19:50:00,122,37,85,No,Entregada
607450,505969,20260915,20260915,20028,30006,40057,17:39:00,18:51:00,72,56,16,No,Entregada
607451,504909,20250716,20250716,20026,30009,40006,09:57:00,12:50:00,173,70,103,No,Entregada
607452,503477,20250922,20250922,20026,30021,40065,07:05:00,09:46:00,161,61,100,No,Retrasada
607453,502387,20250228,20250228,20028,30030,40095,12:06:00,14:43:00,157,73,84,No,Entregada
607454,506875,20251214,20251214,20018,30007,40028,12:26:00,14:56:00,150,115,35,No,Retrasada
607455,500726,20260826,20260826,20041,30012,40002,13:34:00,16:08:00,154,55,99,No,Entregada
607456,508456,20260828,20260828,20028,30023,40077,15:45:00,16:52:00,67,24,43,No,Entregada
607457,507380,20250906,20250906,20032,30007,40002,11:44:00,14:27:00,163,55,108,No,Entregada
607458,502285,20250727,20250727,20018,30012,40021,07:49:00,11:02:00,193,120,73,No,Retrasada
607459,502602,20250813,20250813,20042,30002,40002,17:21:00,20:07:00,166,55,111,No,Entregada
607460,500165,20251006,20251006,20026,30012,40032,13:17:00,15:20:00,123,55,68,No,Entregada
607461,504306,20250627,20250627,20041,30014,40035,15:57:00,19:11:00,194,107,87,No,Entregada
607462,504217,20250616,20250616,20031,30030,40006,09:23:00,10:38:00,75,70,5,Sí,Entregada
607463,509965,20261230,20261230,20017,30007,40039,08:14:00,10:26:00,132,73,59,No,Retrasada
607464,507681,20261107,20261107,20017,30016,40089,16:34:00,17:33:00,59,57,2,Sí,Entregada
607465,503791,20251222,20251222,20026,30030,40055,14:27:00,17:32:00,185,78,107,No,Entregada
607466,501246,20260215,20260215,20024,30017,40006,11:34:00,13:45:00,131,70,61,No,Entregada
607467,502905,20260830,20260830,20031,30009,40013,16:51:00,18:35:00,104,87,17,No,Entregada
607468,500252,20260409,20260409,20035,30006,40001,15:04:00,17:15:00,131,45,86,No,Entregada
607469,501448,20260322,20260322,20028,30002,40034,11:14:00,13:03:00,109,37,72,No,Entregada
607470,506432,20260612,20260612,20028,30006,40062,09:05:00,10:23:00,78,76,2,Sí,Entregada
607471,500889,20260403,20260403,20048,30011,40041,16:09:00,18:52:00,163,92,71,No,Retrasada
607472,509540,20260311,20260311,20003,30013,40035,10:23:00,13:17:00,174,107,67,No,Retrasada
607473,500769,20261004,20261004,20022,30009,40076,10:36:00,12:23:00,107,64,43,No,Entregada
607474,505441,20251212,20251212,20035,30003,40003,12:35:00,15:13:00,158,42,116,No,Entregada
607475,500385,20260722,20260722,20003,30014,40021,11:57:00,14:59:00,182,120,62,No,Entregada
607476,508370,20250417,20250417,20028,30011,40010,10:01:00,12:19:00,138,75,63,No,Entregada
607477,504338,20251030,20251030,20022,30010,40076,15:30:00,17:51:00,141,64,77,No,Entregada
607478,509624,20250913,20250913,20041,30003,40021,10:18:00,13:34:00,196,120,76,No,Entregada
607479,501352,20250928,20250928,20005,30024,40022,09:44:00,12:49:00,185,110,75,No,Entregada
607480,509706,20260711,20260711,20031,30003,40006,17:41:00,20:44:00,183,70,113,No,Entregada
607481,509794,20250812,20250812,20024,30007,40058,17:33:00,20:44:00,191,93,98,No,Entregada
607482,503259,20250125,20250125,20026,30014,40037,14:30:00,16:34:00,124,81,43,No,Retrasada
607483,509982,20261029,20261029,20048,30016,40051,10:23:00,12:13:00,110,43,67,No,Retrasada
607484,501363,20260307,20260307,20003,30027,40046,14:37:00,16:32:00,115,33,82,No,Entregada
607485,503211,20261226,20261226,20048,30010,40005,11:16:00,13:05:00,109,48,61,No,Entregada
607486,502783,20250516,20250516,20022,30021,40095,11:31:00,13:00:00,89,73,16,No,Entregada
607487,501581,20260715,20260715,20018,30023,40014,10:20:00,11:17:00,57,49,8,Sí,Entregada
607488,509234,20250421,20250421,20031,30020,40034,13:32:00,15:07:00,95,37,58,No,Entregada
607489,500021,20260723,20260723,20028,30009,40042,08:58:00,10:49:00,111,100,11,Sí,Entregada
607490,503972,20251202,20251202,20003,30012,40095,13:38:00,15:31:00,113,73,40,No,Entregada
607491,509968,20250403,20250403,20024,30019,40095,12:30:00,14:48:00,138,73,65,No,Entregada
607492,505878,20250622,20250622,20031,30001,40002,15:39:00,16:44:00,65,55,10,Sí,Entregada
607493,506004,20250202,20250202,20031,30017,40051,14:59:00,16:36:00,97,43,54,No,Retrasada
607494,501045,20251113,20251113,20022,30006,40057,12:54:00,13:55:00,61,56,5,Sí,Entregada
607495,503896,20251209,20251209,20028,30021,40069,15:17:00,17:20:00,123,52,71,No,Entregada
607496,509551,20260122,20260122,20017,30012,40035,08:46:00,12:25:00,219,107,112,No,Entregada
607497,507074,20250712,20250712,20017,30013,40003,17:28:00,18:43:00,75,42,33,No,Entregada
607498,501221,20251222,20251222,20026,30011,40060,09:26:00,12:31:00,185,66,119,No,Entregada
607499,508830,20250810,20250810,20047,30017,40046,13:54:00,15:37:00,103,33,70,No,Entregada
607500,508094,20250519,20250519,20008,30002,40099,11:55:00,13:48:00,113,32,81,No,Retrasada
607501,506189,20250729,20250729,20041,30029,40087,08:42:00,10:48:00,126,113,13,Sí,Entregada
607502,509367,20260226,20260226,20032,30023,40076,15:27:00,18:27:00,180,64,116,No,Entregada
607503,500295,20260216,20260216,20005,30024,40055,10:28:00,13:25:00,177,78,99,No,Entregada
607504,507767,20251208,20251208,20048,30020,40038,14:07:00,15:20:00,73,37,36,No,Entregada
607505,504249,20260827,20260827,20045,30003,40055,08:48:00,10:14:00,86,78,8,Sí,Entregada
607506,507426,20260726,20260726,20048,30006,40047,12:47:00,15:24:00,157,37,120,No,Retrasada
607507,503155,20250126,20250126,20047,30012,40051,08:44:00,10:16:00,92,43,49,No,Retrasada
607508,500718,20250514,20250514,20005,30020,40034,13:12:00,14:24:00,72,37,35,No,Entregada
607509,504358,20260801,20260801,20048,30027,40004,11:32:00,12:58:00,86,60,26,No,Retrasada
607510,508022,20260318,20260318,20037,30020,40052,17:48:00,20:43:00,175,55,120,No,Entregada
607511,507778,20250602,20250602,20003,30019,40021,12:00:00,15:23:00,203,120,83,No,Entregada
607512,502131,20250226,20250226,20047,30003,40003,16:03:00,18:20:00,137,42,95,No,Entregada
607513,508676,20250509,20250509,20045,30023,40065,11:24:00,13:09:00,105,61,44,No,Entregada
607514,501332,20250427,20250427,20041,30019,40021,16:55:00,19:24:00,149,120,29,No,Entregada
607515,504373,20250420,20250420,20003,30003,40007,12:15:00,13:42:00,87,50,37,No,Retrasada
607516,505789,20260702,20260702,20001,30021,40028,11:20:00,13:15:00,115,115,0,Sí,Entregada
607517,501216,20251216,20251216,20026,30003,40098,15:02:00,16:35:00,93,31,62,No,Entregada
607518,509964,20260216,20260216,20045,30020,40042,12:20:00,14:35:00,135,100,35,No,Entregada
607519,503479,20250120,20250120,20003,30014,40019,10:20:00,13:08:00,168,91,77,No,Entregada
607520,509802,20250915,20250915,20035,30021,40065,09:31:00,12:05:00,154,61,93,No,Entregada
607521,505984,20260803,20260803,20043,30001,40027,17:25:00,18:49:00,84,81,3,Sí,Entregada
607522,509628,20250203,20250203,20022,30015,40062,10:36:00,13:09:00,153,76,77,No,Entregada
607523,501550,20250417,20250417,20017,30029,40072,10:21:00,13:20:00,179,112,67,No,Entregada
607524,506633,20260528,20260528,20017,30006,40076,17:46:00,20:28:00,162,64,98,No,Entregada
607525,506963,20260625,20260625,20048,30003,40071,09:20:00,12:09:00,169,64,105,No,Entregada
607526,509502,20260711,20260711,20032,30023,40099,15:17:00,16:56:00,99,32,67,No,Entregada
607527,501930,20261016,20261016,20024,30027,40038,07:56:00,09:15:00,79,37,42,No,Entregada
607528,505067,20250430,20250430,20045,30006,40060,15:23:00,17:04:00,101,66,35,No,Entregada
607529,509866,20251117,20251117,20017,30024,40009,16:43:00,17:36:00,53,40,13,Sí,Entregada
607530,501651,20261212,20261212,20048,30002,40076,15:58:00,18:37:00,159,64,95,No,Entregada
607531,509777,20250505,20250505,20048,30014,40086,09:44:00,13:12:00,208,103,105,No,Entregada
607532,508735,20250228,20250228,20035,30006,40072,08:10:00,11:28:00,198,112,86,No,Entregada
607533,507195,20260915,20260915,20045,30010,40010,16:38:00,19:08:00,150,75,75,No,Retrasada
607534,500211,20260813,20260813,20032,30023,40035,10:47:00,14:03:00,196,107,89,No,Entregada
607535,505169,20250817,20250817,20024,30030,40071,17:07:00,19:29:00,142,64,78,No,Entregada
607536,507314,20251218,20251218,20022,30001,40077,11:05:00,13:01:00,116,24,92,No,Entregada
607537,501218,20261129,20261129,20032,30019,40060,13:42:00,15:03:00,81,66,15,Sí,Entregada
607538,504822,20250621,20250621,20022,30005,40029,08:55:00,10:39:00,104,76,28,No,Entregada
607539,504112,20250815,20250815,20003,30024,40044,15:49:00,17:51:00,122,72,50,No,Retrasada
607540,503656,20260708,20260708,20003,30010,40020,09:51:00,11:31:00,100,43,57,No,Entregada
607541,504805,20250922,20250922,20047,30020,40049,07:15:00,10:24:00,189,69,120,No,Retrasada
607542,505628,20260718,20260718,20041,30014,40073,07:55:00,10:22:00,147,83,64,No,Entregada
607543,506294,20250115,20250115,20028,30012,40065,08:42:00,11:01:00,139,61,78,No,Entregada
607544,507571,20260303,20260303,20031,30006,40010,15:36:00,17:18:00,102,75,27,No,Entregada
607545,503769,20250904,20250904,20028,30005,40080,11:37:00,13:37:00,120,15,105,No,Entregada
607546,507531,20260320,20260320,20045,30015,40003,17:11:00,19:49:00,158,42,116,No,Entregada
607547,502777,20260306,20260306,20047,30007,40096,11:28:00,13:54:00,146,37,109,No,Entregada
607548,500127,20250706,20250706,20018,30030,40049,13:39:00,15:52:00,133,69,64,No,Entregada
607549,509718,20260420,20260420,20031,30010,40051,08:25:00,11:06:00,161,43,118,No,Entregada
607550,503249,20250817,20250817,20001,30005,40015,07:31:00,09:38:00,127,64,63,No,Entregada
607551,504051,20250525,20250525,20033,30024,40077,07:50:00,09:33:00,103,24,79,No,Entregada
607552,509301,20250414,20250414,20026,30009,40008,09:53:00,12:09:00,136,58,78,No,Entregada
607553,500326,20260516,20260516,20037,30010,40092,17:17:00,18:31:00,74,23,51,No,Entregada
607554,504989,20251013,20251013,20028,30019,40098,16:34:00,19:01:00,147,31,116,No,Entregada
607555,505340,20260409,20260409,20041,30017,40069,12:15:00,14:22:00,127,52,75,No,Entregada
607556,501824,20260527,20260527,20048,30020,40060,13:12:00,15:22:00,130,66,64,No,Entregada
607557,506996,20251226,20251226,20026,30012,40090,17:39:00,19:35:00,116,36,80,No,Entregada
607558,502076,20261127,20261127,20005,30024,40080,08:10:00,09:19:00,69,15,54,No,Entregada
607559,505925,20260711,20260711,20026,30011,40020,17:51:00,19:46:00,115,43,72,No,Entregada
607560,505971,20260221,20260221,20048,30013,40090,07:45:00,09:31:00,106,36,70,No,Retrasada
607561,505071,20250914,20250914,20031,30011,40009,16:50:00,18:16:00,86,40,46,No,Entregada
607562,502135,20260808,20260808,20003,30017,40059,09:28:00,10:28:00,60,23,37,No,Retrasada
607563,504060,20251213,20251213,20018,30017,40041,09:09:00,10:54:00,105,92,13,Sí,Entregada
607564,507802,20261210,20261210,20033,30002,40080,17:38:00,19:04:00,86,15,71,No,Entregada
607565,507921,20260426,20260426,20041,30011,40010,17:30:00,20:33:00,183,75,108,No,Entregada
607566,505707,20250127,20250127,20037,30024,40041,15:24:00,18:05:00,161,92,69,No,Entregada
607567,501465,20250727,20250727,20026,30017,40021,11:03:00,13:35:00,152,120,32,No,Entregada
607568,502844,20260520,20260520,20028,30013,40013,13:21:00,16:17:00,176,87,89,No,Entregada
607569,508751,20251202,20251202,20001,30009,40009,15:08:00,17:30:00,142,40,102,No,Entregada
607570,502118,20260404,20260404,20048,30029,40057,17:53:00,19:25:00,92,56,36,No,Entregada
607571,504034,20250906,20250906,20045,30021,40001,15:39:00,17:00:00,81,45,36,No,Entregada
607572,509307,20260411,20260411,20048,30005,40076,12:32:00,15:18:00,166,64,102,No,Entregada
607573,502589,20250118,20250118,20031,30030,40060,11:55:00,13:13:00,78,66,12,Sí,Entregada
607574,509008,20261210,20261210,20022,30013,40089,15:49:00,18:32:00,163,57,106,No,Entregada
607575,505199,20260625,20260625,20001,30029,40076,08:22:00,10:22:00,120,64,56,No,Entregada
607576,509744,20250615,20250615,20005,30003,40035,11:47:00,14:11:00,144,107,37,No,Entregada
607577,503957,20260223,20260223,20031,30003,40011,14:40:00,17:23:00,163,78,85,No,Entregada
607578,505765,20250812,20250812,20031,30011,40055,11:40:00,14:24:00,164,78,86,No,Entregada
607579,504732,20250421,20250421,20017,30029,40086,14:38:00,17:52:00,194,103,91,No,Entregada
607580,508052,20261213,20261213,20035,30017,40051,12:43:00,13:58:00,75,43,32,No,Entregada
607581,506849,20251002,20251002,20033,30015,40072,09:37:00,12:34:00,177,112,65,No,Retrasada
607582,508856,20250523,20250523,20003,30007,40039,08:43:00,11:16:00,153,73,80,No,Entregada
607583,502580,20250714,20250714,20029,30009,40013,08:41:00,10:41:00,120,87,33,No,Entregada
607584,506297,20260213,20260213,20046,30010,40044,12:24:00,15:01:00,157,72,85,No,Entregada
607585,504628,20260917,20260917,20048,30003,40081,16:51:00,19:12:00,141,94,47,No,Entregada
607586,509857,20260930,20260930,20028,30012,40032,14:53:00,16:00:00,67,55,12,Sí,Entregada
607587,500789,20260518,20260518,20012,30002,40055,08:02:00,09:50:00,108,78,30,No,Entregada
607588,508173,20250617,20250617,20018,30013,40040,08:26:00,10:29:00,123,76,47,No,Retrasada
607589,509862,20251009,20251009,20002,30002,40006,08:00:00,09:57:00,117,70,47,No,Entregada
607590,507412,20260606,20260606,20002,30009,40054,12:33:00,14:06:00,93,82,11,Sí,Retrasada
607591,500338,20261007,20261007,20045,30024,40041,13:50:00,16:17:00,147,92,55,No,Retrasada
607592,507229,20260124,20260124,20017,30016,40081,14:45:00,16:46:00,121,94,27,No,Entregada
607593,504269,20260413,20260413,20032,30030,40040,08:16:00,10:51:00,155,76,79,No,Entregada
607594,505163,20250705,20250705,20031,30011,40029,15:59:00,18:12:00,133,76,57,No,Retrasada
607595,506990,20250922,20250922,20041,30023,40035,08:16:00,11:47:00,211,107,104,No,Entregada
607596,507920,20250915,20250915,20045,30013,40059,07:08:00,08:06:00,58,23,35,No,Entregada
607597,507633,20251009,20251009,20003,30019,40081,14:41:00,17:01:00,140,94,46,No,Entregada
607598,508333,20250929,20250929,20017,30023,40046,16:47:00,18:10:00,83,33,50,No,Entregada
607599,502269,20260224,20260224,20045,30001,40069,09:01:00,11:49:00,168,52,116,No,Entregada
607600,505985,20260120,20260120,20041,30019,40066,07:31:00,09:48:00,137,81,56,No,Entregada
607601,509980,20260407,20260407,20047,30023,40040,16:28:00,19:25:00,177,76,101,No,Entregada
607602,503024,20250625,20250625,20001,30029,40042,13:11:00,15:44:00,153,100,53,No,Entregada
607603,508437,20260926,20260926,20032,30027,40071,16:55:00,18:14:00,79,64,15,Sí,Entregada
607604,507262,20260822,20260822,20001,30006,40098,07:55:00,10:01:00,126,31,95,No,Retrasada
607605,502470,20250714,20250714,20018,30030,40051,11:32:00,12:37:00,65,43,22,No,Entregada
607606,503792,20260503,20260503,20028,30016,40094,14:35:00,16:18:00,103,24,79,No,Entregada
607607,500626,20250426,20250426,20003,30003,40018,11:08:00,13:50:00,162,80,82,No,Entregada
607608,502322,20261204,20261204,20041,30007,40080,08:17:00,09:29:00,72,15,57,No,Entregada
607609,502182,20260823,20260823,20005,30015,40019,08:47:00,10:39:00,112,91,21,No,Entregada
607610,503705,20260317,20260317,20028,30011,40001,07:14:00,08:15:00,61,45,16,No,Entregada
607611,504093,20260428,20260428,20048,30020,40095,12:03:00,15:09:00,186,73,113,No,Retrasada
607612,500191,20250623,20250623,20022,30006,40073,10:24:00,12:18:00,114,83,31,No,Entregada
607613,507111,20260120,20260120,20048,30012,40027,08:52:00,11:37:00,165,81,84,No,Entregada
607614,502503,20250704,20250704,20048,30016,40005,11:12:00,12:39:00,87,48,39,No,Entregada
607615,501732,20261103,20261103,20017,30006,40020,10:05:00,11:44:00,99,43,56,No,Entregada
607616,508248,20261028,20261028,20028,30007,40027,10:46:00,13:37:00,171,81,90,No,Entregada
607617,507615,20251002,20251002,20026,30014,40032,12:53:00,14:03:00,70,55,15,Sí,Entregada
607618,508929,20251018,20251018,20028,30026,40009,07:00:00,09:30:00,150,40,110,No,Entregada
607619,503574,20260925,20260925,20011,30002,40077,16:19:00,17:23:00,64,24,40,No,Entregada
607620,500841,20250708,20250708,20032,30030,40004,13:59:00,15:29:00,90,60,30,No,Entregada
607621,502258,20260514,20260514,20041,30029,40096,09:40:00,12:04:00,144,37,107,No,Retrasada
607622,509464,20261117,20261117,20047,30016,40069,09:07:00,10:31:00,84,52,32,No,Entregada
607623,503187,20250718,20250718,20003,30007,40069,09:30:00,11:43:00,133,52,81,No,Entregada
607624,504310,20250606,20250606,20032,30019,40003,14:50:00,16:31:00,101,42,59,No,Entregada
607625,505448,20261130,20261130,20005,30002,40046,07:29:00,09:20:00,111,33,78,No,Entregada
607626,501457,20250123,20250123,20001,30013,40009,16:16:00,18:24:00,128,40,88,No,Entregada
607627,504157,20250920,20250920,20046,30015,40095,07:38:00,10:10:00,152,73,79,No,Entregada
607628,500771,20261213,20261213,20016,30001,40072,16:16:00,19:59:00,223,112,111,No,Entregada
607629,507913,20250314,20250314,20002,30009,40018,12:36:00,15:13:00,157,80,77,No,Entregada
607630,508679,20260123,20260123,20031,30009,40034,11:39:00,12:27:00,48,37,11,Sí,Entregada
607631,504550,20250914,20250914,20041,30024,40099,11:28:00,13:55:00,147,32,115,No,Entregada
607632,502430,20260719,20260719,20022,30002,40060,12:34:00,15:39:00,185,66,119,No,Entregada
607633,508962,20251009,20251009,20018,30020,40090,07:52:00,09:23:00,91,36,55,No,Entregada
607634,500260,20261117,20261117,20003,30017,40035,07:33:00,10:27:00,174,107,67,No,Entregada
607635,503732,20260904,20260904,20028,30019,40027,13:25:00,15:13:00,108,81,27,No,Entregada
607636,502943,20250510,20250510,20005,30013,40069,08:50:00,11:42:00,172,52,120,No,Entregada
607637,505578,20250207,20250207,20045,30020,40020,13:49:00,16:05:00,136,43,93,No,Retrasada
607638,500980,20250218,20250218,20048,30007,40018,07:46:00,09:56:00,130,80,50,No,Entregada
607639,505704,20250924,20250924,20045,30010,40093,17:03:00,18:07:00,64,39,25,No,Entregada
607640,505366,20260329,20260329,20022,30023,40098,16:46:00,19:16:00,150,31,119,No,Entregada
607641,504137,20250609,20250609,20048,30023,40018,14:24:00,16:57:00,153,80,73,No,Entregada
607642,500267,20260330,20260330,20028,30007,40046,11:56:00,12:51:00,55,33,22,No,Entregada
607643,504454,20250708,20250708,20003,30015,40071,15:12:00,17:07:00,115,64,51,No,Entregada
607644,506235,20260603,20260603,20049,30002,40039,17:45:00,20:19:00,154,73,81,No,Entregada
607645,508045,20260906,20260906,20031,30030,40001,08:05:00,10:03:00,118,45,73,No,Retrasada
607646,506991,20261125,20261125,20032,30014,40051,14:01:00,15:07:00,66,43,23,No,Entregada
607647,502181,20250326,20250326,20041,30002,40005,17:28:00,18:43:00,75,48,27,No,Entregada
607648,507302,20250905,20250905,20018,30029,40065,12:16:00,15:05:00,169,61,108,No,Entregada
607649,503529,20261108,20261108,20017,30030,40011,17:25:00,19:28:00,123,78,45,No,Entregada
607650,502149,20260611,20260611,20003,30009,40034,07:58:00,09:49:00,111,37,74,No,Entregada
607651,506537,20250712,20250712,20026,30017,40086,07:14:00,08:58:00,104,103,1,Sí,Entregada
607652,506626,20260403,20260403,20048,30017,40049,17:16:00,20:07:00,171,69,102,No,Entregada
607653,507260,20260201,20260201,20045,30005,40014,10:18:00,11:43:00,85,49,36,No,Retrasada
607654,504409,20260602,20260602,20024,30013,40059,12:53:00,13:35:00,42,23,19,No,Retrasada
607655,508227,20261204,20261204,20005,30010,40018,09:41:00,11:35:00,114,80,34,No,Entregada
607656,509696,20250409,20250409,20017,30027,40094,14:50:00,17:10:00,140,24,116,No,Entregada
607657,507381,20260124,20260124,20024,30010,40080,14:02:00,14:35:00,33,15,18,No,Entregada
607658,501093,20260718,20260718,20047,30007,40001,09:26:00,11:42:00,136,45,91,No,Retrasada
607659,507179,20250528,20250528,20048,30010,40059,13:55:00,16:15:00,140,23,117,No,Entregada
607660,508011,20260617,20260617,20032,30021,40038,15:13:00,16:36:00,83,37,46,No,Entregada
607661,505986,20260825,20260825,20024,30001,40027,11:15:00,13:22:00,127,81,46,No,Entregada
607662,505209,20261018,20261018,20048,30029,40099,08:42:00,10:17:00,95,32,63,No,Entregada
607663,502727,20250519,20250519,20005,30010,40057,13:58:00,16:54:00,176,56,120,No,Retrasada
607664,500888,20260712,20260712,20026,30011,40044,17:56:00,20:41:00,165,72,93,No,Entregada
607665,509893,20250113,20250113,20048,30013,40029,13:06:00,15:03:00,117,76,41,No,Retrasada
607666,503815,20250327,20250327,20035,30001,40051,07:13:00,08:24:00,71,43,28,No,Entregada
607667,504697,20261212,20261212,20031,30016,40002,15:04:00,16:22:00,78,55,23,No,Entregada
607668,502061,20251229,20251229,20028,30021,40046,11:54:00,13:27:00,93,33,60,No,Entregada
607669,509161,20261009,20261009,20003,30003,40059,16:07:00,17:24:00,77,23,54,No,Entregada
607670,509515,20260115,20260115,20045,30029,40077,07:36:00,09:53:00,137,24,113,No,Entregada
607671,504385,20251107,20251107,20017,30007,40084,07:13:00,09:37:00,144,33,111,No,Retrasada
607672,504549,20261227,20261227,20032,30003,40069,17:34:00,18:52:00,78,52,26,No,Entregada
607673,501640,20250726,20250726,20048,30023,40096,09:38:00,11:37:00,119,37,82,No,Entregada
607674,505899,20250622,20250622,20028,30016,40069,12:28:00,15:09:00,161,52,109,No,Entregada
607675,508293,20250111,20250111,20003,30014,40041,08:22:00,11:35:00,193,92,101,No,Entregada
607676,507093,20251025,20251025,20032,30030,40069,16:39:00,18:14:00,95,52,43,No,Entregada
607677,502332,20260429,20260429,20037,30009,40011,16:28:00,18:33:00,125,78,47,No,Retrasada
607678,506608,20260510,20260510,20017,30016,40059,07:21:00,08:58:00,97,23,74,No,Retrasada
607679,504786,20251007,20251007,20032,30014,40035,14:44:00,16:34:00,110,107,3,Sí,Entregada
607680,504194,20260907,20260907,20022,30009,40054,12:01:00,14:34:00,153,82,71,No,Retrasada
607681,509829,20260428,20260428,20002,30001,40034,11:26:00,13:01:00,95,37,58,No,Retrasada
607682,507226,20261021,20261021,20024,30027,40009,13:34:00,14:44:00,70,40,30,No,Entregada
607683,504760,20250527,20250527,20011,30002,40018,11:05:00,14:24:00,199,80,119,No,Entregada
607684,504372,20260528,20260528,20026,30006,40018,07:37:00,09:52:00,135,80,55,No,Entregada
607685,502517,20251222,20251222,20041,30011,40035,07:20:00,11:03:00,223,107,116,No,Entregada
607686,500847,20261201,20261201,20041,30019,40069,17:05:00,19:46:00,161,52,109,No,Entregada
607687,506033,20260925,20260925,20017,30005,40089,13:49:00,14:55:00,66,57,9,Sí,Entregada
607688,506758,20260719,20260719,20003,30012,40020,17:47:00,20:00:00,133,43,90,No,Retrasada
607689,509715,20251020,20251020,20042,30009,40015,07:07:00,09:53:00,166,64,102,No,Retrasada
607690,504765,20260618,20260618,20017,30014,40037,12:27:00,14:47:00,140,81,59,No,Entregada
607691,505606,20260924,20260924,20001,30023,40054,11:49:00,15:09:00,200,82,118,No,Entregada
607692,505993,20261110,20261110,20028,30011,40095,13:00:00,14:28:00,88,73,15,Sí,Retrasada
607693,506983,20260130,20260130,20003,30024,40055,16:58:00,18:28:00,90,78,12,Sí,Entregada
607694,507040,20260919,20260919,20026,30023,40073,10:38:00,13:16:00,158,83,75,No,Entregada
607695,500905,20251020,20251020,20017,30017,40018,17:20:00,19:01:00,101,80,21,No,Retrasada
607696,509477,20251220,20251220,20026,30027,40063,10:39:00,13:07:00,148,52,96,No,Entregada
607697,501629,20260512,20260512,20026,30001,40008,08:46:00,11:06:00,140,58,82,No,Entregada
607698,507391,20250315,20250315,20032,30016,40065,17:08:00,19:17:00,129,61,68,No,Entregada
607699,506405,20250413,20250413,20001,30023,40007,11:45:00,13:58:00,133,50,83,No,Entregada
607700,503397,20250331,20250331,20018,30021,40022,07:07:00,10:45:00,218,110,108,No,Entregada
607701,508540,20250703,20250703,20022,30023,40042,10:08:00,12:25:00,137,100,37,No,Retrasada
607702,505122,20260315,20260315,20001,30024,40011,08:47:00,11:25:00,158,78,80,No,Retrasada
607703,501659,20260829,20260829,20018,30019,40092,16:38:00,18:05:00,87,23,64,No,Entregada
607704,506944,20250215,20250215,20022,30017,40098,12:45:00,14:01:00,76,31,45,No,Entregada
607705,506954,20260722,20260722,20024,30016,40076,12:27:00,15:05:00,158,64,94,No,Entregada
607706,509299,20250421,20250421,20017,30015,40071,12:01:00,13:47:00,106,64,42,No,Entregada
607707,502823,20261017,20261017,20011,30002,40071,13:58:00,16:13:00,135,64,71,No,Entregada
607708,504191,20261021,20261021,20024,30015,40040,12:06:00,14:00:00,114,76,38,No,Retrasada
607709,507062,20250214,20250214,20035,30017,40071,17:32:00,18:39:00,67,64,3,Sí,Entregada
607710,509463,20260817,20260817,20047,30012,40001,08:16:00,10:20:00,124,45,79,No,Entregada
607711,502565,20261215,20261215,20018,30017,40002,09:58:00,12:16:00,138,55,83,No,Entregada
607712,501932,20260606,20260606,20001,30023,40069,11:35:00,12:31:00,56,52,4,Sí,Entregada
607713,502093,20250327,20250327,20041,30019,40072,09:43:00,11:58:00,135,112,23,No,Entregada
607714,506886,20260515,20260515,20005,30026,40090,13:17:00,14:26:00,69,36,33,No,Entregada
607715,509870,20250704,20250704,20018,30010,40032,17:37:00,20:20:00,163,55,108,No,Entregada
607716,509907,20251228,20251228,20031,30012,40099,12:09:00,14:32:00,143,32,111,No,Retrasada
607717,504604,20251106,20251106,20005,30002,40022,13:28:00,15:51:00,143,110,33,No,Entregada
607718,507238,20250625,20250625,20032,30020,40055,17:57:00,20:43:00,166,78,88,No,Entregada
607719,506505,20251002,20251002,20003,30006,40089,12:05:00,13:56:00,111,57,54,No,Entregada
607720,506187,20261217,20261217,20047,30016,40041,10:38:00,13:21:00,163,92,71,No,Entregada
607721,503423,20261017,20261017,20017,30013,40065,09:52:00,12:11:00,139,61,78,No,Entregada
607722,503888,20260502,20260502,20031,30007,40035,11:31:00,13:30:00,119,107,12,Sí,Entregada
607723,502013,20250530,20250530,20032,30016,40007,14:47:00,17:02:00,135,50,85,No,Entregada
607724,508445,20250209,20250209,20022,30010,40066,07:19:00,08:52:00,93,81,12,Sí,Entregada
607725,503469,20250626,20250626,20028,30029,40015,15:22:00,17:31:00,129,64,65,No,Entregada
607726,503334,20250205,20250205,20033,30026,40034,14:08:00,15:03:00,55,37,18,No,Entregada
607727,507454,20250519,20250519,20041,30010,40090,12:09:00,13:21:00,72,36,36,No,Retrasada
607728,504017,20250427,20250427,20007,30001,40081,07:13:00,08:52:00,99,94,5,Sí,Entregada
607729,504204,20250807,20250807,20026,30027,40071,14:18:00,15:25:00,67,64,3,Sí,Entregada
607730,502166,20250725,20250725,20032,30024,40084,11:22:00,13:37:00,135,33,102,No,Entregada
607731,506664,20250403,20250403,20003,30023,40066,10:44:00,12:07:00,83,81,2,Sí,Retrasada
607732,508405,20250806,20250806,20032,30017,40018,10:53:00,12:14:00,81,80,1,Sí,Entregada
607733,501351,20260918,20260918,20032,30027,40051,13:48:00,15:50:00,122,43,79,No,Entregada
607734,505872,20250504,20250504,20046,30015,40092,07:23:00,08:45:00,82,23,59,No,Entregada
607735,504121,20260116,20260116,20026,30029,40072,08:34:00,10:40:00,126,112,14,Sí,Retrasada
607736,502111,20260501,20260501,20017,30014,40011,08:20:00,09:51:00,91,78,13,Sí,Entregada
607737,508675,20251102,20251102,20018,30011,40065,11:35:00,12:53:00,78,61,17,No,Entregada
607738,508023,20250722,20250722,20001,30003,40040,14:44:00,17:54:00,190,76,114,No,Entregada
607739,509546,20250216,20250216,20003,30005,40021,11:55:00,15:14:00,199,120,79,No,Retrasada
607740,508350,20261231,20261231,20005,30002,40035,11:47:00,14:12:00,145,107,38,No,Entregada
607741,502208,20260313,20260313,20022,30021,40032,11:42:00,14:24:00,162,55,107,No,Entregada
607742,507575,20250923,20250923,20001,30001,40095,09:59:00,13:01:00,182,73,109,No,Entregada
607743,505330,20251025,20251025,20001,30020,40049,10:10:00,12:55:00,165,69,96,No,Entregada
607744,506467,20260718,20260718,20047,30030,40057,14:26:00,16:35:00,129,56,73,No,Retrasada
607745,500719,20250314,20250314,20035,30010,40069,15:16:00,16:24:00,68,52,16,No,Entregada
607746,509320,20260130,20260130,20017,30027,40002,15:03:00,16:46:00,103,55,48,No,Retrasada
607747,503546,20261027,20261027,20003,30005,40001,08:55:00,11:00:00,125,45,80,No,Entregada
607748,501105,20251224,20251224,20041,30027,40020,08:37:00,09:42:00,65,43,22,No,Entregada
607749,509756,20250616,20250616,20032,30001,40099,13:46:00,15:29:00,103,32,71,No,Entregada
607750,501877,20260623,20260623,20033,30015,40009,09:27:00,11:03:00,96,40,56,No,Entregada
607751,508848,20250405,20250405,20005,30029,40086,15:14:00,18:22:00,188,103,85,No,Entregada
607752,509731,20260107,20260107,20018,30017,40096,07:22:00,08:50:00,88,37,51,No,Entregada
607753,507528,20250812,20250812,20018,30010,40019,16:38:00,19:53:00,195,91,104,No,Entregada
607754,506488,20260606,20260606,20018,30007,40055,16:17:00,18:08:00,111,78,33,No,Entregada
607755,500271,20250207,20250207,20018,30014,40051,17:58:00,20:01:00,123,43,80,No,Entregada
607756,505694,20251123,20251123,20026,30019,40035,07:14:00,10:34:00,200,107,93,No,Retrasada
607757,508728,20250514,20250514,20022,30006,40042,08:17:00,11:57:00,220,100,120,No,Entregada
607758,501112,20260313,20260313,20028,30016,40003,11:00:00,12:47:00,107,42,65,No,Entregada
607759,505700,20250513,20250513,20048,30011,40066,14:33:00,16:11:00,98,81,17,No,Retrasada
607760,508695,20260905,20260905,20045,30015,40055,11:36:00,13:52:00,136,78,58,No,Entregada
607761,500642,20260417,20260417,20031,30009,40002,14:55:00,16:29:00,94,55,39,No,Entregada
607762,509290,20250408,20250408,20003,30011,40015,15:33:00,17:03:00,90,64,26,No,Retrasada
607763,501313,20251017,20251017,20047,30024,40086,14:43:00,18:02:00,199,103,96,No,Entregada
607764,504884,20250327,20250327,20003,30026,40034,13:02:00,14:17:00,75,37,38,No,Entregada
607765,503420,20250324,20250324,20028,30017,40062,15:44:00,18:50:00,186,76,110,No,Entregada
607766,507047,20260801,20260801,20001,30021,40051,10:13:00,11:51:00,98,43,55,No,Entregada
607767,508513,20250412,20250412,20048,30002,40078,07:55:00,10:36:00,161,84,77,No,Entregada
607768,506393,20260828,20260828,20033,30010,40040,15:08:00,18:05:00,177,76,101,No,Entregada
607769,501983,20260303,20260303,20005,30003,40022,16:42:00,18:59:00,137,110,27,No,Entregada
607770,503524,20260821,20260821,20031,30016,40038,10:03:00,12:01:00,118,37,81,No,Entregada
607771,507544,20260724,20260724,20045,30003,40063,13:14:00,14:46:00,92,52,40,No,Entregada
607772,503471,20250704,20250704,20037,30026,40058,07:40:00,10:52:00,192,93,99,No,Entregada
607773,507859,20251118,20251118,20033,30021,40032,11:19:00,13:53:00,154,55,99,No,Entregada
607774,501030,20250618,20250618,20026,30005,40038,08:23:00,09:56:00,93,37,56,No,Entregada
607775,507373,20250313,20250313,20028,30023,40078,14:19:00,16:28:00,129,84,45,No,Entregada
607776,504630,20250827,20250827,20028,30019,40089,15:38:00,17:05:00,87,57,30,No,Entregada
607777,503115,20251101,20251101,20049,30009,40065,14:17:00,16:47:00,150,61,89,No,Retrasada
607778,505825,20250808,20250808,20017,30013,40054,10:02:00,11:31:00,89,82,7,Sí,Entregada
607779,509082,20250403,20250403,20046,30015,40069,09:51:00,11:51:00,120,52,68,No,Entregada
607780,503951,20261029,20261029,20003,30003,40076,16:49:00,18:05:00,76,64,12,Sí,Entregada
607781,508900,20260623,20260623,20017,30021,40059,15:58:00,16:52:00,54,23,31,No,Entregada
607782,506167,20250319,20250319,20032,30012,40095,11:40:00,14:52:00,192,73,119,No,Retrasada
607783,507508,20260131,20260131,20005,30023,40010,11:36:00,13:42:00,126,75,51,No,Entregada
607784,500264,20250721,20250721,20018,30001,40059,11:54:00,12:34:00,40,23,17,No,Entregada
607785,507904,20250831,20250831,20017,30019,40086,07:52:00,09:49:00,117,103,14,Sí,Entregada
607786,503944,20251125,20251125,20003,30006,40082,14:11:00,16:02:00,111,74,37,No,Retrasada
607787,507784,20250711,20250711,20031,30014,40055,08:11:00,10:20:00,129,78,51,No,Entregada
607788,509011,20250607,20250607,20022,30010,40071,14:48:00,16:19:00,91,64,27,No,Entregada
607789,502877,20250125,20250125,20045,30017,40051,16:06:00,17:04:00,58,43,15,Sí,Retrasada
607790,504522,20260706,20260706,20047,30030,40037,10:20:00,11:57:00,97,81,16,No,Retrasada
607791,507423,20260222,20260222,20018,30019,40051,17:10:00,19:53:00,163,43,120,No,Entregada
607792,505677,20250406,20250406,20017,30015,40060,14:45:00,16:42:00,117,66,51,No,Entregada
607793,508102,20260907,20260907,20024,30017,40003,16:54:00,17:47:00,53,42,11,Sí,Entregada
607794,505726,20250311,20250311,20032,30011,40090,13:18:00,14:41:00,83,36,47,No,Entregada
607795,507306,20261020,20261020,20001,30005,40047,09:56:00,12:32:00,156,37,119,No,Entregada
607796,500499,20251011,20251011,20032,30016,40001,08:18:00,09:54:00,96,45,51,No,Entregada
607797,508488,20260826,20260826,20022,30029,40094,16:35:00,16:59:00,24,24,0,Sí,Entregada
607798,507095,20260315,20260315,20024,30001,40032,10:33:00,11:35:00,62,55,7,Sí,Entregada
607799,506637,20260718,20260718,20028,30014,40077,14:29:00,15:17:00,48,24,24,No,Entregada
607800,509102,20251028,20251028,20048,30013,40046,14:36:00,17:03:00,147,33,114,No,Entregada
607801,501890,20260822,20260822,20022,30010,40059,10:17:00,11:56:00,99,23,76,No,Entregada
607802,503425,20260917,20260917,20033,30029,40066,14:16:00,17:10:00,174,81,93,No,Entregada
607803,502553,20260221,20260221,20033,30013,40041,13:17:00,15:03:00,106,92,14,Sí,Entregada
607804,506624,20260420,20260420,20017,30014,40011,08:43:00,11:15:00,152,78,74,No,Retrasada
607805,506900,20251124,20251124,20048,30006,40062,17:26:00,19:19:00,113,76,37,No,Entregada
607806,503263,20250210,20250210,20028,30024,40089,07:38:00,10:26:00,168,57,111,No,Retrasada
607807,500082,20251209,20251209,20001,30010,40062,13:03:00,15:32:00,149,76,73,No,Entregada
607808,504937,20260221,20260221,20017,30017,40014,09:14:00,10:19:00,65,49,16,No,Entregada
607809,502598,20260505,20260505,20022,30003,40034,10:51:00,13:25:00,154,37,117,No,Retrasada
607810,506661,20260302,20260302,20029,30009,40014,07:46:00,09:13:00,87,49,38,No,Entregada
607811,509067,20250220,20250220,20048,30027,40081,08:34:00,10:43:00,129,94,35,No,Retrasada
607812,500632,20250406,20250406,20018,30019,40046,13:00:00,15:01:00,121,33,88,No,Entregada
607813,500485,20260417,20260417,20026,30005,40066,09:25:00,10:58:00,93,81,12,Sí,Entregada
607814,507975,20250204,20250204,20028,30019,40055,13:07:00,14:45:00,98,78,20,No,Entregada
607815,506147,20250515,20250515,20028,30014,40076,10:47:00,12:55:00,128,64,64,No,Entregada
607816,508007,20260601,20260601,20047,30010,40044,15:39:00,18:44:00,185,72,113,No,Entregada
607817,505074,20250320,20250320,20046,30024,40029,16:14:00,19:25:00,191,76,115,No,Entregada
607818,506183,20260626,20260626,20022,30021,40046,10:00:00,12:28:00,148,33,115,No,Entregada
607819,501372,20260329,20260329,20047,30011,40021,16:56:00,20:52:00,236,120,116,No,Entregada
607820,501121,20251029,20251029,20028,30007,40062,15:54:00,17:36:00,102,76,26,No,Entregada
607821,500433,20260204,20260204,20001,30024,40089,14:14:00,17:05:00,171,57,114,No,Entregada
607822,508646,20260929,20260929,20046,30020,40096,08:38:00,09:57:00,79,37,42,No,Entregada
607823,508111,20261210,20261210,20041,30027,40014,13:11:00,15:43:00,152,49,103,No,Entregada
607824,501294,20250226,20250226,20033,30021,40027,13:01:00,15:12:00,131,81,50,No,Entregada
607825,501622,20261212,20261212,20032,30003,40039,14:32:00,17:36:00,184,73,111,No,Entregada
607826,504833,20260629,20260629,20047,30017,40059,09:48:00,12:06:00,138,23,115,No,Entregada
607827,509614,20261222,20261222,20026,30020,40090,09:18:00,11:05:00,107,36,71,No,Entregada
607828,505770,20251129,20251129,20032,30014,40019,10:50:00,13:40:00,170,91,79,No,Entregada
607829,504234,20260603,20260603,20042,30009,40029,11:12:00,14:18:00,186,76,110,No,Entregada
607830,506212,20261003,20261003,20017,30013,40092,14:15:00,16:02:00,107,23,84,No,Entregada
607831,508074,20250309,20250309,20024,30013,40096,16:20:00,17:19:00,59,37,22,No,Entregada
607832,501265,20260216,20260216,20045,30002,40059,12:02:00,13:02:00,60,23,37,No,Entregada
607833,502497,20260709,20260709,20022,30029,40095,11:22:00,13:46:00,144,73,71,No,Entregada
607834,505466,20251007,20251007,20032,30024,40035,10:41:00,13:33:00,172,107,65,No,Entregada
607835,500215,20251126,20251126,20026,30002,40042,08:01:00,10:57:00,176,100,76,No,Entregada
607836,507167,20251221,20251221,20003,30011,40066,09:36:00,12:23:00,167,81,86,No,Entregada
607837,508656,20251108,20251108,20017,30020,40077,09:04:00,10:05:00,61,24,37,No,Retrasada
607838,508247,20261221,20261221,20048,30021,40027,09:40:00,12:41:00,181,81,100,No,Entregada
607839,506059,20250821,20250821,20028,30027,40032,17:25:00,18:48:00,83,55,28,No,Entregada
607840,501897,20260521,20260521,20022,30015,40007,15:54:00,18:02:00,128,50,78,No,Entregada
607841,504887,20260930,20260930,20047,30010,40032,09:10:00,11:50:00,160,55,105,No,Entregada
607842,506599,20260425,20260425,20041,30012,40002,07:01:00,09:36:00,155,55,100,No,Retrasada
607843,503321,20251220,20251220,20047,30029,40042,13:08:00,16:32:00,204,100,104,No,Entregada
607844,504391,20260415,20260415,20028,30030,40046,08:47:00,10:09:00,82,33,49,No,Entregada
607845,501304,20260421,20260421,20024,30023,40065,09:59:00,11:19:00,80,61,19,No,Retrasada
607846,503905,20260608,20260608,20032,30002,40049,11:52:00,14:25:00,153,69,84,No,Retrasada
607847,509516,20250120,20250120,20001,30003,40020,09:54:00,11:48:00,114,43,71,No,Entregada
607848,505014,20250830,20250830,20017,30007,40047,14:23:00,16:38:00,135,37,98,No,Entregada
607849,502000,20251217,20251217,20024,30017,40057,14:07:00,15:47:00,100,56,44,No,Retrasada
607850,502463,20250402,20250402,20031,30027,40029,17:57:00,20:35:00,158,76,82,No,Entregada
607851,504011,20261112,20261112,20024,30027,40044,08:04:00,11:15:00,191,72,119,No,Entregada
607852,507996,20260519,20260519,20031,30001,40044,13:30:00,15:06:00,96,72,24,No,Entregada
607853,500045,20250606,20250606,20026,30002,40006,17:17:00,19:10:00,113,70,43,No,Entregada
607854,505101,20250530,20250530,20022,30010,40009,08:46:00,09:54:00,68,40,28,No,Entregada
607855,500991,20260903,20260903,20017,30007,40076,17:58:00,19:37:00,99,64,35,No,Retrasada
607856,503248,20250228,20250228,20047,30029,40014,09:38:00,10:32:00,54,49,5,Sí,Entregada
607857,509572,20250509,20250509,20003,30017,40054,14:47:00,16:17:00,90,82,8,Sí,Entregada
607858,501870,20260105,20260105,20048,30027,40073,09:34:00,12:10:00,156,83,73,No,Entregada
607859,508930,20251001,20251001,20037,30024,40095,11:56:00,13:21:00,85,73,12,Sí,Entregada
607860,506932,20260302,20260302,20035,30020,40071,15:17:00,17:26:00,129,64,65,No,Entregada
607861,507850,20260615,20260615,20018,30007,40018,11:04:00,13:48:00,164,80,84,No,Entregada
607862,501726,20260614,20260614,20041,30007,40095,13:01:00,14:57:00,116,73,43,No,Retrasada
607863,508857,20251008,20251008,20024,30011,40081,15:40:00,18:51:00,191,94,97,No,Entregada
607864,503320,20261025,20261025,20003,30024,40063,12:11:00,13:04:00,53,52,1,Sí,Retrasada
607865,509457,20250730,20250730,20045,30024,40052,11:37:00,13:01:00,84,55,29,No,Entregada
607866,503591,20260209,20260209,20045,30020,40099,16:52:00,19:13:00,141,32,109,No,Entregada
607867,502570,20250321,20250321,20032,30017,40055,15:44:00,18:41:00,177,78,99,No,Entregada
607868,500312,20260211,20260211,20048,30014,40009,07:15:00,09:05:00,110,40,70,No,Retrasada
607869,502596,20250325,20250325,20024,30024,40065,07:44:00,10:21:00,157,61,96,No,Retrasada
607870,502992,20251126,20251126,20048,30005,40021,17:50:00,20:54:00,184,120,64,No,Entregada
607871,500760,20251109,20251109,20024,30016,40099,09:27:00,11:08:00,101,32,69,No,Entregada
607872,503092,20250419,20250419,20037,30003,40028,10:55:00,14:28:00,213,115,98,No,Entregada
607873,506811,20250307,20250307,20035,30026,40055,17:12:00,19:32:00,140,78,62,No,Entregada
607874,507946,20250302,20250302,20018,30007,40014,14:53:00,17:26:00,153,49,104,No,Entregada
607875,503678,20250402,20250402,20026,30027,40086,14:25:00,16:19:00,114,103,11,Sí,Entregada
607876,507759,20260920,20260920,20045,30006,40066,10:39:00,13:33:00,174,81,93,No,Retrasada
607877,500822,20260518,20260518,20028,30010,40040,14:21:00,17:07:00,166,76,90,No,Entregada
607878,504946,20251221,20251221,20047,30002,40071,07:27:00,08:35:00,68,64,4,Sí,Entregada
607879,504517,20251006,20251006,20028,30017,40062,14:54:00,16:35:00,101,76,25,No,Entregada
607880,504074,20250503,20250503,20024,30014,40013,12:04:00,15:26:00,202,87,115,No,Entregada
607881,501931,20250731,20250731,20047,30012,40069,13:44:00,16:21:00,157,52,105,No,Retrasada
607882,508772,20250506,20250506,20001,30017,40019,15:21:00,16:52:00,91,91,0,Sí,Entregada
607883,501612,20250304,20250304,20022,30026,40066,10:59:00,13:51:00,172,81,91,No,Entregada
607884,509747,20260916,20260916,20003,30029,40009,12:36:00,14:13:00,97,40,57,No,Entregada
607885,502392,20250428,20250428,20005,30029,40038,13:48:00,14:50:00,62,37,25,No,Entregada
607886,505898,20250615,20250615,20003,30030,40085,10:36:00,12:33:00,117,41,76,No,Entregada
607887,503822,20260307,20260307,20041,30007,40092,07:22:00,08:56:00,94,23,71,No,Entregada
607888,503478,20250102,20250102,20033,30005,40003,12:09:00,14:46:00,157,42,115,No,Retrasada
607889,508932,20250425,20250425,20022,30015,40052,11:26:00,13:47:00,141,55,86,No,Entregada
607890,500251,20260120,20260120,20016,30002,40047,17:45:00,18:52:00,67,37,30,No,Entregada
607891,502273,20260326,20260326,20024,30011,40077,12:32:00,13:06:00,34,24,10,Sí,Entregada
607892,501239,20260428,20260428,20018,30023,40059,14:29:00,15:03:00,34,23,11,Sí,Entregada
607893,503494,20250518,20250518,20018,30013,40011,17:10:00,19:20:00,130,78,52,No,Entregada
607894,509632,20250330,20250330,20033,30001,40009,07:35:00,10:13:00,158,40,118,No,Entregada
607895,502578,20260814,20260814,20032,30001,40076,07:27:00,08:47:00,80,64,16,No,Entregada
607896,509891,20250217,20250217,20046,30023,40066,13:45:00,16:37:00,172,81,91,No,Entregada
607897,503250,20261026,20261026,20047,30002,40054,11:30:00,14:33:00,183,82,101,No,Entregada
607898,501380,20260122,20260122,20031,30029,40098,17:50:00,19:56:00,126,31,95,No,Entregada
607899,500609,20250119,20250119,20032,30005,40077,15:30:00,16:17:00,47,24,23,No,Entregada
607900,509740,20260411,20260411,20047,30017,40013,11:45:00,14:18:00,153,87,66,No,Entregada
607901,503697,20260901,20260901,20033,30023,40066,12:16:00,14:46:00,150,81,69,No,Entregada
607902,506124,20250501,20250501,20003,30009,40005,11:56:00,14:01:00,125,48,77,No,Entregada
607903,508051,20250921,20250921,20046,30003,40032,12:06:00,14:22:00,136,55,81,No,Entregada
607904,505237,20260110,20260110,20017,30016,40038,12:50:00,14:10:00,80,37,43,No,Entregada
607905,504289,20260208,20260208,20032,30020,40004,15:11:00,16:23:00,72,60,12,Sí,Entregada
607906,505774,20250928,20250928,20018,30016,40086,16:53:00,18:47:00,114,103,11,Sí,Entregada
607907,501507,20250103,20250103,20003,30024,40015,15:16:00,16:28:00,72,64,8,Sí,Entregada
607908,508085,20260210,20260210,20032,30007,40093,16:19:00,18:22:00,123,39,84,No,Entregada
607909,506386,20260708,20260708,20048,30023,40038,14:19:00,15:44:00,85,37,48,No,Retrasada
607910,506706,20250222,20250222,20035,30017,40078,08:47:00,10:50:00,123,84,39,No,Entregada
607911,503089,20261127,20261127,20003,30015,40011,11:14:00,14:28:00,194,78,116,No,Entregada
607912,508741,20250415,20250415,20041,30017,40040,07:22:00,09:10:00,108,76,32,No,Entregada
607913,509554,20251123,20251123,20032,30027,40047,16:25:00,18:18:00,113,37,76,No,Retrasada
607914,507087,20260330,20260330,20028,30027,40018,07:48:00,10:00:00,132,80,52,No,Entregada
607915,503030,20250516,20250516,20028,30020,40035,16:49:00,19:53:00,184,107,77,No,Entregada
607916,500983,20260918,20260918,20017,30019,40057,12:57:00,15:12:00,135,56,79,No,Retrasada
607917,509412,20261212,20261212,20048,30012,40032,12:58:00,14:52:00,114,55,59,No,Entregada
607918,502122,20250910,20250910,20032,30013,40062,12:45:00,15:30:00,165,76,89,No,Entregada
607919,500169,20250217,20250217,20026,30007,40065,13:55:00,16:00:00,125,61,64,No,Entregada
607920,509867,20250323,20250323,20048,30005,40063,14:42:00,17:34:00,172,52,120,No,Entregada
607921,503714,20261015,20261015,20003,30013,40018,09:25:00,12:40:00,195,80,115,No,Entregada
607922,504036,20260208,20260208,20024,30011,40051,17:52:00,20:08:00,136,43,93,No,Entregada
607923,504371,20260914,20260914,20028,30010,40003,11:45:00,12:50:00,65,42,23,No,Entregada
607924,507845,20250119,20250119,20041,30020,40007,08:50:00,09:41:00,51,50,1,Sí,Entregada
607925,507044,20260321,20260321,20041,30024,40076,07:49:00,10:40:00,171,64,107,No,Retrasada
607926,505620,20260823,20260823,20045,30026,40021,09:13:00,11:26:00,133,120,13,Sí,Entregada
607927,506732,20260121,20260121,20024,30027,40076,16:55:00,19:14:00,139,64,75,No,Entregada
607928,500598,20260922,20260922,20045,30023,40032,11:45:00,14:06:00,141,55,86,No,Entregada
607929,507888,20250911,20250911,20032,30021,40046,12:13:00,13:23:00,70,33,37,No,Entregada
607930,507233,20250812,20250812,20022,30024,40015,11:56:00,14:33:00,157,64,93,No,Retrasada
607931,503935,20250404,20250404,20028,30019,40020,16:28:00,18:44:00,136,43,93,No,Entregada
607932,504798,20250219,20250219,20024,30019,40065,15:16:00,16:52:00,96,61,35,No,Retrasada
607933,506557,20250226,20250226,20041,30006,40096,07:15:00,09:29:00,134,37,97,No,Entregada
607934,506600,20250521,20250521,20024,30011,40015,08:17:00,10:48:00,151,64,87,No,Entregada
607935,506808,20250826,20250826,20028,30010,40018,08:11:00,11:00:00,169,80,89,No,Entregada
607936,501101,20260814,20260814,20018,30016,40015,11:46:00,13:03:00,77,64,13,Sí,Entregada
607937,509580,20250715,20250715,20026,30002,40087,08:07:00,11:05:00,178,113,65,No,Retrasada
607938,509150,20261219,20261219,20031,30011,40008,07:54:00,09:56:00,122,58,64,No,Entregada
