combustible_id,vehiculo_id,fecha_id,litros_cargados,precio_litro,costo_total,kilometraje_actual,tipo_combustible,estacion_carga
700001,30001,20250108,36.4,1017,37019,46243,Diesel,Shell Maipú
700002,30001,20250208,45.6,915,41724,46445,Diesel,Copec Santiago
700003,30001,20250210,41.7,921,38406,46632,Diesel,Copec Santiago
700004,30001,20250223,32.0,1008,32256,46881,Diesel,Copec San Bernardo
700005,30001,20250316,30.0,1049,31470,47274,Diesel,Copec Maipú
700006,30001,20250328,48.4,965,46706,47687,Diesel,Copec Maipú
700007,30001,20250401,44.0,907,39908,47845,Diesel,Petrobras Santiago
700008,30001,20250402,46.0,1018,46828,48215,Diesel,Copec Santiago
700009,30001,20250405,48.0,989,47472,48678,Diesel,Copec Santiago
700010,30001,20250409,53.8,968,52078,49084,Diesel,Shell Quilicura
700011,30001,20250411,63.0,984,61992,49571,Diesel,Shell Quilicura
700012,30001,20250412,30.6,935,28611,49935,Diesel,Petrobras Santiago
700013,30001,20250413,53.9,991,53415,50401,Diesel,Shell Providencia
700014,30001,20250417,61.8,939,58030,50535,Diesel,Petrobras Santiago
700015,30001,20250426,44.9,931,41802,50636,Diesel,Petrobras Santiago
700016,30001,20250507,31.1,1026,31909,51045,Diesel,Petrobras Santiago
700017,30001,20250511,43.8,1039,45508,51306,Diesel,Shell Providencia
700018,30001,20250520,41.4,986,40820,51709,Diesel,Petrobras Santiago
700019,30001,20250604,41.4,958,39661,51998,Diesel,Shell Quilicura
700020,30001,20250606,59.0,954,56286,52464,Diesel,Petrobras Santiago
700021,30001,20250608,49.0,921,45129,52751,Diesel,Shell Providencia
700022,30001,20250614,32.6,1048,34165,53151,Diesel,Copec Maipú
700023,30001,20250629,30.2,1022,30864,53386,Diesel,Copec Maipú
700024,30001,20250710,55.5,1016,56388,53877,Diesel,Shell Maipú
700025,30001,20250716,52.8,1037,54754,54207,Diesel,Copec Maipú
700026,30001,20250718,45.7,914,41770,54634,Diesel,Shell Providencia
700027,30001,20250723,53.4,1000,53400,55140,Diesel,Petrobras Santiago
700028,30001,20250724,39.6,984,38966,55599,Diesel,Copec Santiago
700029,30001,20250726,64.0,1027,65728,55799,Diesel,Shell Maipú
700030,30001,20250731,38.3,938,35925,56116,Diesel,Copec Santiago
700031,30001,20250825,54.9,917,50343,56608,Diesel,Petrobras Santiago
700032,30001,20250826,31.1,995,30944,56886,Diesel,Petrobras Santiago
700033,30001,20250927,54.3,921,50010,57081,Diesel,Shell Providencia
700034,30001,20250928,48.9,930,45477,57417,Diesel,Shell Maipú
700035,30001,20250930,51.0,1004,51204,57676,Diesel,Petrobras Santiago
700036,30001,20251004,51.9,944,48994,57841,Diesel,Shell Maipú
700037,30001,20251009,46.0,933,42918,58074,Diesel,Petrobras Santiago
700038,30001,20251022,60.9,949,57794,58459,Diesel,Shell Providencia
700039,30001,20251031,42.5,1036,44030,58906,Diesel,Copec Maipú
700040,30001,20251113,52.7,900,47430,59382,Diesel,Shell Maipú
700041,30001,20251117,40.7,925,37648,59714,Diesel,Copec Santiago
700042,30001,20251118,47.0,1004,47188,59950,Diesel,Shell Quilicura
700043,30001,20251122,38.5,925,35612,60221,Diesel,Copec Maipú
700044,30001,20251127,42.7,1046,44664,60500,Diesel,Petrobras Santiago
700045,30001,20251130,38.8,975,37830,60867,Diesel,Copec Maipú
700046,30001,20251206,40.0,906,36240,61067,Diesel,Copec Maipú
700047,30001,20251218,47.6,908,43221,61168,Diesel,Shell Maipú
700048,30001,20251220,61.8,936,57845,61491,Diesel,Shell Quilicura
700049,30001,20251221,47.1,1048,49361,61643,Diesel,Shell Providencia
700050,30001,20251223,32.8,955,31324,62066,Diesel,Copec Maipú
700051,30001,20251224,58.1,971,56415,62420,Diesel,Shell Quilicura
700052,30001,20251231,44.0,1022,44968,62717,Diesel,Copec Maipú
700053,30001,20260113,41.2,928,38234,63017,Diesel,Shell Maipú
700054,30001,20260125,50.7,1002,50801,63375,Diesel,Copec Santiago
700055,30001,20260127,47.9,934,44739,63820,Diesel,Shell Providencia
700056,30001,20260131,62.9,960,60384,64227,Diesel,Shell Providencia
700057,30001,20260205,59.3,1001,59359,64664,Diesel,Copec Maipú
700058,30001,20260226,62.4,1032,64397,65197,Diesel,Copec Santiago
700059,30001,20260227,53.1,1023,54321,65559,Diesel,Copec Maipú
700060,30001,20260309,39.1,1049,41016,65718,Diesel,Copec San Bernardo
700061,30001,20260312,49.5,1032,51084,65957,Diesel,Shell Providencia
700062,30001,20260316,39.8,1005,39999,66065,Diesel,Copec Santiago
700063,30001,20260327,61.0,1017,62037,66568,Diesel,Petrobras Santiago
700064,30001,20260414,62.7,1018,63829,66742,Diesel,Petrobras Santiago
700065,30001,20260416,30.3,915,27724,67095,Diesel,Copec Santiago
700066,30001,20260502,30.2,924,27905,67347,Diesel,Shell Quilicura
700067,30001,20260505,54.2,998,54092,67640,Diesel,Copec Maipú
700068,30001,20260509,30.6,974,29804,67900,Diesel,Petrobras Santiago
700069,30001,20260521,56.0,1008,56448,68383,Diesel,Copec Maipú
700070,30001,20260605,33.3,955,31801,68658,Diesel,Shell Providencia
700071,30001,20260610,38.5,1046,40271,68779,Diesel,Shell Maipú
700072,30001,20260711,61.2,995,60894,68929,Diesel,Shell Quilicura
700073,30001,20260712,47.6,987,46981,69305,Diesel,Copec Maipú
700074,30001,20260716,47.5,986,46835,69721,Diesel,Copec Maipú
700075,30001,20260719,64.8,970,62856,69837,Diesel,Copec San Bernardo
700076,30001,20260720,60.9,1012,61631,70309,Diesel,Shell Maipú
700077,30001,20260727,41.6,983,40893,70688,Diesel,Shell Providencia
700078,30001,20260728,64.3,911,58577,70886,Diesel,Shell Maipú
700079,30001,20260801,59.8,948,56690,71401,Diesel,Shell Quilicura
700080,30001,20260805,43.8,1027,44983,71781,Diesel,Copec Santiago
700081,30001,20260808,32.5,931,30258,72240,Diesel,Shell Providencia
700082,30001,20260809,42.6,938,39959,72681,Diesel,Shell Quilicura
700083,30001,20260818,41.3,1027,42415,73166,Diesel,Copec Maipú
700084,30001,20260916,54.8,983,53868,73564,Diesel,Shell Quilicura
700085,30001,20261001,44.7,938,41929,73910,Diesel,Shell Maipú
700086,30001,20261007,47.9,975,46702,74325,Diesel,Shell Maipú
700087,30001,20261012,52.7,1005,52964,74444,Diesel,Copec San Bernardo
700088,30001,20261025,41.8,956,39961,74914,Diesel,Shell Quilicura
700089,30001,20261030,50.2,905,45431,75301,Diesel,Copec Maipú
700090,30001,20261109,49.0,943,46207,75586,Diesel,Shell Quilicura
700091,30001,20261113,31.1,906,28177,75743,Diesel,Copec San Bernardo
700092,30001,20261120,42.6,919,39149,76113,Diesel,Copec Maipú
700093,30001,20261121,56.9,932,53031,76476,Diesel,Shell Maipú
700094,30001,20261130,33.0,908,29964,76678,Diesel,Petrobras Santiago
700095,30001,20261204,48.9,996,48704,77127,Diesel,Petrobras Santiago
700096,30001,20261208,64.2,977,62723,77370,Diesel,Copec San Bernardo
700097,30001,20261215,57.8,941,54390,77616,Diesel,Petrobras Santiago
700098,30001,20261221,32.7,904,29561,77773,Diesel,Shell Maipú
700099,30001,20261227,59.3,1004,59537,78190,Diesel,Shell Maipú
700100,30001,20261229,36.1,923,33320,78418,Diesel,Shell Quilicura
700101,30002,20250109,33.3,927,30869,76400,Diesel,Shell Maipú
700102,30002,20250114,52.3,978,51149,76872,Diesel,Shell Providencia
700103,30002,20250201,51.4,963,49498,77040,Diesel,Petrobras Santiago
700104,30002,20250202,42.5,1014,43095,77293,Diesel,Copec Maipú
700105,30002,20250204,34.1,907,30929,77677,Diesel,Copec Maipú
700106,30002,20250208,59.9,1006,60259,77870,Diesel,Petrobras Santiago
700107,30002,20250218,33.4,974,32532,78369,Diesel,Shell Providencia
700108,30002,20250306,36.1,965,34836,78568,Diesel,Shell Providencia
700109,30002,20250327,51.6,995,51342,78917,Diesel,Shell Quilicura
700110,30002,20250401,43.1,994,42841,79196,Diesel,Shell Quilicura
700111,30002,20250413,60.0,999,59940,79391,Diesel,Petrobras Santiago
700112,30002,20250414,32.5,996,32370,79506,Diesel,Copec Maipú
700113,30002,20250502,52.3,1020,53346,79989,Diesel,Petrobras Santiago
700114,30002,20250511,50.1,919,46042,80266,Diesel,Shell Maipú
700115,30002,20250514,58.7,994,58348,80544,Diesel,Copec Maipú
700116,30002,20250516,52.8,931,49157,81060,Diesel,Shell Maipú
700117,30002,20250517,37.5,957,35888,81556,Diesel,Shell Maipú
700118,30002,20250524,53.9,911,49103,81897,Diesel,Shell Maipú
700119,30002,20250603,53.9,951,51259,82406,Diesel,Copec Santiago
700120,30002,20250606,47.4,1004,47590,82610,Diesel,Shell Quilicura
700121,30002,20250611,60.7,1010,61307,82784,Diesel,Shell Maipú
700122,30002,20250627,49.2,964,47429,83132,Diesel,Copec Santiago
700123,30002,20250707,55.6,919,51096,83408,Diesel,Copec Maipú
700124,30002,20250708,41.9,1040,43576,83603,Diesel,Shell Maipú
700125,30002,20250715,45.0,1013,45585,83970,Diesel,Copec Maipú
700126,30002,20250723,33.6,1035,34776,84424,Diesel,Copec San Bernardo
700127,30002,20250731,58.9,948,55837,84607,Diesel,Copec Santiago
700128,30002,20250802,43.6,902,39327,84725,Diesel,Copec Maipú
700129,30002,20250804,33.2,948,31474,85227,Diesel,Copec San Bernardo
700130,30002,20250805,63.3,986,62414,85549,Diesel,Shell Providencia
700131,30002,20250812,45.7,944,43141,85792,Diesel,Copec Maipú
700132,30002,20250814,53.5,1013,54196,86327,Diesel,Shell Providencia
700133,30002,20250815,57.6,914,52646,86570,Diesel,Shell Quilicura
700134,30002,20250818,32.0,982,31424,86855,Diesel,Shell Maipú
700135,30002,20250826,61.1,953,58228,87117,Diesel,Shell Quilicura
700136,30002,20250907,35.0,1014,35490,87455,Diesel,Petrobras Santiago
700137,30002,20250908,33.5,913,30586,87955,Diesel,Shell Maipú
700138,30002,20250912,32.5,1023,33248,88222,Diesel,Shell Quilicura
700139,30002,20250913,32.8,913,29946,88515,Diesel,Copec Santiago
700140,30002,20250929,43.1,956,41204,88750,Diesel,Petrobras Santiago
700141,30002,20250930,63.2,1048,66234,88994,Diesel,Petrobras Santiago
700142,30002,20251005,43.2,913,39442,89385,Diesel,Shell Maipú
700143,30002,20251026,49.5,964,47718,89848,Diesel,Shell Quilicura
700144,30002,20251111,33.9,974,33019,89966,Diesel,Shell Maipú
700145,30002,20251118,46.4,908,42131,90307,Diesel,Petrobras Santiago
700146,30002,20251204,58.8,1012,59506,90723,Diesel,Copec Santiago
700147,30002,20251214,63.7,956,60897,91170,Diesel,Copec Maipú
700148,30002,20251217,60.4,934,56414,91678,Diesel,Copec San Bernardo
700149,30002,20251227,30.4,1045,31768,91835,Diesel,Shell Maipú
700150,30002,20251228,61.2,979,59915,92237,Diesel,Copec Santiago
700151,30002,20251229,32.6,983,32046,92588,Diesel,Petrobras Santiago
700152,30002,20260114,48.3,994,48010,93128,Diesel,Copec San Bernardo
700153,30002,20260119,45.9,994,45625,93370,Diesel,Copec San Bernardo
700154,30002,20260215,61.5,907,55780,93728,Diesel,Petrobras Santiago
700155,30002,20260220,63.3,1034,65452,94157,Diesel,Petrobras Santiago
700156,30002,20260303,51.7,942,48701,94664,Diesel,Petrobras Santiago
700157,30002,20260304,46.2,953,44029,94927,Diesel,Shell Quilicura
700158,30002,20260309,32.7,1046,34204,95054,Diesel,Copec Santiago
700159,30002,20260315,48.8,946,46165,95600,Diesel,Petrobras Santiago
700160,30002,20260320,39.5,920,36340,95919,Diesel,Copec Santiago
700161,30002,20260325,62.9,962,60510,96271,Diesel,Shell Maipú
700162,30002,20260329,62.2,912,56726,96673,Diesel,Copec San Bernardo
700163,30002,20260330,49.3,925,45602,97014,Diesel,Copec Maipú
700164,30002,20260402,58.4,1048,61203,97487,Diesel,Copec Maipú
700165,30002,20260405,50.8,957,48616,97853,Diesel,Copec San Bernardo
700166,30002,20260408,59.5,1026,61047,98267,Diesel,Shell Quilicura
700167,30002,20260410,44.5,941,41874,98471,Diesel,Shell Providencia
700168,30002,20260413,54.2,980,53116,98576,Diesel,Shell Maipú
700169,30002,20260423,62.0,988,61256,99033,Diesel,Shell Maipú
700170,30002,20260424,56.5,957,54070,99297,Diesel,Shell Maipú
700171,30002,20260426,37.2,938,34894,99474,Diesel,Shell Maipú
700172,30002,20260509,37.3,1032,38494,99778,Diesel,Shell Quilicura
700173,30002,20260528,39.4,903,35578,100225,Diesel,Shell Quilicura
700174,30002,20260529,46.7,1025,47868,100486,Diesel,Shell Quilicura
700175,30002,20260608,58.6,1045,61237,100853,Diesel,Copec San Bernardo
700176,30002,20260609,57.7,988,57008,101174,Diesel,Shell Providencia
700177,30002,20260618,44.7,1018,45505,101576,Diesel,Copec San Bernardo
700178,30002,20260619,58.2,1035,60237,101741,Diesel,Petrobras Santiago
700179,30002,20260626,42.3,988,41792,102066,Diesel,Copec San Bernardo
700180,30002,20260628,45.3,1036,46931,102500,Diesel,Petrobras Santiago
700181,30002,20260701,48.0,1018,48864,102848,Diesel,Petrobras Santiago
700182,30002,20260714,51.8,1029,53302,102977,Diesel,Shell Maipú
700183,30002,20260731,35.1,1039,36469,103361,Diesel,Shell Quilicura
700184,30002,20260806,39.0,969,37791,103733,Diesel,Shell Quilicura
700185,30002,20260826,47.2,949,44793,104094,Diesel,Copec Santiago
700186,30002,20260903,38.4,911,34982,104236,Diesel,Copec Maipú
700187,30002,20260915,34.5,923,31844,104486,Diesel,Copec San Bernardo
700188,30002,20260916,52.4,927,48575,104985,Diesel,Copec Maipú
700189,30002,20260929,60.6,977,59206,105279,Diesel,Shell Quilicura
700190,30002,20261002,36.7,906,33250,105439,Diesel,Shell Maipú
700191,30002,20261004,42.2,905,38191,105630,Diesel,Copec San Bernardo
700192,30002,20261008,48.7,953,46411,105730,Diesel,Copec San Bernardo
700193,30002,20261025,34.5,950,32775,105863,Diesel,Copec Santiago
700194,30002,20261101,33.2,972,32270,106035,Diesel,Copec San Bernardo
700195,30002,20261104,47.9,924,44260,106373,Diesel,Shell Maipú
700196,30002,20261113,39.7,1021,40534,106809,Diesel,Copec Maipú
700197,30002,20261115,36.5,931,33982,107263,Diesel,Shell Providencia
700198,30002,20261116,47.0,993,46671,107418,Diesel,Shell Providencia
700199,30002,20261201,46.2,1012,46754,107595,Diesel,Copec San Bernardo
700200,30002,20261211,38.8,1007,39072,107881,Diesel,Shell Providencia
700201,30003,20250101,75.0,905,67875,113175,Diesel,Shell Quilicura
700202,30003,20250105,66.3,936,62057,113568,Diesel,Copec Maipú
700203,30003,20250112,60.1,903,54270,113786,Diesel,Copec Maipú
700204,30003,20250121,53.5,949,50772,114158,Diesel,Petrobras Santiago
700205,30003,20250201,80.6,989,79713,114282,Diesel,Petrobras Santiago
700206,30003,20250309,76.6,975,74685,114775,Diesel,Shell Providencia
700207,30003,20250315,66.5,988,65702,115102,Diesel,Copec Maipú
700208,30003,20250319,50.1,943,47244,115437,Diesel,Copec San Bernardo
700209,30003,20250407,70.8,986,69809,115716,Diesel,Copec Santiago
700210,30003,20250504,58.2,1040,60528,116180,Diesel,Shell Maipú
700211,30003,20250508,54.0,955,51570,116429,Diesel,Petrobras Santiago
700212,30003,20250511,52.5,943,49508,116878,Diesel,Shell Providencia
700213,30003,20250519,80.9,912,73781,117129,Diesel,Copec Santiago
700214,30003,20250602,61.4,1047,64286,117259,Diesel,Shell Providencia
700215,30003,20250605,60.9,1045,63640,117364,Diesel,Petrobras Santiago
700216,30003,20250609,77.7,939,72960,117798,Diesel,Copec San Bernardo
700217,30003,20250616,77.8,1008,78422,118332,Diesel,Copec Santiago
700218,30003,20250620,64.1,1026,65767,118823,Diesel,Shell Maipú
700219,30003,20250629,83.7,1007,84286,119248,Diesel,Petrobras Santiago
700220,30003,20250702,74.4,979,72838,119572,Diesel,Copec Maipú
700221,30003,20250710,75.7,913,69114,119761,Diesel,Copec San Bernardo
700222,30003,20250723,82.3,948,78020,119999,Diesel,Copec Santiago
700223,30003,20250731,59.8,968,57886,120259,Diesel,Shell Maipú
700224,30003,20250804,67.0,930,62310,120765,Diesel,Shell Quilicura
700225,30003,20250806,55.2,1002,55310,120948,Diesel,Copec Maipú
700226,30003,20250809,68.8,971,66805,121312,Diesel,Shell Providencia
700227,30003,20250811,59.0,1039,61301,121830,Diesel,Copec San Bernardo
700228,30003,20250812,83.6,919,76828,122373,Diesel,Copec Santiago
700229,30003,20250818,53.2,957,50912,122609,Diesel,Copec Maipú
700230,30003,20250824,73.9,907,67027,123004,Diesel,Shell Maipú
700231,30003,20250826,78.1,1013,79115,123431,Diesel,Petrobras Santiago
700232,30003,20250831,78.0,928,72384,123816,Diesel,Copec Santiago
700233,30003,20250907,70.4,1036,72934,124294,Diesel,Copec Maipú
700234,30003,20250908,68.5,1002,68637,124630,Diesel,Shell Providencia
700235,30003,20250912,60.1,969,58237,124833,Diesel,Copec San Bernardo
700236,30003,20250913,74.9,975,73028,125285,Diesel,Copec Maipú
700237,30003,20250926,81.0,958,77598,125529,Diesel,Copec San Bernardo
700238,30003,20251003,81.3,994,80812,125937,Diesel,Copec Santiago
700239,30003,20251005,82.6,994,82104,126234,Diesel,Shell Quilicura
700240,30003,20251024,51.7,1032,53354,126781,Diesel,Copec Maipú
700241,30003,20251025,67.9,1050,71295,127111,Diesel,Copec Maipú
700242,30003,20251104,73.3,1017,74546,127307,Diesel,Copec Maipú
700243,30003,20251113,53.2,1007,53572,127660,Diesel,Shell Maipú
700244,30003,20251114,75.2,915,68808,127882,Diesel,Shell Maipú
700245,30003,20251125,60.2,969,58334,128140,Diesel,Petrobras Santiago
700246,30003,20251203,65.1,981,63863,128423,Diesel,Shell Maipú
700247,30003,20251206,61.4,1016,62382,128569,Diesel,Copec Santiago
700248,30003,20251208,68.9,985,67866,128763,Diesel,Shell Quilicura
700249,30003,20251213,69.0,1024,70656,129161,Diesel,Copec San Bernardo
700250,30003,20251224,58.7,934,54826,129590,Diesel,Shell Providencia
700251,30003,20260115,56.5,992,56048,129992,Diesel,Shell Quilicura
700252,30003,20260121,50.6,915,46299,130232,Diesel,Copec Maipú
700253,30003,20260124,74.0,989,73186,130442,Diesel,Petrobras Santiago
700254,30003,20260125,81.8,1019,83354,130897,Diesel,Shell Maipú
700255,30003,20260128,71.1,1016,72238,131324,Diesel,Shell Providencia
700256,30003,20260202,47.8,912,43594,131801,Diesel,Copec San Bernardo
700257,30003,20260203,78.6,1037,81508,132196,Diesel,Copec Maipú
700258,30003,20260209,54.4,925,50320,132597,Diesel,Petrobras Santiago
700259,30003,20260216,78.5,950,74575,132878,Diesel,Copec San Bernardo
700260,30003,20260223,54.1,991,53613,133032,Diesel,Shell Providencia
700261,30003,20260307,58.4,1020,59568,133440,Diesel,Shell Maipú
700262,30003,20260312,58.3,960,55968,133693,Diesel,Copec Maipú
700263,30003,20260326,81.8,952,77874,133882,Diesel,Shell Quilicura
700264,30003,20260328,81.7,988,80720,134399,Diesel,Copec Santiago
700265,30003,20260401,81.5,937,76366,134862,Diesel,Copec Maipú
700266,30003,20260406,61.8,1037,64087,135141,Diesel,Copec Maipú
700267,30003,20260410,68.2,995,67859,135525,Diesel,Petrobras Santiago
700268,30003,20260423,71.5,927,66280,135994,Diesel,Petrobras Santiago
700269,30003,20260425,50.9,962,48966,136454,Diesel,Petrobras Santiago
700270,30003,20260501,84.9,975,82778,136616,Diesel,Copec Maipú
700271,30003,20260513,47.7,1012,48272,136939,Diesel,Copec Santiago
700272,30003,20260518,80.9,931,75318,137478,Diesel,Shell Maipú
700273,30003,20260602,46.5,971,45152,137882,Diesel,Copec Santiago
700274,30003,20260622,56.8,1007,57198,137999,Diesel,Shell Quilicura
700275,30003,20260711,66.4,972,64541,138292,Diesel,Copec San Bernardo
700276,30003,20260717,75.6,915,69174,138557,Diesel,Shell Maipú
700277,30003,20260724,82.8,956,79157,138711,Diesel,Shell Quilicura
700278,30003,20260805,66.1,1020,67422,139176,Diesel,Shell Providencia
700279,30003,20260808,73.6,999,73526,139563,Diesel,Copec Maipú
700280,30003,20260810,53.9,935,50396,139975,Diesel,Copec Santiago
700281,30003,20260829,45.8,916,41953,140329,Diesel,Shell Providencia
700282,30003,20260830,52.1,998,51996,140657,Diesel,Shell Providencia
700283,30003,20260908,49.0,936,45864,141020,Diesel,Copec San Bernardo
700284,30003,20260927,79.2,1025,81180,141407,Diesel,Petrobras Santiago
700285,30003,20261022,50.6,961,48627,141671,Diesel,Shell Providencia
700286,30003,20261026,48.5,995,48258,142202,Diesel,Copec Maipú
700287,30003,20261107,78.9,918,72430,142452,Diesel,Copec Santiago
700288,30003,20261109,70.7,1006,71124,142587,Diesel,Copec Maipú
700289,30003,20261111,70.0,950,66500,142989,Diesel,Shell Providencia
700290,30003,20261112,59.5,905,53848,143474,Diesel,Petrobras Santiago
700291,30003,20261114,58.8,1016,59741,143834,Diesel,Copec Maipú
700292,30003,20261118,79.4,933,74080,144159,Diesel,Shell Quilicura
700293,30003,20261123,76.2,917,69875,144600,Diesel,Copec San Bernardo
700294,30003,20261124,84.4,971,81952,144819,Diesel,Copec Maipú
700295,30003,20261128,45.9,940,43146,145288,Diesel,Shell Quilicura
700296,30003,20261206,61.1,933,57006,145624,Diesel,Copec San Bernardo
700297,30003,20261215,61.9,920,56948,145958,Diesel,Shell Maipú
700298,30003,20261216,72.6,1002,72745,146166,Diesel,Copec San Bernardo
700299,30003,20261229,66.2,1022,67656,146411,Diesel,Copec Maipú
700300,30003,20261231,47.7,961,45840,146932,Diesel,Copec San Bernardo
700301,30004,20250105,49.3,921,45405,108597,Diesel,Copec Santiago
700302,30004,20250222,55.7,1010,56257,109009,Diesel,Shell Quilicura
700303,30004,20250301,70.3,974,68472,109376,Diesel,Shell Quilicura
700304,30004,20250304,78.5,961,75438,109648,Diesel,Copec San Bernardo
700305,30004,20250315,61.9,953,58991,109869,Diesel,Copec San Bernardo
700306,30004,20250316,52.4,914,47894,110331,Diesel,Copec Santiago
700307,30004,20250418,47.7,1026,48940,110712,Diesel,Copec Santiago
700308,30004,20250427,73.8,945,69741,110975,Diesel,Copec Santiago
700309,30004,20250430,64.0,1000,64000,111384,Diesel,Copec San Bernardo
700310,30004,20250510,74.3,932,69248,111889,Diesel,Petrobras Santiago
700311,30004,20250517,55.5,989,54890,112227,Diesel,Copec Santiago
700312,30004,20250518,64.9,990,64251,112663,Diesel,Shell Quilicura
700313,30004,20250528,75.8,916,69433,112963,Diesel,Copec Maipú
700314,30004,20250529,74.1,974,72173,113358,Diesel,Copec Santiago
700315,30004,20250602,62.4,937,58469,113561,Diesel,Copec Santiago
700316,30004,20250611,45.1,1045,47130,113889,Diesel,Copec San Bernardo
700317,30004,20250615,49.1,947,46498,114342,Diesel,Copec Santiago
700318,30004,20250624,50.5,1043,52672,114746,Diesel,Shell Providencia
700319,30004,20250717,48.5,1044,50634,115148,Diesel,Copec Santiago
700320,30004,20250720,70.6,1014,71588,115511,Diesel,Shell Maipú
700321,30004,20250725,70.5,1047,73814,115984,Diesel,Shell Quilicura
700322,30004,20250812,70.9,1004,71184,116172,Diesel,Copec Maipú
700323,30004,20250819,71.8,907,65123,116636,Diesel,Shell Providencia
700324,30004,20250825,52.2,985,51417,117136,Diesel,Shell Quilicura
700325,30004,20250910,46.4,1005,46632,117626,Diesel,Copec Maipú
700326,30004,20250913,82.0,1046,85772,118096,Diesel,Shell Providencia
700327,30004,20250914,74.8,908,67918,118277,Diesel,Copec Santiago
700328,30004,20250917,65.9,997,65702,118778,Diesel,Copec San Bernardo
700329,30004,20250927,59.6,984,58646,119036,Diesel,Shell Maipú
700330,30004,20251009,80.4,980,78792,119233,Diesel,Shell Quilicura
700331,30004,20251022,61.2,986,60343,119515,Diesel,Copec Maipú
700332,30004,20251025,76.6,948,72617,119618,Diesel,Shell Quilicura
700333,30004,20251117,80.4,992,79757,119878,Diesel,Copec San Bernardo
700334,30004,20251124,46.0,1031,47426,120427,Diesel,Copec San Bernardo
700335,30004,20251202,80.0,979,78320,120777,Diesel,Copec Santiago
700336,30004,20251218,84.9,953,80910,121255,Diesel,Copec San Bernardo
700337,30004,20251220,64.2,994,63815,121672,Diesel,Petrobras Santiago
700338,30004,20260108,60.9,914,55663,122010,Diesel,Shell Providencia
700339,30004,20260110,65.9,1010,66559,122468,Diesel,Copec Maipú
700340,30004,20260114,63.7,945,60196,122570,Diesel,Shell Quilicura
700341,30004,20260127,73.6,988,72717,122993,Diesel,Copec Maipú
700342,30004,20260129,84.5,964,81458,123529,Diesel,Copec Maipú
700343,30004,20260212,72.2,933,67363,124005,Diesel,Shell Quilicura
700344,30004,20260218,76.5,913,69844,124397,Diesel,Copec San Bernardo
700345,30004,20260228,80.2,1042,83568,124791,Diesel,Copec Santiago
700346,30004,20260302,69.5,925,64288,124952,Diesel,Petrobras Santiago
700347,30004,20260303,54.3,1041,56526,125311,Diesel,Shell Providencia
700348,30004,20260308,69.3,977,67706,125720,Diesel,Shell Quilicura
700349,30004,20260312,52.1,933,48609,125926,Diesel,Copec Maipú
700350,30004,20260320,78.0,1020,79560,126284,Diesel,Copec San Bernardo
700351,30004,20260329,53.7,978,52519,126430,Diesel,Petrobras Santiago
700352,30004,20260404,66.0,939,61974,126907,Diesel,Copec Santiago
700353,30004,20260406,64.6,1049,67765,127184,Diesel,Copec Santiago
700354,30004,20260408,63.5,993,63056,127443,Diesel,Shell Maipú
700355,30004,20260419,68.7,987,67807,127631,Diesel,Shell Quilicura
700356,30004,20260420,80.1,940,75294,127997,Diesel,Petrobras Santiago
700357,30004,20260421,80.5,1043,83962,128125,Diesel,Petrobras Santiago
700358,30004,20260422,77.4,998,77245,128394,Diesel,Shell Maipú
700359,30004,20260501,48.5,961,46608,128888,Diesel,Shell Providencia
700360,30004,20260505,55.4,1009,55899,129025,Diesel,Shell Quilicura
700361,30004,20260508,48.2,933,44971,129526,Diesel,Shell Maipú
700362,30004,20260522,48.0,1028,49344,129909,Diesel,Shell Maipú
700363,30004,20260528,65.6,1036,67962,130232,Diesel,Copec Santiago
700364,30004,20260530,71.5,982,70213,130387,Diesel,Shell Maipú
700365,30004,20260613,74.4,978,72763,130723,Diesel,Petrobras Santiago
700366,30004,20260616,51.3,924,47401,131175,Diesel,Shell Maipú
700367,30004,20260706,54.5,1040,56680,131637,Diesel,Petrobras Santiago
700368,30004,20260707,73.0,928,67744,131927,Diesel,Shell Maipú
700369,30004,20260708,83.5,970,80995,132261,Diesel,Shell Providencia
700370,30004,20260711,45.2,1023,46240,132383,Diesel,Shell Maipú
700371,30004,20260717,81.3,900,73170,132640,Diesel,Shell Quilicura
700372,30004,20260725,75.3,939,70707,132945,Diesel,Shell Quilicura
700373,30004,20260804,48.4,949,45932,133268,Diesel,Copec Maipú
700374,30004,20260811,49.6,957,47467,133384,Diesel,Shell Maipú
700375,30004,20260824,50.1,943,47244,133646,Diesel,Shell Providencia
700376,30004,20260826,62.3,1026,63920,133819,Diesel,Petrobras Santiago
700377,30004,20260901,52.2,1013,52879,133978,Diesel,Copec San Bernardo
700378,30004,20260908,52.0,1016,52832,134273,Diesel,Petrobras Santiago
700379,30004,20260913,51.7,1016,52527,134591,Diesel,Copec Maipú
700380,30004,20260914,63.9,909,58085,135084,Diesel,Copec Santiago
700381,30004,20260916,79.9,1046,83575,135393,Diesel,Shell Maipú
700382,30004,20260930,75.0,920,69000,135696,Diesel,Shell Maipú
700383,30004,20261001,47.6,1023,48695,135802,Diesel,Shell Providencia
700384,30004,20261003,77.8,938,72976,135980,Diesel,Shell Providencia
700385,30004,20261004,51.4,970,49858,136105,Diesel,Petrobras Santiago
700386,30004,20261014,63.1,925,58368,136303,Diesel,Shell Providencia
700387,30004,20261016,72.7,933,67829,136687,Diesel,Shell Quilicura
700388,30004,20261101,72.2,998,72056,136961,Diesel,Copec Santiago
700389,30004,20261108,83.0,923,76609,137255,Diesel,Petrobras Santiago
700390,30004,20261109,81.4,1029,83761,137375,Diesel,Petrobras Santiago
700391,30004,20261121,75.4,966,72836,137736,Diesel,Copec Santiago
700392,30004,20261201,57.8,1009,58320,138092,Diesel,Shell Quilicura
700393,30004,20261206,53.0,1030,54590,138636,Diesel,Petrobras Santiago
700394,30004,20261211,79.6,971,77292,139009,Diesel,Petrobras Santiago
700395,30004,20261212,53.1,914,48533,139538,Diesel,Shell Providencia
700396,30004,20261213,78.8,1014,79903,139664,Diesel,Copec Santiago
700397,30004,20261214,50.2,905,45431,140112,Diesel,Petrobras Santiago
700398,30004,20261217,69.7,1019,71024,140589,Diesel,Copec Maipú
700399,30004,20261218,49.7,919,45674,140910,Diesel,Petrobras Santiago
700400,30004,20261222,62.2,930,57846,141349,Diesel,Copec Maipú
700401,30005,20250105,97.5,965,94088,35325,Diesel,Shell Maipú
700402,30005,20250118,65.6,911,59762,35633,Diesel,Shell Quilicura
700403,30005,20250123,118.6,1008,119549,36098,Diesel,Copec Santiago
700404,30005,20250125,106.6,1043,111184,36498,Diesel,Copec Maipú
700405,30005,20250127,104.8,1012,106058,36989,Diesel,Copec Maipú
700406,30005,20250129,70.7,986,69710,37489,Diesel,Shell Providencia
700407,30005,20250207,91.5,932,85278,37668,Diesel,Copec Maipú
700408,30005,20250216,107.7,1041,112116,37969,Diesel,Copec Maipú
700409,30005,20250223,94.4,1032,97421,38070,Diesel,Copec San Bernardo
700410,30005,20250311,110.3,954,105226,38586,Diesel,Shell Providencia
700411,30005,20250314,118.8,930,110484,38879,Diesel,Shell Quilicura
700412,30005,20250315,76.0,925,70300,39121,Diesel,Copec Maipú
700413,30005,20250319,100.0,1006,100600,39580,Diesel,Copec San Bernardo
700414,30005,20250328,116.5,908,105782,39688,Diesel,Copec Maipú
700415,30005,20250329,116.4,1042,121289,40157,Diesel,Petrobras Santiago
700416,30005,20250513,108.1,992,107235,40574,Diesel,Shell Providencia
700417,30005,20250517,101.3,983,99578,40680,Diesel,Copec San Bernardo
700418,30005,20250520,108.1,972,105073,41093,Diesel,Shell Providencia
700419,30005,20250607,74.0,966,71484,41489,Diesel,Shell Quilicura
700420,30005,20250611,78.6,924,72626,41600,Diesel,Shell Maipú
700421,30005,20250613,77.1,1046,80647,41942,Diesel,Petrobras Santiago
700422,30005,20250615,75.0,1018,76350,42214,Diesel,Shell Providencia
700423,30005,20250625,92.4,983,90829,42601,Diesel,Shell Quilicura
700424,30005,20250627,77.6,1049,81402,42911,Diesel,Copec Maipú
700425,30005,20250628,100.8,930,93744,43069,Diesel,Copec Santiago
700426,30005,20250707,69.0,905,62445,43613,Diesel,Copec Maipú
700427,30005,20250710,90.4,1030,93112,44103,Diesel,Shell Providencia
700428,30005,20250814,105.8,964,101991,44644,Diesel,Petrobras Santiago
700429,30005,20250828,85.4,1048,89499,44963,Diesel,Shell Quilicura
700430,30005,20250905,93.3,988,92180,45239,Diesel,Shell Quilicura
700431,30005,20250910,86.8,991,86019,45455,Diesel,Shell Providencia
700432,30005,20250911,108.6,998,108383,45972,Diesel,Copec Santiago
700433,30005,20250912,80.6,954,76892,46442,Diesel,Copec Santiago
700434,30005,20250920,90.6,1025,92865,46778,Diesel,Copec Maipú
700435,30005,20250923,107.7,961,103500,47232,Diesel,Copec San Bernardo
700436,30005,20250924,99.8,956,95409,47418,Diesel,Shell Quilicura
700437,30005,20250928,87.7,910,79807,47892,Diesel,Copec Maipú
700438,30005,20251002,70.4,961,67654,48309,Diesel,Copec San Bernardo
700439,30005,20251003,84.8,989,83867,48639,Diesel,Copec San Bernardo
700440,30005,20251114,86.5,1045,90392,48883,Diesel,Shell Quilicura
700441,30005,20251119,101.1,949,95944,49145,Diesel,Petrobras Santiago
700442,30005,20251120,86.8,936,81245,49684,Diesel,Shell Providencia
700443,30005,20251127,113.6,966,109738,50178,Diesel,Shell Quilicura
700444,30005,20251213,83.5,1024,85504,50370,Diesel,Copec Maipú
700445,30005,20251214,78.7,993,78149,50602,Diesel,Copec Maipú
700446,30005,20260111,74.2,925,68635,51014,Diesel,Copec Maipú
700447,30005,20260115,105.5,1000,105500,51220,Diesel,Shell Maipú
700448,30005,20260117,111.4,1021,113739,51624,Diesel,Petrobras Santiago
700449,30005,20260119,112.8,931,105017,52090,Diesel,Shell Maipú
700450,30005,20260121,79.8,909,72538,52593,Diesel,Shell Providencia
700451,30005,20260126,116.5,906,105549,52985,Diesel,Shell Providencia
700452,30005,20260201,89.9,1040,93496,53119,Diesel,Shell Maipú
700453,30005,20260208,92.9,906,84167,53379,Diesel,Shell Quilicura
700454,30005,20260218,119.3,1045,124668,53754,Diesel,Copec Santiago
700455,30005,20260219,117.3,996,116831,53979,Diesel,Copec Maipú
700456,30005,20260307,90.0,977,87930,54117,Diesel,Shell Quilicura
700457,30005,20260318,101.7,921,93666,54623,Diesel,Copec San Bernardo
700458,30005,20260321,72.9,1041,75889,55023,Diesel,Petrobras Santiago
700459,30005,20260327,73.9,928,68579,55497,Diesel,Shell Providencia
700460,30005,20260331,73.6,935,68816,55860,Diesel,Shell Providencia
700461,30005,20260407,79.0,999,78921,56045,Diesel,Shell Providencia
700462,30005,20260413,85.6,903,77297,56362,Diesel,Shell Quilicura
700463,30005,20260416,110.7,1030,114021,56606,Diesel,Copec Maipú
700464,30005,20260420,71.2,1019,72553,56781,Diesel,Petrobras Santiago
700465,30005,20260423,98.0,1041,102018,57169,Diesel,Copec San Bernardo
700466,30005,20260425,101.7,987,100378,57321,Diesel,Copec San Bernardo
700467,30005,20260509,73.8,991,73136,57640,Diesel,Shell Providencia
700468,30005,20260510,112.7,1049,118222,57812,Diesel,Shell Maipú
700469,30005,20260515,70.0,943,66010,57984,Diesel,Copec Santiago
700470,30005,20260528,100.8,1015,102312,58407,Diesel,Petrobras Santiago
700471,30005,20260609,89.1,1035,92218,58608,Diesel,Shell Maipú
700472,30005,20260619,89.0,1023,91047,58986,Diesel,Copec San Bernardo
700473,30005,20260622,100.7,949,95564,59395,Diesel,Copec Maipú
700474,30005,20260626,98.5,985,97022,59570,Diesel,Copec Santiago
700475,30005,20260628,95.2,989,94153,59985,Diesel,Copec Maipú
700476,30005,20260709,77.5,911,70602,60375,Diesel,Copec Santiago
700477,30005,20260716,100.3,1014,101704,60584,Diesel,Copec Maipú
700478,30005,20260717,94.8,1043,98876,60686,Diesel,Shell Quilicura
700479,30005,20260730,66.4,951,63146,61197,Diesel,Petrobras Santiago
700480,30005,20260803,86.9,987,85770,61429,Diesel,Petrobras Santiago
700481,30005,20260804,98.4,1015,99876,61756,Diesel,Copec San Bernardo
700482,30005,20260807,104.5,1043,108994,62157,Diesel,Shell Maipú
700483,30005,20260909,75.8,901,68296,62277,Diesel,Shell Providencia
700484,30005,20260922,114.4,937,107193,62493,Diesel,Copec Santiago
700485,30005,20260927,68.3,1040,71032,62643,Diesel,Copec San Bernardo
700486,30005,20260928,70.6,973,68694,63017,Diesel,Shell Maipú
700487,30005,20261008,101.9,1039,105874,63168,Diesel,Petrobras Santiago
700488,30005,20261011,97.0,913,88561,63558,Diesel,Copec San Bernardo
700489,30005,20261023,87.0,1047,91089,63803,Diesel,Shell Quilicura
700490,30005,20261030,93.7,918,86017,64247,Diesel,Petrobras Santiago
700491,30005,20261114,109.0,928,101152,64420,Diesel,Shell Providencia
700492,30005,20261117,108.6,928,100781,64831,Diesel,Petrobras Santiago
700493,30005,20261204,91.6,1021,93524,65014,Diesel,Copec Maipú
700494,30005,20261206,67.4,995,67063,65285,Diesel,Copec Santiago
700495,30005,20261212,98.1,1023,100356,65525,Diesel,Copec San Bernardo
700496,30005,20261216,77.5,932,72230,65844,Diesel,Shell Quilicura
700497,30005,20261219,84.8,1036,87853,66321,Diesel,Copec Maipú
700498,30005,20261220,79.1,945,74750,66574,Diesel,Copec Santiago
700499,30005,20261223,88.3,1000,88300,66773,Diesel,Shell Quilicura
700500,30005,20261230,99.3,968,96122,67275,Diesel,Shell Quilicura
700501,30006,20250109,105.5,1029,108560,94322,Diesel,Shell Providencia
700502,30006,20250216,70.3,904,63551,94570,Diesel,Shell Providencia
700503,30006,20250221,98.4,982,96629,95088,Diesel,Shell Quilicura
700504,30006,20250224,99.8,909,90718,95265,Diesel,Copec Maipú
700505,30006,20250301,80.1,990,79299,95622,Diesel,Shell Quilicura
700506,30006,20250305,89.3,967,86353,96044,Diesel,Copec Maipú
700507,30006,20250319,65.9,951,62671,96384,Diesel,Copec San Bernardo
700508,30006,20250323,98.2,951,93388,96502,Diesel,Shell Providencia
700509,30006,20250326,69.4,913,63362,96710,Diesel,Copec Maipú
700510,30006,20250404,75.6,949,71744,96973,Diesel,Copec Santiago
700511,30006,20250416,84.5,910,76895,97142,Diesel,Copec Maipú
700512,30006,20250423,68.7,1020,70074,97557,Diesel,Copec Santiago
700513,30006,20250502,94.7,1032,97730,97816,Diesel,Shell Quilicura
700514,30006,20250508,94.3,949,89491,97982,Diesel,Copec Santiago
700515,30006,20250511,101.8,1049,106788,98423,Diesel,Shell Quilicura
700516,30006,20250512,95.7,1010,96657,98624,Diesel,Copec San Bernardo
700517,30006,20250513,68.3,984,67207,98839,Diesel,Petrobras Santiago
700518,30006,20250518,99.9,1013,101199,99271,Diesel,Shell Providencia
700519,30006,20250531,87.5,963,84262,99578,Diesel,Shell Providencia
700520,30006,20250617,65.1,945,61519,100077,Diesel,Petrobras Santiago
700521,30006,20250623,116.0,935,108460,100179,Diesel,Petrobras Santiago
700522,30006,20250703,73.4,1049,76997,100393,Diesel,Petrobras Santiago
700523,30006,20250713,111.3,978,108851,100813,Diesel,Copec San Bernardo
700524,30006,20250721,69.9,1013,70809,101318,Diesel,Copec Maipú
700525,30006,20250731,92.9,924,85840,101689,Diesel,Shell Maipú
700526,30006,20250812,71.5,934,66781,101930,Diesel,Shell Maipú
700527,30006,20250826,86.0,952,81872,102095,Diesel,Copec Maipú
700528,30006,20250827,81.8,960,78528,102643,Diesel,Shell Providencia
700529,30006,20250903,98.0,977,95746,102896,Diesel,Copec Santiago
700530,30006,20250904,92.3,1049,96823,103401,Diesel,Shell Maipú
700531,30006,20250909,76.5,1040,79560,103744,Diesel,Shell Quilicura
700532,30006,20250912,110.0,957,105270,104009,Diesel,Shell Quilicura
700533,30006,20250928,104.7,921,96429,104266,Diesel,Shell Providencia
700534,30006,20250929,110.0,948,104280,104801,Diesel,Copec Santiago
700535,30006,20251019,73.5,934,68649,104966,Diesel,Copec San Bernardo
700536,30006,20251021,96.5,1040,100360,105341,Diesel,Shell Quilicura
700537,30006,20251112,91.4,947,86556,105721,Diesel,Shell Providencia
700538,30006,20251114,72.7,1035,75244,106090,Diesel,Copec San Bernardo
700539,30006,20251116,82.5,1043,86048,106570,Diesel,Copec San Bernardo
700540,30006,20251120,101.6,918,93269,106694,Diesel,Shell Maipú
700541,30006,20251122,77.8,912,70954,106818,Diesel,Petrobras Santiago
700542,30006,20251204,71.7,989,70911,107205,Diesel,Shell Providencia
700543,30006,20251207,113.2,942,106634,107638,Diesel,Shell Providencia
700544,30006,20251217,65.0,903,58695,108127,Diesel,Shell Quilicura
700545,30006,20260108,85.1,958,81526,108286,Diesel,Shell Maipú
700546,30006,20260109,90.3,909,82083,108803,Diesel,Copec Santiago
700547,30006,20260114,68.2,1004,68473,109080,Diesel,Copec Maipú
700548,30006,20260116,74.4,911,67778,109262,Diesel,Petrobras Santiago
700549,30006,20260124,79.6,927,73789,109551,Diesel,Petrobras Santiago
700550,30006,20260225,93.0,1050,97650,109747,Diesel,Copec Maipú
700551,30006,20260314,98.8,946,93465,109947,Diesel,Petrobras Santiago
700552,30006,20260316,94.0,964,90616,110466,Diesel,Shell Providencia
700553,30006,20260323,87.3,998,87125,110681,Diesel,Copec Santiago
700554,30006,20260325,93.9,972,91271,110787,Diesel,Shell Providencia
700555,30006,20260402,86.3,1045,90184,111115,Diesel,Shell Providencia
700556,30006,20260408,72.4,963,69721,111600,Diesel,Copec San Bernardo
700557,30006,20260410,97.0,1002,97194,111778,Diesel,Shell Providencia
700558,30006,20260413,76.8,902,69274,112266,Diesel,Shell Quilicura
700559,30006,20260418,75.9,910,69069,112578,Diesel,Petrobras Santiago
700560,30006,20260425,100.5,975,97988,112865,Diesel,Shell Providencia
700561,30006,20260509,91.9,923,84824,113081,Diesel,Petrobras Santiago
700562,30006,20260524,105.6,971,102538,113292,Diesel,Copec Maipú
700563,30006,20260525,86.7,969,84012,113612,Diesel,Shell Maipú
700564,30006,20260526,114.1,1043,119006,113753,Diesel,Copec Maipú
700565,30006,20260604,82.3,1003,82547,113972,Diesel,Petrobras Santiago
700566,30006,20260607,79.0,1026,81054,114119,Diesel,Shell Quilicura
700567,30006,20260614,108.0,1024,110592,114662,Diesel,Shell Providencia
700568,30006,20260624,86.2,968,83442,115051,Diesel,Copec Maipú
700569,30006,20260626,113.9,968,110255,115229,Diesel,Shell Maipú
700570,30006,20260630,105.6,977,103171,115397,Diesel,Shell Maipú
700571,30006,20260715,67.3,913,61445,115504,Diesel,Copec Santiago
700572,30006,20260727,69.0,911,62859,115988,Diesel,Copec Maipú
700573,30006,20260730,93.0,958,89094,116220,Diesel,Shell Providencia
700574,30006,20260731,119.5,1046,124997,116685,Diesel,Copec Santiago
700575,30006,20260804,108.1,953,103019,117175,Diesel,Shell Quilicura
700576,30006,20260805,95.2,1025,97580,117535,Diesel,Shell Quilicura
700577,30006,20260816,69.5,977,67902,117672,Diesel,Copec Maipú
700578,30006,20260825,108.0,934,100872,117994,Diesel,Copec Maipú
700579,30006,20260830,101.7,902,91733,118543,Diesel,Petrobras Santiago
700580,30006,20260903,79.3,910,72163,119024,Diesel,Copec Maipú
700581,30006,20260904,91.3,1034,94404,119501,Diesel,Shell Quilicura
700582,30006,20260905,71.9,971,69815,119749,Diesel,Shell Quilicura
700583,30006,20260915,91.7,1038,95185,120222,Diesel,Petrobras Santiago
700584,30006,20260921,72.0,951,68472,120547,Diesel,Shell Quilicura
700585,30006,20260926,70.2,956,67111,120829,Diesel,Copec San Bernardo
700586,30006,20260930,86.4,925,79920,121052,Diesel,Petrobras Santiago
700587,30006,20261001,116.1,1001,116216,121565,Diesel,Copec Santiago
700588,30006,20261003,65.7,1049,68919,121838,Diesel,Shell Quilicura
700589,30006,20261007,82.4,1032,85037,121969,Diesel,Petrobras Santiago
700590,30006,20261009,94.9,995,94426,122301,Diesel,Copec San Bernardo
700591,30006,20261012,118.8,1012,120226,122549,Diesel,Copec San Bernardo
700592,30006,20261023,74.9,908,68009,122783,Diesel,Copec San Bernardo
700593,30006,20261025,119.2,1041,124087,123032,Diesel,Shell Maipú
700594,30006,20261102,74.1,920,68172,123400,Diesel,Shell Providencia
700595,30006,20261109,110.0,932,102520,123935,Diesel,Copec Santiago
700596,30006,20261113,111.2,1010,112312,124441,Diesel,Copec Santiago
700597,30006,20261115,97.5,976,95160,124961,Diesel,Shell Providencia
700598,30006,20261118,96.1,1003,96388,125178,Diesel,Shell Providencia
700599,30006,20261130,100.0,1014,101400,125385,Diesel,Shell Providencia
700600,30006,20261206,90.4,901,81450,125620,Diesel,Copec Maipú
700601,30007,20250106,151.7,942,142901,85507,Diesel,Copec Santiago
700602,30007,20250107,151.6,999,151448,85830,Diesel,Copec Maipú
700603,30007,20250109,142.0,1022,145124,85939,Diesel,Copec Santiago
700604,30007,20250114,138.2,956,132119,86449,Diesel,Copec Maipú
700605,30007,20250214,90.4,1014,91666,86968,Diesel,Copec San Bernardo
700606,30007,20250216,142.2,930,132246,87079,Diesel,Shell Quilicura
700607,30007,20250217,115.8,949,109894,87615,Diesel,Copec Santiago
700608,30007,20250226,111.4,1031,114853,87937,Diesel,Shell Maipú
700609,30007,20250228,115.8,967,111979,88222,Diesel,Petrobras Santiago
700610,30007,20250309,152.0,989,150328,88715,Diesel,Shell Maipú
700611,30007,20250310,118.9,1004,119376,89044,Diesel,Shell Maipú
700612,30007,20250319,133.4,953,127130,89345,Diesel,Copec Maipú
700613,30007,20250402,96.5,988,95342,89873,Diesel,Petrobras Santiago
700614,30007,20250406,135.0,910,122850,90193,Diesel,Shell Quilicura
700615,30007,20250419,139.2,908,126394,90347,Diesel,Shell Quilicura
700616,30007,20250420,146.3,940,137522,90604,Diesel,Petrobras Santiago
700617,30007,20250422,124.9,912,113909,91106,Diesel,Copec San Bernardo
700618,30007,20250507,113.4,1018,115441,91357,Diesel,Copec San Bernardo
700619,30007,20250508,145.2,978,142006,91573,Diesel,Shell Maipú
700620,30007,20250526,98.6,1010,99586,91900,Diesel,Copec Maipú
700621,30007,20250530,116.0,909,105444,92145,Diesel,Petrobras Santiago
700622,30007,20250607,143.7,1010,145137,92495,Diesel,Copec San Bernardo
700623,30007,20250608,102.1,996,101692,92895,Diesel,Petrobras Santiago
700624,30007,20250628,102.5,1003,102808,93234,Diesel,Shell Providencia
700625,30007,20250704,142.3,1011,143865,93411,Diesel,Shell Quilicura
700626,30007,20250705,104.2,985,102637,93910,Diesel,Shell Quilicura
700627,30007,20250713,101.6,1005,102108,94059,Diesel,Copec San Bernardo
700628,30007,20250717,131.1,1005,131756,94412,Diesel,Copec Santiago
700629,30007,20250720,144.8,908,131478,94876,Diesel,Copec Santiago
700630,30007,20250721,105.8,957,101251,95277,Diesel,Shell Maipú
700631,30007,20250722,120.5,1041,125440,95425,Diesel,Petrobras Santiago
700632,30007,20250723,134.2,907,121719,95594,Diesel,Shell Providencia
700633,30007,20250728,120.6,1009,121685,96112,Diesel,Copec San Bernardo
700634,30007,20250811,101.1,992,100291,96508,Diesel,Petrobras Santiago
700635,30007,20250812,142.6,999,142457,96664,Diesel,Petrobras Santiago
700636,30007,20250829,94.8,909,86173,96976,Diesel,Copec San Bernardo
700637,30007,20250831,108.3,937,101477,97417,Diesel,Petrobras Santiago
700638,30007,20250904,107.5,941,101158,97786,Diesel,Copec San Bernardo
700639,30007,20250917,149.1,940,140154,97991,Diesel,Copec Maipú
700640,30007,20250919,149.7,907,135778,98391,Diesel,Shell Quilicura
700641,30007,20251019,129.3,952,123094,98740,Diesel,Shell Quilicura
700642,30007,20251023,144.0,913,131472,99256,Diesel,Shell Providencia
700643,30007,20251027,136.5,1045,142642,99515,Diesel,Shell Providencia
700644,30007,20251102,155.6,908,141285,100046,Diesel,Petrobras Santiago
700645,30007,20251124,108.2,1010,109282,100521,Diesel,Shell Quilicura
700646,30007,20251129,108.0,998,107784,100641,Diesel,Shell Quilicura
700647,30007,20251203,129.6,970,125712,101161,Diesel,Copec Maipú
700648,30007,20251208,132.6,952,126235,101601,Diesel,Copec Maipú
700649,30007,20251212,100.6,934,93960,101861,Diesel,Shell Quilicura
700650,30007,20251228,137.9,982,135418,102287,Diesel,Shell Maipú
700651,30007,20260107,150.2,1008,151402,102447,Diesel,Copec Maipú
700652,30007,20260110,139.5,982,136989,102969,Diesel,Copec San Bernardo
700653,30007,20260112,149.3,964,143925,103266,Diesel,Shell Maipú
700654,30007,20260113,136.5,932,127218,103367,Diesel,Shell Quilicura
700655,30007,20260203,150.3,969,145641,103564,Diesel,Shell Providencia
700656,30007,20260206,110.3,1018,112285,103749,Diesel,Copec San Bernardo
700657,30007,20260220,114.9,1047,120300,104292,Diesel,Copec Santiago
700658,30007,20260223,124.8,951,118685,104710,Diesel,Shell Maipú
700659,30007,20260227,128.1,1014,129893,104829,Diesel,Petrobras Santiago
700660,30007,20260228,91.3,919,83905,105142,Diesel,Shell Providencia
700661,30007,20260309,101.3,938,95019,105455,Diesel,Shell Maipú
700662,30007,20260405,158.9,1016,161442,105722,Diesel,Shell Providencia
700663,30007,20260406,94.6,970,91762,105887,Diesel,Petrobras Santiago
700664,30007,20260420,117.4,1020,119748,106083,Diesel,Shell Providencia
700665,30007,20260428,121.6,960,116736,106618,Diesel,Copec Santiago
700666,30007,20260429,120.9,929,112316,107120,Diesel,Petrobras Santiago
700667,30007,20260506,96.6,954,92156,107293,Diesel,Copec Maipú
700668,30007,20260512,109.4,947,103602,107556,Diesel,Copec Maipú
700669,30007,20260531,103.7,1035,107330,107702,Diesel,Shell Quilicura
700670,30007,20260610,121.3,984,119359,107843,Diesel,Shell Quilicura
700671,30007,20260612,132.9,954,126787,108205,Diesel,Copec Santiago
700672,30007,20260619,101.8,976,99357,108418,Diesel,Petrobras Santiago
700673,30007,20260627,92.3,955,88146,108646,Diesel,Petrobras Santiago
700674,30007,20260702,100.6,966,97180,108921,Diesel,Copec San Bernardo
700675,30007,20260707,95.8,1032,98866,109386,Diesel,Petrobras Santiago
700676,30007,20260712,125.4,1045,131043,109880,Diesel,Shell Providencia
700677,30007,20260729,158.9,1000,158900,110088,Diesel,Shell Maipú
700678,30007,20260802,101.6,1032,104851,110349,Diesel,Shell Providencia
700679,30007,20260805,101.4,902,91463,110507,Diesel,Copec Maipú
700680,30007,20260806,126.9,1008,127915,110737,Diesel,Shell Quilicura
700681,30007,20260807,95.6,1010,96556,110990,Diesel,Shell Maipú
700682,30007,20260808,147.3,981,144501,111354,Diesel,Copec Santiago
700683,30007,20260818,112.0,971,108752,111513,Diesel,Shell Providencia
700684,30007,20260820,122.1,954,116483,111976,Diesel,Shell Quilicura
700685,30007,20260903,151.6,979,148416,112206,Diesel,Shell Maipú
700686,30007,20260909,147.8,915,135237,112461,Diesel,Shell Maipú
700687,30007,20261022,99.9,952,95105,112723,Diesel,Shell Providencia
700688,30007,20261025,142.4,998,142115,113160,Diesel,Copec San Bernardo
700689,30007,20261103,148.9,971,144582,113532,Diesel,Shell Providencia
700690,30007,20261105,134.4,919,123514,113978,Diesel,Shell Quilicura
700691,30007,20261107,112.0,901,100912,114143,Diesel,Shell Providencia
700692,30007,20261113,101.7,998,101497,114665,Diesel,Copec Maipú
700693,30007,20261115,109.5,996,109062,115011,Diesel,Petrobras Santiago
700694,30007,20261120,125.9,946,119101,115552,Diesel,Shell Providencia
700695,30007,20261123,92.3,946,87316,115672,Diesel,Copec San Bernardo
700696,30007,20261129,153.3,935,143336,115913,Diesel,Copec Maipú
700697,30007,20261207,94.1,1035,97394,116367,Diesel,Copec Santiago
700698,30007,20261214,151.2,900,136080,116691,Diesel,Copec Santiago
700699,30007,20261218,117.3,957,112256,116881,Diesel,Copec San Bernardo
700700,30007,20261226,116.7,919,107247,117080,Diesel,Copec Santiago
700701,30008,20250101,123.5,903,111520,134398,Diesel,Copec San Bernardo
700702,30008,20250110,157.6,919,144834,134651,Diesel,Copec Maipú
700703,30008,20250111,158.1,1024,161894,134833,Diesel,Copec Santiago
700704,30008,20250128,148.8,1047,155794,135133,Diesel,Copec San Bernardo
700705,30008,20250204,129.1,994,128325,135295,Diesel,Copec Maipú
700706,30008,20250209,151.1,917,138559,135669,Diesel,Copec San Bernardo
700707,30008,20250214,127.8,914,116809,136205,Diesel,Copec San Bernardo
700708,30008,20250217,90.9,970,88173,136569,Diesel,Copec Maipú
700709,30008,20250225,131.9,945,124646,136810,Diesel,Copec Santiago
700710,30008,20250303,142.0,907,128794,137243,Diesel,Petrobras Santiago
700711,30008,20250323,151.4,950,143830,137606,Diesel,Copec San Bernardo
700712,30008,20250330,159.2,994,158245,138130,Diesel,Shell Maipú
700713,30008,20250420,145.6,905,131768,138291,Diesel,Copec Santiago
700714,30008,20250423,159.7,1028,164172,138657,Diesel,Shell Providencia
700715,30008,20250429,94.5,1025,96862,138905,Diesel,Copec Santiago
700716,30008,20250501,98.0,914,89572,139176,Diesel,Shell Maipú
700717,30008,20250504,136.8,1024,140083,139668,Diesel,Copec Maipú
700718,30008,20250506,126.2,965,121783,139775,Diesel,Petrobras Santiago
700719,30008,20250507,120.4,1016,122326,140312,Diesel,Copec Maipú
700720,30008,20250529,152.5,967,147468,140558,Diesel,Shell Maipú
700721,30008,20250608,121.2,1018,123382,140964,Diesel,Copec Santiago
700722,30008,20250610,137.3,920,126316,141195,Diesel,Petrobras Santiago
700723,30008,20250703,145.1,1046,151775,141700,Diesel,Petrobras Santiago
700724,30008,20250724,109.0,971,105839,141993,Diesel,Copec Maipú
700725,30008,20250803,108.8,961,104557,142349,Diesel,Copec San Bernardo
700726,30008,20250807,90.2,906,81721,142601,Diesel,Copec San Bernardo
700727,30008,20250902,153.5,936,143676,142918,Diesel,Shell Quilicura
700728,30008,20250912,121.5,971,117976,143466,Diesel,Copec Santiago
700729,30008,20250917,122.9,967,118844,143989,Diesel,Petrobras Santiago
700730,30008,20250924,131.4,981,128903,144400,Diesel,Copec Maipú
700731,30008,20251001,93.5,1025,95838,144801,Diesel,Petrobras Santiago
700732,30008,20251003,109.9,969,106493,145280,Diesel,Shell Maipú
700733,30008,20251004,105.3,960,101088,145812,Diesel,Copec San Bernardo
700734,30008,20251007,109.4,1023,111916,146293,Diesel,Copec Maipú
700735,30008,20251014,147.3,980,144354,146433,Diesel,Copec Santiago
700736,30008,20251017,130.2,904,117701,146955,Diesel,Copec Santiago
700737,30008,20251029,121.5,1039,126238,147201,Diesel,Shell Maipú
700738,30008,20251118,117.3,1009,118356,147301,Diesel,Shell Maipú
700739,30008,20251121,132.6,946,125440,147509,Diesel,Shell Maipú
700740,30008,20251123,156.9,1023,160509,147698,Diesel,Copec Maipú
700741,30008,20251211,90.1,1008,90821,148144,Diesel,Shell Providencia
700742,30008,20251230,92.8,1031,95677,148458,Diesel,Shell Quilicura
700743,30008,20260110,136.6,1020,139332,149007,Diesel,Petrobras Santiago
700744,30008,20260126,96.5,989,95438,149188,Diesel,Petrobras Santiago
700745,30008,20260210,95.0,912,86640,149400,Diesel,Shell Providencia
700746,30008,20260216,155.9,1000,155900,149540,Diesel,Copec Maipú
700747,30008,20260217,115.3,989,114032,149841,Diesel,Shell Quilicura
700748,30008,20260221,134.5,1037,139476,150338,Diesel,Copec Maipú
700749,30008,20260313,151.2,1009,152561,150476,Diesel,Copec Santiago
700750,30008,20260315,153.2,910,139412,150692,Diesel,Copec San Bernardo
700751,30008,20260319,147.4,1004,147990,151087,Diesel,Petrobras Santiago
700752,30008,20260327,121.4,913,110838,151605,Diesel,Shell Providencia
700753,30008,20260329,98.6,984,97022,152061,Diesel,Shell Providencia
700754,30008,20260402,141.0,998,140718,152569,Diesel,Petrobras Santiago
700755,30008,20260412,138.5,964,133514,152945,Diesel,Copec Santiago
700756,30008,20260414,109.3,946,103398,153473,Diesel,Shell Quilicura
700757,30008,20260418,121.2,1020,123624,153602,Diesel,Copec Santiago
700758,30008,20260419,150.0,1037,155550,153896,Diesel,Shell Providencia
700759,30008,20260501,112.3,987,110840,154018,Diesel,Shell Quilicura
700760,30008,20260510,91.9,959,88132,154430,Diesel,Shell Providencia
700761,30008,20260513,101.7,965,98140,154819,Diesel,Petrobras Santiago
700762,30008,20260515,152.3,952,144990,155339,Diesel,Petrobras Santiago
700763,30008,20260521,91.8,997,91525,155713,Diesel,Petrobras Santiago
700764,30008,20260524,113.8,911,103672,156231,Diesel,Copec San Bernardo
700765,30008,20260525,111.8,1002,112024,156725,Diesel,Shell Maipú
700766,30008,20260526,115.5,933,107762,157216,Diesel,Petrobras Santiago
700767,30008,20260606,97.4,925,90095,157636,Diesel,Shell Quilicura
700768,30008,20260609,106.0,1047,110982,158060,Diesel,Copec Santiago
700769,30008,20260614,99.5,915,91042,158234,Diesel,Copec San Bernardo
700770,30008,20260617,117.2,924,108293,158696,Diesel,Shell Quilicura
700771,30008,20260624,142.9,969,138470,159057,Diesel,Copec San Bernardo
700772,30008,20260701,153.0,917,140301,159582,Diesel,Shell Quilicura
700773,30008,20260709,112.0,1033,115696,159805,Diesel,Petrobras Santiago
700774,30008,20260725,147.9,1048,154999,160178,Diesel,Shell Maipú
700775,30008,20260730,157.3,958,150693,160336,Diesel,Shell Maipú
700776,30008,20260804,113.8,981,111638,160659,Diesel,Shell Maipú
700777,30008,20260806,127.3,925,117752,161063,Diesel,Shell Maipú
700778,30008,20260817,148.7,953,141711,161541,Diesel,Shell Quilicura
700779,30008,20260820,139.6,927,129409,162056,Diesel,Shell Maipú
700780,30008,20260823,137.4,935,128469,162585,Diesel,Copec Santiago
700781,30008,20260904,128.1,925,118492,163043,Diesel,Shell Providencia
700782,30008,20260909,160.0,923,147680,163422,Diesel,Shell Quilicura
700783,30008,20260914,104.5,1017,106276,163660,Diesel,Copec Santiago
700784,30008,20260928,111.0,949,105339,164011,Diesel,Shell Quilicura
700785,30008,20261004,104.1,959,99832,164385,Diesel,Petrobras Santiago
700786,30008,20261010,123.3,981,120957,164489,Diesel,Copec Santiago
700787,30008,20261011,131.5,990,130185,164652,Diesel,Copec San Bernardo
700788,30008,20261025,122.1,906,110623,164924,Diesel,Copec San Bernardo
700789,30008,20261026,128.5,909,116806,165418,Diesel,Petrobras Santiago
700790,30008,20261028,151.4,1042,157759,165942,Diesel,Copec Maipú
700791,30008,20261029,122.4,1047,128153,166412,Diesel,Petrobras Santiago
700792,30008,20261104,150.4,988,148595,166819,Diesel,Shell Quilicura
700793,30008,20261105,110.0,930,102300,167146,Diesel,Shell Providencia
700794,30008,20261106,132.4,1038,137431,167644,Diesel,Copec Santiago
700795,30008,20261204,140.8,1034,145587,167985,Diesel,Copec Santiago
700796,30008,20261208,121.0,990,119790,168166,Diesel,Shell Providencia
700797,30008,20261209,146.5,971,142252,168525,Diesel,Shell Providencia
700798,30008,20261215,94.2,900,84780,168953,Diesel,Copec Maipú
700799,30008,20261219,110.9,936,103802,169421,Diesel,Shell Providencia
700800,30008,20261225,107.9,905,97650,169814,Diesel,Shell Providencia
700801,30010,20250105,82.1,903,74136,54333,Diesel,Copec San Bernardo
700802,30010,20250110,46.2,1031,47632,54781,Diesel,Shell Quilicura
700803,30010,20250119,70.3,997,70089,55178,Diesel,Petrobras Santiago
700804,30010,20250125,58.3,1010,58883,55471,Diesel,Copec San Bernardo
700805,30010,20250205,76.7,1049,80458,55627,Diesel,Shell Quilicura
700806,30010,20250213,84.8,913,77422,55990,Diesel,Copec San Bernardo
700807,30010,20250223,46.8,951,44507,56224,Diesel,Shell Maipú
700808,30010,20250301,47.8,901,43068,56324,Diesel,Shell Maipú
700809,30010,20250302,71.3,1015,72370,56611,Diesel,Petrobras Santiago
700810,30010,20250307,69.5,913,63454,56745,Diesel,Copec Maipú
700811,30010,20250312,48.1,961,46224,57134,Diesel,Copec San Bernardo
700812,30010,20250325,57.2,982,56170,57591,Diesel,Copec San Bernardo
700813,30010,20250327,68.1,1005,68440,57878,Diesel,Shell Maipú
700814,30010,20250329,49.0,1030,50470,58038,Diesel,Shell Quilicura
700815,30010,20250330,49.5,1026,50787,58561,Diesel,Petrobras Santiago
700816,30010,20250407,64.1,922,59100,58804,Diesel,Shell Quilicura
700817,30010,20250410,71.7,932,66824,58916,Diesel,Shell Quilicura
700818,30010,20250411,61.1,944,57678,59310,Diesel,Copec San Bernardo
700819,30010,20250416,81.2,948,76978,59464,Diesel,Shell Maipú
700820,30010,20250419,54.0,996,53784,59858,Diesel,Shell Maipú
700821,30010,20250505,69.1,954,65921,60226,Diesel,Copec Maipú
700822,30010,20250509,49.9,1033,51547,60606,Diesel,Shell Providencia
700823,30010,20250512,63.0,988,62244,60737,Diesel,Copec San Bernardo
700824,30010,20250605,70.5,979,69020,60888,Diesel,Shell Quilicura
700825,30010,20250607,54.4,945,51408,61399,Diesel,Shell Providencia
700826,30010,20250608,67.5,918,61965,61520,Diesel,Copec Santiago
700827,30010,20250610,55.9,975,54502,61883,Diesel,Copec San Bernardo
700828,30010,20250613,50.4,994,50098,62272,Diesel,Copec Santiago
700829,30010,20250617,74.9,948,71005,62732,Diesel,Shell Providencia
700830,30010,20250624,65.4,907,59318,63072,Diesel,Copec San Bernardo
700831,30010,20250628,80.8,987,79750,63465,Diesel,Copec Maipú
700832,30010,20250629,54.9,1011,55504,63954,Diesel,Shell Maipú
700833,30010,20250708,49.1,954,46841,64209,Diesel,Copec Santiago
700834,30010,20250719,78.7,947,74529,64445,Diesel,Petrobras Santiago
700835,30010,20250724,80.7,965,77876,64882,Diesel,Copec Maipú
700836,30010,20250808,60.1,1045,62804,65179,Diesel,Shell Maipú
700837,30010,20250819,72.5,974,70615,65679,Diesel,Copec Maipú
700838,30010,20250926,70.3,1006,70722,66094,Diesel,Shell Quilicura
700839,30010,20250927,51.7,1007,52062,66368,Diesel,Shell Maipú
700840,30010,20250930,83.6,1014,84770,66568,Diesel,Copec Maipú
700841,30010,20251008,82.8,940,77832,67098,Diesel,Petrobras Santiago
700842,30010,20251011,70.8,907,64216,67408,Diesel,Shell Maipú
700843,30010,20251025,60.4,1030,62212,67811,Diesel,Copec Santiago
700844,30010,20251030,49.4,995,49153,68213,Diesel,Copec Santiago
700845,30010,20251101,45.1,1029,46408,68548,Diesel,Shell Maipú
700846,30010,20251112,67.1,962,64550,68857,Diesel,Shell Quilicura
700847,30010,20251119,59.8,1030,61594,68972,Diesel,Copec San Bernardo
700848,30010,20251122,70.9,1019,72247,69511,Diesel,Shell Providencia
700849,30010,20251124,46.4,959,44498,69783,Diesel,Shell Providencia
700850,30010,20251212,74.5,947,70552,70174,Diesel,Petrobras Santiago
700851,30010,20251214,60.8,1007,61226,70701,Diesel,Copec San Bernardo
700852,30010,20251227,80.6,943,76006,70865,Diesel,Copec Santiago
700853,30010,20260103,47.3,917,43374,70977,Diesel,Shell Quilicura
700854,30010,20260106,55.7,1025,57092,71129,Diesel,Copec San Bernardo
700855,30010,20260108,60.2,951,57250,71241,Diesel,Copec San Bernardo
700856,30010,20260111,50.0,962,48100,71677,Diesel,Copec Maipú
700857,30010,20260116,61.2,980,59976,72163,Diesel,Copec San Bernardo
700858,30010,20260128,45.4,970,44038,72634,Diesel,Petrobras Santiago
700859,30010,20260205,65.8,1002,65932,73111,Diesel,Petrobras Santiago
700860,30010,20260217,76.0,1016,77216,73329,Diesel,Petrobras Santiago
700861,30010,20260219,79.3,986,78190,73614,Diesel,Shell Quilicura
700862,30010,20260225,60.3,955,57586,73900,Diesel,Shell Maipú
700863,30010,20260301,62.4,950,59280,74133,Diesel,Copec Maipú
700864,30010,20260305,74.6,933,69602,74265,Diesel,Copec Maipú
700865,30010,20260307,67.8,985,66783,74490,Diesel,Shell Maipú
700866,30010,20260329,80.2,1001,80280,74724,Diesel,Copec Santiago
700867,30010,20260331,76.3,1017,77597,75087,Diesel,Shell Maipú
700868,30010,20260418,51.1,1035,52888,75400,Diesel,Shell Maipú
700869,30010,20260423,54.9,973,53418,75656,Diesel,Shell Providencia
700870,30010,20260425,64.0,909,58176,75879,Diesel,Shell Quilicura
700871,30010,20260505,82.7,1018,84189,76082,Diesel,Petrobras Santiago
700872,30010,20260611,70.8,984,69667,76615,Diesel,Copec San Bernardo
700873,30010,20260614,53.2,1009,53679,76947,Diesel,Shell Providencia
700874,30010,20260623,80.8,1027,82982,77408,Diesel,Copec Santiago
700875,30010,20260705,56.0,1047,58632,77808,Diesel,Petrobras Santiago
700876,30010,20260715,72.0,939,67608,78258,Diesel,Copec Maipú
700877,30010,20260728,81.7,944,77125,78532,Diesel,Petrobras Santiago
700878,30010,20260804,80.6,1006,81084,78688,Diesel,Shell Quilicura
700879,30010,20260811,50.9,901,45861,79069,Diesel,Petrobras Santiago
700880,30010,20260813,62.9,920,57868,79529,Diesel,Shell Quilicura
700881,30010,20260830,66.2,936,61963,80050,Diesel,Shell Maipú
700882,30010,20260902,72.2,911,65774,80271,Diesel,Copec San Bernardo
700883,30010,20260911,77.3,969,74904,80432,Diesel,Shell Quilicura
700884,30010,20260917,62.3,907,56506,80833,Diesel,Copec San Bernardo
700885,30010,20260922,62.8,931,58467,80938,Diesel,Copec Santiago
700886,30010,20261001,78.7,1047,82399,81145,Diesel,Shell Maipú
700887,30010,20261005,79.2,936,74131,81294,Diesel,Copec San Bernardo
700888,30010,20261006,52.9,1043,55175,81562,Diesel,Copec Santiago
700889,30010,20261014,65.9,933,61485,81751,Diesel,Shell Maipú
700890,30010,20261017,81.8,926,75747,81939,Diesel,Copec San Bernardo
700891,30010,20261018,45.5,902,41041,82412,Diesel,Petrobras Santiago
700892,30010,20261111,74.3,953,70808,82882,Diesel,Copec Maipú
700893,30010,20261123,60.8,1043,63414,83088,Diesel,Shell Quilicura
700894,30010,20261124,60.7,1028,62400,83434,Diesel,Copec San Bernardo
700895,30010,20261129,57.4,935,53669,83885,Diesel,Copec Santiago
700896,30010,20261130,76.3,1044,79657,84023,Diesel,Shell Quilicura
700897,30010,20261210,79.2,990,78408,84464,Diesel,Shell Maipú
700898,30010,20261219,76.4,957,73115,84637,Diesel,Petrobras Santiago
700899,30010,20261221,77.2,907,70020,85162,Diesel,Shell Quilicura
700900,30010,20261227,52.1,977,50902,85513,Diesel,Copec Santiago
700901,30011,20250102,107.2,960,102912,57613,Diesel,Petrobras Santiago
700902,30011,20250104,90.0,1035,93150,57853,Diesel,Copec San Bernardo
700903,30011,20250106,159.3,1043,166150,58200,Diesel,Copec Maipú
700904,30011,20250119,125.9,972,122375,58459,Diesel,Copec Santiago
700905,30011,20250125,142.8,1038,148226,58962,Diesel,Copec Maipú
700906,30011,20250131,130.4,954,124402,59420,Diesel,Shell Quilicura
700907,30011,20250203,107.6,985,105986,59692,Diesel,Copec Santiago
700908,30011,20250205,136.0,936,127296,59873,Diesel,Shell Quilicura
700909,30011,20250210,154.3,915,141184,60126,Diesel,Shell Quilicura
700910,30011,20250216,105.5,906,95583,60540,Diesel,Shell Quilicura
700911,30011,20250217,102.3,1030,105369,60832,Diesel,Shell Maipú
700912,30011,20250219,156.5,987,154466,61356,Diesel,Copec Santiago
700913,30011,20250227,130.6,978,127727,61767,Diesel,Shell Quilicura
700914,30011,20250301,109.8,953,104639,62237,Diesel,Shell Providencia
700915,30011,20250309,149.2,960,143232,62663,Diesel,Copec San Bernardo
700916,30011,20250319,147.6,1033,152471,62894,Diesel,Shell Quilicura
700917,30011,20250325,104.3,938,97833,63109,Diesel,Copec Santiago
700918,30011,20250327,149.9,931,139557,63320,Diesel,Copec Maipú
700919,30011,20250329,110.7,1032,114242,63743,Diesel,Copec Maipú
700920,30011,20250331,96.7,1024,99021,64037,Diesel,Shell Providencia
700921,30011,20250418,140.9,1016,143154,64325,Diesel,Shell Quilicura
700922,30011,20250421,100.6,1031,103719,64428,Diesel,Shell Providencia
700923,30011,20250427,109.8,964,105847,64708,Diesel,Shell Maipú
700924,30011,20250503,99.0,1015,100485,65158,Diesel,Copec Maipú
700925,30011,20250510,94.3,954,89962,65506,Diesel,Copec Maipú
700926,30011,20250512,104.0,931,96824,65743,Diesel,Shell Maipú
700927,30011,20250514,120.6,1032,124459,66159,Diesel,Copec San Bernardo
700928,30011,20250516,103.4,947,97920,66561,Diesel,Copec Santiago
700929,30011,20250623,141.9,1027,145731,67080,Diesel,Shell Providencia
700930,30011,20250706,111.2,949,105529,67493,Diesel,Copec Maipú
700931,30011,20250716,147.2,927,136454,67704,Diesel,Copec San Bernardo
700932,30011,20250723,160.0,961,153760,68182,Diesel,Copec San Bernardo
700933,30011,20250724,128.0,922,118016,68494,Diesel,Copec Santiago
700934,30011,20250725,142.8,903,128948,68880,Diesel,Shell Quilicura
700935,30011,20250729,126.2,940,118628,69234,Diesel,Shell Quilicura
700936,30011,20250811,108.6,990,107514,69547,Diesel,Petrobras Santiago
700937,30011,20250824,140.0,1014,141960,69757,Diesel,Copec San Bernardo
700938,30011,20250828,126.0,976,122976,70097,Diesel,Petrobras Santiago
700939,30011,20250902,155.3,1024,159027,70277,Diesel,Shell Providencia
700940,30011,20250911,96.9,1021,98935,70472,Diesel,Shell Providencia
700941,30011,20250918,98.8,1028,101566,70978,Diesel,Copec Maipú
700942,30011,20250930,92.2,908,83718,71158,Diesel,Copec Maipú
700943,30011,20251006,104.9,1000,104900,71398,Diesel,Shell Maipú
700944,30011,20251010,98.3,1015,99774,71500,Diesel,Shell Providencia
700945,30011,20251011,156.3,974,152236,71708,Diesel,Copec Santiago
700946,30011,20251026,125.5,958,120229,72078,Diesel,Petrobras Santiago
700947,30011,20251102,91.1,1017,92649,72579,Diesel,Copec Santiago
700948,30011,20251109,139.3,1046,145708,72756,Diesel,Shell Maipú
700949,30011,20251117,106.4,1006,107038,73102,Diesel,Copec Santiago
700950,30011,20251130,128.3,1045,134074,73591,Diesel,Copec Santiago
700951,30011,20251210,111.6,972,108475,73883,Diesel,Shell Maipú
700952,30011,20251227,146.0,983,143518,74222,Diesel,Petrobras Santiago
700953,30011,20260110,99.2,1030,102176,74401,Diesel,Petrobras Santiago
700954,30011,20260112,111.7,944,105445,74595,Diesel,Copec San Bernardo
700955,30011,20260115,125.1,911,113966,75065,Diesel,Copec San Bernardo
700956,30011,20260210,155.5,1028,159854,75604,Diesel,Shell Providencia
700957,30011,20260214,134.0,937,125558,75786,Diesel,Petrobras Santiago
700958,30011,20260216,91.4,959,87653,75998,Diesel,Shell Maipú
700959,30011,20260221,118.8,1040,123552,76380,Diesel,Shell Maipú
700960,30011,20260222,151.5,991,150136,76536,Diesel,Copec Santiago
700961,30011,20260308,110.0,965,106150,76668,Diesel,Copec Santiago
700962,30011,20260309,113.3,908,102876,76981,Diesel,Shell Providencia
700963,30011,20260310,156.1,996,155476,77247,Diesel,Copec San Bernardo
700964,30011,20260410,134.3,930,124899,77737,Diesel,Copec Santiago
700965,30011,20260508,142.6,915,130479,77964,Diesel,Shell Maipú
700966,30011,20260510,109.3,965,105474,78343,Diesel,Copec Maipú
700967,30011,20260511,94.7,978,92617,78834,Diesel,Copec Maipú
700968,30011,20260515,157.9,917,144794,79255,Diesel,Copec San Bernardo
700969,30011,20260516,141.7,1006,142550,79523,Diesel,Copec Maipú
700970,30011,20260521,114.3,960,109728,80055,Diesel,Copec Santiago
700971,30011,20260525,104.4,972,101477,80541,Diesel,Shell Quilicura
700972,30011,20260528,128.5,1003,128886,80764,Diesel,Shell Quilicura
700973,30011,20260530,131.7,926,121954,81290,Diesel,Shell Providencia
700974,30011,20260531,94.8,965,91482,81619,Diesel,Petrobras Santiago
700975,30011,20260605,122.1,914,111599,81826,Diesel,Shell Quilicura
700976,30011,20260609,134.9,1006,135709,82339,Diesel,Copec San Bernardo
700977,30011,20260626,129.5,968,125356,82645,Diesel,Copec San Bernardo
700978,30011,20260701,126.8,937,118812,82977,Diesel,Shell Quilicura
700979,30011,20260719,102.2,918,93820,83489,Diesel,Copec Maipú
700980,30011,20260722,132.9,932,123863,83854,Diesel,Copec Santiago
700981,30011,20260809,90.5,1016,91948,84001,Diesel,Petrobras Santiago
700982,30011,20260826,116.1,908,105419,84198,Diesel,Copec Maipú
700983,30011,20260901,117.0,1040,121680,84666,Diesel,Copec Maipú
700984,30011,20260905,155.8,933,145361,84929,Diesel,Copec Maipú
700985,30011,20260907,133.2,1011,134665,85265,Diesel,Copec San Bernardo
700986,30011,20260922,136.5,975,133088,85540,Diesel,Copec Santiago
700987,30011,20261003,112.9,1034,116739,85693,Diesel,Shell Maipú
700988,30011,20261006,146.5,1029,150748,85919,Diesel,Petrobras Santiago
700989,30011,20261007,125.9,966,121619,86111,Diesel,Copec Santiago
700990,30011,20261019,106.0,982,104092,86458,Diesel,Copec Maipú
700991,30011,20261023,139.1,931,129502,86727,Diesel,Shell Providencia
700992,30011,20261028,147.3,908,133748,87195,Diesel,Petrobras Santiago
700993,30011,20261107,92.1,953,87771,87341,Diesel,Copec San Bernardo
700994,30011,20261114,95.4,1037,98930,87509,Diesel,Copec Santiago
700995,30011,20261129,119.7,932,111560,87669,Diesel,Copec Maipú
700996,30011,20261207,131.6,956,125810,88099,Diesel,Shell Providencia
700997,30011,20261218,151.9,957,145368,88336,Diesel,Petrobras Santiago
700998,30011,20261219,109.8,1018,111776,88878,Diesel,Copec Santiago
700999,30011,20261223,142.0,1011,143562,89335,Diesel,Copec San Bernardo
701000,30011,20261224,94.8,956,90629,89698,Diesel,Copec Maipú
701001,30012,20250204,146.0,950,138700,74005,Diesel,Petrobras Santiago
701002,30012,20250206,154.1,1029,158569,74388,Diesel,Shell Quilicura
701003,30012,20250207,145.1,962,139586,74543,Diesel,Shell Quilicura
701004,30012,20250212,134.7,1025,138068,75005,Diesel,Petrobras Santiago
701005,30012,20250216,135.5,1040,140920,75218,Diesel,Petrobras Santiago
701006,30012,20250217,147.7,944,139429,75335,Diesel,Copec Santiago
701007,30012,20250221,91.5,945,86468,75620,Diesel,Shell Providencia
701008,30012,20250228,122.9,904,111102,75780,Diesel,Petrobras Santiago
701009,30012,20250304,109.7,1007,110468,76086,Diesel,Copec San Bernardo
701010,30012,20250308,118.6,1039,123225,76427,Diesel,Shell Maipú
701011,30012,20250314,94.9,928,88067,76939,Diesel,Shell Maipú
701012,30012,20250420,151.7,1022,155037,77280,Diesel,Petrobras Santiago
701013,30012,20250429,97.7,943,92131,77462,Diesel,Petrobras Santiago
701014,30012,20250514,107.5,977,105028,77701,Diesel,Shell Providencia
701015,30012,20250520,115.0,953,109595,77953,Diesel,Petrobras Santiago
701016,30012,20250522,145.3,946,137454,78396,Diesel,Shell Providencia
701017,30012,20250527,145.0,995,144275,78847,Diesel,Copec Maipú
701018,30012,20250530,109.0,935,101915,79308,Diesel,Copec Maipú
701019,30012,20250602,153.2,912,139718,79620,Diesel,Shell Maipú
701020,30012,20250612,114.4,978,111883,79754,Diesel,Shell Maipú
701021,30012,20250617,151.9,952,144609,80279,Diesel,Copec Santiago
701022,30012,20250625,120.7,992,119734,80792,Diesel,Shell Maipú
701023,30012,20250629,137.2,927,127184,81130,Diesel,Copec San Bernardo
701024,30012,20250708,106.1,918,97400,81601,Diesel,Copec Maipú
701025,30012,20250710,90.1,1008,90821,81947,Diesel,Copec San Bernardo
701026,30012,20250720,126.0,924,116424,82154,Diesel,Copec Maipú
701027,30012,20250721,91.3,925,84452,82667,Diesel,Shell Quilicura
701028,30012,20250722,114.8,916,105157,82888,Diesel,Petrobras Santiago
701029,30012,20250723,126.3,991,125163,83149,Diesel,Copec San Bernardo
701030,30012,20250724,94.0,959,90146,83415,Diesel,Copec Santiago
701031,30012,20250728,105.4,1044,110038,83632,Diesel,Copec Santiago
701032,30012,20250729,119.1,964,114812,83868,Diesel,Copec Santiago
701033,30012,20250802,138.8,1005,139494,84162,Diesel,Copec Maipú
701034,30012,20250813,125.0,962,120250,84674,Diesel,Copec San Bernardo
701035,30012,20250815,134.2,980,131516,85158,Diesel,Shell Maipú
701036,30012,20250905,132.4,918,121543,85305,Diesel,Shell Maipú
701037,30012,20250918,100.0,1004,100400,85699,Diesel,Shell Providencia
701038,30012,20250921,117.4,1034,121392,86067,Diesel,Shell Providencia
701039,30012,20250925,125.5,963,120856,86480,Diesel,Copec Maipú
701040,30012,20251004,145.5,910,132405,86641,Diesel,Shell Maipú
701041,30012,20251018,129.2,994,128425,87127,Diesel,Shell Quilicura
701042,30012,20251024,151.7,1010,153217,87606,Diesel,Copec Maipú
701043,30012,20251107,142.7,970,138419,87825,Diesel,Copec San Bernardo
701044,30012,20251108,104.2,919,95760,88260,Diesel,Copec San Bernardo
701045,30012,20251130,127.2,977,124274,88592,Diesel,Copec Santiago
701046,30012,20251219,118.3,973,115106,89141,Diesel,Copec Santiago
701047,30012,20251221,118.7,997,118344,89421,Diesel,Shell Quilicura
701048,30012,20260101,109.7,931,102131,89955,Diesel,Copec San Bernardo
701049,30012,20260114,117.3,981,115071,90060,Diesel,Petrobras Santiago
701050,30012,20260120,94.7,997,94416,90494,Diesel,Shell Maipú
701051,30012,20260128,116.3,1021,118742,90675,Diesel,Shell Providencia
701052,30012,20260129,159.8,984,157243,90794,Diesel,Shell Maipú
701053,30012,20260201,105.4,953,100446,91216,Diesel,Copec Santiago
701054,30012,20260206,115.9,970,112423,91754,Diesel,Petrobras Santiago
701055,30012,20260210,136.0,1006,136816,92184,Diesel,Copec Santiago
701056,30012,20260211,105.2,999,105095,92697,Diesel,Copec Maipú
701057,30012,20260301,90.4,1021,92298,93189,Diesel,Shell Maipú
701058,30012,20260304,93.4,987,92186,93495,Diesel,Copec Maipú
701059,30012,20260307,128.4,978,125575,93844,Diesel,Copec San Bernardo
701060,30012,20260308,137.4,1014,139324,94238,Diesel,Copec Santiago
701061,30012,20260325,133.4,1011,134867,94548,Diesel,Shell Providencia
701062,30012,20260408,103.6,1034,107122,94739,Diesel,Shell Maipú
701063,30012,20260411,153.6,1014,155750,95280,Diesel,Copec Santiago
701064,30012,20260414,135.8,1033,140281,95656,Diesel,Shell Maipú
701065,30012,20260504,134.3,923,123959,96000,Diesel,Shell Quilicura
701066,30012,20260506,140.1,941,131834,96544,Diesel,Copec Santiago
701067,30012,20260507,106.9,932,99631,96956,Diesel,Copec San Bernardo
701068,30012,20260518,153.5,976,149816,97277,Diesel,Shell Providencia
701069,30012,20260520,95.4,1004,95782,97712,Diesel,Petrobras Santiago
701070,30012,20260524,147.5,999,147352,98182,Diesel,Copec Maipú
701071,30012,20260615,128.5,980,125930,98665,Diesel,Copec Santiago
701072,30012,20260616,142.4,934,133002,98930,Diesel,Copec San Bernardo
701073,30012,20260617,147.8,969,143218,99202,Diesel,Copec San Bernardo
701074,30012,20260618,135.8,1024,139059,99570,Diesel,Shell Quilicura
701075,30012,20260619,147.0,1017,149499,100106,Diesel,Shell Providencia
701076,30012,20260716,103.1,913,94130,100580,Diesel,Shell Maipú
701077,30012,20260822,115.8,965,111747,101019,Diesel,Copec Maipú
701078,30012,20260829,108.2,905,97921,101283,Diesel,Shell Maipú
701079,30012,20260904,107.0,984,105288,101478,Diesel,Copec San Bernardo
701080,30012,20260908,144.9,964,139684,101755,Diesel,Copec San Bernardo
701081,30012,20260910,126.0,1010,127260,102041,Diesel,Shell Providencia
701082,30012,20260912,136.7,914,124944,102244,Diesel,Copec Santiago
701083,30012,20260921,139.5,1045,145778,102525,Diesel,Copec Santiago
701084,30012,20261005,153.2,1040,159328,102900,Diesel,Copec Santiago
701085,30012,20261012,150.1,1050,157605,103060,Diesel,Copec Santiago
701086,30012,20261014,92.8,962,89274,103510,Diesel,Copec Maipú
701087,30012,20261020,91.6,954,87386,103900,Diesel,Copec Santiago
701088,30012,20261021,129.6,947,122731,104437,Diesel,Shell Maipú
701089,30012,20261028,91.1,903,82263,104827,Diesel,Shell Quilicura
701090,30012,20261030,143.4,906,129920,105359,Diesel,Shell Providencia
701091,30012,20261123,133.4,985,131399,105714,Diesel,Shell Maipú
701092,30012,20261125,118.2,959,113354,106154,Diesel,Petrobras Santiago
701093,30012,20261203,134.7,1010,136047,106314,Diesel,Shell Quilicura
701094,30012,20261204,99.7,987,98404,106487,Diesel,Copec Santiago
701095,30012,20261205,155.0,1039,161045,106929,Diesel,Shell Providencia
701096,30012,20261207,126.9,932,118271,107056,Diesel,Copec Santiago
701097,30012,20261215,158.7,997,158224,107304,Diesel,Copec Maipú
701098,30012,20261219,140.1,989,138559,107573,Diesel,Copec Santiago
701099,30012,20261224,121.8,1001,121922,107960,Diesel,Shell Providencia
701100,30012,20261227,116.1,1041,120860,108241,Diesel,Shell Maipú
701101,30013,20250108,68.0,997,67796,121283,Diesel,Copec Maipú
701102,30013,20250112,80.1,923,73932,121564,Diesel,Shell Providencia
701103,30013,20250130,87.8,931,81742,121923,Diesel,Copec San Bernardo
701104,30013,20250210,96.9,968,93799,122236,Diesel,Copec San Bernardo
701105,30013,20250217,68.3,1003,68505,122477,Diesel,Copec Maipú
701106,30013,20250218,74.4,968,72019,122951,Diesel,Copec San Bernardo
701107,30013,20250301,117.9,980,115542,123070,Diesel,Shell Quilicura
701108,30013,20250306,113.5,988,112138,123263,Diesel,Copec Maipú
701109,30013,20250328,100.3,912,91474,123592,Diesel,Copec Santiago
701110,30013,20250404,84.5,908,76726,124055,Diesel,Shell Maipú
701111,30013,20250415,77.7,1037,80575,124450,Diesel,Petrobras Santiago
701112,30013,20250419,78.5,1004,78814,124665,Diesel,Copec Santiago
701113,30013,20250421,92.6,1046,96860,124771,Diesel,Copec Santiago
701114,30013,20250423,109.0,1033,112597,125051,Diesel,Copec Maipú
701115,30013,20250516,76.0,932,70832,125569,Diesel,Copec Maipú
701116,30013,20250522,98.2,993,97513,125907,Diesel,Shell Providencia
701117,30013,20250525,107.7,919,98976,126101,Diesel,Petrobras Santiago
701118,30013,20250527,88.9,959,85255,126431,Diesel,Copec Maipú
701119,30013,20250608,114.1,946,107939,126594,Diesel,Copec San Bernardo
701120,30013,20250609,108.4,962,104281,126704,Diesel,Shell Quilicura
701121,30013,20250621,91.1,908,82719,127093,Diesel,Shell Quilicura
701122,30013,20250703,74.2,922,68412,127608,Diesel,Copec Santiago
701123,30013,20250713,106.8,1045,111606,128000,Diesel,Petrobras Santiago
701124,30013,20250720,73.6,931,68522,128155,Diesel,Shell Maipú
701125,30013,20250722,66.1,1024,67686,128604,Diesel,Petrobras Santiago
701126,30013,20250725,84.5,945,79852,128752,Diesel,Petrobras Santiago
701127,30013,20250807,74.4,1035,77004,128952,Diesel,Shell Quilicura
701128,30013,20250812,69.2,1048,72522,129499,Diesel,Shell Providencia
701129,30013,20250826,91.6,945,86562,129876,Diesel,Petrobras Santiago
701130,30013,20250830,109.2,921,100573,130277,Diesel,Copec San Bernardo
701131,30013,20250831,92.8,922,85562,130642,Diesel,Copec Santiago
701132,30013,20250909,80.1,973,77937,131169,Diesel,Copec Maipú
701133,30013,20250912,90.3,946,85424,131333,Diesel,Copec Maipú
701134,30013,20250916,68.1,963,65580,131871,Diesel,Copec Maipú
701135,30013,20250926,104.9,986,103431,132248,Diesel,Copec Santiago
701136,30013,20250928,101.5,930,94395,132771,Diesel,Shell Providencia
701137,30013,20251003,71.9,984,70750,133189,Diesel,Copec Maipú
701138,30013,20251004,85.4,929,79337,133328,Diesel,Shell Quilicura
701139,30013,20251005,105.8,974,103049,133760,Diesel,Petrobras Santiago
701140,30013,20251008,111.1,954,105989,133897,Diesel,Copec Santiago
701141,30013,20251009,87.4,949,82943,134044,Diesel,Petrobras Santiago
701142,30013,20251010,106.9,919,98241,134330,Diesel,Shell Maipú
701143,30013,20251021,117.3,926,108620,134794,Diesel,Copec Santiago
701144,30013,20251104,96.9,973,94284,134970,Diesel,Shell Providencia
701145,30013,20251114,77.6,983,76281,135379,Diesel,Copec Maipú
701146,30013,20251115,101.4,921,93389,135811,Diesel,Copec San Bernardo
701147,30013,20251118,75.2,942,70838,136030,Diesel,Petrobras Santiago
701148,30013,20251122,75.1,1024,76902,136260,Diesel,Copec San Bernardo
701149,30013,20251205,116.0,1045,121220,136455,Diesel,Copec San Bernardo
701150,30013,20251208,108.2,938,101492,136739,Diesel,Shell Quilicura
701151,30013,20260102,114.2,951,108604,137225,Diesel,Copec Santiago
701152,30013,20260107,96.5,951,91772,137611,Diesel,Petrobras Santiago
701153,30013,20260108,66.4,938,62283,138055,Diesel,Shell Maipú
701154,30013,20260109,93.7,988,92576,138404,Diesel,Petrobras Santiago
701155,30013,20260119,99.3,990,98307,138516,Diesel,Copec Maipú
701156,30013,20260121,85.7,935,80130,138891,Diesel,Petrobras Santiago
701157,30013,20260201,84.3,914,77050,139375,Diesel,Shell Quilicura
701158,30013,20260219,115.6,906,104734,139802,Diesel,Copec San Bernardo
701159,30013,20260304,76.4,936,71510,140229,Diesel,Copec Santiago
701160,30013,20260305,90.7,970,87979,140597,Diesel,Copec Maipú
701161,30013,20260324,73.5,973,71516,140885,Diesel,Shell Quilicura
701162,30013,20260325,103.7,1040,107848,141385,Diesel,Shell Quilicura
701163,30013,20260328,103.9,971,100887,141705,Diesel,Copec Santiago
701164,30013,20260401,76.2,951,72466,141898,Diesel,Copec Santiago
701165,30013,20260405,101.9,970,98843,142113,Diesel,Petrobras Santiago
701166,30013,20260421,67.8,905,61359,142265,Diesel,Copec Maipú
701167,30013,20260426,89.1,1026,91417,142677,Diesel,Copec Maipú
701168,30013,20260430,66.4,967,64209,142820,Diesel,Copec Maipú
701169,30013,20260501,67.7,1009,68309,143207,Diesel,Copec San Bernardo
701170,30013,20260504,75.4,1038,78265,143747,Diesel,Petrobras Santiago
701171,30013,20260514,98.6,930,91698,144167,Diesel,Copec Santiago
701172,30013,20260609,96.3,998,96107,144405,Diesel,Copec Maipú
701173,30013,20260610,95.6,1028,98277,144920,Diesel,Shell Providencia
701174,30013,20260617,86.3,910,78533,145075,Diesel,Shell Maipú
701175,30013,20260630,88.7,913,80983,145366,Diesel,Copec Maipú
701176,30013,20260707,88.0,944,83072,145692,Diesel,Shell Maipú
701177,30013,20260710,81.2,906,73567,145906,Diesel,Shell Providencia
701178,30013,20260718,97.9,998,97704,146161,Diesel,Copec San Bernardo
701179,30013,20260803,111.6,1042,116287,146288,Diesel,Copec Santiago
701180,30013,20260810,105.6,942,99475,146631,Diesel,Copec Santiago
701181,30013,20260811,118.0,902,106436,146894,Diesel,Copec Maipú
701182,30013,20260902,84.1,965,81156,147098,Diesel,Copec Santiago
701183,30013,20260904,80.3,921,73956,147383,Diesel,Copec Santiago
701184,30013,20260917,79.4,952,75589,147766,Diesel,Copec Maipú
701185,30013,20260918,119.2,1041,124087,148312,Diesel,Shell Quilicura
701186,30013,20260920,75.9,925,70208,148799,Diesel,Shell Providencia
701187,30013,20261015,104.1,941,97958,149298,Diesel,Shell Providencia
701188,30013,20261018,89.7,1037,93019,149539,Diesel,Copec Santiago
701189,30013,20261019,65.3,909,59358,149888,Diesel,Copec Maipú
701190,30013,20261020,100.6,941,94665,150269,Diesel,Copec Santiago
701191,30013,20261022,81.2,917,74460,150691,Diesel,Copec Santiago
701192,30013,20261031,65.4,932,60953,150903,Diesel,Shell Maipú
701193,30013,20261106,87.6,960,84096,151046,Diesel,Shell Providencia
701194,30013,20261120,114.3,1036,118415,151579,Diesel,Shell Providencia
701195,30013,20261128,103.0,941,96923,151854,Diesel,Copec Maipú
701196,30013,20261129,75.2,951,71515,152019,Diesel,Copec Maipú
701197,30013,20261217,110.7,918,101623,152458,Diesel,Copec San Bernardo
701198,30013,20261218,80.8,974,78699,152929,Diesel,Shell Quilicura
701199,30013,20261226,97.8,965,94377,153394,Diesel,Shell Maipú
701200,30013,20261230,86.5,953,82434,153870,Diesel,Copec Santiago
701201,30014,20250105,141.3,999,141159,136046,Diesel,Shell Quilicura
701202,30014,20250110,147.5,985,145288,136294,Diesel,Shell Providencia
701203,30014,20250119,152.9,960,146784,136585,Diesel,Copec Maipú
701204,30014,20250130,90.8,1024,92979,136864,Diesel,Shell Maipú
701205,30014,20250205,97.3,987,96035,137155,Diesel,Shell Providencia
701206,30014,20250219,98.3,1047,102920,137291,Diesel,Shell Maipú
701207,30014,20250221,94.7,989,93658,137587,Diesel,Copec Maipú
701208,30014,20250223,92.3,999,92208,138046,Diesel,Petrobras Santiago
701209,30014,20250225,97.2,926,90007,138253,Diesel,Copec Santiago
701210,30014,20250301,129.3,937,121154,138799,Diesel,Petrobras Santiago
701211,30014,20250306,145.5,905,131678,139276,Diesel,Shell Quilicura
701212,30014,20250310,114.3,908,103784,139559,Diesel,Petrobras Santiago
701213,30014,20250311,138.4,969,134110,140003,Diesel,Shell Maipú
701214,30014,20250312,130.2,921,119914,140213,Diesel,Shell Quilicura
701215,30014,20250316,152.8,1012,154634,140494,Diesel,Copec San Bernardo
701216,30014,20250317,152.7,1019,155601,140759,Diesel,Copec San Bernardo
701217,30014,20250324,93.6,984,92102,141033,Diesel,Shell Maipú
701218,30014,20250325,148.4,954,141574,141277,Diesel,Shell Maipú
701219,30014,20250330,129.6,927,120139,141638,Diesel,Shell Maipú
701220,30014,20250404,147.7,958,141497,141880,Diesel,Copec Maipú
701221,30014,20250425,111.2,1040,115648,142394,Diesel,Copec San Bernardo
701222,30014,20250509,155.4,1003,155866,142690,Diesel,Copec Maipú
701223,30014,20250516,92.3,971,89623,143207,Diesel,Petrobras Santiago
701224,30014,20250517,101.3,998,101097,143696,Diesel,Shell Quilicura
701225,30014,20250524,129.4,1007,130306,144183,Diesel,Shell Maipú
701226,30014,20250529,119.2,917,109306,144673,Diesel,Copec Santiago
701227,30014,20250604,155.7,999,155544,144835,Diesel,Copec Maipú
701228,30014,20250608,114.8,983,112848,145353,Diesel,Shell Quilicura
701229,30014,20250702,93.3,948,88448,145884,Diesel,Shell Maipú
701230,30014,20250703,152.9,1044,159628,146128,Diesel,Copec Santiago
701231,30014,20250704,142.5,980,139650,146515,Diesel,Copec San Bernardo
701232,30014,20250714,94.9,959,91009,147035,Diesel,Petrobras Santiago
701233,30014,20250718,101.0,1024,103424,147430,Diesel,Copec San Bernardo
701234,30014,20250804,119.3,925,110352,147917,Diesel,Shell Maipú
701235,30014,20250814,129.0,935,120615,148210,Diesel,Shell Providencia
701236,30014,20250815,108.4,947,102655,148480,Diesel,Shell Quilicura
701237,30014,20250827,93.5,970,90695,148843,Diesel,Shell Providencia
701238,30014,20250903,134.1,960,128736,149067,Diesel,Shell Quilicura
701239,30014,20250906,127.2,1002,127454,149396,Diesel,Shell Maipú
701240,30014,20250908,141.2,1024,144589,149918,Diesel,Shell Maipú
701241,30014,20250918,148.3,981,145482,150168,Diesel,Shell Quilicura
701242,30014,20250926,116.5,1037,120810,150375,Diesel,Shell Quilicura
701243,30014,20251005,107.5,982,105565,150620,Diesel,Copec Maipú
701244,30014,20251013,153.1,932,142689,150948,Diesel,Copec Santiago
701245,30014,20251015,109.0,901,98209,151494,Diesel,Copec Maipú
701246,30014,20251023,157.6,959,151138,151689,Diesel,Copec Maipú
701247,30014,20251029,150.0,1023,153450,152177,Diesel,Copec Santiago
701248,30014,20251102,99.3,957,95030,152298,Diesel,Shell Providencia
701249,30014,20251110,121.8,1017,123871,152664,Diesel,Copec Maipú
701250,30014,20251127,103.4,969,100195,153079,Diesel,Shell Quilicura
701251,30014,20251201,111.3,930,103509,153291,Diesel,Shell Quilicura
701252,30014,20251202,152.1,963,146472,153473,Diesel,Petrobras Santiago
701253,30014,20251210,154.2,1016,156667,153828,Diesel,Shell Quilicura
701254,30014,20251214,129.6,966,125194,154164,Diesel,Shell Quilicura
701255,30014,20251221,140.7,1004,141263,154469,Diesel,Copec San Bernardo
701256,30014,20260104,146.3,908,132840,154943,Diesel,Copec Santiago
701257,30014,20260106,113.5,912,103512,155158,Diesel,Copec Santiago
701258,30014,20260128,148.1,1042,154320,155268,Diesel,Shell Providencia
701259,30014,20260206,106.2,1030,109386,155576,Diesel,Petrobras Santiago
701260,30014,20260207,119.4,908,108415,155796,Diesel,Copec Santiago
701261,30014,20260223,130.2,959,124862,156167,Diesel,Shell Maipú
701262,30014,20260317,130.8,902,117982,156453,Diesel,Petrobras Santiago
701263,30014,20260401,107.4,1005,107937,156983,Diesel,Petrobras Santiago
701264,30014,20260410,129.6,901,116770,157415,Diesel,Shell Quilicura
701265,30014,20260412,127.5,985,125588,157829,Diesel,Shell Providencia
701266,30014,20260419,116.2,982,114108,158119,Diesel,Petrobras Santiago
701267,30014,20260422,118.7,925,109798,158230,Diesel,Shell Providencia
701268,30014,20260513,112.2,939,105356,158582,Diesel,Shell Maipú
701269,30014,20260526,96.7,968,93606,158771,Diesel,Shell Maipú
701270,30014,20260607,150.9,913,137772,159045,Diesel,Copec San Bernardo
701271,30014,20260622,93.6,974,91166,159215,Diesel,Shell Maipú
701272,30014,20260629,113.4,959,108751,159599,Diesel,Copec San Bernardo
701273,30014,20260630,101.3,986,99882,160134,Diesel,Shell Maipú
701274,30014,20260702,153.8,982,151032,160260,Diesel,Copec Maipú
701275,30014,20260703,114.3,961,109842,160685,Diesel,Shell Quilicura
701276,30014,20260704,92.4,959,88612,161222,Diesel,Shell Providencia
701277,30014,20260712,103.5,996,103086,161355,Diesel,Shell Maipú
701278,30014,20260713,152.0,1034,157168,161810,Diesel,Petrobras Santiago
701279,30014,20260716,106.1,962,102068,162238,Diesel,Copec San Bernardo
701280,30014,20260722,137.1,1024,140390,162453,Diesel,Copec Maipú
701281,30014,20260725,147.7,960,141792,162840,Diesel,Petrobras Santiago
701282,30014,20260807,141.7,954,135182,163282,Diesel,Shell Quilicura
701283,30014,20260809,108.9,912,99317,163705,Diesel,Shell Quilicura
701284,30014,20260816,100.9,1048,105743,163941,Diesel,Copec Santiago
701285,30014,20260831,136.2,987,134429,164199,Diesel,Shell Maipú
701286,30014,20260902,110.3,970,106991,164713,Diesel,Shell Quilicura
701287,30014,20260909,118.8,964,114523,164999,Diesel,Petrobras Santiago
701288,30014,20260917,125.0,997,124625,165371,Diesel,Shell Providencia
701289,30014,20261005,120.1,942,113134,165715,Diesel,Copec Santiago
701290,30014,20261006,97.0,990,96030,166189,Diesel,Shell Providencia
701291,30014,20261009,107.8,971,104674,166594,Diesel,Copec Santiago
701292,30014,20261031,103.7,998,103493,167041,Diesel,Shell Maipú
701293,30014,20261102,145.4,990,143946,167246,Diesel,Petrobras Santiago
701294,30014,20261103,94.3,943,88925,167453,Diesel,Shell Quilicura
701295,30014,20261109,157.5,920,144900,167723,Diesel,Copec Santiago
701296,30014,20261111,131.6,990,130284,168105,Diesel,Shell Quilicura
701297,30014,20261116,90.1,957,86226,168520,Diesel,Petrobras Santiago
701298,30014,20261204,91.3,970,88561,168900,Diesel,Shell Quilicura
701299,30014,20261206,112.7,999,112587,169295,Diesel,Copec San Bernardo
701300,30014,20261225,107.6,998,107385,169436,Diesel,Shell Maipú
701301,30015,20250106,111.7,907,101312,70753,Diesel,Copec Maipú
701302,30015,20250125,83.8,972,81454,71188,Diesel,Shell Quilicura
701303,30015,20250204,83.3,970,80801,71299,Diesel,Copec Maipú
701304,30015,20250211,69.5,939,65260,71408,Diesel,Petrobras Santiago
701305,30015,20250218,99.7,964,96111,71546,Diesel,Petrobras Santiago
701306,30015,20250222,74.6,944,70422,71809,Diesel,Shell Providencia
701307,30015,20250302,118.1,908,107235,71965,Diesel,Petrobras Santiago
701308,30015,20250304,96.7,985,95250,72165,Diesel,Shell Maipú
701309,30015,20250325,95.1,1026,97573,72658,Diesel,Copec San Bernardo
701310,30015,20250329,115.4,961,110899,72919,Diesel,Copec San Bernardo
701311,30015,20250402,119.5,1009,120576,73054,Diesel,Shell Providencia
701312,30015,20250409,119.7,991,118623,73489,Diesel,Copec Maipú
701313,30015,20250410,102.4,1042,106701,74017,Diesel,Copec Santiago
701314,30015,20250416,65.1,941,61259,74267,Diesel,Copec Santiago
701315,30015,20250422,99.9,989,98801,74515,Diesel,Shell Providencia
701316,30015,20250425,105.1,949,99740,74820,Diesel,Shell Maipú
701317,30015,20250430,95.6,951,90916,75006,Diesel,Shell Providencia
701318,30015,20250502,115.8,969,112210,75149,Diesel,Petrobras Santiago
701319,30015,20250507,82.5,1034,85305,75346,Diesel,Shell Providencia
701320,30015,20250510,80.9,945,76450,75549,Diesel,Copec Santiago
701321,30015,20250518,65.7,948,62284,76001,Diesel,Petrobras Santiago
701322,30015,20250611,73.2,914,66905,76183,Diesel,Shell Maipú
701323,30015,20250619,110.3,1035,114160,76533,Diesel,Shell Maipú
701324,30015,20250701,109.7,958,105093,76958,Diesel,Shell Quilicura
701325,30015,20250710,119.4,934,111520,77486,Diesel,Shell Providencia
701326,30015,20250712,82.3,914,75222,77714,Diesel,Copec Santiago
701327,30015,20250716,119.3,967,115363,78236,Diesel,Shell Maipú
701328,30015,20250721,113.0,1049,118537,78389,Diesel,Copec San Bernardo
701329,30015,20250723,82.6,971,80205,78681,Diesel,Copec Maipú
701330,30015,20250727,91.9,1029,94565,79117,Diesel,Shell Maipú
701331,30015,20250821,72.3,995,71938,79328,Diesel,Copec Santiago
701332,30015,20250827,96.8,1004,97187,79624,Diesel,Shell Maipú
701333,30015,20250911,106.4,1031,109698,79999,Diesel,Copec San Bernardo
701334,30015,20250913,105.2,993,104464,80373,Diesel,Shell Maipú
701335,30015,20250928,66.4,943,62615,80869,Diesel,Petrobras Santiago
701336,30015,20251008,98.9,1027,101570,81079,Diesel,Copec Santiago
701337,30015,20251011,118.0,916,108088,81378,Diesel,Shell Quilicura
701338,30015,20251023,97.2,981,95353,81884,Diesel,Petrobras Santiago
701339,30015,20251024,68.1,916,62380,82423,Diesel,Petrobras Santiago
701340,30015,20251028,94.9,935,88732,82729,Diesel,Shell Quilicura
701341,30015,20251118,110.1,906,99751,82870,Diesel,Copec Santiago
701342,30015,20251120,102.9,938,96520,83244,Diesel,Copec San Bernardo
701343,30015,20251124,98.8,1035,102258,83712,Diesel,Copec Santiago
701344,30015,20251129,105.2,955,100466,83863,Diesel,Copec Santiago
701345,30015,20251130,90.6,928,84077,84321,Diesel,Shell Quilicura
701346,30015,20251203,95.6,954,91202,84778,Diesel,Shell Maipú
701347,30015,20251210,66.2,947,62691,85298,Diesel,Copec Maipú
701348,30015,20251213,107.2,1005,107736,85666,Diesel,Copec Maipú
701349,30015,20251217,102.2,959,98010,85881,Diesel,Copec Maipú
701350,30015,20251221,90.0,962,86580,85987,Diesel,Copec San Bernardo
701351,30015,20251230,108.5,948,102858,86301,Diesel,Copec Santiago
701352,30015,20260101,84.0,1022,85848,86767,Diesel,Shell Maipú
701353,30015,20260103,92.8,924,85747,87219,Diesel,Copec San Bernardo
701354,30015,20260118,119.9,968,116063,87666,Diesel,Copec San Bernardo
701355,30015,20260125,113.0,968,109384,87858,Diesel,Copec Maipú
701356,30015,20260128,65.0,992,64480,88392,Diesel,Shell Maipú
701357,30015,20260203,90.2,960,86592,88555,Diesel,Shell Providencia
701358,30015,20260205,116.7,997,116350,88871,Diesel,Shell Quilicura
701359,30015,20260301,74.9,939,70331,89139,Diesel,Shell Maipú
701360,30015,20260303,87.1,951,82832,89544,Diesel,Copec Maipú
701361,30015,20260326,86.5,924,79926,89879,Diesel,Copec Maipú
701362,30015,20260330,76.5,909,69538,90110,Diesel,Copec Maipú
701363,30015,20260409,97.7,1031,100729,90280,Diesel,Copec Santiago
701364,30015,20260507,84.0,1020,85680,90387,Diesel,Shell Quilicura
701365,30015,20260524,69.4,985,68359,90730,Diesel,Copec San Bernardo
701366,30015,20260528,86.8,944,81939,91206,Diesel,Copec Santiago
701367,30015,20260530,112.8,956,107837,91352,Diesel,Shell Maipú
701368,30015,20260607,93.8,948,88922,91468,Diesel,Shell Providencia
701369,30015,20260609,76.0,947,71972,91699,Diesel,Shell Quilicura
701370,30015,20260614,115.4,954,110092,91906,Diesel,Shell Quilicura
701371,30015,20260708,75.7,1002,75851,92186,Diesel,Shell Providencia
701372,30015,20260712,119.3,949,113216,92727,Diesel,Copec San Bernardo
701373,30015,20260724,98.2,1020,100164,92896,Diesel,Copec Santiago
701374,30015,20260730,88.2,1049,92522,93096,Diesel,Copec San Bernardo
701375,30015,20260731,114.2,922,105292,93444,Diesel,Petrobras Santiago
701376,30015,20260801,99.0,951,94149,93661,Diesel,Copec San Bernardo
701377,30015,20260802,65.7,934,61364,94165,Diesel,Copec Santiago
701378,30015,20260804,84.3,992,83626,94454,Diesel,Shell Providencia
701379,30015,20260816,71.4,919,65617,94926,Diesel,Shell Providencia
701380,30015,20260826,90.3,1013,91474,95196,Diesel,Shell Quilicura
701381,30015,20260829,110.9,930,103137,95712,Diesel,Copec Santiago
701382,30015,20260830,76.0,940,71440,95879,Diesel,Shell Quilicura
701383,30015,20260904,68.7,933,64097,96071,Diesel,Shell Providencia
701384,30015,20260911,90.6,967,87610,96304,Diesel,Shell Maipú
701385,30015,20261001,78.6,1030,80958,96458,Diesel,Shell Providencia
701386,30015,20261004,87.8,902,79196,96969,Diesel,Copec Maipú
701387,30015,20261009,66.2,1023,67723,97333,Diesel,Shell Maipú
701388,30015,20261011,108.3,943,102127,97647,Diesel,Copec Santiago
701389,30015,20261015,94.9,956,90724,98076,Diesel,Shell Providencia
701390,30015,20261025,65.7,921,60510,98588,Diesel,Shell Quilicura
701391,30015,20261027,78.4,990,77616,99035,Diesel,Petrobras Santiago
701392,30015,20261119,112.0,1043,116816,99245,Diesel,Copec Santiago
701393,30015,20261120,79.9,929,74227,99736,Diesel,Shell Providencia
701394,30015,20261125,65.4,904,59122,100223,Diesel,Shell Providencia
701395,30015,20261126,96.1,1032,99175,100338,Diesel,Petrobras Santiago
701396,30015,20261129,117.8,907,106845,100771,Diesel,Shell Providencia
701397,30015,20261208,67.4,928,62547,101197,Diesel,Copec Maipú
701398,30015,20261210,67.5,1042,70335,101724,Diesel,Copec San Bernardo
701399,30015,20261229,81.3,912,74146,102023,Diesel,Petrobras Santiago
701400,30015,20261231,72.0,918,66096,102467,Diesel,Copec San Bernardo
701401,30016,20250114,159.3,1003,159778,98850,Diesel,Copec Santiago
701402,30016,20250116,100.0,957,95700,98974,Diesel,Copec San Bernardo
701403,30016,20250212,95.4,901,85955,99357,Diesel,Copec Maipú
701404,30016,20250223,134.9,962,129774,99548,Diesel,Shell Providencia
701405,30016,20250225,119.1,904,107666,99784,Diesel,Copec Maipú
701406,30016,20250307,102.4,915,93696,99951,Diesel,Copec Santiago
701407,30016,20250310,132.0,1009,133188,100460,Diesel,Shell Providencia
701408,30016,20250312,124.3,925,114978,100653,Diesel,Petrobras Santiago
701409,30016,20250325,133.2,931,124009,100870,Diesel,Shell Quilicura
701410,30016,20250408,123.3,1038,127985,101270,Diesel,Shell Providencia
701411,30016,20250409,133.9,997,133498,101483,Diesel,Copec Santiago
701412,30016,20250425,112.7,1003,113038,101617,Diesel,Copec San Bernardo
701413,30016,20250427,141.1,973,137290,102090,Diesel,Copec Maipú
701414,30016,20250428,141.8,992,140666,102240,Diesel,Copec San Bernardo
701415,30016,20250503,113.4,1010,114534,102614,Diesel,Petrobras Santiago
701416,30016,20250504,130.5,1025,133762,103157,Diesel,Copec Santiago
701417,30016,20250604,150.6,909,136895,103436,Diesel,Shell Quilicura
701418,30016,20250612,99.8,962,96008,103634,Diesel,Copec San Bernardo
701419,30016,20250621,133.3,985,131300,104066,Diesel,Copec San Bernardo
701420,30016,20250625,134.3,1015,136314,104181,Diesel,Shell Maipú
701421,30016,20250629,90.8,1010,91708,104326,Diesel,Copec San Bernardo
701422,30016,20250707,120.4,919,110648,104510,Diesel,Copec Maipú
701423,30016,20250708,114.8,945,108486,104674,Diesel,Shell Providencia
701424,30016,20250723,139.1,988,137431,105200,Diesel,Shell Maipú
701425,30016,20250807,130.3,924,120397,105445,Diesel,Copec Maipú
701426,30016,20250810,128.7,986,126898,105647,Diesel,Shell Quilicura
701427,30016,20250815,142.0,904,128368,105834,Diesel,Shell Quilicura
701428,30016,20250818,144.6,985,142431,106068,Diesel,Copec San Bernardo
701429,30016,20250820,138.6,985,136521,106514,Diesel,Shell Providencia
701430,30016,20250823,141.5,992,140368,106634,Diesel,Shell Maipú
701431,30016,20250829,99.3,939,93243,106910,Diesel,Shell Maipú
701432,30016,20250910,132.0,977,128964,107101,Diesel,Copec Maipú
701433,30016,20250914,90.5,974,88147,107258,Diesel,Copec Maipú
701434,30016,20250924,96.4,948,91387,107395,Diesel,Shell Quilicura
701435,30016,20251012,99.0,986,97614,107662,Diesel,Copec Maipú
701436,30016,20251022,92.2,1007,92845,107913,Diesel,Petrobras Santiago
701437,30016,20251025,98.8,938,92674,108393,Diesel,Copec Maipú
701438,30016,20251028,91.6,1029,94256,108645,Diesel,Copec Santiago
701439,30016,20251031,112.1,994,111427,109089,Diesel,Shell Providencia
701440,30016,20251110,132.8,944,125363,109399,Diesel,Copec Maipú
701441,30016,20251118,112.9,925,104432,109627,Diesel,Petrobras Santiago
701442,30016,20251123,107.3,946,101506,110086,Diesel,Shell Maipú
701443,30016,20251204,131.2,964,126477,110230,Diesel,Copec Maipú
701444,30016,20251218,102.4,1008,103219,110377,Diesel,Shell Quilicura
701445,30016,20260113,140.0,987,138180,110506,Diesel,Petrobras Santiago
701446,30016,20260119,146.8,902,132414,110986,Diesel,Shell Providencia
701447,30016,20260127,136.8,1020,139536,111253,Diesel,Petrobras Santiago
701448,30016,20260131,91.4,923,84362,111561,Diesel,Petrobras Santiago
701449,30016,20260217,122.1,985,120268,111729,Diesel,Shell Quilicura
701450,30016,20260227,137.5,1040,143000,111939,Diesel,Shell Quilicura
701451,30016,20260320,140.4,943,132397,112147,Diesel,Copec Santiago
701452,30016,20260324,106.2,1035,109917,112437,Diesel,Shell Maipú
701453,30016,20260419,105.4,921,97073,112803,Diesel,Shell Maipú
701454,30016,20260424,125.0,1001,125125,113066,Diesel,Shell Quilicura
701455,30016,20260426,143.2,947,135610,113238,Diesel,Petrobras Santiago
701456,30016,20260510,133.4,1021,136201,113616,Diesel,Shell Maipú
701457,30016,20260512,117.0,956,111852,113866,Diesel,Shell Maipú
701458,30016,20260516,138.4,1045,144628,114188,Diesel,Petrobras Santiago
701459,30016,20260604,99.2,1001,99299,114470,Diesel,Shell Maipú
701460,30016,20260605,130.3,931,121309,114691,Diesel,Copec San Bernardo
701461,30016,20260608,111.9,964,107872,114985,Diesel,Copec San Bernardo
701462,30016,20260617,142.2,935,132957,115424,Diesel,Copec Santiago
701463,30016,20260623,108.8,930,101184,115967,Diesel,Copec Maipú
701464,30016,20260626,145.7,949,138269,116390,Diesel,Copec Santiago
701465,30016,20260629,100.0,999,99900,116672,Diesel,Petrobras Santiago
701466,30016,20260705,91.8,1018,93452,116778,Diesel,Shell Providencia
701467,30016,20260706,146.9,912,133973,117109,Diesel,Petrobras Santiago
701468,30016,20260711,151.3,945,142978,117291,Diesel,Shell Maipú
701469,30016,20260716,150.0,1015,152250,117397,Diesel,Copec Maipú
701470,30016,20260717,138.3,1042,144109,117502,Diesel,Shell Maipú
701471,30016,20260720,113.2,975,110370,117727,Diesel,Copec Santiago
701472,30016,20260722,107.0,946,101222,117852,Diesel,Petrobras Santiago
701473,30016,20260723,102.4,901,92262,118338,Diesel,Copec Santiago
701474,30016,20260725,95.9,1002,96092,118527,Diesel,Shell Providencia
701475,30016,20260727,156.1,1031,160939,118848,Diesel,Copec San Bernardo
701476,30016,20260817,146.2,1048,153218,119006,Diesel,Shell Maipú
701477,30016,20260823,95.7,997,95413,119296,Diesel,Copec Santiago
701478,30016,20260829,134.7,946,127426,119774,Diesel,Shell Providencia
701479,30016,20260907,157.2,933,146668,120156,Diesel,Shell Providencia
701480,30016,20260910,103.6,1023,105983,120427,Diesel,Shell Quilicura
701481,30016,20260924,134.5,960,129120,120899,Diesel,Shell Maipú
701482,30016,20261001,132.3,969,128199,121185,Diesel,Shell Maipú
701483,30016,20261004,148.1,1006,148989,121332,Diesel,Copec San Bernardo
701484,30016,20261006,148.7,1001,148849,121530,Diesel,Shell Maipú
701485,30016,20261010,115.4,1032,119093,121946,Diesel,Petrobras Santiago
701486,30016,20261019,132.8,946,125629,122196,Diesel,Shell Quilicura
701487,30016,20261027,95.0,952,90440,122630,Diesel,Shell Quilicura
701488,30016,20261031,106.3,1004,106725,123021,Diesel,Copec San Bernardo
701489,30016,20261102,150.4,920,138368,123167,Diesel,Shell Maipú
701490,30016,20261112,159.7,1037,165609,123682,Diesel,Shell Maipú
701491,30016,20261115,93.9,938,88078,123782,Diesel,Copec San Bernardo
701492,30016,20261121,102.0,925,94350,124258,Diesel,Shell Providencia
701493,30016,20261122,98.5,962,94757,124772,Diesel,Copec San Bernardo
701494,30016,20261207,117.8,971,114384,125263,Diesel,Shell Maipú
701495,30016,20261213,131.7,962,126695,125451,Diesel,Shell Maipú
701496,30016,20261222,145.0,929,134705,125995,Diesel,Shell Quilicura
701497,30016,20261225,137.1,921,126269,126216,Diesel,Shell Quilicura
701498,30016,20261226,155.2,999,155045,126445,Diesel,Copec San Bernardo
701499,30016,20261228,111.8,1027,114819,126934,Diesel,Shell Maipú
701500,30016,20261229,90.1,956,86136,127181,Diesel,Shell Maipú
701501,30017,20250107,61.7,933,57566,109635,Diesel,Copec Maipú
701502,30017,20250112,81.6,1027,83803,110097,Diesel,Copec San Bernardo
701503,30017,20250205,51.7,918,47461,110358,Diesel,Copec San Bernardo
701504,30017,20250227,74.0,1039,76886,110554,Diesel,Copec Maipú
701505,30017,20250303,49.8,977,48655,110654,Diesel,Shell Quilicura
701506,30017,20250307,60.0,993,59580,111036,Diesel,Petrobras Santiago
701507,30017,20250315,49.4,905,44707,111241,Diesel,Copec San Bernardo
701508,30017,20250325,54.3,908,49304,111658,Diesel,Shell Quilicura
701509,30017,20250327,70.0,912,63840,111813,Diesel,Copec San Bernardo
701510,30017,20250401,62.8,1001,62863,112025,Diesel,Shell Quilicura
701511,30017,20250409,75.9,1001,75976,112203,Diesel,Copec San Bernardo
701512,30017,20250414,66.4,906,60158,112552,Diesel,Shell Providencia
701513,30017,20250417,57.8,984,56875,112899,Diesel,Copec San Bernardo
701514,30017,20250420,80.5,960,77280,113191,Diesel,Shell Quilicura
701515,30017,20250421,55.7,980,54586,113653,Diesel,Copec Maipú
701516,30017,20250509,58.0,1043,60494,114003,Diesel,Copec Santiago
701517,30017,20250514,58.5,1024,59904,114300,Diesel,Copec San Bernardo
701518,30017,20250516,57.3,936,53633,114727,Diesel,Shell Providencia
701519,30017,20250517,62.1,909,56449,114909,Diesel,Petrobras Santiago
701520,30017,20250602,59.5,966,57477,115107,Diesel,Copec Santiago
701521,30017,20250612,77.3,1011,78150,115418,Diesel,Shell Quilicura
701522,30017,20250614,78.6,951,74749,115615,Diesel,Shell Quilicura
701523,30017,20250616,84.8,947,80306,115961,Diesel,Shell Providencia
701524,30017,20250622,76.3,918,70043,116267,Diesel,Shell Providencia
701525,30017,20250626,58.1,903,52464,116769,Diesel,Shell Quilicura
701526,30017,20250628,46.7,1030,48101,117249,Diesel,Copec San Bernardo
701527,30017,20250726,51.9,971,50395,117769,Diesel,Shell Maipú
701528,30017,20250812,50.6,966,48880,118305,Diesel,Copec San Bernardo
701529,30017,20250819,53.5,917,49060,118572,Diesel,Petrobras Santiago
701530,30017,20250828,65.1,902,58720,118745,Diesel,Copec Santiago
701531,30017,20250831,84.2,991,83442,118867,Diesel,Petrobras Santiago
701532,30017,20250905,80.1,1043,83544,119301,Diesel,Copec San Bernardo
701533,30017,20250907,62.8,989,62109,119478,Diesel,Shell Quilicura
701534,30017,20250919,52.8,967,51058,119587,Diesel,Petrobras Santiago
701535,30017,20250928,71.2,962,68494,120012,Diesel,Copec Maipú
701536,30017,20250929,49.7,960,47712,120549,Diesel,Copec Santiago
701537,30017,20251015,53.8,928,49926,121050,Diesel,Shell Providencia
701538,30017,20251031,53.4,939,50143,121559,Diesel,Copec Santiago
701539,30017,20251119,74.4,1005,74772,121940,Diesel,Shell Providencia
701540,30017,20251128,49.6,1006,49898,122231,Diesel,Shell Quilicura
701541,30017,20251129,78.2,976,76323,122385,Diesel,Copec San Bernardo
701542,30017,20251202,64.1,972,62305,122603,Diesel,Copec Santiago
701543,30017,20251205,70.1,995,69750,122781,Diesel,Copec Maipú
701544,30017,20251226,66.2,1012,66994,123049,Diesel,Shell Quilicura
701545,30017,20251229,72.9,1039,75743,123180,Diesel,Copec Maipú
701546,30017,20260101,67.5,1001,67568,123280,Diesel,Copec San Bernardo
701547,30017,20260104,69.8,1024,71475,123482,Diesel,Copec San Bernardo
701548,30017,20260110,67.1,936,62806,123809,Diesel,Copec Maipú
701549,30017,20260116,83.7,999,83616,123982,Diesel,Copec Santiago
701550,30017,20260130,82.3,988,81312,124529,Diesel,Shell Providencia
701551,30017,20260204,78.0,931,72618,124690,Diesel,Copec San Bernardo
701552,30017,20260206,77.0,927,71379,124976,Diesel,Petrobras Santiago
701553,30017,20260222,80.3,951,76365,125189,Diesel,Shell Providencia
701554,30017,20260228,46.0,1004,46184,125732,Diesel,Copec Maipú
701555,30017,20260316,47.2,991,46775,126034,Diesel,Copec Santiago
701556,30017,20260329,60.5,912,55176,126250,Diesel,Copec San Bernardo
701557,30017,20260406,66.8,935,62458,126469,Diesel,Copec Maipú
701558,30017,20260419,60.9,937,57063,126698,Diesel,Copec Maipú
701559,30017,20260424,82.0,924,75768,127121,Diesel,Copec San Bernardo
701560,30017,20260427,73.6,936,68890,127388,Diesel,Shell Quilicura
701561,30017,20260513,56.3,912,51346,127670,Diesel,Copec Maipú
701562,30017,20260521,74.2,945,70119,128043,Diesel,Shell Maipú
701563,30017,20260522,53.1,1034,54905,128224,Diesel,Shell Maipú
701564,30017,20260529,45.2,975,44070,128546,Diesel,Shell Providencia
701565,30017,20260610,47.2,947,44698,128752,Diesel,Copec Santiago
701566,30017,20260617,53.7,1031,55365,129122,Diesel,Shell Quilicura
701567,30017,20260623,64.5,1004,64758,129657,Diesel,Copec San Bernardo
701568,30017,20260627,70.0,1024,71680,129848,Diesel,Copec Santiago
701569,30017,20260628,81.7,983,80311,130397,Diesel,Petrobras Santiago
701570,30017,20260703,62.2,947,58903,130913,Diesel,Copec Santiago
701571,30017,20260727,76.9,1025,78822,131375,Diesel,Petrobras Santiago
701572,30017,20260807,82.6,993,82022,131830,Diesel,Copec San Bernardo
701573,30017,20260810,77.2,1027,79284,132285,Diesel,Copec San Bernardo
701574,30017,20260811,47.1,960,45216,132513,Diesel,Shell Quilicura
701575,30017,20260815,75.0,954,71550,132812,Diesel,Petrobras Santiago
701576,30017,20260820,71.5,933,66710,133247,Diesel,Shell Quilicura
701577,30017,20260822,68.9,973,67040,133436,Diesel,Copec Maipú
701578,30017,20260826,60.2,916,55143,133836,Diesel,Petrobras Santiago
701579,30017,20260828,60.8,992,60314,134188,Diesel,Petrobras Santiago
701580,30017,20260829,57.0,1044,59508,134573,Diesel,Copec Maipú
701581,30017,20260831,69.7,1002,69839,134941,Diesel,Petrobras Santiago
701582,30017,20260905,65.4,964,63046,135322,Diesel,Shell Quilicura
701583,30017,20260908,84.1,936,78718,135655,Diesel,Shell Providencia
701584,30017,20260923,78.6,983,77264,136091,Diesel,Petrobras Santiago
701585,30017,20260925,74.1,990,73359,136466,Diesel,Petrobras Santiago
701586,30017,20261005,75.8,1046,79287,136861,Diesel,Copec Santiago
701587,30017,20261006,82.5,977,80602,137122,Diesel,Shell Maipú
701588,30017,20261007,52.1,916,47724,137413,Diesel,Petrobras Santiago
701589,30017,20261028,69.6,949,66050,137635,Diesel,Shell Providencia
701590,30017,20261030,68.4,931,63680,137782,Diesel,Shell Maipú
701591,30017,20261103,48.4,953,46125,137988,Diesel,Shell Maipú
701592,30017,20261104,56.0,1024,57344,138098,Diesel,Shell Maipú
701593,30017,20261121,76.6,918,70319,138220,Diesel,Copec Santiago
701594,30017,20261206,56.5,978,55257,138412,Diesel,Shell Maipú
701595,30017,20261207,67.4,1029,69355,138888,Diesel,Shell Maipú
701596,30017,20261211,57.3,940,53862,139022,Diesel,Shell Quilicura
701597,30017,20261212,52.7,914,48168,139261,Diesel,Shell Quilicura
701598,30017,20261213,77.9,915,71278,139529,Diesel,Copec Santiago
701599,30017,20261218,77.5,972,75330,140074,Diesel,Shell Providencia
701600,30017,20261221,52.0,1006,52312,140177,Diesel,Shell Maipú
701601,30018,20250109,63.9,1009,64475,59105,Diesel,Shell Quilicura
701602,30018,20250111,56.7,989,56076,59216,Diesel,Shell Maipú
701603,30018,20250114,47.1,904,42578,59622,Diesel,Petrobras Santiago
701604,30018,20250118,44.3,942,41731,60050,Diesel,Petrobras Santiago
701605,30018,20250121,55.5,1022,56721,60458,Diesel,Petrobras Santiago
701606,30018,20250128,45.3,999,45255,60919,Diesel,Copec San Bernardo
701607,30018,20250221,39.7,984,39065,61260,Diesel,Shell Quilicura
701608,30018,20250226,61.3,958,58725,61526,Diesel,Copec Maipú
701609,30018,20250227,55.4,1025,56785,61754,Diesel,Shell Maipú
701610,30018,20250303,41.1,1028,42251,61897,Diesel,Copec San Bernardo
701611,30018,20250317,31.7,994,31510,62374,Diesel,Copec San Bernardo
701612,30018,20250324,41.4,1001,41441,62881,Diesel,Shell Maipú
701613,30018,20250406,36.3,942,34195,63228,Diesel,Shell Providencia
701614,30018,20250420,45.0,911,40995,63616,Diesel,Copec Maipú
701615,30018,20250421,59.3,936,55505,63959,Diesel,Copec Santiago
701616,30018,20250429,47.7,1015,48416,64132,Diesel,Shell Quilicura
701617,30018,20250504,46.3,1019,47180,64513,Diesel,Copec Maipú
701618,30018,20250507,44.9,957,42969,64792,Diesel,Shell Providencia
701619,30018,20250511,49.2,1042,51266,64955,Diesel,Shell Quilicura
701620,30018,20250512,33.5,959,32126,65072,Diesel,Petrobras Santiago
701621,30018,20250513,60.1,952,57215,65462,Diesel,Shell Quilicura
701622,30018,20250514,42.3,993,42004,65671,Diesel,Copec San Bernardo
701623,30018,20250518,38.1,961,36614,65942,Diesel,Copec Maipú
701624,30018,20250525,60.4,985,59494,66180,Diesel,Copec Maipú
701625,30018,20250607,40.0,978,39120,66710,Diesel,Shell Quilicura
701626,30018,20250608,54.0,944,50976,67212,Diesel,Shell Quilicura
701627,30018,20250621,39.3,925,36352,67590,Diesel,Petrobras Santiago
701628,30018,20250702,44.7,917,40990,67969,Diesel,Shell Quilicura
701629,30018,20250801,49.2,925,45510,68125,Diesel,Copec San Bernardo
701630,30018,20250809,41.1,933,38346,68237,Diesel,Copec Santiago
701631,30018,20250810,48.0,915,43920,68522,Diesel,Copec Santiago
701632,30018,20250816,63.7,957,60961,68729,Diesel,Copec San Bernardo
701633,30018,20250818,30.4,959,29154,69086,Diesel,Shell Quilicura
701634,30018,20250831,42.1,905,38100,69273,Diesel,Copec San Bernardo
701635,30018,20250903,58.1,924,53684,69560,Diesel,Shell Maipú
701636,30018,20250914,36.7,1008,36994,69664,Diesel,Copec Maipú
701637,30018,20250923,41.1,1027,42210,69944,Diesel,Shell Providencia
701638,30018,20250927,56.6,1001,56657,70306,Diesel,Shell Providencia
701639,30018,20250930,36.4,1013,36873,70548,Diesel,Copec Maipú
701640,30018,20251015,37.9,992,37597,71035,Diesel,Shell Maipú
701641,30018,20251017,41.4,970,40158,71285,Diesel,Shell Maipú
701642,30018,20251107,59.7,931,55581,71603,Diesel,Copec Santiago
701643,30018,20251109,42.0,1048,44016,71846,Diesel,Shell Providencia
701644,30018,20251114,41.1,901,37031,72254,Diesel,Shell Quilicura
701645,30018,20251116,40.6,906,36784,72710,Diesel,Copec Maipú
701646,30018,20251201,44.1,995,43880,72821,Diesel,Petrobras Santiago
701647,30018,20251211,34.2,1047,35807,73232,Diesel,Shell Quilicura
701648,30018,20251212,45.6,973,44369,73664,Diesel,Shell Quilicura
701649,30018,20251216,33.5,964,32294,73841,Diesel,Shell Maipú
701650,30018,20251228,37.5,994,37275,73973,Diesel,Shell Maipú
701651,30018,20260110,64.9,905,58735,74328,Diesel,Shell Providencia
701652,30018,20260115,40.9,960,39264,74593,Diesel,Copec San Bernardo
701653,30018,20260131,37.1,1043,38695,74999,Diesel,Shell Providencia
701654,30018,20260206,31.6,951,30052,75500,Diesel,Shell Providencia
701655,30018,20260208,58.1,965,56066,75697,Diesel,Shell Maipú
701656,30018,20260221,36.3,1042,37825,76105,Diesel,Shell Providencia
701657,30018,20260224,41.4,1013,41938,76325,Diesel,Petrobras Santiago
701658,30018,20260302,51.3,967,49607,76773,Diesel,Shell Providencia
701659,30018,20260307,38.0,909,34542,76900,Diesel,Shell Maipú
701660,30018,20260311,46.6,925,43105,77353,Diesel,Shell Quilicura
701661,30018,20260323,44.0,909,39996,77725,Diesel,Copec Santiago
701662,30018,20260325,61.0,923,56303,77998,Diesel,Copec Maipú
701663,30018,20260410,53.3,963,51328,78543,Diesel,Copec Maipú
701664,30018,20260418,44.4,976,43334,78701,Diesel,Shell Quilicura
701665,30018,20260419,54.2,999,54146,78849,Diesel,Shell Providencia
701666,30018,20260422,42.9,1047,44916,79187,Diesel,Copec Santiago
701667,30018,20260427,47.6,1036,49314,79585,Diesel,Petrobras Santiago
701668,30018,20260504,48.8,1008,49190,79764,Diesel,Copec Santiago
701669,30018,20260505,40.3,971,39131,80311,Diesel,Copec Santiago
701670,30018,20260515,54.1,1030,55723,80624,Diesel,Shell Quilicura
701671,30018,20260525,32.4,982,31817,80847,Diesel,Petrobras Santiago
701672,30018,20260529,60.6,933,56540,81297,Diesel,Copec San Bernardo
701673,30018,20260530,32.2,1023,32941,81833,Diesel,Shell Maipú
701674,30018,20260605,40.2,970,38994,82337,Diesel,Shell Maipú
701675,30018,20260612,40.7,929,37810,82839,Diesel,Copec San Bernardo
701676,30018,20260613,40.4,1017,41087,83358,Diesel,Shell Maipú
701677,30018,20260618,38.0,925,35150,83757,Diesel,Petrobras Santiago
701678,30018,20260621,58.7,901,52889,83890,Diesel,Shell Quilicura
701679,30018,20260716,36.3,1034,37534,84286,Diesel,Shell Quilicura
701680,30018,20260725,54.8,1048,57430,84395,Diesel,Copec Santiago
701681,30018,20260728,33.4,1008,33667,84899,Diesel,Shell Providencia
701682,30018,20260730,36.5,906,33069,85076,Diesel,Copec Maipú
701683,30018,20260811,57.1,920,52532,85320,Diesel,Shell Providencia
701684,30018,20260902,51.2,964,49357,85727,Diesel,Shell Providencia
701685,30018,20260912,57.4,902,51775,85973,Diesel,Copec San Bernardo
701686,30018,20260914,49.9,1019,50848,86169,Diesel,Petrobras Santiago
701687,30018,20260923,38.8,976,37869,86646,Diesel,Copec Maipú
701688,30018,20260925,57.5,973,55948,87130,Diesel,Petrobras Santiago
701689,30018,20260926,32.0,1040,33280,87356,Diesel,Petrobras Santiago
701690,30018,20261006,49.2,1034,50873,87859,Diesel,Shell Maipú
701691,30018,20261007,46.5,949,44128,88078,Diesel,Copec Maipú
701692,30018,20261010,58.8,1006,59153,88270,Diesel,Shell Maipú
701693,30018,20261030,58.7,959,56293,88756,Diesel,Copec Santiago
701694,30018,20261111,45.4,977,44356,89008,Diesel,Shell Providencia
701695,30018,20261120,34.0,1030,35020,89543,Diesel,Shell Providencia
701696,30018,20261205,63.1,950,59945,90010,Diesel,Shell Maipú
701697,30018,20261213,57.8,994,57453,90196,Diesel,Copec Santiago
701698,30018,20261214,53.8,986,53047,90506,Diesel,Shell Quilicura
701699,30018,20261217,63.0,1018,64134,90647,Diesel,Copec Santiago
701700,30018,20261228,48.7,1003,48846,91177,Diesel,Copec Santiago
701701,30019,20250112,159.7,943,150597,56552,Diesel,Copec Santiago
701702,30019,20250122,151.8,915,138897,56732,Diesel,Petrobras Santiago
701703,30019,20250124,149.7,975,145958,57240,Diesel,Shell Maipú
701704,30019,20250131,128.1,1004,128612,57535,Diesel,Shell Quilicura
701705,30019,20250202,159.3,992,158026,58060,Diesel,Copec Maipú
701706,30019,20250205,144.1,926,133437,58445,Diesel,Copec Maipú
701707,30019,20250206,114.3,965,110300,58673,Diesel,Shell Providencia
701708,30019,20250210,123.9,1019,126254,59184,Diesel,Copec San Bernardo
701709,30019,20250220,113.9,1021,116292,59566,Diesel,Copec Maipú
701710,30019,20250221,105.7,976,103163,59878,Diesel,Shell Providencia
701711,30019,20250308,90.6,997,90328,60356,Diesel,Petrobras Santiago
701712,30019,20250309,121.2,1045,126654,60797,Diesel,Copec Santiago
701713,30019,20250322,150.4,921,138518,61116,Diesel,Shell Maipú
701714,30019,20250419,150.8,987,148840,61297,Diesel,Copec San Bernardo
701715,30019,20250509,116.0,914,106024,61558,Diesel,Copec San Bernardo
701716,30019,20250512,117.6,1030,121128,62100,Diesel,Copec San Bernardo
701717,30019,20250515,157.7,1044,164639,62399,Diesel,Shell Maipú
701718,30019,20250516,114.4,1034,118290,62896,Diesel,Petrobras Santiago
701719,30019,20250524,121.0,948,114708,63443,Diesel,Copec Santiago
701720,30019,20250525,138.1,941,129952,63748,Diesel,Petrobras Santiago
701721,30019,20250616,93.6,907,84895,64228,Diesel,Copec Maipú
701722,30019,20250622,142.3,907,129066,64328,Diesel,Shell Quilicura
701723,30019,20250703,139.8,901,125960,64560,Diesel,Petrobras Santiago
701724,30019,20250706,126.0,1017,128142,65055,Diesel,Shell Providencia
701725,30019,20250707,158.8,936,148637,65262,Diesel,Copec San Bernardo
701726,30019,20250714,140.1,991,138839,65658,Diesel,Shell Providencia
701727,30019,20250725,90.5,974,88147,65876,Diesel,Shell Maipú
701728,30019,20250727,109.5,959,105010,66289,Diesel,Shell Providencia
701729,30019,20250731,147.0,963,141561,66466,Diesel,Copec Santiago
701730,30019,20250814,99.4,1043,103674,66568,Diesel,Copec Santiago
701731,30019,20250821,123.8,933,115505,66999,Diesel,Shell Maipú
701732,30019,20250904,151.4,913,138228,67474,Diesel,Copec Maipú
701733,30019,20250911,104.9,962,100914,67625,Diesel,Shell Quilicura
701734,30019,20250912,105.2,955,100466,68117,Diesel,Copec San Bernardo
701735,30019,20250915,151.0,963,145413,68220,Diesel,Petrobras Santiago
701736,30019,20250917,94.8,948,89870,68676,Diesel,Shell Providencia
701737,30019,20250929,125.4,1017,127532,68831,Diesel,Petrobras Santiago
701738,30019,20251002,149.1,954,142241,69232,Diesel,Copec Maipú
701739,30019,20251006,111.9,909,101717,69751,Diesel,Copec Maipú
701740,30019,20251010,90.7,961,87163,70108,Diesel,Petrobras Santiago
701741,30019,20251028,138.5,1015,140578,70555,Diesel,Shell Providencia
701742,30019,20251106,146.8,944,138579,70761,Diesel,Shell Quilicura
701743,30019,20251110,140.9,1004,141464,71256,Diesel,Shell Providencia
701744,30019,20251117,105.8,999,105694,71368,Diesel,Petrobras Santiago
701745,30019,20251123,154.1,923,142234,71480,Diesel,Copec San Bernardo
701746,30019,20251127,129.9,900,116910,71915,Diesel,Shell Maipú
701747,30019,20251215,130.6,1033,134910,72232,Diesel,Shell Quilicura
701748,30019,20251227,140.0,967,135380,72693,Diesel,Shell Providencia
701749,30019,20260109,121.4,944,114602,72867,Diesel,Copec San Bernardo
701750,30019,20260110,98.7,998,98503,73263,Diesel,Shell Quilicura
701751,30019,20260121,121.2,983,119140,73796,Diesel,Shell Providencia
701752,30019,20260131,121.9,925,112758,74040,Diesel,Shell Providencia
701753,30019,20260205,133.5,945,126158,74230,Diesel,Copec San Bernardo
701754,30019,20260225,98.0,997,97706,74669,Diesel,Shell Maipú
701755,30019,20260304,130.4,997,130009,74840,Diesel,Copec San Bernardo
701756,30019,20260316,127.0,905,114935,75053,Diesel,Copec San Bernardo
701757,30019,20260318,95.7,965,92350,75526,Diesel,Shell Providencia
701758,30019,20260320,128.2,920,117944,75945,Diesel,Petrobras Santiago
701759,30019,20260328,105.4,915,96441,76126,Diesel,Copec San Bernardo
701760,30019,20260329,124.2,979,121592,76388,Diesel,Shell Maipú
701761,30019,20260410,108.7,1037,112722,76656,Diesel,Petrobras Santiago
701762,30019,20260417,99.0,1011,100089,76936,Diesel,Shell Maipú
701763,30019,20260418,112.1,993,111315,77382,Diesel,Shell Quilicura
701764,30019,20260428,121.1,1035,125338,77609,Diesel,Copec Santiago
701765,30019,20260504,117.1,1023,119793,77746,Diesel,Shell Maipú
701766,30019,20260507,121.8,976,118877,78244,Diesel,Copec Santiago
701767,30019,20260509,155.3,1029,159804,78736,Diesel,Shell Quilicura
701768,30019,20260601,120.6,970,116982,79014,Diesel,Shell Maipú
701769,30019,20260604,135.8,1050,142590,79485,Diesel,Copec Santiago
701770,30019,20260605,105.6,961,101482,79995,Diesel,Copec San Bernardo
701771,30019,20260611,91.5,914,83631,80140,Diesel,Shell Providencia
701772,30019,20260616,151.6,977,148113,80577,Diesel,Copec Santiago
701773,30019,20260618,107.9,1015,109518,80835,Diesel,Copec Santiago
701774,30019,20260623,92.8,954,88531,81018,Diesel,Shell Quilicura
701775,30019,20260807,139.1,969,134788,81243,Diesel,Shell Maipú
701776,30019,20260813,119.9,970,116303,81607,Diesel,Shell Maipú
701777,30019,20260817,134.9,947,127750,82121,Diesel,Copec San Bernardo
701778,30019,20260819,94.6,1046,98952,82305,Diesel,Copec Maipú
701779,30019,20260823,123.5,953,117696,82791,Diesel,Shell Maipú
701780,30019,20260902,140.1,940,131694,83236,Diesel,Shell Maipú
701781,30019,20260921,136.7,915,125080,83589,Diesel,Shell Maipú
701782,30019,20260927,150.9,1034,156031,83947,Diesel,Shell Providencia
701783,30019,20260930,95.4,1001,95495,84281,Diesel,Copec San Bernardo
701784,30019,20261015,107.1,963,103137,84470,Diesel,Copec San Bernardo
701785,30019,20261021,151.4,936,141710,84786,Diesel,Shell Maipú
701786,30019,20261023,103.5,915,94702,85084,Diesel,Copec Santiago
701787,30019,20261026,91.7,1008,92434,85630,Diesel,Shell Quilicura
701788,30019,20261030,120.7,951,114786,86031,Diesel,Copec Maipú
701789,30019,20261113,137.9,1013,139693,86401,Diesel,Copec San Bernardo
701790,30019,20261114,150.9,928,140035,86580,Diesel,Shell Maipú
701791,30019,20261123,156.3,959,149892,87021,Diesel,Shell Maipú
701792,30019,20261124,126.8,916,116149,87456,Diesel,Shell Providencia
701793,30019,20261127,159.9,981,156862,87569,Diesel,Copec Maipú
701794,30019,20261210,109.2,904,98717,87759,Diesel,Copec Santiago
701795,30019,20261211,133.8,987,132061,88163,Diesel,Shell Providencia
701796,30019,20261215,137.3,931,127826,88483,Diesel,Petrobras Santiago
701797,30019,20261216,98.8,919,90797,88943,Diesel,Copec Maipú
701798,30019,20261221,150.1,1044,156704,89115,Diesel,Shell Quilicura
701799,30019,20261226,102.9,916,94256,89640,Diesel,Copec Santiago
701800,30019,20261227,130.5,993,129586,89745,Diesel,Shell Quilicura
701801,30020,20250112,78.4,908,71187,121118,Diesel,Shell Maipú
701802,30020,20250113,79.0,943,74497,121621,Diesel,Copec Maipú
701803,30020,20250123,57.6,1044,60134,122169,Diesel,Petrobras Santiago
701804,30020,20250130,68.2,925,63085,122505,Diesel,Copec San Bernardo
701805,30020,20250131,52.0,935,48620,122915,Diesel,Petrobras Santiago
701806,30020,20250212,81.6,932,76051,123315,Diesel,Shell Providencia
701807,30020,20250213,84.0,933,78372,123449,Diesel,Copec Santiago
701808,30020,20250224,54.3,924,50173,123791,Diesel,Copec Maipú
701809,30020,20250227,78.3,974,76264,124157,Diesel,Petrobras Santiago
701810,30020,20250301,82.1,925,75942,124555,Diesel,Copec Santiago
701811,30020,20250302,81.2,908,73730,124757,Diesel,Shell Providencia
701812,30020,20250303,63.3,939,59439,125171,Diesel,Copec Maipú
701813,30020,20250305,52.9,1042,55122,125296,Diesel,Shell Quilicura
701814,30020,20250313,51.7,1045,54026,125778,Diesel,Shell Quilicura
701815,30020,20250325,82.8,1002,82966,125994,Diesel,Copec Maipú
701816,30020,20250429,52.5,946,49665,126281,Diesel,Copec San Bernardo
701817,30020,20250430,50.8,916,46533,126416,Diesel,Shell Quilicura
701818,30020,20250506,76.8,921,70733,126598,Diesel,Copec San Bernardo
701819,30020,20250510,70.7,930,65751,126913,Diesel,Shell Maipú
701820,30020,20250602,51.7,1039,53716,127368,Diesel,Shell Maipú
701821,30020,20250605,50.0,955,47750,127901,Diesel,Shell Quilicura
701822,30020,20250607,53.7,908,48760,128021,Diesel,Shell Providencia
701823,30020,20250609,49.1,926,45467,128159,Diesel,Copec Maipú
701824,30020,20250616,65.4,921,60233,128594,Diesel,Shell Providencia
701825,30020,20250623,51.5,1004,51706,128742,Diesel,Copec San Bernardo
701826,30020,20250629,84.2,1048,88242,129239,Diesel,Shell Providencia
701827,30020,20250713,54.7,1020,55794,129780,Diesel,Copec Santiago
701828,30020,20250714,76.2,1037,79019,130176,Diesel,Petrobras Santiago
701829,30020,20250808,64.6,933,60272,130415,Diesel,Petrobras Santiago
701830,30020,20250810,67.9,915,62129,130869,Diesel,Shell Quilicura
701831,30020,20250815,52.0,1031,53612,131139,Diesel,Copec Maipú
701832,30020,20250818,55.1,910,50141,131671,Diesel,Copec Maipú
701833,30020,20250827,81.5,995,81092,131832,Diesel,Copec San Bernardo
701834,30020,20250830,55.3,1008,55742,132340,Diesel,Shell Maipú
701835,30020,20250908,60.0,994,59640,132774,Diesel,Copec Maipú
701836,30020,20250918,77.9,935,72836,133306,Diesel,Copec San Bernardo
701837,30020,20250923,61.2,989,60527,133792,Diesel,Copec San Bernardo
701838,30020,20250929,68.2,1037,70723,134320,Diesel,Petrobras Santiago
701839,30020,20251020,45.3,1021,46251,134477,Diesel,Shell Maipú
701840,30020,20251030,61.5,1002,61623,134772,Diesel,Petrobras Santiago
701841,30020,20251119,48.4,1016,49174,135164,Diesel,Shell Maipú
701842,30020,20251202,84.5,952,80444,135637,Diesel,Shell Quilicura
701843,30020,20251206,74.4,978,72763,135768,Diesel,Shell Quilicura
701844,30020,20251210,76.3,931,71035,136071,Diesel,Shell Maipú
701845,30020,20251222,48.7,960,46752,136456,Diesel,Copec Santiago
701846,30020,20251224,65.6,1006,65994,136985,Diesel,Shell Providencia
701847,30020,20260113,50.5,908,45854,137384,Diesel,Shell Quilicura
701848,30020,20260117,50.7,999,50649,137928,Diesel,Shell Providencia
701849,30020,20260118,82.2,975,80145,138074,Diesel,Copec San Bernardo
701850,30020,20260119,62.8,1006,63177,138242,Diesel,Copec Santiago
701851,30020,20260122,59.4,996,59162,138724,Diesel,Shell Providencia
701852,30020,20260128,59.5,980,58310,139078,Diesel,Shell Maipú
701853,30020,20260207,64.0,1022,65408,139180,Diesel,Shell Maipú
701854,30020,20260208,76.9,989,76054,139477,Diesel,Shell Quilicura
701855,30020,20260227,61.4,991,60847,139780,Diesel,Shell Providencia
701856,30020,20260303,61.7,922,56887,140233,Diesel,Petrobras Santiago
701857,30020,20260311,70.7,942,66599,140378,Diesel,Copec San Bernardo
701858,30020,20260320,58.8,926,54449,140591,Diesel,Copec San Bernardo
701859,30020,20260325,80.3,1044,83833,140954,Diesel,Copec Santiago
701860,30020,20260406,73.7,1000,73700,141329,Diesel,Copec Santiago
701861,30020,20260407,45.8,1003,45937,141635,Diesel,Copec Santiago
701862,30020,20260408,70.3,965,67840,141774,Diesel,Copec Santiago
701863,30020,20260415,53.0,1013,53689,142257,Diesel,Petrobras Santiago
701864,30020,20260426,50.8,1032,52426,142525,Diesel,Copec Maipú
701865,30020,20260429,84.3,957,80675,142991,Diesel,Petrobras Santiago
701866,30020,20260505,54.5,994,54173,143162,Diesel,Shell Maipú
701867,30020,20260524,61.6,939,57842,143438,Diesel,Shell Maipú
701868,30020,20260529,71.8,967,69431,143949,Diesel,Copec Santiago
701869,30020,20260530,53.2,994,52881,144066,Diesel,Shell Maipú
701870,30020,20260603,65.3,966,63080,144204,Diesel,Copec Maipú
701871,30020,20260609,56.6,1030,58298,144725,Diesel,Shell Quilicura
701872,30020,20260622,45.0,989,44505,144990,Diesel,Copec Maipú
701873,30020,20260624,69.7,912,63566,145161,Diesel,Copec San Bernardo
701874,30020,20260625,55.0,1025,56375,145673,Diesel,Copec San Bernardo
701875,30020,20260713,64.5,1040,67080,146034,Diesel,Copec San Bernardo
701876,30020,20260725,80.9,968,78311,146411,Diesel,Shell Quilicura
701877,30020,20260810,69.9,967,67593,146599,Diesel,Shell Maipú
701878,30020,20260813,53.8,925,49765,146881,Diesel,Shell Quilicura
701879,30020,20260814,82.1,1007,82675,147389,Diesel,Shell Quilicura
701880,30020,20260824,65.7,913,59984,147779,Diesel,Copec Santiago
701881,30020,20260826,59.4,995,59103,148204,Diesel,Copec Santiago
701882,30020,20260904,62.2,946,58841,148626,Diesel,Petrobras Santiago
701883,30020,20260907,83.6,943,78835,148858,Diesel,Petrobras Santiago
701884,30020,20260913,71.9,992,71325,149086,Diesel,Shell Quilicura
701885,30020,20260920,48.1,950,45695,149197,Diesel,Shell Maipú
701886,30020,20260921,84.5,958,80951,149504,Diesel,Petrobras Santiago
701887,30020,20260923,72.4,932,67477,149742,Diesel,Copec Santiago
701888,30020,20260928,61.4,935,57409,149984,Diesel,Copec Santiago
701889,30020,20261020,80.2,1045,83809,150291,Diesel,Copec Santiago
701890,30020,20261022,55.8,1050,58590,150648,Diesel,Shell Providencia
701891,30020,20261031,61.3,1047,64181,151118,Diesel,Shell Quilicura
701892,30020,20261103,74.7,905,67604,151551,Diesel,Shell Maipú
701893,30020,20261106,70.3,1035,72760,151973,Diesel,Copec San Bernardo
701894,30020,20261113,50.4,917,46217,152159,Diesel,Copec Santiago
701895,30020,20261120,50.6,978,49487,152620,Diesel,Petrobras Santiago
701896,30020,20261125,48.2,1001,48248,153075,Diesel,Copec Santiago
701897,30020,20261213,58.7,932,54708,153342,Diesel,Shell Providencia
701898,30020,20261216,53.7,981,52680,153645,Diesel,Shell Providencia
701899,30020,20261223,50.9,1041,52987,153902,Diesel,Shell Maipú
701900,30020,20261231,67.7,957,64789,154100,Diesel,Shell Providencia
701901,30021,20250105,100.5,903,90752,104922,Diesel,Petrobras Santiago
701902,30021,20250118,67.5,921,62168,105465,Diesel,Shell Quilicura
701903,30021,20250119,65.8,907,59681,105669,Diesel,Shell Maipú
701904,30021,20250125,83.8,1043,87403,105789,Diesel,Shell Maipú
701905,30021,20250131,104.3,1023,106699,106237,Diesel,Petrobras Santiago
701906,30021,20250203,92.7,1015,94090,106361,Diesel,Copec San Bernardo
701907,30021,20250204,73.2,997,72980,106629,Diesel,Copec Santiago
701908,30021,20250210,113.0,992,112096,106989,Diesel,Copec Maipú
701909,30021,20250218,117.9,978,115306,107401,Diesel,Shell Maipú
701910,30021,20250228,79.6,905,72038,107778,Diesel,Copec San Bernardo
701911,30021,20250306,99.2,1040,103168,108264,Diesel,Shell Maipú
701912,30021,20250315,106.4,920,97888,108467,Diesel,Shell Quilicura
701913,30021,20250318,95.0,913,86735,108778,Diesel,Petrobras Santiago
701914,30021,20250320,111.9,1028,115033,109082,Diesel,Copec San Bernardo
701915,30021,20250330,70.0,939,65730,109437,Diesel,Shell Providencia
701916,30021,20250417,72.1,1008,72677,109708,Diesel,Shell Quilicura
701917,30021,20250423,117.8,1035,121923,109884,Diesel,Shell Providencia
701918,30021,20250509,70.3,941,66152,110275,Diesel,Copec Maipú
701919,30021,20250511,113.1,919,103939,110704,Diesel,Shell Providencia
701920,30021,20250517,97.6,919,89694,110807,Diesel,Copec Santiago
701921,30021,20250602,106.7,916,97737,110935,Diesel,Copec Maipú
701922,30021,20250613,109.8,1040,114192,111323,Diesel,Copec Maipú
701923,30021,20250626,94.5,959,90626,111608,Diesel,Copec Santiago
701924,30021,20250701,92.1,971,89429,111888,Diesel,Shell Providencia
701925,30021,20250703,111.6,1025,114390,112433,Diesel,Shell Quilicura
701926,30021,20250713,83.3,974,81134,112605,Diesel,Copec Maipú
701927,30021,20250729,78.1,1019,79584,112723,Diesel,Shell Maipú
701928,30021,20250802,83.4,916,76394,112856,Diesel,Shell Quilicura
701929,30021,20250816,117.2,946,110871,113299,Diesel,Shell Quilicura
701930,30021,20250821,90.3,946,85424,113843,Diesel,Shell Providencia
701931,30021,20250822,113.3,944,106955,114214,Diesel,Copec San Bernardo
701932,30021,20250905,81.4,1001,81481,114325,Diesel,Copec Santiago
701933,30021,20250908,80.3,928,74518,114652,Diesel,Copec San Bernardo
701934,30021,20250911,106.8,931,99431,115034,Diesel,Petrobras Santiago
701935,30021,20250917,66.2,963,63751,115570,Diesel,Copec San Bernardo
701936,30021,20250927,83.6,985,82346,115772,Diesel,Copec San Bernardo
701937,30021,20251003,105.8,908,96066,116172,Diesel,Shell Quilicura
701938,30021,20251007,75.9,1031,78253,116392,Diesel,Copec San Bernardo
701939,30021,20251010,104.7,948,99256,116746,Diesel,Shell Providencia
701940,30021,20251012,72.0,927,66744,117130,Diesel,Petrobras Santiago
701941,30021,20251018,71.8,919,65984,117485,Diesel,Shell Providencia
701942,30021,20251025,85.7,1038,88957,117931,Diesel,Shell Quilicura
701943,30021,20251030,79.8,1005,80199,118396,Diesel,Petrobras Santiago
701944,30021,20251101,119.4,940,112236,118722,Diesel,Shell Quilicura
701945,30021,20251108,67.9,917,62264,118907,Diesel,Copec Santiago
701946,30021,20251109,120.0,1020,122400,119241,Diesel,Shell Providencia
701947,30021,20251110,105.0,917,96285,119440,Diesel,Shell Providencia
701948,30021,20251113,101.7,930,94581,119954,Diesel,Shell Maipú
701949,30021,20251117,75.7,947,71688,120167,Diesel,Petrobras Santiago
701950,30021,20251121,100.1,1005,100600,120537,Diesel,Copec San Bernardo
701951,30021,20251125,111.7,980,109466,120915,Diesel,Petrobras Santiago
701952,30021,20251129,71.0,1031,73201,121208,Diesel,Shell Maipú
701953,30021,20251220,74.2,977,72493,121581,Diesel,Copec San Bernardo
701954,30021,20260114,99.4,1042,103575,121882,Diesel,Shell Providencia
701955,30021,20260120,94.7,908,85988,122345,Diesel,Copec San Bernardo
701956,30021,20260128,75.3,905,68146,122884,Diesel,Shell Maipú
701957,30021,20260221,104.8,920,96416,123377,Diesel,Copec San Bernardo
701958,30021,20260222,73.5,945,69458,123625,Diesel,Shell Quilicura
701959,30021,20260301,85.5,938,80199,123875,Diesel,Copec San Bernardo
701960,30021,20260304,76.3,985,75156,123983,Diesel,Shell Maipú
701961,30021,20260311,81.6,969,79070,124524,Diesel,Copec Maipú
701962,30021,20260325,111.0,977,108447,124960,Diesel,Copec San Bernardo
701963,30021,20260326,95.9,926,88803,125265,Diesel,Shell Maipú
701964,30021,20260328,82.5,989,81592,125686,Diesel,Copec Maipú
701965,30021,20260405,71.1,958,68114,125920,Diesel,Copec San Bernardo
701966,30021,20260407,108.3,945,102344,126435,Diesel,Copec San Bernardo
701967,30021,20260411,73.0,1005,73365,126817,Diesel,Copec San Bernardo
701968,30021,20260412,120.0,900,108000,127206,Diesel,Copec San Bernardo
701969,30021,20260417,72.8,1038,75566,127551,Diesel,Petrobras Santiago
701970,30021,20260424,117.5,992,116560,127963,Diesel,Shell Providencia
701971,30021,20260504,114.2,978,111688,128469,Diesel,Shell Quilicura
701972,30021,20260505,107.2,1039,111381,128731,Diesel,Copec Santiago
701973,30021,20260509,82.4,1018,83883,129040,Diesel,Shell Quilicura
701974,30021,20260526,71.8,960,68928,129257,Diesel,Copec Santiago
701975,30021,20260612,107.5,1020,109650,129456,Diesel,Copec San Bernardo
701976,30021,20260613,85.2,956,81451,129883,Diesel,Copec Maipú
701977,30021,20260621,108.9,1006,109553,130275,Diesel,Petrobras Santiago
701978,30021,20260622,85.2,916,78043,130797,Diesel,Copec San Bernardo
701979,30021,20260623,71.7,1048,75142,130949,Diesel,Shell Quilicura
701980,30021,20260624,86.5,987,85376,131412,Diesel,Petrobras Santiago
701981,30021,20260627,95.5,926,88433,131708,Diesel,Shell Quilicura
701982,30021,20260629,111.4,997,111066,132057,Diesel,Copec Santiago
701983,30021,20260718,112.7,1034,116532,132516,Diesel,Shell Maipú
701984,30021,20260829,77.2,1009,77895,132981,Diesel,Copec Maipú
701985,30021,20260905,87.8,925,81215,133384,Diesel,Shell Maipú
701986,30021,20260909,65.6,914,59958,133717,Diesel,Copec Maipú
701987,30021,20260925,114.1,943,107596,134219,Diesel,Copec Santiago
701988,30021,20261003,71.4,958,68401,134422,Diesel,Copec Santiago
701989,30021,20261004,115.5,1001,115616,134776,Diesel,Copec San Bernardo
701990,30021,20261009,113.6,971,110306,135292,Diesel,Copec San Bernardo
701991,30021,20261026,75.5,969,73160,135650,Diesel,Shell Quilicura
701992,30021,20261101,119.0,915,108885,135953,Diesel,Petrobras Santiago
701993,30021,20261108,116.7,1001,116817,136273,Diesel,Shell Providencia
701994,30021,20261115,89.9,1025,92148,136630,Diesel,Petrobras Santiago
701995,30021,20261119,107.6,993,106847,136912,Diesel,Copec Maipú
701996,30021,20261128,111.7,981,109578,137122,Diesel,Shell Maipú
701997,30021,20261130,93.0,909,84537,137624,Diesel,Petrobras Santiago
701998,30021,20261217,89.4,921,82337,138012,Diesel,Copec Maipú
701999,30021,20261218,94.5,913,86278,138493,Diesel,Copec Maipú
702000,30021,20261228,106.0,1045,110770,138968,Diesel,Shell Providencia
702001,30022,20250105,150.8,1032,155626,110717,Diesel,Petrobras Santiago
702002,30022,20250119,95.8,1009,96662,111006,Diesel,Copec San Bernardo
702003,30022,20250122,144.8,966,139877,111383,Diesel,Copec Santiago
702004,30022,20250130,144.5,957,138286,111645,Diesel,Copec San Bernardo
702005,30022,20250208,116.3,955,111066,112165,Diesel,Shell Providencia
702006,30022,20250227,149.4,1033,154330,112500,Diesel,Copec San Bernardo
702007,30022,20250228,141.0,947,133527,112907,Diesel,Copec Maipú
702008,30022,20250303,103.6,984,101942,113450,Diesel,Shell Quilicura
702009,30022,20250306,95.9,1003,96188,113890,Diesel,Copec Santiago
702010,30022,20250310,115.2,912,105062,114110,Diesel,Shell Providencia
702011,30022,20250405,121.0,1000,121000,114511,Diesel,Copec Maipú
702012,30022,20250407,137.8,1031,142072,114805,Diesel,Copec Maipú
702013,30022,20250413,158.5,958,151843,115081,Diesel,Petrobras Santiago
702014,30022,20250418,119.5,914,109223,115219,Diesel,Copec Maipú
702015,30022,20250421,143.4,1035,148419,115374,Diesel,Petrobras Santiago
702016,30022,20250422,135.2,998,134930,115764,Diesel,Copec Santiago
702017,30022,20250428,119.2,911,108591,116206,Diesel,Copec San Bernardo
702018,30022,20250507,138.9,940,130566,116636,Diesel,Copec Santiago
702019,30022,20250510,126.3,906,114428,116838,Diesel,Shell Providencia
702020,30022,20250516,154.5,1045,161452,117168,Diesel,Copec Maipú
702021,30022,20250520,154.4,947,146217,117500,Diesel,Shell Providencia
702022,30022,20250529,149.4,1036,154778,117891,Diesel,Shell Quilicura
702023,30022,20250601,134.1,939,125920,118131,Diesel,Petrobras Santiago
702024,30022,20250602,134.2,976,130979,118641,Diesel,Copec Maipú
702025,30022,20250605,154.1,992,152867,119016,Diesel,Shell Providencia
702026,30022,20250615,153.9,931,143281,119339,Diesel,Shell Maipú
702027,30022,20250624,130.7,1042,136189,119523,Diesel,Shell Quilicura
702028,30022,20250703,97.4,926,90192,119985,Diesel,Copec Santiago
702029,30022,20250709,135.2,1034,139797,120429,Diesel,Shell Providencia
702030,30022,20250804,125.6,1049,131754,120950,Diesel,Shell Providencia
702031,30022,20250809,148.3,964,142961,121086,Diesel,Copec Maipú
702032,30022,20250810,142.5,1004,143070,121237,Diesel,Shell Quilicura
702033,30022,20250819,109.5,975,106762,121540,Diesel,Shell Providencia
702034,30022,20250827,120.8,982,118626,122001,Diesel,Copec San Bernardo
702035,30022,20250904,151.1,909,137350,122214,Diesel,Copec Santiago
702036,30022,20250910,113.0,947,107011,122689,Diesel,Shell Maipú
702037,30022,20250928,155.8,907,141311,123137,Diesel,Petrobras Santiago
702038,30022,20250930,150.0,959,143850,123680,Diesel,Copec Maipú
702039,30022,20251003,119.7,958,114673,124202,Diesel,Copec Maipú
702040,30022,20251005,143.3,976,139861,124404,Diesel,Shell Quilicura
702041,30022,20251006,122.6,909,111443,124739,Diesel,Copec San Bernardo
702042,30022,20251009,97.2,1010,98172,125020,Diesel,Copec Maipú
702043,30022,20251028,124.5,927,115412,125215,Diesel,Shell Providencia
702044,30022,20251105,151.7,977,148211,125708,Diesel,Petrobras Santiago
702045,30022,20251107,129.4,983,127200,125877,Diesel,Copec Maipú
702046,30022,20251113,98.8,979,96725,126290,Diesel,Copec San Bernardo
702047,30022,20251117,91.5,1008,92232,126667,Diesel,Copec Santiago
702048,30022,20251130,131.7,981,129198,127100,Diesel,Copec Santiago
702049,30022,20251206,123.9,910,112749,127573,Diesel,Copec San Bernardo
702050,30022,20251207,148.9,1050,156345,128100,Diesel,Copec Maipú
702051,30022,20251223,124.9,990,123651,128517,Diesel,Copec San Bernardo
702052,30022,20251227,118.4,906,107270,128805,Diesel,Shell Quilicura
702053,30022,20260108,108.6,1003,108926,129017,Diesel,Copec Maipú
702054,30022,20260113,108.8,1022,111194,129431,Diesel,Shell Quilicura
702055,30022,20260114,127.7,911,116335,129575,Diesel,Copec Santiago
702056,30022,20260120,143.6,999,143456,129851,Diesel,Shell Quilicura
702057,30022,20260215,135.3,1045,141388,130217,Diesel,Copec San Bernardo
702058,30022,20260226,154.7,978,151297,130491,Diesel,Copec San Bernardo
702059,30022,20260227,98.9,989,97812,130794,Diesel,Shell Quilicura
702060,30022,20260228,133.6,902,120507,131074,Diesel,Copec San Bernardo
702061,30022,20260313,124.4,1043,129749,131445,Diesel,Copec Santiago
702062,30022,20260318,101.5,942,95613,131839,Diesel,Shell Maipú
702063,30022,20260330,139.4,936,130478,132076,Diesel,Copec Maipú
702064,30022,20260401,121.1,1034,125217,132339,Diesel,Shell Providencia
702065,30022,20260404,100.2,979,98096,132463,Diesel,Shell Maipú
702066,30022,20260409,132.5,1048,138860,132656,Diesel,Copec Santiago
702067,30022,20260413,95.9,1021,97914,133084,Diesel,Petrobras Santiago
702068,30022,20260419,154.1,1028,158415,133403,Diesel,Shell Quilicura
702069,30022,20260424,93.7,1017,95293,133731,Diesel,Petrobras Santiago
702070,30022,20260512,145.9,976,142398,134120,Diesel,Copec San Bernardo
702071,30022,20260517,142.3,931,132481,134616,Diesel,Copec Maipú
702072,30022,20260601,141.6,994,140750,134790,Diesel,Shell Maipú
702073,30022,20260617,157.2,1001,157357,135083,Diesel,Shell Maipú
702074,30022,20260619,141.1,1010,142511,135263,Diesel,Shell Providencia
702075,30022,20260706,115.2,1029,118541,135464,Diesel,Copec Maipú
702076,30022,20260725,154.8,901,139475,135766,Diesel,Shell Providencia
702077,30022,20260809,150.8,975,147030,135968,Diesel,Copec Santiago
702078,30022,20260813,140.0,994,139160,136426,Diesel,Copec San Bernardo
702079,30022,20260817,129.1,950,122645,136638,Diesel,Copec San Bernardo
702080,30022,20260823,138.7,1001,138839,136890,Diesel,Copec San Bernardo
702081,30022,20260827,142.1,1013,143947,137007,Diesel,Copec Maipú
702082,30022,20260909,123.9,944,116962,137439,Diesel,Copec Santiago
702083,30022,20260915,110.0,983,108130,137744,Diesel,Copec San Bernardo
702084,30022,20260917,109.8,1032,113314,137936,Diesel,Copec Maipú
702085,30022,20260923,132.6,961,127429,138121,Diesel,Copec San Bernardo
702086,30022,20260925,103.3,1023,105676,138609,Diesel,Shell Maipú
702087,30022,20261001,135.9,951,129241,138913,Diesel,Shell Quilicura
702088,30022,20261004,128.5,968,124388,139451,Diesel,Petrobras Santiago
702089,30022,20261009,95.5,1006,96073,139887,Diesel,Petrobras Santiago
702090,30022,20261010,115.9,985,114162,140399,Diesel,Copec Maipú
702091,30022,20261015,155.9,1011,157615,140773,Diesel,Petrobras Santiago
702092,30022,20261113,136.8,962,131602,141074,Diesel,Copec Santiago
702093,30022,20261119,93.4,929,86769,141314,Diesel,Copec Santiago
702094,30022,20261122,121.8,945,115101,141790,Diesel,Shell Providencia
702095,30022,20261124,149.8,1012,151598,142004,Diesel,Shell Providencia
702096,30022,20261128,107.6,1038,111689,142115,Diesel,Copec Maipú
702097,30022,20261213,127.3,989,125900,142510,Diesel,Petrobras Santiago
702098,30022,20261221,146.5,978,143277,143057,Diesel,Shell Quilicura
702099,30022,20261229,99.0,981,97119,143486,Diesel,Petrobras Santiago
702100,30022,20261231,103.7,913,94678,143628,Diesel,Copec Maipú
702101,30023,20250103,46.5,915,42548,72100,Diesel,Copec San Bernardo
702102,30023,20250104,53.0,956,50668,72560,Diesel,Shell Quilicura
702103,30023,20250119,57.2,979,55999,72710,Diesel,Copec San Bernardo
702104,30023,20250120,76.2,1015,77343,73055,Diesel,Copec San Bernardo
702105,30023,20250123,56.4,911,51380,73190,Diesel,Petrobras Santiago
702106,30023,20250222,74.7,966,72160,73459,Diesel,Petrobras Santiago
702107,30023,20250228,67.0,1039,69613,73610,Diesel,Copec Maipú
702108,30023,20250314,47.8,968,46270,74023,Diesel,Shell Providencia
702109,30023,20250318,55.2,961,53047,74433,Diesel,Shell Quilicura
702110,30023,20250322,54.1,990,53559,74762,Diesel,Copec San Bernardo
702111,30023,20250324,48.6,975,47385,75184,Diesel,Shell Maipú
702112,30023,20250331,74.0,928,68672,75399,Diesel,Copec Maipú
702113,30023,20250402,62.2,930,57846,75548,Diesel,Shell Quilicura
702114,30023,20250407,61.3,964,59093,76019,Diesel,Petrobras Santiago
702115,30023,20250412,55.0,948,52140,76161,Diesel,Shell Quilicura
702116,30023,20250514,56.8,986,56005,76393,Diesel,Copec Maipú
702117,30023,20250526,60.5,1019,61650,76878,Diesel,Shell Maipú
702118,30023,20250530,47.9,1040,49816,77065,Diesel,Petrobras Santiago
702119,30023,20250612,76.7,942,72251,77246,Diesel,Copec San Bernardo
702120,30023,20250615,54.9,909,49904,77637,Diesel,Shell Providencia
702121,30023,20250622,79.3,995,78904,78047,Diesel,Copec San Bernardo
702122,30023,20250703,46.7,939,43851,78172,Diesel,Copec Maipú
702123,30023,20250705,79.6,946,75302,78346,Diesel,Shell Maipú
702124,30023,20250709,45.6,956,43594,78782,Diesel,Petrobras Santiago
702125,30023,20250715,66.7,911,60764,79166,Diesel,Copec Santiago
702126,30023,20250716,61.6,943,58089,79663,Diesel,Shell Quilicura
702127,30023,20250722,73.8,954,70405,80178,Diesel,Shell Maipú
702128,30023,20250725,60.3,946,57044,80399,Diesel,Shell Providencia
702129,30023,20250728,54.1,961,51990,80806,Diesel,Copec San Bernardo
702130,30023,20250730,76.9,940,72286,80954,Diesel,Copec Santiago
702131,30023,20250803,54.1,951,51449,81409,Diesel,Copec Maipú
702132,30023,20250813,62.5,933,58312,81613,Diesel,Shell Quilicura
702133,30023,20250903,45.5,923,41996,82011,Diesel,Copec San Bernardo
702134,30023,20250905,54.2,944,51165,82349,Diesel,Copec Maipú
702135,30023,20250914,48.0,1024,49152,82819,Diesel,Shell Maipú
702136,30023,20250918,68.8,913,62814,83043,Diesel,Copec San Bernardo
702137,30023,20251012,48.6,1044,50738,83470,Diesel,Copec San Bernardo
702138,30023,20251016,63.4,934,59216,83808,Diesel,Copec Maipú
702139,30023,20251025,58.8,924,54331,84109,Diesel,Petrobras Santiago
702140,30023,20251101,82.8,901,74603,84285,Diesel,Copec Santiago
702141,30023,20251103,82.5,926,76395,84728,Diesel,Copec Santiago
702142,30023,20251116,67.8,1029,69766,85028,Diesel,Shell Maipú
702143,30023,20251120,84.8,1002,84970,85521,Diesel,Petrobras Santiago
702144,30023,20251122,84.7,961,81397,85731,Diesel,Copec Maipú
702145,30023,20251202,65.7,988,64912,86236,Diesel,Shell Providencia
702146,30023,20251207,63.0,1026,64638,86571,Diesel,Shell Providencia
702147,30023,20251210,85.0,943,80155,86832,Diesel,Copec Maipú
702148,30023,20251217,51.4,925,47545,87156,Diesel,Shell Providencia
702149,30023,20251231,66.8,984,65731,87424,Diesel,Petrobras Santiago
702150,30023,20260121,69.4,940,65236,87943,Diesel,Petrobras Santiago
702151,30023,20260122,65.5,1021,66876,88090,Diesel,Copec San Bernardo
702152,30023,20260128,62.2,943,58655,88393,Diesel,Shell Quilicura
702153,30023,20260129,63.1,1048,66129,88593,Diesel,Shell Quilicura
702154,30023,20260130,59.2,972,57542,88859,Diesel,Copec Maipú
702155,30023,20260203,57.6,1009,58118,89229,Diesel,Shell Quilicura
702156,30023,20260204,82.5,1021,84232,89671,Diesel,Copec Maipú
702157,30023,20260214,61.4,950,58330,90124,Diesel,Petrobras Santiago
702158,30023,20260219,49.3,1003,49448,90288,Diesel,Shell Providencia
702159,30023,20260223,55.2,1050,57960,90628,Diesel,Shell Maipú
702160,30023,20260304,50.9,915,46574,90834,Diesel,Copec San Bernardo
702161,30023,20260305,70.1,955,66946,91072,Diesel,Shell Maipú
702162,30023,20260306,76.5,1023,78260,91294,Diesel,Copec Maipú
702163,30023,20260312,78.0,985,76830,91403,Diesel,Shell Quilicura
702164,30023,20260314,49.0,908,44492,91699,Diesel,Copec Santiago
702165,30023,20260320,77.3,976,75445,91818,Diesel,Copec Maipú
702166,30023,20260321,66.4,1040,69056,92049,Diesel,Copec Santiago
702167,30023,20260323,77.4,1020,78948,92413,Diesel,Shell Quilicura
702168,30023,20260401,75.8,1012,76710,92555,Diesel,Shell Quilicura
702169,30023,20260417,47.4,978,46357,92784,Diesel,Petrobras Santiago
702170,30023,20260423,61.2,1040,63648,92884,Diesel,Shell Maipú
702171,30023,20260425,65.5,1038,67989,92998,Diesel,Copec San Bernardo
702172,30023,20260502,51.3,955,48992,93422,Diesel,Copec Santiago
702173,30023,20260529,51.4,1045,53713,93660,Diesel,Shell Maipú
702174,30023,20260604,51.7,918,47461,94097,Diesel,Shell Quilicura
702175,30023,20260608,81.4,929,75621,94610,Diesel,Shell Quilicura
702176,30023,20260620,63.0,990,62370,94956,Diesel,Copec San Bernardo
702177,30023,20260625,54.1,1040,56264,95251,Diesel,Copec Maipú
702178,30023,20260708,76.3,903,68899,95625,Diesel,Shell Providencia
702179,30023,20260729,74.4,1049,78046,96055,Diesel,Copec Santiago
702180,30023,20260804,59.8,934,55853,96282,Diesel,Copec Maipú
702181,30023,20260812,77.6,935,72556,96400,Diesel,Petrobras Santiago
702182,30023,20260820,73.6,947,69699,96522,Diesel,Shell Quilicura
702183,30023,20260902,51.1,940,48034,96765,Diesel,Copec Maipú
702184,30023,20260910,69.8,951,66380,97151,Diesel,Copec Santiago
702185,30023,20260915,64.1,927,59421,97547,Diesel,Copec San Bernardo
702186,30023,20260919,73.2,904,66173,97814,Diesel,Copec Maipú
702187,30023,20260923,57.9,970,56163,98243,Diesel,Shell Quilicura
702188,30023,20260929,82.3,931,76621,98773,Diesel,Shell Maipú
702189,30023,20261012,51.0,976,49776,99273,Diesel,Shell Maipú
702190,30023,20261015,81.0,1040,84240,99541,Diesel,Shell Providencia
702191,30023,20261022,64.7,1034,66900,99910,Diesel,Shell Quilicura
702192,30023,20261113,45.1,948,42755,100113,Diesel,Copec San Bernardo
702193,30023,20261205,54.2,930,50406,100493,Diesel,Petrobras Santiago
702194,30023,20261206,70.7,939,66387,100728,Diesel,Shell Providencia
702195,30023,20261209,54.2,1020,55284,101169,Diesel,Copec Santiago
702196,30023,20261210,64.3,962,61857,101277,Diesel,Shell Maipú
702197,30023,20261212,82.1,997,81854,101515,Diesel,Copec San Bernardo
702198,30023,20261214,75.2,1001,75275,101817,Diesel,Petrobras Santiago
702199,30023,20261216,49.0,1022,50078,102340,Diesel,Copec Santiago
702200,30023,20261228,79.0,1032,81528,102652,Diesel,Copec Santiago
702201,30024,20250101,61.1,997,60917,59356,Diesel,Shell Maipú
702202,30024,20250116,70.5,948,66834,59759,Diesel,Shell Maipú
702203,30024,20250206,62.1,919,57070,59897,Diesel,Copec Santiago
702204,30024,20250209,64.0,948,60672,60365,Diesel,Shell Maipú
702205,30024,20250218,64.9,947,61460,60530,Diesel,Shell Quilicura
702206,30024,20250220,79.7,1001,79780,60830,Diesel,Petrobras Santiago
702207,30024,20250321,67.7,1014,68648,61072,Diesel,Copec San Bernardo
702208,30024,20250322,54.1,1032,55831,61617,Diesel,Shell Quilicura
702209,30024,20250323,64.0,967,61888,61925,Diesel,Copec Santiago
702210,30024,20250327,77.8,954,74221,62149,Diesel,Copec Santiago
702211,30024,20250401,73.1,1043,76243,62425,Diesel,Copec Santiago
702212,30024,20250406,61.0,1043,63623,62770,Diesel,Shell Providencia
702213,30024,20250508,56.9,919,52291,63207,Diesel,Copec San Bernardo
702214,30024,20250520,59.5,999,59440,63400,Diesel,Shell Providencia
702215,30024,20250605,53.0,990,52470,63770,Diesel,Copec San Bernardo
702216,30024,20250607,61.5,982,60393,64299,Diesel,Copec Santiago
702217,30024,20250709,74.9,1024,76698,64555,Diesel,Copec San Bernardo
702218,30024,20250712,46.6,929,43291,64742,Diesel,Petrobras Santiago
702219,30024,20250713,82.4,1025,84460,64874,Diesel,Shell Quilicura
702220,30024,20250714,57.1,964,55044,65286,Diesel,Copec Maipú
702221,30024,20250717,51.3,905,46426,65393,Diesel,Petrobras Santiago
702222,30024,20250729,54.6,936,51106,65809,Diesel,Copec San Bernardo
702223,30024,20250809,82.1,987,81033,66218,Diesel,Copec Maipú
702224,30024,20250812,81.5,952,77588,66655,Diesel,Shell Providencia
702225,30024,20250814,46.6,928,43245,67075,Diesel,Copec Maipú
702226,30024,20250818,75.7,953,72142,67307,Diesel,Shell Maipú
702227,30024,20250825,66.3,900,59670,67677,Diesel,Petrobras Santiago
702228,30024,20250827,53.3,938,49995,67934,Diesel,Shell Quilicura
702229,30024,20250830,56.2,929,52210,68074,Diesel,Shell Providencia
702230,30024,20250901,79.6,936,74506,68424,Diesel,Petrobras Santiago
702231,30024,20250907,59.3,1012,60012,68934,Diesel,Copec San Bernardo
702232,30024,20250914,77.7,1044,81119,69133,Diesel,Copec Maipú
702233,30024,20250919,69.2,974,67401,69373,Diesel,Copec Santiago
702234,30024,20250922,84.4,958,80855,69772,Diesel,Petrobras Santiago
702235,30024,20251003,71.7,943,67613,70114,Diesel,Petrobras Santiago
702236,30024,20251006,62.8,1025,64370,70578,Diesel,Shell Quilicura
702237,30024,20251008,62.9,981,61705,70771,Diesel,Petrobras Santiago
702238,30024,20251016,76.4,959,73268,70895,Diesel,Copec Maipú
702239,30024,20251018,82.3,912,75058,71120,Diesel,Copec Santiago
702240,30024,20251022,76.4,1019,77852,71335,Diesel,Copec Maipú
702241,30024,20251026,62.9,1024,64410,71715,Diesel,Copec Maipú
702242,30024,20251029,64.4,974,62726,71961,Diesel,Shell Quilicura
702243,30024,20251122,77.1,937,72243,72204,Diesel,Copec Maipú
702244,30024,20251201,81.4,1041,84737,72649,Diesel,Shell Quilicura
702245,30024,20251209,72.1,1017,73326,73179,Diesel,Shell Providencia
702246,30024,20251222,58.5,958,56043,73461,Diesel,Shell Quilicura
702247,30024,20251223,82.0,978,80196,73843,Diesel,Petrobras Santiago
702248,30024,20251226,69.9,911,63679,73965,Diesel,Shell Quilicura
702249,30024,20260110,52.3,986,51568,74157,Diesel,Copec Maipú
702250,30024,20260112,67.8,901,61088,74625,Diesel,Petrobras Santiago
702251,30024,20260113,63.4,945,59913,74931,Diesel,Copec Santiago
702252,30024,20260116,68.6,979,67159,75182,Diesel,Copec San Bernardo
702253,30024,20260121,46.5,1049,48778,75296,Diesel,Copec Maipú
702254,30024,20260129,75.2,968,72794,75447,Diesel,Shell Providencia
702255,30024,20260205,57.4,948,54415,75974,Diesel,Shell Maipú
702256,30024,20260227,71.2,941,66999,76283,Diesel,Copec San Bernardo
702257,30024,20260301,57.9,1050,60795,76486,Diesel,Shell Providencia
702258,30024,20260304,52.6,947,49812,76915,Diesel,Shell Providencia
702259,30024,20260307,71.6,979,70096,77072,Diesel,Shell Maipú
702260,30024,20260322,74.0,932,68968,77466,Diesel,Copec Santiago
702261,30024,20260328,72.5,924,66990,77807,Diesel,Shell Maipú
702262,30024,20260408,57.4,949,54473,77962,Diesel,Shell Providencia
702263,30024,20260413,73.0,917,66941,78423,Diesel,Shell Maipú
702264,30024,20260415,64.7,1018,65865,78839,Diesel,Copec Santiago
702265,30024,20260419,48.3,1015,49024,79380,Diesel,Copec San Bernardo
702266,30024,20260424,58.0,1042,60436,79536,Diesel,Shell Providencia
702267,30024,20260508,63.4,1001,63463,79877,Diesel,Shell Providencia
702268,30024,20260514,64.5,1011,65210,80383,Diesel,Copec Maipú
702269,30024,20260517,70.1,1000,70100,80847,Diesel,Shell Maipú
702270,30024,20260521,82.8,920,76176,81132,Diesel,Shell Providencia
702271,30024,20260529,46.9,994,46619,81411,Diesel,Shell Providencia
702272,30024,20260608,80.6,976,78666,81886,Diesel,Shell Maipú
702273,30024,20260614,57.2,998,57086,82338,Diesel,Petrobras Santiago
702274,30024,20260621,56.2,1023,57493,82660,Diesel,Shell Providencia
702275,30024,20260624,65.3,948,61904,82837,Diesel,Copec San Bernardo
702276,30024,20260627,56.5,1011,57122,83180,Diesel,Copec San Bernardo
702277,30024,20260708,79.6,975,77610,83305,Diesel,Copec Santiago
702278,30024,20260714,69.4,994,68984,83477,Diesel,Copec Santiago
702279,30024,20260721,75.2,941,70763,83774,Diesel,Shell Maipú
702280,30024,20260724,77.7,952,73970,83886,Diesel,Shell Maipú
702281,30024,20260725,59.3,915,54260,84204,Diesel,Shell Maipú
702282,30024,20260810,71.1,968,68825,84459,Diesel,Petrobras Santiago
702283,30024,20260817,54.3,961,52182,84971,Diesel,Shell Maipú
702284,30024,20260819,75.8,934,70797,85193,Diesel,Shell Providencia
702285,30024,20260821,68.7,957,65746,85615,Diesel,Copec Maipú
702286,30024,20260915,69.2,984,68093,85912,Diesel,Copec Maipú
702287,30024,20261002,65.2,926,60375,86157,Diesel,Shell Providencia
702288,30024,20261009,66.7,920,61364,86643,Diesel,Copec Santiago
702289,30024,20261011,82.3,1042,85757,87013,Diesel,Shell Providencia
702290,30024,20261016,65.7,917,60247,87471,Diesel,Copec Maipú
702291,30024,20261025,52.3,938,49057,87909,Diesel,Shell Providencia
702292,30024,20261030,60.3,1019,61446,88219,Diesel,Shell Quilicura
702293,30024,20261031,55.7,976,54363,88341,Diesel,Copec San Bernardo
702294,30024,20261111,69.5,985,68458,88609,Diesel,Copec Maipú
702295,30024,20261120,82.5,1037,85552,88981,Diesel,Copec Maipú
702296,30024,20261126,54.8,920,50416,89159,Diesel,Shell Maipú
702297,30024,20261204,80.8,1046,84517,89348,Diesel,Copec Maipú
702298,30024,20261205,49.4,1042,51475,89681,Diesel,Shell Quilicura
702299,30024,20261220,45.4,966,43856,89823,Diesel,Petrobras Santiago
702300,30024,20261226,66.8,951,63527,89932,Diesel,Petrobras Santiago
702301,30025,20250110,72.8,925,67340,38414,Diesel,Copec Maipú
702302,30025,20250116,83.7,1017,85123,38912,Diesel,Shell Providencia
702303,30025,20250125,66.3,943,62521,39367,Diesel,Copec San Bernardo
702304,30025,20250209,71.7,1029,73779,39688,Diesel,Shell Quilicura
702305,30025,20250213,77.5,1028,79670,39852,Diesel,Copec Maipú
702306,30025,20250224,55.6,1036,57602,40186,Diesel,Shell Quilicura
702307,30025,20250227,67.1,908,60927,40472,Diesel,Shell Providencia
702308,30025,20250323,73.8,967,71365,40789,Diesel,Copec Santiago
702309,30025,20250329,77.7,961,74670,40958,Diesel,Copec San Bernardo
702310,30025,20250409,74.8,912,68218,41113,Diesel,Copec Santiago
702311,30025,20250414,62.9,967,60824,41582,Diesel,Shell Quilicura
702312,30025,20250415,50.0,918,45900,42006,Diesel,Shell Providencia
702313,30025,20250421,62.2,1031,64128,42531,Diesel,Copec San Bernardo
702314,30025,20250429,48.8,1014,49483,43035,Diesel,Shell Providencia
702315,30025,20250504,67.8,908,61562,43423,Diesel,Copec Santiago
702316,30025,20250506,66.1,1024,67686,43939,Diesel,Copec Maipú
702317,30025,20250511,82.1,1042,85548,44471,Diesel,Copec Maipú
702318,30025,20250515,73.9,912,67397,44838,Diesel,Copec Maipú
702319,30025,20250518,64.7,924,59783,45386,Diesel,Shell Quilicura
702320,30025,20250519,51.3,973,49915,45616,Diesel,Shell Maipú
702321,30025,20250527,70.6,919,64881,46149,Diesel,Petrobras Santiago
702322,30025,20250529,56.0,1033,57848,46614,Diesel,Petrobras Santiago
702323,30025,20250603,81.5,1025,83538,47157,Diesel,Copec Maipú
702324,30025,20250615,76.6,905,69323,47306,Diesel,Copec San Bernardo
702325,30025,20250618,66.1,945,62464,47575,Diesel,Shell Providencia
702326,30025,20250623,47.7,1048,49990,47822,Diesel,Copec San Bernardo
702327,30025,20250627,71.2,966,68779,48001,Diesel,Copec Maipú
702328,30025,20250701,54.3,991,53811,48314,Diesel,Petrobras Santiago
702329,30025,20250702,53.3,1022,54473,48474,Diesel,Copec San Bernardo
702330,30025,20250705,71.5,935,66852,48647,Diesel,Petrobras Santiago
702331,30025,20250709,68.0,983,66844,49048,Diesel,Copec Santiago
702332,30025,20250720,47.2,912,43046,49384,Diesel,Shell Maipú
702333,30025,20250724,47.0,940,44180,49563,Diesel,Shell Providencia
702334,30025,20250807,50.7,976,49483,49821,Diesel,Copec San Bernardo
702335,30025,20250808,59.0,964,56876,50230,Diesel,Copec Santiago
702336,30025,20250810,49.9,993,49551,50743,Diesel,Shell Maipú
702337,30025,20250816,76.1,984,74882,50885,Diesel,Copec San Bernardo
702338,30025,20250817,45.5,924,42042,51097,Diesel,Shell Maipú
702339,30025,20250823,48.0,1002,48096,51606,Diesel,Copec Maipú
702340,30025,20250824,73.7,1006,74142,51878,Diesel,Shell Providencia
702341,30025,20250828,63.2,981,61999,52133,Diesel,Shell Maipú
702342,30025,20250830,64.2,956,61375,52554,Diesel,Shell Maipú
702343,30025,20250906,68.2,928,63290,52790,Diesel,Copec Santiago
702344,30025,20250922,65.8,945,62181,52891,Diesel,Copec San Bernardo
702345,30025,20251005,56.9,939,53429,53160,Diesel,Copec Santiago
702346,30025,20251023,61.1,988,60367,53417,Diesel,Copec Maipú
702347,30025,20251104,52.0,1048,54496,53570,Diesel,Shell Providencia
702348,30025,20251109,72.5,949,68802,53927,Diesel,Copec Maipú
702349,30025,20251110,46.0,952,43792,54106,Diesel,Shell Providencia
702350,30025,20251111,48.2,927,44681,54589,Diesel,Copec San Bernardo
702351,30025,20251112,67.4,1011,68141,54735,Diesel,Copec Santiago
702352,30025,20251223,80.8,1003,81042,55171,Diesel,Copec Maipú
702353,30025,20251226,47.6,1004,47790,55599,Diesel,Shell Providencia
702354,30025,20251231,61.2,955,58446,55752,Diesel,Petrobras Santiago
702355,30025,20260104,71.8,1046,75103,55910,Diesel,Shell Providencia
702356,30025,20260106,68.9,964,66420,56066,Diesel,Shell Providencia
702357,30025,20260109,55.2,1024,56525,56210,Diesel,Shell Maipú
702358,30025,20260111,66.7,946,63098,56361,Diesel,Shell Maipú
702359,30025,20260114,48.4,1007,48739,56573,Diesel,Shell Providencia
702360,30025,20260202,52.5,998,52395,56997,Diesel,Petrobras Santiago
702361,30025,20260205,67.2,979,65789,57147,Diesel,Petrobras Santiago
702362,30025,20260216,71.5,1000,71500,57320,Diesel,Shell Quilicura
702363,30025,20260217,63.4,929,58899,57548,Diesel,Shell Providencia
702364,30025,20260225,45.9,1035,47506,57706,Diesel,Shell Maipú
702365,30025,20260301,45.2,905,40906,58090,Diesel,Shell Maipú
702366,30025,20260310,76.0,968,73568,58567,Diesel,Shell Quilicura
702367,30025,20260418,83.2,1016,84531,58885,Diesel,Shell Providencia
702368,30025,20260424,75.4,925,69745,59325,Diesel,Shell Maipú
702369,30025,20260425,52.8,1034,54595,59595,Diesel,Shell Quilicura
702370,30025,20260501,72.1,975,70298,59921,Diesel,Shell Maipú
702371,30025,20260503,69.3,961,66597,60267,Diesel,Shell Maipú
702372,30025,20260516,84.9,1027,87192,60513,Diesel,Copec Maipú
702373,30025,20260530,46.6,1035,48231,61053,Diesel,Copec Maipú
702374,30025,20260531,79.7,1025,81692,61485,Diesel,Copec Santiago
702375,30025,20260606,72.9,944,68818,61942,Diesel,Shell Maipú
702376,30025,20260613,57.3,903,51742,62239,Diesel,Copec San Bernardo
702377,30025,20260623,64.9,1000,64900,62691,Diesel,Shell Quilicura
702378,30025,20260628,79.9,967,77263,62831,Diesel,Shell Quilicura
702379,30025,20260630,50.5,966,48783,62982,Diesel,Shell Providencia
702380,30025,20260705,61.1,1002,61222,63190,Diesel,Copec Maipú
702381,30025,20260709,83.5,990,82665,63537,Diesel,Petrobras Santiago
702382,30025,20260719,49.4,960,47424,63963,Diesel,Shell Maipú
702383,30025,20260723,67.8,1029,69766,64213,Diesel,Shell Maipú
702384,30025,20260804,65.1,1030,67053,64575,Diesel,Shell Maipú
702385,30025,20260809,65.3,1046,68304,65110,Diesel,Copec Maipú
702386,30025,20260813,76.7,934,71638,65406,Diesel,Copec Maipú
702387,30025,20260814,55.1,1033,56918,65765,Diesel,Copec Maipú
702388,30025,20260817,52.4,934,48942,66153,Diesel,Shell Maipú
702389,30025,20260819,49.5,991,49054,66500,Diesel,Copec San Bernardo
702390,30025,20260823,56.4,936,52790,66886,Diesel,Shell Quilicura
702391,30025,20260829,47.3,955,45172,67314,Diesel,Copec Maipú
702392,30025,20260916,67.4,1009,68007,67519,Diesel,Copec San Bernardo
702393,30025,20260919,69.5,988,68666,67999,Diesel,Copec Maipú
702394,30025,20260920,62.1,941,58436,68239,Diesel,Shell Maipú
702395,30025,20261003,78.4,922,72285,68485,Diesel,Copec Maipú
702396,30025,20261027,64.7,905,58554,69000,Diesel,Petrobras Santiago
702397,30025,20261028,61.2,959,58691,69171,Diesel,Copec Maipú
702398,30025,20261107,75.9,963,73092,69528,Diesel,Copec Maipú
702399,30025,20261223,46.9,1017,47697,69848,Diesel,Copec San Bernardo
702400,30025,20261227,78.2,1006,78669,70143,Diesel,Copec Santiago
702401,30026,20250106,65.0,1028,66820,118142,Diesel,Copec Maipú
702402,30026,20250108,55.2,1001,55255,118464,Diesel,Copec Santiago
702403,30026,20250114,54.3,986,53540,118736,Diesel,Copec San Bernardo
702404,30026,20250117,70.2,952,66830,119190,Diesel,Shell Providencia
702405,30026,20250119,60.7,951,57726,119728,Diesel,Copec Maipú
702406,30026,20250212,74.3,914,67910,119993,Diesel,Petrobras Santiago
702407,30026,20250216,50.9,1012,51511,120276,Diesel,Copec San Bernardo
702408,30026,20250317,68.2,1007,68677,120443,Diesel,Copec Santiago
702409,30026,20250321,74.4,956,71126,120978,Diesel,Copec San Bernardo
702410,30026,20250407,72.0,1006,72432,121342,Diesel,Petrobras Santiago
702411,30026,20250409,61.7,1010,62317,121742,Diesel,Copec Santiago
702412,30026,20250411,48.0,929,44592,121874,Diesel,Shell Providencia
702413,30026,20250419,74.0,1034,76516,121978,Diesel,Shell Quilicura
702414,30026,20250425,84.6,931,78763,122398,Diesel,Copec Santiago
702415,30026,20250501,74.4,946,70382,122522,Diesel,Copec Santiago
702416,30026,20250503,76.5,947,72446,122959,Diesel,Shell Providencia
702417,30026,20250506,78.6,1027,80722,123204,Diesel,Shell Providencia
702418,30026,20250511,80.2,1021,81884,123639,Diesel,Copec San Bernardo
702419,30026,20250513,56.8,1033,58674,123973,Diesel,Copec San Bernardo
702420,30026,20250518,54.8,967,52992,124222,Diesel,Petrobras Santiago
702421,30026,20250519,82.1,1044,85712,124466,Diesel,Shell Maipú
702422,30026,20250602,72.1,914,65899,124893,Diesel,Copec Santiago
702423,30026,20250603,58.9,1002,59018,125219,Diesel,Petrobras Santiago
702424,30026,20250607,62.6,1035,64791,125711,Diesel,Shell Providencia
702425,30026,20250610,64.5,990,63855,126157,Diesel,Shell Quilicura
702426,30026,20250620,84.3,1000,84300,126302,Diesel,Shell Providencia
702427,30026,20250626,49.2,919,45215,126495,Diesel,Copec Santiago
702428,30026,20250711,80.8,1046,84517,126648,Diesel,Copec Maipú
702429,30026,20250714,59.2,932,55174,126845,Diesel,Copec San Bernardo
702430,30026,20250729,70.6,918,64811,127200,Diesel,Copec Maipú
702431,30026,20250812,72.4,1017,73631,127500,Diesel,Shell Quilicura
702432,30026,20250822,80.6,985,79391,127844,Diesel,Copec Santiago
702433,30026,20250827,75.1,1007,75626,128136,Diesel,Shell Maipú
702434,30026,20250909,64.1,996,63844,128330,Diesel,Shell Providencia
702435,30026,20250924,78.7,945,74372,128645,Diesel,Copec San Bernardo
702436,30026,20251011,71.8,905,64979,128817,Diesel,Shell Maipú
702437,30026,20251013,78.4,962,75421,129238,Diesel,Shell Maipú
702438,30026,20251018,52.0,948,49296,129414,Diesel,Copec Santiago
702439,30026,20251019,65.7,987,64846,129723,Diesel,Shell Providencia
702440,30026,20251028,83.6,911,76160,130175,Diesel,Shell Providencia
702441,30026,20251114,51.9,987,51225,130405,Diesel,Shell Providencia
702442,30026,20251122,74.6,975,72735,130736,Diesel,Shell Quilicura
702443,30026,20251125,51.8,993,51437,131166,Diesel,Copec Maipú
702444,30026,20251202,47.9,1032,49433,131678,Diesel,Copec Santiago
702445,30026,20251211,68.7,1040,71448,132036,Diesel,Copec Maipú
702446,30026,20251217,61.6,1003,61785,132370,Diesel,Petrobras Santiago
702447,30026,20260103,73.5,915,67252,132553,Diesel,Copec San Bernardo
702448,30026,20260108,67.4,1004,67670,132743,Diesel,Shell Providencia
702449,30026,20260115,67.2,1014,68141,133181,Diesel,Copec Santiago
702450,30026,20260120,78.6,905,71133,133375,Diesel,Copec San Bernardo
702451,30026,20260121,56.2,987,55469,133790,Diesel,Shell Providencia
702452,30026,20260123,50.8,1004,51003,134054,Diesel,Shell Quilicura
702453,30026,20260209,70.6,908,64105,134518,Diesel,Petrobras Santiago
702454,30026,20260218,52.1,916,47724,134636,Diesel,Shell Maipú
702455,30026,20260226,50.6,914,46248,135185,Diesel,Copec Santiago
702456,30026,20260306,82.3,981,80736,135493,Diesel,Copec San Bernardo
702457,30026,20260308,83.4,958,79897,135916,Diesel,Shell Quilicura
702458,30026,20260328,80.0,985,78800,136351,Diesel,Shell Quilicura
702459,30026,20260403,74.1,987,73137,136509,Diesel,Petrobras Santiago
702460,30026,20260406,74.4,945,70308,136664,Diesel,Shell Quilicura
702461,30026,20260410,62.8,907,56960,137188,Diesel,Shell Maipú
702462,30026,20260411,81.9,919,75266,137353,Diesel,Petrobras Santiago
702463,30026,20260418,77.6,1033,80161,137589,Diesel,Copec San Bernardo
702464,30026,20260425,67.6,1000,67600,138105,Diesel,Copec Maipú
702465,30026,20260427,69.1,984,67994,138649,Diesel,Shell Providencia
702466,30026,20260508,48.5,959,46512,138924,Diesel,Petrobras Santiago
702467,30026,20260512,84.3,979,82530,139080,Diesel,Copec San Bernardo
702468,30026,20260514,78.6,997,78364,139234,Diesel,Shell Providencia
702469,30026,20260530,63.8,1029,65650,139651,Diesel,Shell Maipú
702470,30026,20260615,81.9,934,76495,139798,Diesel,Shell Quilicura
702471,30026,20260621,77.1,1035,79798,139998,Diesel,Shell Maipú
702472,30026,20260628,63.2,905,57196,140235,Diesel,Copec Maipú
702473,30026,20260701,45.5,1042,47411,140506,Diesel,Copec San Bernardo
702474,30026,20260706,58.7,1039,60989,140756,Diesel,Shell Maipú
702475,30026,20260716,68.3,982,67071,140876,Diesel,Petrobras Santiago
702476,30026,20260720,62.2,998,62076,141008,Diesel,Petrobras Santiago
702477,30026,20260726,50.9,1028,52325,141334,Diesel,Copec Maipú
702478,30026,20260731,52.5,940,49350,141797,Diesel,Shell Providencia
702479,30026,20260805,63.2,1001,63263,141920,Diesel,Shell Providencia
702480,30026,20260809,60.2,1049,63150,142351,Diesel,Petrobras Santiago
702481,30026,20260814,65.3,1027,67063,142736,Diesel,Shell Quilicura
702482,30026,20260815,61.6,992,61107,143212,Diesel,Shell Quilicura
702483,30026,20260816,63.4,954,60484,143536,Diesel,Copec Santiago
702484,30026,20260825,70.0,998,69860,144015,Diesel,Copec Santiago
702485,30026,20260908,70.2,1043,73219,144221,Diesel,Shell Quilicura
702486,30026,20260910,73.6,984,72422,144487,Diesel,Copec Santiago
702487,30026,20260913,82.2,928,76282,144936,Diesel,Petrobras Santiago
702488,30026,20260922,60.7,961,58333,145156,Diesel,Petrobras Santiago
702489,30026,20260930,77.5,905,70138,145369,Diesel,Shell Maipú
702490,30026,20261004,71.5,931,66566,145659,Diesel,Copec San Bernardo
702491,30026,20261009,78.5,971,76224,145820,Diesel,Copec Maipú
702492,30026,20261015,54.5,1009,54990,146237,Diesel,Copec Santiago
702493,30026,20261017,72.2,1026,74077,146722,Diesel,Copec Santiago
702494,30026,20261026,64.8,918,59486,147259,Diesel,Petrobras Santiago
702495,30026,20261030,57.1,1005,57386,147527,Diesel,Shell Providencia
702496,30026,20261111,56.8,974,55323,147686,Diesel,Shell Quilicura
702497,30026,20261126,61.4,935,57409,148019,Diesel,Copec Maipú
702498,30026,20261211,61.4,943,57900,148225,Diesel,Shell Quilicura
702499,30026,20261224,68.0,960,65280,148705,Diesel,Petrobras Santiago
702500,30026,20261230,52.3,965,50470,149092,Diesel,Petrobras Santiago
702501,30027,20250101,132.0,1016,134112,127128,Diesel,Shell Providencia
702502,30027,20250105,113.0,992,112096,127268,Diesel,Shell Providencia
702503,30027,20250113,91.1,965,87912,127477,Diesel,Copec San Bernardo
702504,30027,20250114,117.2,962,112746,127580,Diesel,Shell Quilicura
702505,30027,20250127,96.6,977,94378,128074,Diesel,Copec Santiago
702506,30027,20250130,124.6,1010,125846,128204,Diesel,Shell Providencia
702507,30027,20250201,156.1,972,151729,128410,Diesel,Copec San Bernardo
702508,30027,20250206,147.8,941,139080,128877,Diesel,Copec Santiago
702509,30027,20250212,139.5,972,135594,129348,Diesel,Shell Providencia
702510,30027,20250219,158.8,960,152448,129828,Diesel,Shell Maipú
702511,30027,20250220,118.6,949,112551,130235,Diesel,Copec Santiago
702512,30027,20250221,143.1,972,139093,130389,Diesel,Copec Maipú
702513,30027,20250224,111.7,944,105445,130731,Diesel,Shell Providencia
702514,30027,20250226,96.1,1021,98118,131045,Diesel,Copec San Bernardo
702515,30027,20250307,127.6,907,115733,131283,Diesel,Copec Maipú
702516,30027,20250319,107.1,1002,107314,131431,Diesel,Shell Providencia
702517,30027,20250322,98.0,962,94276,131959,Diesel,Copec Maipú
702518,30027,20250324,139.8,927,129595,132385,Diesel,Petrobras Santiago
702519,30027,20250410,155.8,939,146296,132859,Diesel,Copec Maipú
702520,30027,20250426,150.4,1016,152806,133328,Diesel,Copec Maipú
702521,30027,20250508,141.0,949,133809,133569,Diesel,Petrobras Santiago
702522,30027,20250519,92.6,967,89544,134044,Diesel,Copec Santiago
702523,30027,20250522,114.6,1050,120330,134270,Diesel,Shell Providencia
702524,30027,20250525,115.4,996,114938,134649,Diesel,Copec Maipú
702525,30027,20250608,101.5,957,97136,135173,Diesel,Petrobras Santiago
702526,30027,20250610,133.7,1009,134903,135445,Diesel,Shell Providencia
702527,30027,20250621,109.5,1043,114208,135947,Diesel,Shell Providencia
702528,30027,20250625,132.2,909,120170,136200,Diesel,Copec Santiago
702529,30027,20250705,127.1,1000,127100,136657,Diesel,Petrobras Santiago
702530,30027,20250706,100.5,906,91053,137083,Diesel,Shell Providencia
702531,30027,20250717,108.3,1047,113390,137403,Diesel,Shell Maipú
702532,30027,20250719,92.2,941,86760,137802,Diesel,Copec San Bernardo
702533,30027,20250804,119.4,1034,123460,137930,Diesel,Copec Santiago
702534,30027,20250811,134.6,924,124370,138251,Diesel,Copec Santiago
702535,30027,20250817,126.1,923,116390,138472,Diesel,Copec Maipú
702536,30027,20250821,143.0,1010,144430,138900,Diesel,Shell Providencia
702537,30027,20250902,104.0,932,96928,139437,Diesel,Copec Santiago
702538,30027,20250911,105.4,966,101816,139947,Diesel,Shell Quilicura
702539,30027,20250915,144.9,968,140263,140315,Diesel,Copec San Bernardo
702540,30027,20250916,148.7,998,148403,140678,Diesel,Copec San Bernardo
702541,30027,20250918,109.2,947,103412,140926,Diesel,Copec Maipú
702542,30027,20250930,109.1,931,101572,141219,Diesel,Petrobras Santiago
702543,30027,20251017,153.6,916,140698,141661,Diesel,Copec San Bernardo
702544,30027,20251019,114.2,1049,119796,142122,Diesel,Copec Maipú
702545,30027,20251108,115.5,1013,117002,142500,Diesel,Shell Maipú
702546,30027,20251109,138.5,906,125481,142601,Diesel,Copec Maipú
702547,30027,20251119,121.4,996,120914,142778,Diesel,Copec Santiago
702548,30027,20251125,137.4,1016,139598,143113,Diesel,Shell Quilicura
702549,30027,20251129,133.2,968,128938,143602,Diesel,Shell Maipú
702550,30027,20251210,124.9,1026,128147,143935,Diesel,Petrobras Santiago
702551,30027,20251214,121.8,1012,123262,144063,Diesel,Shell Quilicura
702552,30027,20251228,90.7,1016,92151,144519,Diesel,Shell Providencia
702553,30027,20260102,94.2,992,93446,144944,Diesel,Copec Santiago
702554,30027,20260116,97.6,1019,99454,145292,Diesel,Copec San Bernardo
702555,30027,20260120,109.0,1028,112052,145778,Diesel,Shell Quilicura
702556,30027,20260206,158.1,1047,165531,146288,Diesel,Shell Quilicura
702557,30027,20260208,152.2,915,139263,146501,Diesel,Copec Maipú
702558,30027,20260225,146.4,941,137762,146662,Diesel,Copec Maipú
702559,30027,20260226,99.7,919,91624,146837,Diesel,Copec Maipú
702560,30027,20260303,157.2,1004,157829,146993,Diesel,Shell Maipú
702561,30027,20260304,117.8,950,111910,147184,Diesel,Petrobras Santiago
702562,30027,20260308,123.6,983,121499,147416,Diesel,Shell Providencia
702563,30027,20260313,108.0,1042,112536,147839,Diesel,Copec Santiago
702564,30027,20260316,157.6,902,142155,147959,Diesel,Copec Santiago
702565,30027,20260322,113.3,967,109561,148321,Diesel,Shell Quilicura
702566,30027,20260325,120.5,962,115921,148763,Diesel,Shell Quilicura
702567,30027,20260331,138.0,1025,141450,148928,Diesel,Copec San Bernardo
702568,30027,20260408,132.7,988,131108,149213,Diesel,Shell Providencia
702569,30027,20260418,124.0,947,117428,149354,Diesel,Copec Maipú
702570,30027,20260419,105.0,916,96180,149897,Diesel,Petrobras Santiago
702571,30027,20260421,127.1,962,122270,150044,Diesel,Copec San Bernardo
702572,30027,20260422,106.1,936,99310,150217,Diesel,Shell Maipú
702573,30027,20260528,106.1,984,104402,150524,Diesel,Shell Quilicura
702574,30027,20260603,112.4,1037,116559,150954,Diesel,Shell Quilicura
702575,30027,20260604,142.4,917,130581,151178,Diesel,Petrobras Santiago
702576,30027,20260617,146.5,1014,148551,151512,Diesel,Copec Maipú
702577,30027,20260621,156.8,1037,162602,151683,Diesel,Shell Quilicura
702578,30027,20260626,120.0,930,111600,151897,Diesel,Shell Quilicura
702579,30027,20260708,137.9,919,126730,152241,Diesel,Copec San Bernardo
702580,30027,20260716,91.3,972,88744,152767,Diesel,Petrobras Santiago
702581,30027,20260725,141.8,947,134285,152885,Diesel,Copec Santiago
702582,30027,20260804,131.6,1019,134100,153384,Diesel,Shell Providencia
702583,30027,20260806,137.5,1048,144100,153856,Diesel,Petrobras Santiago
702584,30027,20260824,113.7,916,104149,154236,Diesel,Copec Santiago
702585,30027,20260825,148.7,905,134574,154553,Diesel,Shell Quilicura
702586,30027,20260830,129.7,984,127625,155045,Diesel,Copec San Bernardo
702587,30027,20260831,145.3,920,133676,155341,Diesel,Copec Santiago
702588,30027,20261002,133.1,1004,133632,155764,Diesel,Copec Santiago
702589,30027,20261004,151.3,962,145551,156001,Diesel,Shell Maipú
702590,30027,20261013,92.5,983,90928,156407,Diesel,Shell Maipú
702591,30027,20261016,98.0,946,92708,156884,Diesel,Copec Santiago
702592,30027,20261017,115.6,936,108202,157302,Diesel,Shell Quilicura
702593,30027,20261018,97.2,1041,101185,157533,Diesel,Copec Santiago
702594,30027,20261022,125.0,1030,128750,157812,Diesel,Copec San Bernardo
702595,30027,20261026,137.5,986,135575,158082,Diesel,Copec Santiago
702596,30027,20261027,124.4,1008,125395,158407,Diesel,Copec Maipú
702597,30027,20261030,96.4,903,87049,158681,Diesel,Shell Providencia
702598,30027,20261102,97.6,1048,102285,159183,Diesel,Copec Maipú
702599,30027,20261127,135.6,930,126108,159350,Diesel,Copec Santiago
702600,30027,20261226,136.2,1036,141103,159760,Diesel,Copec Maipú
702601,30028,20250112,34.7,908,31508,96717,Diesel,Shell Providencia
702602,30028,20250114,40.3,900,36270,96999,Diesel,Shell Maipú
702603,30028,20250118,41.9,1049,43953,97471,Diesel,Shell Providencia
702604,30028,20250219,62.8,978,61418,97587,Diesel,Shell Quilicura
702605,30028,20250313,60.6,959,58115,97973,Diesel,Shell Maipú
702606,30028,20250323,37.3,957,35696,98282,Diesel,Shell Maipú
702607,30028,20250324,54.1,985,53288,98794,Diesel,Copec San Bernardo
702608,30028,20250331,44.3,1041,46116,99272,Diesel,Shell Maipú
702609,30028,20250401,53.2,938,49902,99573,Diesel,Copec Maipú
702610,30028,20250402,46.4,1031,47838,99991,Diesel,Petrobras Santiago
702611,30028,20250417,56.6,902,51053,100353,Diesel,Petrobras Santiago
702612,30028,20250420,43.3,976,42261,100464,Diesel,Copec Santiago
702613,30028,20250426,64.3,1009,64879,100941,Diesel,Shell Maipú
702614,30028,20250428,58.2,924,53777,101098,Diesel,Shell Maipú
702615,30028,20250430,42.0,925,38850,101232,Diesel,Copec Maipú
702616,30028,20250521,64.1,1014,64997,101565,Diesel,Copec Santiago
702617,30028,20250527,30.2,947,28599,102054,Diesel,Shell Providencia
702618,30028,20250601,41.3,917,37872,102274,Diesel,Shell Maipú
702619,30028,20250607,61.8,915,56547,102432,Diesel,Copec San Bernardo
702620,30028,20250622,30.2,949,28660,102805,Diesel,Shell Quilicura
702621,30028,20250703,45.9,1003,46038,103301,Diesel,Copec Santiago
702622,30028,20250706,53.4,906,48380,103693,Diesel,Copec Santiago
702623,30028,20250709,57.7,1020,58854,103972,Diesel,Copec San Bernardo
702624,30028,20250710,37.1,937,34763,104345,Diesel,Shell Quilicura
702625,30028,20250712,38.8,1047,40624,104748,Diesel,Copec Maipú
702626,30028,20250713,57.8,913,52771,104855,Diesel,Shell Providencia
702627,30028,20250715,56.5,903,51020,105013,Diesel,Petrobras Santiago
702628,30028,20250722,30.5,999,30470,105323,Diesel,Petrobras Santiago
702629,30028,20250724,51.4,1004,51606,105779,Diesel,Copec San Bernardo
702630,30028,20250728,33.8,910,30758,106000,Diesel,Shell Quilicura
702631,30028,20250801,48.2,1011,48730,106192,Diesel,Copec Santiago
702632,30028,20250807,44.8,960,43008,106475,Diesel,Copec Maipú
702633,30028,20250810,41.7,1046,43618,106992,Diesel,Copec Santiago
702634,30028,20250814,58.4,1020,59568,107322,Diesel,Shell Maipú
702635,30028,20250815,61.6,1001,61662,107625,Diesel,Petrobras Santiago
702636,30028,20250822,45.7,966,44146,107979,Diesel,Petrobras Santiago
702637,30028,20250903,33.3,978,32567,108170,Diesel,Petrobras Santiago
702638,30028,20250904,59.1,1043,61641,108409,Diesel,Copec San Bernardo
702639,30028,20250907,37.3,903,33682,108894,Diesel,Shell Quilicura
702640,30028,20250915,48.0,936,44928,109130,Diesel,Shell Maipú
702641,30028,20250916,37.0,927,34299,109486,Diesel,Copec Santiago
702642,30028,20250926,44.6,976,43530,109793,Diesel,Shell Quilicura
702643,30028,20251012,39.5,904,35708,110271,Diesel,Shell Quilicura
702644,30028,20251013,43.9,945,41486,110693,Diesel,Shell Providencia
702645,30028,20251029,56.1,1029,57727,110881,Diesel,Copec Santiago
702646,30028,20251102,34.6,1004,34738,111288,Diesel,Copec Maipú
702647,30028,20251104,54.9,932,51167,111753,Diesel,Shell Maipú
702648,30028,20251106,54.6,984,53726,112188,Diesel,Shell Providencia
702649,30028,20251110,36.2,964,34897,112349,Diesel,Shell Maipú
702650,30028,20251116,49.8,960,47808,112813,Diesel,Petrobras Santiago
702651,30028,20251118,35.9,950,34105,112984,Diesel,Shell Maipú
702652,30028,20251119,50.2,925,46435,113140,Diesel,Shell Maipú
702653,30028,20251120,30.9,902,27872,113458,Diesel,Copec Maipú
702654,30028,20251128,31.6,1010,31916,113588,Diesel,Shell Providencia
702655,30028,20251202,52.6,1025,53915,114105,Diesel,Copec Santiago
702656,30028,20251204,59.8,982,58724,114320,Diesel,Petrobras Santiago
702657,30028,20251220,41.1,942,38716,114547,Diesel,Shell Maipú
702658,30028,20251227,31.8,924,29383,114803,Diesel,Copec Maipú
702659,30028,20260106,38.2,968,36978,115302,Diesel,Shell Maipú
702660,30028,20260127,56.7,967,54829,115789,Diesel,Petrobras Santiago
702661,30028,20260211,51.6,917,47317,116225,Diesel,Copec Maipú
702662,30028,20260223,45.3,960,43488,116545,Diesel,Shell Providencia
702663,30028,20260224,46.4,944,43802,116743,Diesel,Copec Santiago
702664,30028,20260301,47.5,924,43890,117125,Diesel,Copec Santiago
702665,30028,20260319,41.3,988,40804,117242,Diesel,Shell Providencia
702666,30028,20260323,59.0,984,58056,117481,Diesel,Copec San Bernardo
702667,30028,20260331,54.6,944,51542,117752,Diesel,Petrobras Santiago
702668,30028,20260403,63.5,1015,64452,118030,Diesel,Copec Santiago
702669,30028,20260404,55.0,1018,55990,118212,Diesel,Copec Santiago
702670,30028,20260410,50.6,967,48930,118475,Diesel,Shell Providencia
702671,30028,20260422,47.5,1040,49400,118899,Diesel,Shell Maipú
702672,30028,20260515,48.8,968,47238,119379,Diesel,Petrobras Santiago
702673,30028,20260516,30.1,936,28174,119612,Diesel,Shell Providencia
702674,30028,20260524,48.3,952,45982,119749,Diesel,Petrobras Santiago
702675,30028,20260526,57.0,1014,57798,120151,Diesel,Shell Quilicura
702676,30028,20260601,61.1,948,57923,120558,Diesel,Copec Santiago
702677,30028,20260611,56.1,957,53688,120865,Diesel,Petrobras Santiago
702678,30028,20260626,52.1,1036,53976,121106,Diesel,Copec San Bernardo
702679,30028,20260717,57.4,940,53956,121328,Diesel,Copec Santiago
702680,30028,20260812,30.1,1031,31033,121432,Diesel,Shell Maipú
702681,30028,20260822,54.9,907,49794,121786,Diesel,Copec Maipú
702682,30028,20260824,47.4,963,45646,122309,Diesel,Shell Maipú
702683,30028,20260830,41.7,1009,42075,122795,Diesel,Petrobras Santiago
702684,30028,20260919,32.5,1012,32890,123133,Diesel,Shell Maipú
702685,30028,20260928,49.0,939,46011,123337,Diesel,Petrobras Santiago
702686,30028,20260930,49.8,1029,51244,123661,Diesel,Copec San Bernardo
702687,30028,20261001,57.5,1001,57558,124209,Diesel,Copec Maipú
702688,30028,20261003,55.6,1038,57713,124691,Diesel,Shell Providencia
702689,30028,20261008,36.9,1027,37896,124975,Diesel,Shell Maipú
702690,30028,20261013,54.0,1014,54756,125289,Diesel,Copec San Bernardo
702691,30028,20261030,64.8,938,60782,125658,Diesel,Shell Providencia
702692,30028,20261103,48.2,944,45501,126140,Diesel,Copec San Bernardo
702693,30028,20261109,37.7,942,35513,126550,Diesel,Petrobras Santiago
702694,30028,20261112,36.0,1031,37116,127053,Diesel,Shell Maipú
702695,30028,20261125,48.3,1017,49121,127370,Diesel,Shell Providencia
702696,30028,20261128,43.7,974,42564,127772,Diesel,Petrobras Santiago
702697,30028,20261201,44.7,947,42331,127880,Diesel,Copec Santiago
702698,30028,20261205,34.8,1015,35322,128151,Diesel,Copec Maipú
702699,30028,20261226,36.3,1022,37099,128628,Diesel,Copec Maipú
702700,30028,20261231,62.9,1030,64787,129151,Diesel,Copec Maipú
702701,30029,20250105,119.7,983,117665,146728,Diesel,Shell Providencia
702702,30029,20250106,82.4,964,79434,147276,Diesel,Shell Providencia
702703,30029,20250115,80.4,1046,84098,147470,Diesel,Shell Maipú
702704,30029,20250118,105.3,900,94770,147692,Diesel,Shell Maipú
702705,30029,20250120,115.4,943,108822,147851,Diesel,Shell Maipú
702706,30029,20250123,100.8,1007,101506,148001,Diesel,Shell Quilicura
702707,30029,20250203,82.6,938,77479,148139,Diesel,Copec Maipú
702708,30029,20250213,115.8,969,112210,148515,Diesel,Shell Maipú
702709,30029,20250214,91.9,1019,93646,148793,Diesel,Shell Maipú
702710,30029,20250301,70.9,973,68986,149026,Diesel,Copec Maipú
702711,30029,20250308,86.5,993,85894,149129,Diesel,Copec Maipú
702712,30029,20250312,66.0,984,64944,149371,Diesel,Copec Maipú
702713,30029,20250318,94.8,949,89965,149763,Diesel,Shell Maipú
702714,30029,20250323,113.8,971,110500,150260,Diesel,Petrobras Santiago
702715,30029,20250326,97.2,1001,97297,150712,Diesel,Copec San Bernardo
702716,30029,20250331,101.3,960,97248,150899,Diesel,Copec San Bernardo
702717,30029,20250403,109.1,1027,112046,151050,Diesel,Shell Maipú
702718,30029,20250405,118.3,1044,123505,151577,Diesel,Copec Santiago
702719,30029,20250406,68.6,925,63455,152058,Diesel,Shell Quilicura
702720,30029,20250409,84.6,943,79778,152172,Diesel,Shell Providencia
702721,30029,20250412,101.5,963,97744,152364,Diesel,Copec Maipú
702722,30029,20250425,102.6,1019,104549,152644,Diesel,Copec Santiago
702723,30029,20250509,69.4,973,67526,152878,Diesel,Shell Maipú
702724,30029,20250514,80.1,959,76816,153232,Diesel,Copec San Bernardo
702725,30029,20250518,75.9,942,71498,153719,Diesel,Shell Quilicura
702726,30029,20250522,79.7,949,75635,153967,Diesel,Petrobras Santiago
702727,30029,20250528,68.4,940,64296,154459,Diesel,Copec Santiago
702728,30029,20250531,113.7,933,106082,154689,Diesel,Copec Maipú
702729,30029,20250602,90.9,1031,93718,155189,Diesel,Copec Maipú
702730,30029,20250604,93.2,1001,93293,155393,Diesel,Copec Santiago
702731,30029,20250609,65.5,960,62880,155904,Diesel,Shell Providencia
702732,30029,20250701,105.7,981,103692,156048,Diesel,Shell Maipú
702733,30029,20250707,84.1,978,82250,156340,Diesel,Copec Santiago
702734,30029,20250709,92.3,1013,93500,156721,Diesel,Copec San Bernardo
702735,30029,20250718,113.4,973,110338,157086,Diesel,Copec San Bernardo
702736,30029,20250719,69.4,973,67526,157584,Diesel,Shell Quilicura
702737,30029,20250726,85.3,949,80950,157831,Diesel,Shell Maipú
702738,30029,20250727,96.4,1035,99774,158059,Diesel,Copec San Bernardo
702739,30029,20250808,119.0,1014,120666,158230,Diesel,Shell Maipú
702740,30029,20250813,100.4,915,91866,158600,Diesel,Petrobras Santiago
702741,30029,20250816,97.0,1048,101656,158806,Diesel,Shell Quilicura
702742,30029,20250819,110.9,1020,113118,158957,Diesel,Copec Maipú
702743,30029,20250823,79.3,965,76524,159372,Diesel,Copec San Bernardo
702744,30029,20251004,78.2,1034,80859,159582,Diesel,Copec San Bernardo
702745,30029,20251011,118.8,1022,121414,159809,Diesel,Copec Santiago
702746,30029,20251014,90.1,991,89289,160247,Diesel,Shell Providencia
702747,30029,20251017,110.5,964,106522,160436,Diesel,Shell Maipú
702748,30029,20251028,79.6,980,78008,160667,Diesel,Shell Quilicura
702749,30029,20251110,89.2,914,81529,160886,Diesel,Petrobras Santiago
702750,30029,20251119,76.8,930,71424,161235,Diesel,Copec Santiago
702751,30029,20251120,77.5,988,76570,161520,Diesel,Shell Quilicura
702752,30029,20251203,89.7,981,87996,161900,Diesel,Shell Providencia
702753,30029,20251205,117.4,973,114230,162143,Diesel,Copec Santiago
702754,30029,20251230,65.5,1035,67792,162632,Diesel,Copec Santiago
702755,30029,20260109,117.9,902,106346,162995,Diesel,Shell Maipú
702756,30029,20260114,101.0,904,91304,163365,Diesel,Copec Santiago
702757,30029,20260208,77.2,977,75424,163492,Diesel,Shell Providencia
702758,30029,20260306,66.9,926,61949,163913,Diesel,Shell Providencia
702759,30029,20260323,97.7,922,90079,164086,Diesel,Copec Santiago
702760,30029,20260329,65.5,1021,66876,164272,Diesel,Copec Santiago
702761,30029,20260406,98.3,951,93483,164803,Diesel,Petrobras Santiago
702762,30029,20260408,100.7,946,95262,165162,Diesel,Shell Providencia
702763,30029,20260409,93.8,904,84795,165551,Diesel,Copec Maipú
702764,30029,20260430,65.7,944,62021,166046,Diesel,Copec San Bernardo
702765,30029,20260506,118.0,988,116584,166235,Diesel,Petrobras Santiago
702766,30029,20260525,96.5,1039,100264,166666,Diesel,Shell Quilicura
702767,30029,20260603,82.8,936,77501,166851,Diesel,Copec San Bernardo
702768,30029,20260606,92.7,1012,93812,167058,Diesel,Shell Providencia
702769,30029,20260611,68.7,1009,69318,167243,Diesel,Shell Quilicura
702770,30029,20260612,80.9,1000,80900,167706,Diesel,Shell Maipú
702771,30029,20260616,113.9,1027,116975,168032,Diesel,Copec Maipú
702772,30029,20260621,103.0,1033,106399,168175,Diesel,Copec Maipú
702773,30029,20260713,82.2,1013,83269,168566,Diesel,Shell Providencia
702774,30029,20260813,86.4,1030,88992,169029,Diesel,Petrobras Santiago
702775,30029,20260815,87.2,932,81270,169435,Diesel,Shell Quilicura
702776,30029,20260816,88.4,923,81593,169722,Diesel,Shell Quilicura
702777,30029,20260817,93.1,1047,97476,170077,Diesel,Copec Maipú
702778,30029,20260820,91.4,967,88384,170247,Diesel,Copec Santiago
702779,30029,20260826,88.4,943,83361,170354,Diesel,Copec Santiago
702780,30029,20260905,80.5,935,75268,170476,Diesel,Shell Maipú
702781,30029,20260907,66.7,993,66233,170690,Diesel,Petrobras Santiago
702782,30029,20260910,71.8,915,65697,171114,Diesel,Shell Quilicura
702783,30029,20260911,75.8,938,71100,171385,Diesel,Copec San Bernardo
702784,30029,20260912,117.7,1028,120996,171768,Diesel,Petrobras Santiago
702785,30029,20260914,83.0,931,77273,171969,Diesel,Shell Providencia
702786,30029,20260915,71.2,1021,72695,172115,Diesel,Shell Providencia
702787,30029,20260920,78.7,989,77834,172591,Diesel,Shell Maipú
702788,30029,20260924,66.4,939,62350,172947,Diesel,Copec Maipú
702789,30029,20261009,114.9,1027,118002,173447,Diesel,Copec Santiago
702790,30029,20261011,67.0,980,65660,173600,Diesel,Copec San Bernardo
702791,30029,20261012,83.7,917,76753,174008,Diesel,Copec San Bernardo
702792,30029,20261020,107.4,953,102352,174339,Diesel,Copec San Bernardo
702793,30029,20261024,82.6,925,76405,174490,Diesel,Shell Maipú
702794,30029,20261031,89.9,902,81090,174608,Diesel,Shell Quilicura
702795,30029,20261102,75.2,917,68958,175126,Diesel,Shell Quilicura
702796,30029,20261104,118.1,976,115266,175486,Diesel,Shell Quilicura
702797,30029,20261118,84.6,949,80285,175809,Diesel,Shell Quilicura
702798,30029,20261203,91.6,924,84638,176019,Diesel,Shell Maipú
702799,30029,20261227,92.1,951,87587,176329,Diesel,Shell Providencia
702800,30029,20261229,95.4,1013,96640,176478,Diesel,Petrobras Santiago
702801,30030,20250104,143.8,906,130283,125334,Diesel,Petrobras Santiago
702802,30030,20250107,104.2,960,100032,125641,Diesel,Copec Santiago
702803,30030,20250113,114.2,998,113972,125818,Diesel,Petrobras Santiago
702804,30030,20250120,131.0,954,124974,126193,Diesel,Copec Santiago
702805,30030,20250124,95.9,1049,100599,126715,Diesel,Shell Providencia
702806,30030,20250131,99.6,963,95915,126868,Diesel,Shell Maipú
702807,30030,20250201,117.4,939,110239,127284,Diesel,Copec Santiago
702808,30030,20250210,135.9,901,122446,127715,Diesel,Shell Quilicura
702809,30030,20250211,136.7,946,129318,128197,Diesel,Shell Maipú
702810,30030,20250216,145.9,1018,148526,128669,Diesel,Copec Maipú
702811,30030,20250217,110.9,984,109126,128884,Diesel,Shell Maipú
702812,30030,20250315,95.8,919,88040,129008,Diesel,Shell Maipú
702813,30030,20250318,125.8,1049,131964,129126,Diesel,Shell Maipú
702814,30030,20250327,154.4,971,149922,129491,Diesel,Shell Providencia
702815,30030,20250328,138.3,972,134428,129735,Diesel,Copec San Bernardo
702816,30030,20250402,105.0,910,95550,130226,Diesel,Petrobras Santiago
702817,30030,20250407,133.5,976,130296,130755,Diesel,Shell Quilicura
702818,30030,20250409,150.3,992,149098,131136,Diesel,Copec San Bernardo
702819,30030,20250418,148.3,930,137919,131249,Diesel,Petrobras Santiago
702820,30030,20250422,138.4,996,137846,131729,Diesel,Shell Providencia
702821,30030,20250504,105.7,915,96716,132161,Diesel,Shell Providencia
702822,30030,20250513,129.2,923,119252,132591,Diesel,Shell Providencia
702823,30030,20250517,154.0,925,142450,132924,Diesel,Copec San Bernardo
702824,30030,20250527,155.3,1041,161667,133136,Diesel,Copec Maipú
702825,30030,20250611,128.2,953,122175,133681,Diesel,Copec San Bernardo
702826,30030,20250617,138.9,947,131538,134170,Diesel,Petrobras Santiago
702827,30030,20250628,102.2,1027,104959,134687,Diesel,Petrobras Santiago
702828,30030,20250629,131.9,975,128602,135017,Diesel,Copec San Bernardo
702829,30030,20250630,95.3,1042,99303,135277,Diesel,Copec Maipú
702830,30030,20250702,153.9,1017,156516,135762,Diesel,Petrobras Santiago
702831,30030,20250703,132.5,994,131705,136295,Diesel,Copec San Bernardo
702832,30030,20250706,134.0,983,131722,136679,Diesel,Shell Quilicura
702833,30030,20250717,141.3,1017,143702,136828,Diesel,Copec San Bernardo
702834,30030,20250828,105.1,913,95956,137061,Diesel,Shell Providencia
702835,30030,20250912,126.0,1024,129024,137497,Diesel,Copec Maipú
702836,30030,20250914,130.0,979,127270,137609,Diesel,Shell Providencia
702837,30030,20250916,133.1,1024,136294,138023,Diesel,Copec San Bernardo
702838,30030,20250923,131.6,989,130152,138549,Diesel,Copec San Bernardo
702839,30030,20250924,115.0,916,105340,138927,Diesel,Shell Maipú
702840,30030,20250928,140.9,916,129064,139382,Diesel,Copec San Bernardo
702841,30030,20251006,100.3,1020,102306,139865,Diesel,Shell Maipú
702842,30030,20251015,117.2,947,110988,139972,Diesel,Shell Providencia
702843,30030,20251018,117.3,1030,120819,140299,Diesel,Copec San Bernardo
702844,30030,20251022,111.2,1030,114536,140741,Diesel,Copec San Bernardo
702845,30030,20251025,155.2,937,145422,140973,Diesel,Petrobras Santiago
702846,30030,20251104,147.7,901,133078,141390,Diesel,Shell Providencia
702847,30030,20251124,113.7,948,107788,141655,Diesel,Shell Quilicura
702848,30030,20251201,149.6,991,148254,141840,Diesel,Shell Providencia
702849,30030,20251221,103.4,996,102986,142191,Diesel,Copec Santiago
702850,30030,20260102,156.8,1016,159309,142540,Diesel,Copec Maipú
702851,30030,20260111,141.5,986,139519,142776,Diesel,Copec Santiago
702852,30030,20260114,98.2,989,97120,143218,Diesel,Copec Maipú
702853,30030,20260125,95.6,964,92158,143627,Diesel,Copec Maipú
702854,30030,20260130,135.2,1003,135606,143826,Diesel,Petrobras Santiago
702855,30030,20260201,142.8,997,142372,144098,Diesel,Shell Quilicura
702856,30030,20260209,132.8,956,126957,144208,Diesel,Shell Providencia
702857,30030,20260212,148.5,1003,148946,144385,Diesel,Shell Maipú
702858,30030,20260227,122.1,996,121612,144757,Diesel,Shell Maipú
702859,30030,20260317,123.4,944,116490,144988,Diesel,Petrobras Santiago
702860,30030,20260330,101.6,1047,106375,145524,Diesel,Shell Maipú
702861,30030,20260418,155.2,1037,160942,145803,Diesel,Shell Providencia
702862,30030,20260423,138.3,1028,142172,145963,Diesel,Copec San Bernardo
702863,30030,20260425,127.2,960,122112,146079,Diesel,Copec Maipú
702864,30030,20260507,98.3,1014,99676,146493,Diesel,Copec San Bernardo
702865,30030,20260508,95.9,908,87077,146737,Diesel,Shell Maipú
702866,30030,20260509,143.9,993,142893,147247,Diesel,Copec San Bernardo
702867,30030,20260510,110.5,1003,110832,147456,Diesel,Copec Santiago
702868,30030,20260511,97.9,980,95942,147606,Diesel,Copec Santiago
702869,30030,20260516,151.1,976,147474,147747,Diesel,Copec San Bernardo
702870,30030,20260518,159.8,964,154047,147908,Diesel,Shell Quilicura
702871,30030,20260522,139.7,955,133414,148443,Diesel,Copec Maipú
702872,30030,20260523,121.8,1008,122774,148859,Diesel,Copec San Bernardo
702873,30030,20260524,139.2,995,138504,149039,Diesel,Copec Maipú
702874,30030,20260611,99.7,964,96111,149362,Diesel,Shell Quilicura
702875,30030,20260624,119.2,1000,119200,149655,Diesel,Copec San Bernardo
702876,30030,20260705,126.2,965,121783,149780,Diesel,Shell Quilicura
702877,30030,20260726,154.9,946,146535,149913,Diesel,Copec Santiago
702878,30030,20260815,148.8,1050,156240,150254,Diesel,Shell Providencia
702879,30030,20260821,115.0,1041,119715,150434,Diesel,Shell Providencia
702880,30030,20260825,110.7,987,109261,150595,Diesel,Shell Providencia
702881,30030,20260830,146.8,1011,148415,150747,Diesel,Shell Providencia
702882,30030,20260918,107.7,976,105115,151172,Diesel,Shell Providencia
702883,30030,20260919,150.0,940,141000,151536,Diesel,Shell Maipú
702884,30030,20260921,97.5,999,97402,151800,Diesel,Shell Providencia
702885,30030,20260927,144.9,1014,146929,152189,Diesel,Shell Providencia
702886,30030,20261008,104.3,951,99189,152641,Diesel,Shell Maipú
702887,30030,20261011,142.3,966,137462,153110,Diesel,Shell Maipú
702888,30030,20261012,133.8,1028,137546,153598,Diesel,Petrobras Santiago
702889,30030,20261027,92.9,957,88905,154049,Diesel,Petrobras Santiago
702890,30030,20261029,97.1,990,96129,154294,Diesel,Shell Providencia
702891,30030,20261102,110.2,913,100613,154509,Diesel,Shell Providencia
702892,30030,20261109,116.5,986,114869,154758,Diesel,Petrobras Santiago
702893,30030,20261110,112.7,1007,113489,155208,Diesel,Copec San Bernardo
702894,30030,20261111,155.1,1020,158202,155309,Diesel,Copec San Bernardo
702895,30030,20261116,124.5,940,117030,155477,Diesel,Shell Quilicura
702896,30030,20261118,146.2,936,136843,155669,Diesel,Copec Maipú
702897,30030,20261119,123.3,990,122067,156179,Diesel,Copec Santiago
702898,30030,20261129,155.6,1029,160112,156721,Diesel,Shell Quilicura
702899,30030,20261203,122.7,999,122577,157073,Diesel,Shell Maipú
702900,30030,20261206,117.5,1044,122670,157332,Diesel,Shell Quilicura
