pedido_id,cliente_id,fecha_pedido_id,tipo_servicio,cantidad_paquetes,peso_total_kg,prioridad,valor_pedido,comuna_entrega,estado_pedido
500001,10357,20260709,Estándar,10,51.08,Alta,91032.0,Huechuraba,Entregado
500002,10182,20250325,Estándar,2,12.96,Media,14288.0,La Reina,Entregado
500003,10363,20260907,Estándar,12,90.5,Baja,83111.0,Huechuraba,Entregado
500004,10065,20251231,Estándar,12,57.73,Baja,72501.0,Colina,Entregado
500005,10216,20260121,Estándar,10,34.83,Baja,76706.0,San Joaquín,En ruta
500006,10077,20250427,Express,4,27.21,Alta,80294.0,Conchalí,En preparación
500007,10483,20260524,Estándar,9,20.53,Media,89616.0,San Miguel,Entregado
500008,10107,20250105,Estándar,12,84.09,Baja,98189.0,Cerrillos,Entregado
500009,10165,20251119,Express,1,4.62,Urgente,24835.0,Quinta Normal,Entregado
500010,10278,20251221,Estándar,3,5.85,Media,41052.0,San Ramón,Entregado
500011,10134,20250416,Estándar,5,18.29,Media,23729.0,Estación Central,Cancelado
500012,10474,20260515,Estándar,11,58.27,Alta,75114.0,Quilicura,Entregado
500013,10149,20250504,Estándar,5,24.46,Baja,51665.0,San Joaquín,En ruta
500014,10201,20260831,Programado,15,70.13,Alta,93443.0,El Bosque,Entregado
500015,10205,20261022,Estándar,14,21.33,Media,124467.0,Vitacura,Pendiente
500016,10486,20251006,Estándar,1,1.13,Media,36491.0,San Joaquín,En preparación
500017,10256,20260803,Estándar,10,35.71,Media,94931.0,Huechuraba,En ruta
500018,10244,20260224,Estándar,8,63.66,Media,47845.0,Providencia,En ruta
500019,10180,20260629,Express,6,47.76,Alta,96147.0,Pudahuel,Entregado
500020,10383,20251011,Estándar,4,21.45,Media,51372.0,Lampa,Entregado
500021,10119,20260723,Estándar,2,15.1,Media,27294.0,La Florida,Entregado
500022,10116,20261005,Express,14,79.45,Media,79510.0,Lampa,Pendiente
500023,10019,20250722,Estándar,6,26.51,Media,42444.0,San Bernardo,Entregado
500024,10393,20250516,Estándar,4,8.73,Urgente,37349.0,Macul,Entregado
500025,10317,20250406,Estándar,1,2.08,Urgente,14018.0,Las Condes,En preparación
500026,10050,20251212,Estándar,15,95.01,Baja,69228.0,Quinta Normal,En preparación
500027,10028,20250820,Estándar,4,24.63,Media,53612.0,Las Condes,Entregado
500028,10335,20250721,Programado,2,14.21,Media,20192.0,La Granja,En ruta
500029,10129,20260806,Programado,3,7.53,Media,47463.0,Lo Prado,Entregado
500030,10123,20250913,Express,5,7.22,Urgente,54277.0,Renca,Pendiente
500031,10050,20260206,Estándar,9,20.82,Media,76586.0,Colina,Entregado
500032,10433,20250119,Express,5,13.78,Baja,38047.0,Puente Alto,Entregado
500033,10271,20260109,Programado,14,92.16,Alta,84930.0,Recoleta,Pendiente
500034,10385,20250808,Estándar,10,59.43,Media,68355.0,La Reina,Entregado
500035,10164,20260310,Express,7,53.74,Alta,88217.0,Colina,Entregado
500036,10004,20260226,Express,12,68.32,Media,127327.0,Cerrillos,Entregado
500037,10157,20250517,Estándar,10,76.81,Baja,61778.0,Lo Prado,Entregado
500038,10089,20250119,Estándar,9,35.14,Media,48853.0,Quilicura,Entregado
500039,10398,20260602,Programado,6,44.26,Media,38320.0,Recoleta,Entregado
500040,10146,20251018,Estándar,10,65.16,Baja,80474.0,Providencia,Entregado
500041,10327,20250210,Programado,13,52.17,Media,59005.0,San Bernardo,Entregado
500042,10248,20250410,Programado,3,21.28,Baja,46078.0,Vitacura,Entregado
500043,10044,20260319,Estándar,5,10.62,Urgente,57038.0,Lo Barnechea,Entregado
500044,10386,20261118,Estándar,7,20.69,Urgente,63058.0,Conchalí,Cancelado
500045,10181,20250606,Estándar,14,110.12,Alta,58009.0,Lo Barnechea,Entregado
500046,10290,20260308,Estándar,1,4.57,Media,26449.0,Maipú,Entregado
500047,10024,20260817,Estándar,13,100.22,Alta,89875.0,San Ramón,Entregado
500048,10019,20251120,Estándar,13,55.67,Media,86913.0,Lo Barnechea,En ruta
500049,10131,20250710,Programado,2,8.09,Baja,31220.0,Providencia,Entregado
500050,10115,20251103,Estándar,6,46.45,Alta,56340.0,Peñalolén,Entregado
500051,10111,20261016,Estándar,8,15.62,Media,55929.0,San Joaquín,Entregado
500052,10145,20260616,Estándar,9,10.53,Alta,67119.0,Recoleta,En preparación
500053,10359,20250724,Express,12,34.85,Media,79150.0,San Miguel,Pendiente
500054,10141,20260802,Express,9,15.65,Urgente,117977.0,Colina,Entregado
500055,10172,20250103,Programado,12,70.19,Baja,91662.0,San Bernardo,Entregado
500056,10325,20250309,Express,2,8.59,Baja,20571.0,La Florida,Entregado
500057,10162,20250719,Express,4,14.03,Media,47033.0,Maipú,Entregado
500058,10118,20250706,Estándar,2,15.16,Media,18165.0,Huechuraba,Entregado
500059,10348,20260511,Estándar,5,12.12,Media,43871.0,Quinta Normal,Entregado
500060,10131,20250821,Programado,12,27.57,Alta,115147.0,Vitacura,Entregado
500061,10003,20260707,Express,13,28.19,Urgente,107428.0,La Reina,Entregado
500062,10336,20251104,Express,7,23.7,Media,88690.0,Santiago,En ruta
500063,10206,20250618,Estándar,11,38.14,Alta,53942.0,Independencia,En preparación
500064,10461,20261201,Express,8,49.87,Alta,111463.0,Peñalolén,Pendiente
500065,10059,20260414,Express,6,45.63,Urgente,43111.0,Renca,Entregado
500066,10118,20250818,Estándar,3,9.66,Baja,33967.0,La Reina,Cancelado
500067,10049,20251127,Estándar,8,14.97,Baja,60286.0,Quilicura,Entregado
500068,10218,20260511,Estándar,3,7.05,Media,35191.0,La Reina,Entregado
500069,10500,20250131,Estándar,14,87.09,Media,62208.0,Lo Prado,En ruta
500070,10329,20250727,Programado,12,44.7,Baja,78725.0,Las Condes,Pendiente
500071,10412,20250519,Estándar,13,13.98,Baja,109401.0,Renca,En ruta
500072,10302,20260201,Estándar,4,16.53,Urgente,25331.0,Conchalí,Entregado
500073,10051,20250321,Estándar,15,64.14,Baja,104451.0,Cerrillos,En ruta
500074,10006,20251122,Estándar,7,34.76,Urgente,44473.0,Conchalí,En preparación
500075,10117,20260503,Express,11,24.94,Media,121476.0,La Reina,En ruta
500076,10048,20261206,Estándar,1,1.96,Baja,26079.0,La Cisterna,Entregado
500077,10040,20250225,Programado,12,14.69,Baja,125860.0,Vitacura,Entregado
500078,10335,20260324,Express,13,14.69,Urgente,171416.0,San Ramón,Entregado
500079,10200,20251128,Estándar,2,14.78,Baja,32491.0,La Florida,Entregado
500080,10037,20260926,Express,6,47.37,Alta,73890.0,Maipú,Entregado
500081,10354,20250907,Estándar,10,64.74,Media,97467.0,San Ramón,Entregado
500082,10226,20251209,Programado,1,1.4,Media,38225.0,Pedro Aguirre Cerda,Entregado
500083,10243,20260715,Programado,14,73.21,Media,142769.0,Pedro Aguirre Cerda,En ruta
500084,10302,20250110,Estándar,7,9.41,Baja,59249.0,San Ramón,En ruta
500085,10428,20250311,Estándar,12,20.56,Media,58181.0,Huechuraba,Entregado
500086,10344,20250408,Programado,15,32.53,Baja,66221.0,Peñalolén,Entregado
500087,10322,20260329,Estándar,11,73.4,Media,65929.0,Estación Central,En preparación
500088,10132,20260606,Estándar,5,29.17,Baja,26075.0,La Reina,En preparación
500089,10239,20260208,Estándar,3,7.64,Media,27614.0,Macul,En ruta
500090,10064,20261124,Estándar,14,14.41,Baja,118123.0,Pedro Aguirre Cerda,Entregado
500091,10049,20261012,Estándar,8,16.98,Alta,73263.0,Cerrillos,En ruta
500092,10475,20250905,Programado,3,23.06,Alta,36333.0,Renca,Entregado
500093,10080,20261011,Express,6,13.75,Urgente,83857.0,Providencia,Pendiente
500094,10320,20260112,Programado,5,37.49,Baja,30152.0,Ñuñoa,En preparación
500095,10197,20251002,Estándar,3,9.09,Baja,40637.0,Macul,Entregado
500096,10067,20250127,Estándar,15,38.88,Urgente,119055.0,Quilicura,Entregado
500097,10472,20260423,Programado,4,17.49,Baja,51009.0,Colina,Pendiente
500098,10243,20260920,Estándar,15,56.9,Media,115730.0,Colina,Entregado
500099,10120,20250910,Express,11,86.76,Urgente,87661.0,Huechuraba,Entregado
500100,10122,20250124,Estándar,9,70.07,Media,62907.0,Puente Alto,Entregado
500101,10076,20260219,Estándar,2,6.34,Baja,24860.0,Peñalolén,En ruta
500102,10201,20250115,Estándar,11,64.59,Media,97011.0,Lo Barnechea,En ruta
500103,10366,20250514,Estándar,5,22.32,Media,36112.0,Lo Barnechea,Pendiente
500104,10137,20260309,Estándar,14,98.85,Baja,93353.0,Lo Barnechea,Entregado
500105,10375,20260330,Programado,4,8.69,Baja,51180.0,Quilicura,Pendiente
500106,10100,20250809,Express,15,103.81,Media,123595.0,Pedro Aguirre Cerda,En preparación
500107,10190,20261009,Express,3,14.94,Urgente,35116.0,La Cisterna,Entregado
500108,10176,20260920,Estándar,14,82.66,Media,123964.0,Conchalí,En ruta
500109,10225,20250128,Estándar,6,34.88,Media,34483.0,Lo Espejo,Entregado
500110,10027,20260902,Express,1,6.09,Urgente,40261.0,San Miguel,En ruta
500111,10004,20260709,Estándar,10,78.01,Baja,83167.0,La Cisterna,Entregado
500112,10134,20250117,Programado,12,84.56,Alta,44085.0,Providencia,Pendiente
500113,10465,20260621,Programado,7,45.35,Baja,57225.0,La Cisterna,Entregado
500114,10135,20251030,Estándar,1,4.45,Baja,25379.0,Ñuñoa,En ruta
500115,10301,20260909,Express,15,42.02,Media,98435.0,Lo Prado,Entregado
500116,10062,20260113,Express,10,60.04,Alta,91664.0,Conchalí,Entregado
500117,10490,20260921,Estándar,13,69.3,Media,120811.0,Colina,Entregado
500118,10102,20250602,Estándar,5,32.23,Media,41391.0,San Miguel,Entregado
500119,10250,20260324,Estándar,8,52.83,Media,43297.0,La Granja,Entregado
500120,10248,20250604,Programado,2,5.2,Media,23153.0,Macul,Entregado
500121,10313,20260907,Programado,10,24.49,Baja,95676.0,Lampa,Entregado
500122,10214,20260202,Estándar,3,21.25,Media,32500.0,Pedro Aguirre Cerda,En ruta
500123,10293,20251222,Estándar,7,23.88,Media,33568.0,Pudahuel,Pendiente
500124,10183,20261008,Estándar,14,47.22,Baja,78465.0,Lampa,En ruta
500125,10302,20260628,Estándar,4,10.57,Media,58132.0,Peñalolén,En preparación
500126,10124,20260310,Estándar,10,68.21,Media,103204.0,San Bernardo,Entregado
500127,10018,20250706,Estándar,15,116.2,Media,69262.0,Independencia,Entregado
500128,10221,20260714,Estándar,1,3.39,Urgente,33369.0,San Miguel,Entregado
500129,10308,20250826,Estándar,1,1.9,Media,29560.0,Lo Barnechea,Cancelado
500130,10208,20251223,Express,15,16.45,Media,184707.0,Renca,Entregado
500131,10116,20250402,Estándar,13,45.1,Baja,125490.0,Quinta Normal,Entregado
500132,10406,20251028,Estándar,5,31.2,Alta,62431.0,Maipú,Entregado
500133,10346,20250122,Estándar,12,56.58,Alta,61283.0,Pudahuel,En ruta
500134,10324,20260311,Estándar,6,11.79,Media,24014.0,La Granja,En preparación
500135,10273,20260705,Express,6,47.05,Alta,60352.0,San Miguel,Entregado
500136,10443,20260404,Estándar,1,3.7,Baja,19320.0,Renca,Entregado
500137,10327,20251103,Programado,12,22.53,Baja,102130.0,Macul,Entregado
500138,10189,20250529,Estándar,1,2.01,Media,15707.0,Providencia,Entregado
500139,10473,20250202,Estándar,15,106.2,Baja,63333.0,La Florida,En ruta
500140,10033,20250407,Express,5,32.0,Alta,72688.0,Conchalí,Pendiente
500141,10308,20261224,Estándar,1,5.61,Alta,24660.0,Providencia,En ruta
500142,10352,20260606,Programado,3,10.54,Media,43319.0,Lo Barnechea,Cancelado
500143,10249,20260220,Express,2,13.6,Media,33701.0,Maipú,En preparación
500144,10229,20260805,Express,1,6.74,Alta,16720.0,Santiago,Entregado
500145,10335,20260302,Express,3,7.87,Baja,24956.0,Quilicura,Entregado
500146,10326,20260620,Estándar,13,36.37,Media,63119.0,Lo Espejo,Entregado
500147,10011,20260727,Estándar,15,70.23,Baja,100779.0,La Granja,Entregado
500148,10358,20260212,Estándar,9,21.59,Media,36019.0,La Florida,Entregado
500149,10432,20260213,Express,8,17.14,Alta,97070.0,Recoleta,En preparación
500150,10378,20261110,Estándar,8,46.09,Urgente,62703.0,Las Condes,Entregado
500151,10052,20250723,Programado,12,19.34,Alta,108612.0,San Joaquín,En ruta
500152,10194,20251007,Express,11,21.07,Urgente,66949.0,La Reina,En preparación
500153,10024,20260920,Express,2,3.43,Urgente,54541.0,San Joaquín,En preparación
500154,10334,20250813,Estándar,15,95.75,Media,51141.0,Las Condes,Entregado
500155,10317,20251212,Estándar,11,30.35,Media,94587.0,Cerrillos,En ruta
500156,10027,20251018,Programado,5,25.82,Baja,36600.0,Pedro Aguirre Cerda,Entregado
500157,10146,20260326,Estándar,3,18.31,Media,36396.0,San Ramón,En preparación
500158,10486,20251119,Estándar,9,65.8,Alta,50939.0,Puente Alto,Entregado
500159,10244,20251019,Express,4,20.98,Urgente,58787.0,Macul,Entregado
500160,10475,20261013,Express,5,25.87,Media,73952.0,San Bernardo,Entregado
500161,10467,20250523,Estándar,3,23.74,Baja,32909.0,Huechuraba,Entregado
500162,10145,20261223,Express,6,40.94,Urgente,83801.0,Quilicura,Entregado
500163,10061,20250318,Programado,15,18.32,Media,74478.0,Vitacura,Entregado
500164,10258,20250923,Estándar,11,43.22,Alta,41240.0,Quilicura,Entregado
500165,10354,20251006,Estándar,6,38.77,Alta,34646.0,La Cisterna,Entregado
500166,10499,20260521,Estándar,13,60.62,Media,45802.0,La Florida,Entregado
500167,10424,20251210,Express,4,9.6,Baja,40563.0,Colina,En preparación
500168,10245,20251213,Estándar,8,14.65,Alta,69330.0,Cerrillos,En ruta
500169,10410,20250217,Estándar,9,63.98,Media,61868.0,Providencia,Entregado
500170,10362,20250623,Programado,10,20.29,Baja,81761.0,Pedro Aguirre Cerda,En preparación
500171,10374,20250321,Programado,15,47.62,Media,43710.0,Estación Central,En ruta
500172,10056,20250704,Estándar,4,16.7,Media,34632.0,San Joaquín,Entregado
500173,10033,20250903,Express,2,3.42,Media,30648.0,Lo Barnechea,En preparación
500174,10415,20250209,Estándar,1,6.57,Baja,22728.0,Providencia,Entregado
500175,10370,20260726,Estándar,2,3.63,Media,14568.0,Puente Alto,En preparación
500176,10114,20260929,Estándar,6,35.73,Baja,48324.0,Vitacura,Entregado
500177,10003,20251030,Estándar,1,3.69,Alta,14913.0,Lo Prado,En ruta
500178,10241,20250726,Programado,3,4.43,Media,35622.0,Conchalí,Entregado
500179,10400,20250404,Estándar,12,33.23,Media,71407.0,Maipú,Entregado
500180,10100,20250304,Estándar,14,45.39,Media,101329.0,La Reina,Pendiente
500181,10269,20261117,Estándar,3,19.02,Media,28587.0,San Miguel,Entregado
500182,10295,20260210,Estándar,10,51.85,Baja,39290.0,Macul,Entregado
500183,10009,20261113,Estándar,7,32.56,Media,35875.0,Renca,En preparación
500184,10060,20250823,Estándar,7,42.99,Baja,54684.0,Ñuñoa,Entregado
500185,10051,20260818,Programado,8,9.14,Media,49038.0,Buin,Entregado
500186,10419,20260112,Estándar,6,25.92,Alta,72034.0,San Ramón,Entregado
500187,10326,20260505,Express,7,48.43,Alta,74319.0,Independencia,Entregado
500188,10018,20250529,Estándar,4,16.92,Baja,57303.0,Peñalolén,Pendiente
500189,10186,20250330,Programado,1,4.96,Baja,24010.0,San Joaquín,Entregado
500190,10200,20260528,Estándar,15,58.99,Media,110755.0,Lo Prado,Entregado
500191,10163,20250623,Express,15,79.65,Media,141364.0,Providencia,Entregado
500192,10180,20260526,Programado,14,15.8,Baja,116709.0,Independencia,En ruta
500193,10406,20250307,Estándar,3,11.38,Media,39931.0,Conchalí,Entregado
500194,10232,20260406,Estándar,3,23.33,Media,30901.0,Quinta Normal,Entregado
500195,10195,20250415,Estándar,2,6.18,Media,44492.0,San Joaquín,En preparación
500196,10392,20251014,Express,9,35.82,Alta,70130.0,San Bernardo,En ruta
500197,10369,20260901,Estándar,6,7.4,Alta,28119.0,Maipú,Entregado
500198,10142,20260809,Express,12,36.15,Baja,75844.0,Vitacura,Pendiente
500199,10031,20260604,Estándar,2,15.83,Baja,18328.0,San Ramón,Entregado
500200,10406,20250320,Express,2,8.35,Urgente,32100.0,Vitacura,Entregado
500201,10027,20251122,Estándar,14,68.01,Baja,50263.0,Conchalí,Entregado
500202,10064,20260804,Estándar,11,23.71,Baja,61745.0,Conchalí,Entregado
500203,10227,20260106,Express,8,26.23,Urgente,83917.0,Estación Central,Entregado
500204,10336,20260602,Estándar,15,25.85,Baja,125089.0,San Miguel,Entregado
500205,10229,20250725,Estándar,14,69.88,Media,72452.0,Estación Central,Entregado
500206,10485,20250714,Estándar,11,61.49,Media,85367.0,Cerrillos,Pendiente
500207,10118,20250221,Programado,15,107.79,Baja,135137.0,San Joaquín,En ruta
500208,10226,20250606,Estándar,2,13.39,Media,16475.0,Macul,En preparación
500209,10064,20261211,Estándar,4,14.52,Alta,47551.0,Maipú,Cancelado
500210,10207,20250421,Estándar,13,74.09,Media,115278.0,La Cisterna,Pendiente
500211,10379,20260813,Express,3,5.72,Urgente,44368.0,San Miguel,Entregado
500212,10263,20260523,Programado,14,36.72,Baja,85102.0,Maipú,Pendiente
500213,10421,20260216,Estándar,12,52.22,Media,72774.0,La Granja,En preparación
500214,10006,20260315,Express,5,5.61,Urgente,55716.0,Estación Central,En preparación
500215,10417,20251126,Estándar,1,1.8,Media,32319.0,Providencia,Entregado
500216,10178,20250317,Estándar,14,86.2,Baja,101502.0,Pudahuel,Entregado
500217,10208,20251105,Programado,5,14.83,Baja,63370.0,Lampa,En ruta
500218,10093,20260420,Estándar,11,64.59,Media,70799.0,Lampa,En preparación
500219,10338,20250619,Estándar,14,107.52,Media,96805.0,Renca,Entregado
500220,10167,20250523,Estándar,10,32.17,Baja,100356.0,Lo Prado,Entregado
500221,10369,20261111,Estándar,13,102.8,Media,112187.0,Quinta Normal,Pendiente
500222,10355,20260129,Estándar,11,18.24,Media,89862.0,Quilicura,En ruta
500223,10205,20251117,Estándar,14,89.46,Media,114031.0,La Granja,Entregado
500224,10143,20250429,Programado,13,85.08,Media,111243.0,Lo Prado,Entregado
500225,10224,20250731,Estándar,7,35.81,Baja,46797.0,San Joaquín,Entregado
500226,10033,20251122,Express,8,62.98,Baja,94115.0,Ñuñoa,En ruta
500227,10205,20250614,Express,2,9.63,Media,59906.0,San Joaquín,En ruta
500228,10055,20250418,Express,7,25.93,Alta,83082.0,Independencia,Entregado
500229,10083,20251019,Estándar,14,89.63,Alta,55573.0,Huechuraba,En ruta
500230,10453,20250424,Estándar,11,76.58,Alta,104235.0,Las Condes,Cancelado
500231,10456,20250508,Estándar,3,5.28,Alta,28039.0,Pudahuel,En preparación
500232,10124,20250321,Estándar,14,25.89,Alta,102613.0,Macul,Entregado
500233,10044,20260712,Estándar,13,41.73,Baja,60861.0,Huechuraba,En preparación
500234,10108,20260211,Express,11,48.96,Alta,139432.0,Cerrillos,Entregado
500235,10365,20261127,Programado,15,18.47,Media,124055.0,El Bosque,En ruta
500236,10255,20260524,Estándar,9,23.1,Baja,83012.0,Vitacura,En ruta
500237,10078,20250629,Express,1,3.61,Alta,36042.0,La Florida,Pendiente
500238,10078,20260703,Estándar,2,10.82,Baja,25724.0,Vitacura,Entregado
500239,10202,20251211,Estándar,12,23.93,Media,108060.0,Huechuraba,En ruta
500240,10076,20261117,Programado,9,18.39,Alta,51323.0,San Miguel,En ruta
500241,10084,20250611,Estándar,1,1.67,Media,32973.0,Lampa,Entregado
500242,10421,20251117,Estándar,7,55.83,Media,55692.0,Renca,Entregado
500243,10195,20250401,Estándar,12,85.29,Media,96890.0,Estación Central,Entregado
500244,10490,20260321,Estándar,9,65.99,Media,51138.0,Colina,En preparación
500245,10461,20250509,Express,4,19.82,Urgente,74131.0,Ñuñoa,Entregado
500246,10356,20250326,Estándar,5,29.54,Alta,57442.0,La Granja,Entregado
500247,10221,20260627,Estándar,10,69.56,Media,41960.0,Buin,Entregado
500248,10423,20251030,Express,5,15.93,Alta,39648.0,Quinta Normal,Entregado
500249,10266,20260814,Estándar,14,75.32,Media,105895.0,Las Condes,Entregado
500250,10430,20250228,Estándar,9,27.37,Baja,36278.0,San Joaquín,Pendiente
500251,10115,20260120,Express,3,9.46,Urgente,37738.0,Macul,Entregado
500252,10401,20260409,Estándar,15,58.66,Media,105502.0,Puente Alto,Entregado
500253,10034,20251012,Express,13,52.41,Urgente,101563.0,Lo Prado,Entregado
500254,10236,20260610,Estándar,14,83.75,Baja,78725.0,La Reina,Entregado
500255,10314,20261130,Estándar,4,10.1,Media,40578.0,Providencia,Entregado
500256,10297,20260131,Estándar,5,15.92,Media,47903.0,Quinta Normal,Entregado
500257,10192,20261231,Express,15,34.69,Media,151624.0,El Bosque,Entregado
500258,10494,20250606,Estándar,6,45.07,Alta,52702.0,San Bernardo,Entregado
500259,10119,20260224,Estándar,13,55.15,Media,126139.0,Independencia,Pendiente
500260,10118,20261117,Estándar,4,9.93,Urgente,30655.0,Vitacura,Entregado
500261,10033,20260221,Estándar,3,22.03,Media,20208.0,Maipú,Entregado
500262,10312,20251203,Express,2,3.67,Media,25520.0,Ñuñoa,Pendiente
500263,10118,20250525,Estándar,10,37.89,Baja,51839.0,Pudahuel,Entregado
500264,10003,20250721,Estándar,4,4.54,Alta,36435.0,La Cisterna,Entregado
500265,10166,20251109,Estándar,2,9.83,Media,25390.0,La Florida,En ruta
500266,10484,20260718,Express,10,55.67,Media,40136.0,Santiago,En preparación
500267,10499,20260330,Estándar,9,67.12,Baja,70550.0,San Ramón,Entregado
500268,10211,20250630,Express,6,41.09,Urgente,100773.0,Lo Prado,En ruta
500269,10383,20250410,Express,15,75.95,Alta,54298.0,San Joaquín,En ruta
500270,10492,20260822,Express,7,12.43,Urgente,43855.0,La Reina,En ruta
500271,10359,20250207,Programado,4,12.66,Alta,33736.0,Lo Espejo,Entregado
500272,10146,20260510,Estándar,14,64.05,Alta,57799.0,Vitacura,En preparación
500273,10062,20250102,Estándar,4,21.28,Baja,34776.0,Lo Barnechea,Entregado
500274,10296,20260619,Estándar,12,89.11,Alta,55559.0,Pedro Aguirre Cerda,Entregado
500275,10068,20250520,Estándar,13,89.63,Media,113805.0,El Bosque,En preparación
500276,10275,20260216,Estándar,2,15.27,Media,15467.0,Vitacura,En ruta
500277,10449,20261202,Estándar,4,4.81,Media,44988.0,Macul,Entregado
500278,10420,20260322,Express,7,53.66,Alta,100728.0,Conchalí,En preparación
500279,10019,20250809,Estándar,5,20.44,Baja,52197.0,Santiago,Entregado
500280,10297,20250603,Estándar,15,64.46,Media,82515.0,La Florida,Entregado
500281,10024,20250614,Express,9,66.96,Alta,123566.0,Lampa,Entregado
500282,10411,20261128,Estándar,9,39.57,Media,55961.0,Quinta Normal,Entregado
500283,10443,20260718,Express,9,43.05,Urgente,111752.0,Recoleta,Cancelado
500284,10335,20260613,Express,11,23.83,Urgente,87957.0,La Florida,Entregado
500285,10111,20251129,Programado,3,16.71,Baja,37682.0,Quilicura,Entregado
500286,10374,20260402,Estándar,13,50.44,Baja,66270.0,Puente Alto,Entregado
500287,10495,20260120,Programado,13,33.92,Media,137613.0,Lo Prado,Entregado
500288,10112,20250629,Programado,12,76.87,Baja,58464.0,Pedro Aguirre Cerda,Entregado
500289,10138,20250906,Estándar,4,13.76,Baja,36682.0,Santiago,Cancelado
500290,10279,20250228,Estándar,9,44.02,Media,42848.0,Recoleta,Entregado
500291,10300,20250515,Express,12,54.04,Urgente,99114.0,Peñalolén,Entregado
500292,10146,20260703,Estándar,13,66.17,Alta,104417.0,San Ramón,Entregado
500293,10143,20260419,Estándar,12,29.31,Alta,110772.0,Pudahuel,Entregado
500294,10330,20250408,Estándar,15,114.38,Alta,127926.0,Ñuñoa,En ruta
500295,10481,20260216,Estándar,9,44.38,Baja,72012.0,La Florida,Entregado
500296,10172,20260422,Estándar,12,48.49,Media,107417.0,El Bosque,Entregado
500297,10401,20250116,Express,2,14.57,Urgente,26297.0,San Bernardo,Entregado
500298,10137,20250725,Programado,6,25.63,Baja,58535.0,Vitacura,Entregado
500299,10043,20250217,Programado,15,90.48,Alta,141424.0,Independencia,Entregado
500300,10167,20260501,Estándar,14,35.92,Alta,125601.0,Buin,Entregado
500301,10001,20251201,Programado,7,18.82,Baja,64198.0,Santiago,En ruta
500302,10369,20261121,Estándar,11,54.86,Alta,83558.0,Huechuraba,Entregado
500303,10095,20251111,Estándar,3,19.43,Media,49276.0,Peñalolén,Entregado
500304,10485,20250808,Programado,13,27.93,Media,88177.0,Ñuñoa,En preparación
500305,10342,20260306,Estándar,10,50.61,Baja,88305.0,Lo Barnechea,Entregado
500306,10260,20250605,Estándar,2,13.8,Media,38893.0,La Florida,Entregado
500307,10025,20250922,Estándar,11,35.78,Urgente,55898.0,Renca,Entregado
500308,10363,20260124,Programado,9,19.02,Media,37188.0,San Miguel,Entregado
500309,10009,20251019,Programado,13,66.66,Media,56012.0,Macul,Entregado
500310,10497,20260912,Estándar,2,10.1,Media,24503.0,La Florida,Entregado
500311,10423,20261006,Estándar,9,22.92,Baja,64261.0,Estación Central,En ruta
500312,10188,20260211,Programado,4,31.46,Alta,34019.0,Buin,En ruta
500313,10053,20260626,Estándar,12,83.61,Media,56916.0,Colina,Entregado
500314,10142,20260202,Estándar,7,22.53,Baja,68435.0,Pudahuel,Entregado
500315,10495,20250523,Estándar,13,95.0,Media,111184.0,San Ramón,En preparación
500316,10124,20250225,Estándar,15,69.25,Alta,96121.0,Lo Espejo,Entregado
500317,10018,20261229,Express,7,31.2,Alta,57794.0,El Bosque,Pendiente
500318,10465,20260624,Estándar,2,5.84,Baja,27236.0,Lo Espejo,Entregado
500319,10222,20250927,Express,4,27.74,Media,30340.0,Peñalolén,Entregado
500320,10388,20251118,Estándar,14,46.5,Media,114575.0,Pedro Aguirre Cerda,Entregado
500321,10196,20261121,Estándar,9,21.09,Urgente,45096.0,Maipú,Entregado
500322,10016,20260307,Estándar,6,9.67,Baja,42334.0,Las Condes,Entregado
500323,10002,20250604,Estándar,14,106.83,Media,127905.0,El Bosque,Entregado
500324,10255,20260902,Estándar,15,46.87,Media,119917.0,Pedro Aguirre Cerda,Entregado
500325,10127,20250319,Express,2,2.63,Alta,40460.0,Quinta Normal,Entregado
500326,10137,20260516,Express,2,9.09,Urgente,60283.0,Colina,Entregado
500327,10206,20250129,Express,1,2.93,Media,30623.0,El Bosque,Entregado
500328,10034,20260330,Express,12,18.61,Alta,156281.0,Colina,Entregado
500329,10159,20250729,Estándar,8,23.32,Baja,29499.0,Renca,En preparación
500330,10317,20260915,Estándar,12,14.1,Baja,71998.0,Maipú,En ruta
500331,10227,20250410,Estándar,8,10.31,Alta,52954.0,Huechuraba,Entregado
500332,10162,20250128,Estándar,1,5.56,Baja,25348.0,Colina,Entregado
500333,10183,20250104,Programado,8,41.58,Baja,98561.0,Cerrillos,Entregado
500334,10219,20260928,Estándar,14,69.57,Media,103498.0,San Ramón,Entregado
500335,10474,20261206,Estándar,13,91.64,Alta,99151.0,Providencia,En ruta
500336,10323,20250605,Express,2,4.38,Alta,44499.0,Lo Prado,En preparación
500337,10163,20251111,Estándar,7,54.94,Media,37490.0,Quinta Normal,Cancelado
500338,10077,20261007,Express,15,74.59,Alta,93415.0,La Cisterna,En ruta
500339,10487,20261216,Estándar,9,35.78,Baja,32927.0,Puente Alto,En ruta
500340,10262,20251229,Estándar,10,14.91,Media,53541.0,Lo Barnechea,Entregado
500341,10008,20250324,Estándar,15,15.06,Alta,103925.0,San Joaquín,En ruta
500342,10208,20260925,Express,8,34.42,Alta,63835.0,El Bosque,Entregado
500343,10417,20260208,Programado,13,99.5,Urgente,115243.0,Buin,Entregado
500344,10369,20250513,Estándar,6,32.39,Media,36500.0,Puente Alto,Entregado
500345,10306,20250125,Express,13,73.84,Alta,63489.0,Conchalí,Entregado
500346,10333,20250825,Estándar,11,78.51,Baja,66267.0,Lo Barnechea,En ruta
500347,10046,20260528,Express,11,52.25,Urgente,108524.0,La Granja,En preparación
500348,10126,20250912,Programado,11,75.57,Media,80338.0,La Florida,En ruta
500349,10157,20250120,Estándar,11,51.18,Media,89271.0,Providencia,Entregado
500350,10288,20250625,Estándar,15,116.94,Baja,82008.0,Peñalolén,En ruta
500351,10005,20250921,Express,3,18.89,Urgente,60785.0,La Florida,Entregado
500352,10462,20251008,Estándar,1,4.59,Media,16280.0,Renca,En preparación
500353,10328,20260416,Express,5,29.08,Media,60431.0,San Miguel,Entregado
500354,10140,20260110,Estándar,8,60.69,Media,40477.0,Independencia,Entregado
500355,10106,20251115,Estándar,6,35.86,Alta,38271.0,Peñalolén,Entregado
500356,10235,20261202,Estándar,8,41.31,Media,58864.0,Huechuraba,En preparación
500357,10354,20260312,Estándar,13,63.42,Media,104101.0,La Florida,Entregado
500358,10385,20251109,Estándar,9,52.28,Baja,30684.0,Pedro Aguirre Cerda,Entregado
500359,10201,20260117,Estándar,2,6.7,Baja,26057.0,Maipú,Cancelado
500360,10360,20250917,Estándar,5,14.38,Alta,45424.0,Lo Espejo,Entregado
500361,10029,20250807,Express,5,29.25,Urgente,61174.0,Conchalí,Entregado
500362,10493,20250617,Programado,2,11.42,Media,39082.0,Recoleta,En preparación
500363,10214,20260119,Estándar,12,29.87,Media,100750.0,La Florida,Entregado
500364,10215,20250204,Express,11,66.86,Media,141809.0,Pedro Aguirre Cerda,En ruta
500365,10366,20250401,Express,13,21.95,Alta,69214.0,Maipú,Entregado
500366,10076,20251214,Programado,5,37.87,Alta,48838.0,Santiago,Entregado
500367,10285,20250214,Express,14,28.9,Alta,136999.0,Huechuraba,Entregado
500368,10239,20260403,Estándar,5,6.68,Media,43541.0,Macul,Entregado
500369,10206,20250630,Estándar,12,21.38,Baja,60530.0,La Cisterna,Entregado
500370,10198,20251213,Programado,15,87.99,Alta,82948.0,Santiago,En ruta
500371,10483,20261101,Programado,2,6.05,Media,43986.0,Providencia,Entregado
500372,10229,20250615,Estándar,8,13.0,Media,56511.0,San Bernardo,En ruta
500373,10369,20260706,Estándar,2,14.79,Media,24403.0,Macul,Entregado
500374,10353,20260405,Programado,15,75.98,Baja,106697.0,Quilicura,Entregado
500375,10230,20250814,Estándar,9,25.18,Media,65145.0,Ñuñoa,Entregado
500376,10457,20250409,Express,9,17.46,Alta,109503.0,Lo Barnechea,Pendiente
500377,10109,20251108,Estándar,4,25.73,Media,35478.0,Conchalí,Entregado
500378,10273,20260108,Estándar,2,15.66,Baja,42522.0,Las Condes,Entregado
500379,10418,20250216,Estándar,3,14.05,Media,39777.0,Vitacura,Entregado
500380,10480,20251012,Estándar,6,24.0,Urgente,33972.0,Lo Prado,En preparación
500381,10267,20250928,Estándar,8,20.35,Baja,40853.0,San Miguel,En preparación
500382,10264,20260815,Programado,1,7.04,Media,30818.0,La Granja,En ruta
500383,10243,20260826,Express,3,19.86,Alta,60832.0,Quilicura,Entregado
500384,10136,20260529,Estándar,7,30.92,Baja,43442.0,El Bosque,Entregado
500385,10076,20260722,Programado,10,32.46,Media,94662.0,Buin,Entregado
500386,10105,20260828,Express,6,25.71,Urgente,71994.0,Independencia,Entregado
500387,10413,20250221,Estándar,6,33.08,Baja,59854.0,Pedro Aguirre Cerda,Entregado
500388,10377,20250709,Express,2,4.4,Alta,43613.0,Buin,Pendiente
500389,10234,20261218,Estándar,8,19.77,Alta,44200.0,Providencia,Entregado
500390,10500,20250203,Estándar,13,16.04,Alta,105878.0,Providencia,En preparación
500391,10127,20260727,Estándar,1,1.23,Alta,16374.0,Puente Alto,En preparación
500392,10383,20260326,Estándar,10,18.25,Baja,46223.0,San Joaquín,Entregado
500393,10129,20260422,Express,11,11.24,Urgente,87909.0,Buin,En preparación
500394,10366,20250511,Estándar,2,14.48,Alta,32381.0,Lampa,En ruta
500395,10328,20250702,Estándar,13,53.24,Media,66796.0,Lampa,Entregado
500396,10282,20260327,Estándar,11,12.61,Alta,97436.0,Las Condes,En ruta
500397,10467,20250805,Estándar,5,29.47,Media,34443.0,San Joaquín,Entregado
500398,10144,20251003,Express,6,34.02,Alta,56807.0,Independencia,Entregado
500399,10481,20261026,Estándar,13,100.04,Media,65620.0,El Bosque,Cancelado
500400,10416,20250408,Estándar,12,40.6,Media,71921.0,La Cisterna,Entregado
500401,10276,20260819,Express,9,70.58,Alta,77236.0,Lo Espejo,Entregado
500402,10297,20261018,Estándar,13,29.97,Media,113466.0,Quilicura,Cancelado
500403,10087,20260323,Estándar,10,70.02,Media,103158.0,Cerrillos,Entregado
500404,10340,20261203,Express,14,30.78,Alta,137759.0,Las Condes,En preparación
500405,10306,20260225,Estándar,3,18.95,Alta,20838.0,San Miguel,En ruta
500406,10363,20251021,Express,6,37.89,Alta,91788.0,El Bosque,Entregado
500407,10190,20260614,Programado,2,9.68,Media,26720.0,Recoleta,Entregado
500408,10319,20260106,Estándar,12,12.68,Baja,58207.0,San Bernardo,Entregado
500409,10144,20250516,Programado,7,43.74,Baja,40647.0,La Reina,Entregado
500410,10494,20260410,Estándar,15,64.23,Baja,137107.0,Estación Central,Cancelado
500411,10315,20260207,Express,10,16.24,Urgente,118041.0,Cerrillos,Entregado
500412,10478,20250722,Estándar,3,13.62,Media,24777.0,Colina,Entregado
500413,10370,20250718,Estándar,3,18.94,Media,44313.0,San Joaquín,Entregado
500414,10232,20260929,Express,8,12.47,Alta,74598.0,Macul,En preparación
500415,10434,20260306,Estándar,8,51.19,Baja,39173.0,Providencia,Entregado
500416,10426,20250617,Estándar,2,13.55,Media,15143.0,Maipú,Entregado
500417,10340,20261220,Express,8,46.76,Urgente,68241.0,Huechuraba,Entregado
500418,10089,20261010,Estándar,2,4.09,Alta,36792.0,San Ramón,En ruta
500419,10025,20261021,Estándar,15,18.06,Media,77797.0,Santiago,Entregado
500420,10410,20250513,Express,10,10.88,Alta,100372.0,Buin,Entregado
500421,10393,20250828,Estándar,2,5.92,Baja,26591.0,Vitacura,Entregado
500422,10430,20261019,Estándar,6,38.32,Alta,49832.0,Santiago,Cancelado
500423,10459,20260226,Estándar,3,8.18,Baja,23051.0,El Bosque,Entregado
500424,10273,20251027,Estándar,7,35.05,Media,72915.0,San Joaquín,En preparación
500425,10334,20250112,Estándar,11,69.85,Alta,88767.0,La Florida,Entregado
500426,10277,20261227,Estándar,5,26.36,Alta,43607.0,San Joaquín,En ruta
500427,10358,20251110,Express,3,11.89,Alta,51519.0,Pudahuel,Entregado
500428,10492,20260227,Express,5,10.9,Media,69804.0,La Granja,Entregado
500429,10059,20250211,Estándar,13,70.36,Alta,49775.0,Lo Prado,En ruta
500430,10046,20260224,Express,5,35.49,Media,60645.0,La Cisterna,Entregado
500431,10316,20251227,Estándar,9,65.39,Media,98113.0,Maipú,Entregado
500432,10331,20250904,Estándar,11,17.21,Baja,89556.0,Estación Central,Cancelado
500433,10239,20260204,Estándar,3,21.28,Media,42743.0,Recoleta,Entregado
500434,10051,20260118,Estándar,9,47.19,Media,45038.0,San Joaquín,En ruta
500435,10439,20260520,Estándar,13,33.46,Media,96287.0,Providencia,Pendiente
500436,10157,20260612,Programado,4,15.13,Baja,37180.0,Las Condes,Entregado
500437,10470,20251030,Express,4,8.07,Alta,63079.0,Quilicura,En preparación
500438,10216,20260520,Estándar,5,23.25,Media,42466.0,San Bernardo,Entregado
500439,10492,20250929,Estándar,7,53.23,Alta,74087.0,La Cisterna,Entregado
500440,10456,20260721,Express,15,71.58,Alta,188465.0,San Ramón,En ruta
500441,10438,20250616,Estándar,13,95.59,Baja,69916.0,San Ramón,Entregado
500442,10380,20250629,Express,14,89.77,Alta,102476.0,Independencia,En ruta
500443,10213,20250503,Programado,12,95.73,Alta,57862.0,Colina,Entregado
500444,10256,20260329,Express,12,90.95,Urgente,97956.0,Lo Barnechea,Entregado
500445,10421,20250328,Estándar,2,6.13,Alta,17924.0,Huechuraba,En ruta
500446,10034,20260429,Express,3,4.22,Alta,34097.0,Lo Espejo,En ruta
500447,10403,20260618,Estándar,7,13.36,Urgente,68662.0,Cerrillos,En preparación
500448,10157,20261119,Express,14,18.72,Urgente,136855.0,San Joaquín,Entregado
500449,10019,20250820,Estándar,13,83.99,Baja,103399.0,Ñuñoa,Entregado
500450,10298,20251201,Estándar,10,27.31,Alta,89374.0,Renca,En ruta
500451,10477,20260926,Estándar,7,18.15,Baja,41550.0,San Miguel,En ruta
500452,10019,20260821,Estándar,3,21.99,Media,31091.0,Macul,En preparación
500453,10209,20250411,Estándar,12,82.36,Media,73513.0,La Granja,Entregado
500454,10172,20250409,Estándar,5,33.36,Media,32680.0,San Ramón,Entregado
500455,10375,20251125,Estándar,2,9.58,Baja,35906.0,El Bosque,Entregado
500456,10105,20261207,Programado,9,67.02,Baja,84327.0,Lo Espejo,Entregado
500457,10104,20260105,Estándar,11,32.35,Baja,72505.0,Santiago,Pendiente
500458,10128,20250824,Estándar,15,86.28,Alta,79467.0,Estación Central,Entregado
500459,10050,20250814,Estándar,8,24.71,Media,77425.0,Estación Central,Entregado
500460,10207,20261106,Estándar,5,31.13,Alta,52893.0,San Miguel,En preparación
500461,10330,20260208,Express,11,55.5,Urgente,81892.0,Independencia,Entregado
500462,10071,20251006,Programado,4,13.21,Baja,46663.0,San Bernardo,Pendiente
500463,10492,20250918,Programado,7,45.07,Media,46884.0,Pudahuel,Entregado
500464,10121,20250904,Estándar,10,60.87,Media,84680.0,Lo Barnechea,En ruta
500465,10233,20250511,Programado,2,10.63,Media,43138.0,Estación Central,Entregado
500466,10472,20250512,Estándar,11,17.71,Alta,84456.0,La Cisterna,Entregado
500467,10453,20260627,Estándar,1,2.86,Urgente,31203.0,El Bosque,Entregado
500468,10415,20250119,Programado,10,77.06,Media,103621.0,Colina,En preparación
500469,10224,20250928,Express,1,2.52,Alta,33160.0,San Miguel,Entregado
500470,10088,20251021,Programado,4,26.34,Alta,46108.0,Lo Prado,En preparación
500471,10332,20251226,Programado,11,59.11,Baja,35661.0,San Joaquín,Entregado
500472,10149,20251008,Estándar,9,64.53,Media,90143.0,Maipú,En preparación
500473,10098,20250110,Programado,2,6.39,Baja,23596.0,Providencia,Entregado
500474,10448,20250324,Estándar,13,17.3,Baja,70656.0,San Ramón,Entregado
500475,10012,20260807,Estándar,6,41.36,Media,68809.0,Colina,Entregado
500476,10284,20250729,Express,1,3.92,Baja,21052.0,Puente Alto,Entregado
500477,10291,20250808,Estándar,12,69.95,Media,122141.0,La Reina,Entregado
500478,10445,20250410,Express,11,37.25,Baja,127470.0,Conchalí,Entregado
500479,10476,20260525,Estándar,7,44.7,Media,56833.0,Conchalí,Entregado
500480,10394,20260915,Estándar,2,8.19,Media,41353.0,Buin,Entregado
500481,10257,20250820,Estándar,3,10.18,Media,24993.0,Puente Alto,Entregado
500482,10113,20251209,Estándar,3,5.37,Baja,18926.0,San Miguel,En ruta
500483,10281,20250607,Programado,10,69.35,Media,71320.0,Lampa,Entregado
500484,10454,20260722,Express,14,37.37,Media,168332.0,La Granja,Entregado
500485,10243,20260417,Estándar,9,53.06,Media,58654.0,La Reina,Entregado
500486,10394,20261230,Estándar,13,45.74,Baja,96116.0,Lampa,En ruta
500487,10457,20251109,Estándar,5,35.16,Media,52036.0,Quinta Normal,Cancelado
500488,10251,20260812,Estándar,11,51.67,Baja,67735.0,Buin,Entregado
500489,10084,20261024,Express,5,20.99,Alta,48624.0,El Bosque,Entregado
500490,10005,20260526,Express,15,27.56,Alta,129682.0,Recoleta,Entregado
500491,10329,20250403,Estándar,5,35.43,Media,48120.0,La Reina,Entregado
500492,10230,20250124,Programado,9,18.3,Baja,99320.0,Lo Barnechea,En ruta
500493,10055,20260101,Express,14,102.75,Alta,143655.0,Puente Alto,Pendiente
500494,10311,20250915,Estándar,13,15.66,Baja,75160.0,Peñalolén,Entregado
500495,10087,20261220,Express,3,8.63,Urgente,34198.0,El Bosque,Entregado
500496,10436,20260928,Estándar,3,18.74,Baja,26164.0,Renca,Entregado
500497,10394,20250102,Express,10,15.94,Alta,96700.0,Pudahuel,Entregado
500498,10045,20250601,Programado,2,4.93,Urgente,37728.0,La Reina,Entregado
500499,10281,20251011,Estándar,14,73.85,Media,55797.0,Pudahuel,Entregado
500500,10285,20260729,Programado,9,32.08,Media,51123.0,San Ramón,En preparación
500501,10373,20250314,Express,12,71.06,Urgente,76428.0,Independencia,Entregado
500502,10047,20251229,Express,9,59.68,Alta,58884.0,Peñalolén,Entregado
500503,10458,20260108,Programado,9,45.54,Media,50933.0,Quilicura,En ruta
500504,10071,20260419,Estándar,3,14.03,Media,34863.0,Pudahuel,Entregado
500505,10078,20251025,Estándar,15,87.83,Media,61388.0,Puente Alto,Entregado
500506,10400,20250908,Programado,7,23.88,Baja,48485.0,La Reina,Entregado
500507,10047,20261023,Programado,10,28.4,Baja,52787.0,Peñalolén,Entregado
500508,10192,20260208,Programado,8,23.89,Media,88211.0,El Bosque,Entregado
500509,10364,20260113,Estándar,8,20.53,Media,44538.0,Macul,En preparación
500510,10083,20260127,Programado,9,33.71,Media,48278.0,El Bosque,Pendiente
500511,10272,20250723,Estándar,5,6.89,Urgente,46920.0,San Ramón,En preparación
500512,10324,20251225,Express,5,7.23,Alta,37152.0,Conchalí,Entregado
500513,10093,20251229,Programado,3,3.69,Baja,35885.0,Recoleta,Cancelado
500514,10201,20261015,Estándar,3,23.31,Alta,35359.0,La Florida,Entregado
500515,10218,20261214,Estándar,1,1.56,Baja,14187.0,Independencia,En ruta
500516,10488,20260331,Estándar,2,5.47,Media,41879.0,Macul,Entregado
500517,10366,20260925,Express,5,12.05,Urgente,64160.0,Quinta Normal,Entregado
500518,10036,20260225,Express,3,14.76,Alta,46487.0,Ñuñoa,En preparación
500519,10389,20250801,Estándar,5,11.77,Media,29396.0,Colina,Cancelado
500520,10077,20250430,Programado,7,22.49,Baja,58639.0,Cerrillos,Entregado
500521,10228,20250715,Estándar,11,75.34,Alta,96620.0,San Bernardo,En ruta
500522,10399,20261128,Programado,5,8.74,Baja,51291.0,Lo Prado,En ruta
500523,10236,20251110,Express,5,37.98,Alta,41382.0,Buin,En ruta
500524,10283,20250702,Estándar,4,8.31,Media,23106.0,Las Condes,En preparación
500525,10008,20260301,Estándar,10,78.64,Alta,47542.0,Quinta Normal,Pendiente
500526,10091,20251009,Express,9,27.12,Alta,71292.0,El Bosque,En ruta
500527,10415,20260314,Estándar,15,83.07,Media,67986.0,Huechuraba,Entregado
500528,10268,20260812,Estándar,8,51.83,Baja,55465.0,La Florida,Entregado
500529,10066,20251122,Programado,7,55.28,Alta,84689.0,Santiago,Entregado
500530,10058,20261015,Express,13,22.36,Alta,77435.0,Quilicura,Entregado
500531,10222,20260122,Estándar,6,43.32,Media,59554.0,Renca,Entregado
500532,10402,20260722,Estándar,2,4.0,Alta,36906.0,Maipú,Entregado
500533,10143,20251117,Programado,1,4.37,Baja,16722.0,Lo Espejo,Entregado
500534,10201,20250712,Estándar,2,5.69,Alta,35028.0,Cerrillos,Entregado
500535,10470,20260524,Estándar,2,13.51,Alta,33243.0,Vitacura,En ruta
500536,10447,20260503,Estándar,15,89.57,Media,122016.0,Macul,Entregado
500537,10034,20250201,Estándar,3,12.97,Baja,35861.0,San Joaquín,Entregado
500538,10134,20260130,Estándar,5,38.94,Media,46224.0,Las Condes,En ruta
500539,10302,20260314,Express,7,39.12,Alta,84005.0,Providencia,Entregado
500540,10303,20260720,Estándar,6,39.83,Baja,39066.0,El Bosque,Entregado
500541,10093,20260910,Estándar,11,36.59,Alta,71283.0,La Cisterna,En preparación
500542,10004,20260825,Estándar,2,11.62,Media,31036.0,Cerrillos,Entregado
500543,10351,20260529,Estándar,10,52.78,Alta,75175.0,Lampa,Entregado
500544,10026,20250814,Estándar,13,23.89,Baja,84868.0,Providencia,Entregado
500545,10357,20260913,Programado,15,60.66,Media,50531.0,Lo Prado,Entregado
500546,10399,20260101,Express,10,57.78,Urgente,64001.0,Estación Central,Entregado
500547,10371,20250506,Estándar,14,93.06,Media,135554.0,La Reina,En ruta
500548,10482,20260418,Estándar,5,23.98,Media,35614.0,Pudahuel,En ruta
500549,10408,20260614,Estándar,4,20.62,Baja,21749.0,La Florida,En ruta
500550,10117,20250116,Express,7,24.79,Alta,70574.0,Cerrillos,Entregado
500551,10297,20250805,Estándar,7,36.72,Media,49825.0,Cerrillos,Entregado
500552,10002,20251116,Estándar,11,19.49,Baja,104501.0,La Granja,En ruta
500553,10211,20251104,Estándar,2,4.93,Media,30178.0,Conchalí,Entregado
500554,10410,20260111,Estándar,1,3.92,Media,26473.0,Quilicura,Entregado
500555,10177,20260423,Express,10,40.94,Alta,76063.0,Estación Central,Cancelado
500556,10431,20260511,Estándar,5,32.41,Media,39997.0,San Ramón,Entregado
500557,10187,20261103,Express,3,13.04,Alta,44802.0,Lo Espejo,Entregado
500558,10425,20250716,Estándar,5,32.21,Media,24101.0,El Bosque,Entregado
500559,10243,20250627,Estándar,2,11.88,Media,26481.0,Pudahuel,En preparación
500560,10324,20261224,Express,13,66.79,Urgente,72783.0,Buin,Entregado
500561,10013,20251129,Estándar,15,44.05,Urgente,133432.0,Renca,En ruta
500562,10401,20250215,Estándar,7,37.14,Media,68633.0,Pudahuel,Entregado
500563,10270,20250702,Express,8,33.14,Urgente,52884.0,Conchalí,Entregado
500564,10252,20260906,Estándar,14,18.78,Baja,115958.0,La Cisterna,Entregado
500565,10260,20260506,Estándar,8,53.99,Media,67554.0,Huechuraba,En preparación
500566,10043,20250328,Programado,12,78.79,Baja,101283.0,Recoleta,En preparación
500567,10044,20260828,Express,1,2.75,Alta,31794.0,Quilicura,Pendiente
500568,10076,20250508,Estándar,11,21.35,Media,49642.0,Maipú,Entregado
500569,10066,20250406,Estándar,5,32.17,Baja,50933.0,Maipú,En ruta
500570,10125,20260605,Estándar,11,27.66,Urgente,91853.0,Quilicura,Entregado
500571,10405,20261215,Express,2,3.49,Alta,49472.0,Renca,Entregado
500572,10245,20251204,Estándar,1,4.7,Urgente,18023.0,Recoleta,En ruta
500573,10347,20260201,Estándar,4,5.05,Media,43952.0,Lo Espejo,En ruta
500574,10048,20261113,Estándar,3,8.06,Alta,36985.0,Ñuñoa,Entregado
500575,10250,20261202,Estándar,12,19.7,Media,107342.0,Pedro Aguirre Cerda,Entregado
500576,10014,20260410,Estándar,4,20.51,Baja,58761.0,Lo Barnechea,En preparación
500577,10338,20250529,Express,13,23.13,Media,164148.0,San Bernardo,En preparación
500578,10003,20261008,Estándar,4,28.09,Baja,44220.0,Lo Barnechea,En preparación
500579,10427,20260712,Express,10,19.31,Urgente,114610.0,Lo Espejo,Entregado
500580,10039,20250730,Estándar,2,10.89,Media,30550.0,Macul,Entregado
500581,10417,20260307,Estándar,4,17.43,Media,41918.0,San Joaquín,Cancelado
500582,10158,20250524,Estándar,1,5.61,Baja,33430.0,Cerrillos,Entregado
500583,10487,20261228,Estándar,9,11.06,Alta,54419.0,Ñuñoa,Cancelado
500584,10493,20251201,Estándar,4,28.74,Media,42498.0,Maipú,Pendiente
500585,10119,20250319,Programado,3,3.15,Baja,19121.0,Independencia,Entregado
500586,10424,20250723,Estándar,3,18.47,Alta,46454.0,Cerrillos,Entregado
500587,10127,20260820,Estándar,8,54.87,Alta,59748.0,Quinta Normal,Entregado
500588,10281,20260606,Estándar,2,12.65,Alta,32235.0,El Bosque,En ruta
500589,10191,20260201,Programado,8,48.83,Baja,45665.0,Independencia,Entregado
500590,10086,20260217,Estándar,5,6.63,Media,22266.0,Maipú,Entregado
500591,10048,20250623,Estándar,6,9.89,Media,50992.0,San Miguel,En preparación
500592,10082,20260201,Estándar,8,33.47,Media,59060.0,Cerrillos,En preparación
500593,10014,20260513,Programado,2,9.69,Media,39389.0,Estación Central,Entregado
500594,10123,20260628,Estándar,1,2.98,Media,13060.0,Peñalolén,En ruta
500595,10427,20250210,Express,3,10.44,Alta,49257.0,La Florida,Entregado
500596,10085,20251027,Estándar,10,70.32,Urgente,85101.0,El Bosque,Entregado
500597,10436,20260508,Express,7,32.81,Urgente,93752.0,Peñalolén,En preparación
500598,10375,20260922,Estándar,3,9.86,Media,24386.0,Maipú,Entregado
500599,10021,20261031,Estándar,4,10.33,Media,27990.0,La Reina,En preparación
500600,10067,20251206,Estándar,14,22.25,Baja,90362.0,Buin,Entregado
500601,10289,20250606,Estándar,10,49.73,Alta,43317.0,Peñalolén,Entregado
500602,10397,20250316,Express,4,4.31,Alta,56557.0,La Granja,Entregado
500603,10284,20261113,Estándar,4,20.58,Media,42729.0,Macul,Pendiente
500604,10167,20261104,Estándar,11,18.64,Media,56115.0,Lo Espejo,Pendiente
500605,10300,20251115,Estándar,1,4.14,Alta,27435.0,La Reina,Entregado
500606,10125,20250424,Express,13,65.31,Media,154336.0,Lo Barnechea,En ruta
500607,10268,20250713,Express,13,32.93,Alta,102554.0,Pedro Aguirre Cerda,En ruta
500608,10208,20250703,Estándar,5,8.96,Alta,52609.0,Lo Prado,Entregado
500609,10014,20250119,Express,11,26.55,Urgente,145792.0,Maipú,Entregado
500610,10376,20261125,Programado,3,23.03,Alta,32220.0,Pedro Aguirre Cerda,Entregado
500611,10129,20260903,Express,12,74.45,Alta,71461.0,La Florida,Entregado
500612,10392,20250228,Estándar,13,65.35,Alta,125184.0,Quilicura,Entregado
500613,10443,20250421,Estándar,11,36.71,Baja,82889.0,Huechuraba,Entregado
500614,10291,20261220,Express,3,23.22,Media,42335.0,Huechuraba,En ruta
500615,10313,20260908,Express,6,8.03,Urgente,48724.0,Lo Barnechea,En ruta
500616,10140,20251219,Estándar,5,30.28,Alta,36045.0,Colina,En preparación
500617,10221,20260328,Estándar,2,10.82,Media,32830.0,San Ramón,Entregado
500618,10039,20260905,Estándar,7,49.7,Media,71023.0,San Miguel,Entregado
500619,10370,20250121,Express,4,15.67,Urgente,68282.0,Santiago,Entregado
500620,10272,20260808,Estándar,4,27.9,Alta,43913.0,Providencia,Entregado
500621,10343,20250825,Estándar,8,25.1,Media,67795.0,Maipú,Entregado
500622,10228,20250202,Express,5,21.04,Alta,74313.0,La Granja,Pendiente
500623,10484,20250718,Express,3,15.06,Alta,53862.0,Lo Prado,Pendiente
500624,10237,20250925,Estándar,14,68.73,Media,59818.0,Lo Espejo,En ruta
500625,10203,20251109,Estándar,7,39.65,Alta,80560.0,La Granja,Entregado
500626,10046,20250426,Estándar,10,44.04,Baja,88967.0,Huechuraba,Entregado
500627,10368,20260623,Express,5,28.66,Urgente,42163.0,Lo Prado,Entregado
500628,10416,20261117,Estándar,6,36.22,Baja,29977.0,Santiago,En preparación
500629,10415,20250730,Estándar,12,86.89,Urgente,80961.0,Independencia,Entregado
500630,10291,20260329,Estándar,11,43.12,Alta,88205.0,Lo Espejo,En preparación
500631,10299,20250511,Express,8,15.39,Baja,37152.0,San Joaquín,Entregado
500632,10369,20250406,Programado,2,4.38,Baja,37982.0,Lo Prado,Entregado
500633,10427,20250917,Programado,2,4.38,Media,30328.0,Independencia,Entregado
500634,10285,20250513,Express,6,46.76,Alta,42977.0,Recoleta,Entregado
500635,10302,20250818,Express,7,8.34,Alta,91854.0,San Joaquín,Entregado
500636,10021,20261119,Estándar,12,53.55,Media,60873.0,Puente Alto,Entregado
500637,10167,20260126,Estándar,12,59.16,Media,96242.0,Cerrillos,Entregado
500638,10092,20260530,Estándar,7,42.93,Media,40803.0,Conchalí,En ruta
500639,10444,20250604,Estándar,4,13.95,Media,30744.0,Puente Alto,En ruta
500640,10365,20250705,Estándar,3,3.38,Alta,36097.0,San Miguel,Entregado
500641,10141,20261209,Estándar,12,47.97,Media,44821.0,Maipú,Entregado
500642,10447,20260417,Express,2,12.37,Alta,40203.0,Ñuñoa,Entregado
500643,10162,20261009,Estándar,3,4.79,Baja,43926.0,Lo Espejo,Entregado
500644,10020,20260717,Estándar,13,25.71,Media,123302.0,Providencia,En ruta
500645,10055,20251030,Estándar,13,61.18,Media,88479.0,Buin,Entregado
500646,10108,20260329,Programado,15,31.52,Media,99985.0,Vitacura,Entregado
500647,10037,20250601,Express,12,61.17,Alta,76089.0,Buin,En ruta
500648,10145,20250612,Programado,10,51.7,Alta,93640.0,Independencia,Pendiente
500649,10474,20250906,Estándar,3,10.87,Media,34409.0,Peñalolén,Entregado
500650,10298,20260722,Estándar,10,35.53,Media,85571.0,La Reina,En preparación
500651,10409,20250917,Estándar,15,113.17,Media,138855.0,San Miguel,En ruta
500652,10496,20260701,Estándar,11,43.91,Media,108310.0,San Joaquín,En ruta
500653,10351,20260423,Estándar,10,42.88,Media,47279.0,Colina,En ruta
500654,10127,20260722,Express,7,40.97,Alta,56195.0,San Bernardo,En ruta
500655,10363,20261111,Estándar,2,11.57,Alta,21180.0,Buin,Entregado
500656,10119,20250924,Express,3,7.64,Baja,24057.0,Huechuraba,En ruta
500657,10227,20250410,Estándar,12,84.45,Media,59922.0,Colina,Entregado
500658,10487,20260508,Estándar,5,38.94,Media,40821.0,Lo Prado,Entregado
500659,10041,20260413,Estándar,5,27.07,Baja,64715.0,Lo Prado,Entregado
500660,10229,20261110,Estándar,2,4.39,Media,23288.0,San Bernardo,Entregado
500661,10096,20251119,Programado,1,2.12,Baja,17031.0,Providencia,En ruta
500662,10208,20250704,Estándar,8,24.34,Media,50255.0,Buin,Entregado
500663,10229,20260607,Estándar,12,89.27,Baja,50826.0,Santiago,Entregado
500664,10419,20260925,Estándar,10,21.64,Media,48432.0,La Florida,Pendiente
500665,10273,20261014,Estándar,13,22.52,Baja,66422.0,Pudahuel,Entregado
500666,10381,20250522,Estándar,10,44.68,Alta,84412.0,San Bernardo,Pendiente
500667,10218,20250421,Estándar,9,10.66,Media,80972.0,Pedro Aguirre Cerda,Entregado
500668,10197,20250422,Estándar,6,8.3,Media,68871.0,Buin,Entregado
500669,10330,20251213,Express,13,94.71,Alta,57858.0,La Granja,Entregado
500670,10255,20260420,Express,13,25.58,Urgente,91646.0,Colina,Entregado
500671,10318,20250409,Express,13,53.91,Media,112088.0,Ñuñoa,Entregado
500672,10500,20251201,Express,2,13.97,Alta,48978.0,Lo Prado,En ruta
500673,10452,20250723,Estándar,15,32.68,Media,114021.0,Puente Alto,Entregado
500674,10259,20251208,Estándar,3,13.97,Media,19220.0,Macul,Entregado
500675,10468,20250607,Estándar,8,38.0,Baja,63413.0,San Miguel,Entregado
500676,10490,20260730,Estándar,2,3.99,Media,29532.0,Huechuraba,Entregado
500677,10143,20261102,Estándar,8,48.34,Media,50398.0,San Bernardo,Entregado
500678,10194,20251203,Estándar,13,58.47,Baja,69410.0,Ñuñoa,Entregado
500679,10074,20260919,Express,5,27.31,Alta,54364.0,San Bernardo,Entregado
500680,10239,20250103,Estándar,3,17.62,Media,35169.0,Cerrillos,Entregado
500681,10374,20250402,Express,2,2.38,Alta,35222.0,Colina,En preparación
500682,10111,20251102,Express,4,22.42,Alta,59684.0,Maipú,Entregado
500683,10174,20260925,Programado,15,27.16,Baja,82250.0,La Reina,Entregado
500684,10268,20251112,Estándar,8,10.79,Media,41117.0,San Ramón,En ruta
500685,10157,20251130,Estándar,2,5.15,Alta,18611.0,La Cisterna,En ruta
500686,10479,20261116,Estándar,4,6.77,Alta,46132.0,Independencia,Entregado
500687,10113,20250124,Express,12,36.27,Urgente,133487.0,Lo Barnechea,Cancelado
500688,10309,20260115,Estándar,11,13.08,Media,64836.0,Providencia,Entregado
500689,10015,20250319,Estándar,12,40.27,Baja,87476.0,Pudahuel,En preparación
500690,10473,20250110,Express,15,118.52,Urgente,104810.0,Lo Espejo,Cancelado
500691,10259,20260503,Estándar,1,5.31,Baja,16890.0,El Bosque,Entregado
500692,10165,20250514,Estándar,15,35.73,Media,101345.0,Providencia,En preparación
500693,10261,20250618,Express,14,69.9,Media,155596.0,Independencia,Entregado
500694,10165,20250225,Estándar,1,7.51,Baja,24726.0,Las Condes,En ruta
500695,10244,20250108,Programado,15,71.08,Media,98396.0,Peñalolén,Entregado
500696,10165,20250305,Express,4,28.38,Alta,60174.0,Santiago,Entregado
500697,10402,20250410,Estándar,13,82.14,Alta,77640.0,Huechuraba,Entregado
500698,10386,20260118,Estándar,5,16.1,Baja,23041.0,Lampa,Entregado
500699,10490,20251215,Estándar,6,21.41,Baja,72677.0,Santiago,Entregado
500700,10180,20261027,Programado,6,42.21,Baja,58234.0,Lo Prado,Entregado
500701,10284,20260618,Estándar,5,28.33,Media,64290.0,Estación Central,En preparación
500702,10193,20250101,Estándar,3,15.39,Media,31187.0,San Ramón,En preparación
500703,10224,20251119,Estándar,11,16.57,Media,48481.0,La Granja,Pendiente
500704,10138,20251113,Express,11,45.88,Media,125867.0,Santiago,En preparación
500705,10003,20260102,Express,8,62.78,Alta,90856.0,Ñuñoa,Entregado
500706,10127,20261213,Express,6,40.32,Alta,84829.0,Quinta Normal,En preparación
500707,10391,20250121,Estándar,5,37.75,Media,48643.0,La Florida,Entregado
500708,10395,20250801,Estándar,2,13.98,Media,26351.0,Quilicura,Entregado
500709,10494,20260923,Estándar,15,79.12,Media,54702.0,Peñalolén,Entregado
500710,10424,20261109,Estándar,11,81.22,Alta,50136.0,La Cisterna,Entregado
500711,10463,20250203,Estándar,12,21.7,Alta,97436.0,San Joaquín,Entregado
500712,10030,20250115,Estándar,8,44.21,Alta,65155.0,Colina,En preparación
500713,10381,20261130,Programado,14,74.4,Baja,79964.0,Huechuraba,Entregado
500714,10182,20250124,Express,12,87.13,Urgente,117824.0,Providencia,Entregado
500715,10495,20260716,Estándar,14,20.92,Media,64974.0,San Miguel,Entregado
500716,10317,20261201,Estándar,5,5.43,Media,51046.0,Independencia,En preparación
500717,10065,20261207,Express,12,95.52,Media,121835.0,Colina,Entregado
500718,10207,20250514,Programado,1,3.37,Baja,31324.0,Lo Barnechea,Entregado
500719,10262,20250314,Express,2,15.99,Alta,39178.0,Buin,Entregado
500720,10028,20250311,Estándar,13,47.72,Alta,69484.0,Lo Barnechea,Entregado
500721,10374,20260505,Estándar,15,25.64,Baja,97996.0,Estación Central,Entregado
500722,10366,20250906,Estándar,9,14.69,Media,69699.0,Renca,Pendiente
500723,10273,20260128,Estándar,2,10.84,Alta,27542.0,San Ramón,Entregado
500724,10283,20260528,Estándar,3,10.15,Baja,32614.0,El Bosque,Entregado
500725,10058,20250326,Programado,8,37.16,Media,65767.0,Lo Prado,En ruta
500726,10103,20260826,Express,7,28.63,Baja,82593.0,La Granja,Entregado
500727,10379,20260408,Estándar,5,25.74,Alta,55400.0,Peñalolén,En ruta
500728,10114,20251109,Express,3,19.48,Alta,54904.0,Conchalí,Entregado
500729,10163,20251229,Estándar,11,22.45,Media,108279.0,Huechuraba,Entregado
500730,10297,20260805,Express,3,6.26,Alta,46086.0,Pedro Aguirre Cerda,Entregado
500731,10485,20250128,Programado,14,91.15,Media,67002.0,Conchalí,Entregado
500732,10299,20251224,Estándar,10,20.75,Baja,85013.0,La Cisterna,En ruta
500733,10019,20250527,Express,2,4.3,Urgente,46994.0,La Granja,Entregado
500734,10323,20260326,Estándar,11,83.19,Baja,52781.0,Recoleta,En ruta
500735,10274,20260611,Estándar,6,18.38,Media,61932.0,Buin,En preparación
500736,10152,20261021,Estándar,4,10.03,Baja,29028.0,Lo Espejo,Entregado
500737,10448,20250926,Estándar,14,75.55,Baja,49502.0,Lo Prado,Entregado
500738,10272,20250915,Estándar,7,21.73,Media,76845.0,Providencia,En ruta
500739,10285,20260724,Estándar,3,14.49,Baja,48589.0,Maipú,Entregado
500740,10211,20261013,Estándar,9,11.58,Media,77120.0,Puente Alto,Entregado
500741,10020,20250116,Estándar,4,28.0,Media,17930.0,Lo Espejo,Entregado
500742,10086,20250512,Estándar,11,61.27,Baja,46915.0,Quilicura,Entregado
500743,10252,20250106,Estándar,7,28.0,Media,67280.0,Recoleta,Entregado
500744,10448,20251101,Estándar,2,4.16,Baja,17877.0,Puente Alto,Entregado
500745,10189,20250304,Programado,10,31.55,Media,61532.0,Las Condes,Entregado
500746,10059,20260629,Estándar,8,54.82,Media,80377.0,Maipú,Cancelado
500747,10338,20250425,Estándar,7,52.49,Baja,53133.0,Maipú,En ruta
500748,10399,20260902,Express,2,15.68,Media,46293.0,Colina,Entregado
500749,10426,20261113,Estándar,8,13.12,Media,77754.0,Pudahuel,En preparación
500750,10499,20250912,Express,7,11.3,Alta,70752.0,El Bosque,En ruta
500751,10250,20260829,Estándar,10,40.29,Media,68418.0,La Reina,Entregado
500752,10427,20260120,Programado,6,20.42,Media,34534.0,Quinta Normal,Entregado
500753,10393,20250608,Estándar,7,48.32,Media,44364.0,Maipú,Entregado
500754,10329,20260519,Express,4,25.16,Alta,33456.0,Las Condes,Entregado
500755,10236,20260302,Estándar,1,2.09,Media,21162.0,Lo Prado,Entregado
500756,10320,20261116,Express,10,23.9,Urgente,83392.0,San Ramón,Entregado
500757,10235,20260407,Programado,6,22.21,Baja,62775.0,La Florida,Entregado
500758,10259,20250308,Estándar,2,9.92,Media,25823.0,Huechuraba,Entregado
500759,10262,20260811,Estándar,3,6.35,Media,22489.0,San Miguel,Entregado
500760,10363,20251109,Estándar,6,45.29,Baja,36892.0,La Cisterna,Entregado
500761,10303,20260805,Estándar,5,7.4,Baja,32394.0,Lo Espejo,En preparación
500762,10328,20250718,Estándar,14,66.41,Media,117469.0,Recoleta,Cancelado
500763,10394,20260710,Estándar,10,41.33,Media,46763.0,Lo Prado,Entregado
500764,10015,20251014,Programado,2,2.01,Baja,43360.0,Lampa,En ruta
500765,10326,20260212,Express,7,31.98,Media,102796.0,La Cisterna,En ruta
500766,10038,20261109,Estándar,5,9.31,Media,57241.0,Ñuñoa,En preparación
500767,10220,20251102,Estándar,13,103.29,Media,92870.0,Ñuñoa,Entregado
500768,10249,20260510,Estándar,8,58.66,Alta,48123.0,Lo Barnechea,Entregado
500769,10231,20261004,Estándar,15,59.51,Media,116572.0,Vitacura,Entregado
500770,10334,20260614,Programado,12,79.35,Media,61546.0,El Bosque,Entregado
500771,10186,20261213,Estándar,7,29.26,Baja,50330.0,Colina,Entregado
500772,10248,20260225,Express,1,2.22,Urgente,21393.0,La Cisterna,Pendiente
500773,10083,20251225,Programado,3,7.47,Baja,32568.0,Lampa,Entregado
500774,10498,20260614,Estándar,10,45.31,Baja,103034.0,La Granja,Entregado
500775,10254,20260129,Estándar,9,41.62,Media,95779.0,Lampa,Entregado
500776,10218,20251122,Programado,14,61.66,Urgente,69200.0,Lo Prado,Entregado
500777,10214,20251016,Estándar,2,6.84,Media,24644.0,Quilicura,Entregado
500778,10172,20260402,Estándar,13,69.35,Media,83496.0,Pedro Aguirre Cerda,En preparación
500779,10048,20260216,Estándar,15,18.44,Alta,84612.0,Colina,Entregado
500780,10192,20260506,Programado,2,4.08,Media,34180.0,Lampa,Entregado
500781,10063,20251231,Estándar,15,86.09,Media,110668.0,Peñalolén,Entregado
500782,10191,20250114,Estándar,12,66.84,Alta,57671.0,Pudahuel,En ruta
500783,10065,20260715,Estándar,10,35.23,Alta,50409.0,Lo Prado,Entregado
500784,10176,20251211,Estándar,13,76.95,Media,114415.0,Renca,En preparación
500785,10047,20250129,Estándar,3,14.03,Media,22700.0,Estación Central,En ruta
500786,10442,20260720,Express,5,15.85,Media,56514.0,Lampa,Entregado
500787,10131,20260315,Express,7,34.35,Alta,95515.0,Quinta Normal,Entregado
500788,10186,20260814,Estándar,1,5.43,Alta,18569.0,Maipú,Entregado
500789,10288,20260518,Express,6,35.42,Urgente,55282.0,San Joaquín,Entregado
500790,10383,20261107,Estándar,4,14.02,Media,25967.0,Cerrillos,Entregado
500791,10042,20260710,Express,8,51.25,Alta,75262.0,Buin,Entregado
500792,10281,20250313,Programado,6,23.39,Alta,55373.0,La Florida,En ruta
500793,10112,20260309,Express,14,67.97,Alta,77637.0,Colina,En preparación
500794,10281,20260712,Estándar,14,71.49,Alta,62751.0,Estación Central,Entregado
500795,10317,20261127,Estándar,3,9.88,Baja,38990.0,Pudahuel,Pendiente
500796,10341,20250225,Express,3,14.55,Urgente,52102.0,Recoleta,Entregado
500797,10495,20260402,Estándar,2,6.06,Media,30936.0,Ñuñoa,Pendiente
500798,10014,20260824,Estándar,8,34.85,Alta,56644.0,Lo Barnechea,En preparación
500799,10348,20251129,Programado,12,22.03,Baja,64665.0,Cerrillos,Entregado
500800,10335,20261206,Programado,14,37.85,Baja,105379.0,Lo Barnechea,En preparación
500801,10327,20261211,Estándar,2,8.07,Baja,36365.0,Lo Espejo,En preparación
500802,10291,20251024,Express,7,35.2,Urgente,40087.0,Peñalolén,En ruta
500803,10317,20250906,Express,9,13.68,Urgente,133811.0,San Miguel,Entregado
500804,10292,20260326,Estándar,6,34.89,Media,57795.0,Colina,Entregado
500805,10451,20250512,Estándar,13,58.2,Media,114700.0,Las Condes,En ruta
500806,10386,20250417,Express,12,30.32,Urgente,91151.0,Independencia,Entregado
500807,10034,20250711,Estándar,9,68.02,Media,86011.0,Lampa,En preparación
500808,10442,20251116,Estándar,1,3.59,Baja,22846.0,Lo Prado,Entregado
500809,10086,20261001,Express,15,97.74,Urgente,125034.0,Maipú,Entregado
500810,10497,20250324,Estándar,9,11.53,Urgente,42824.0,Lo Barnechea,Entregado
500811,10434,20250314,Estándar,6,12.54,Alta,33373.0,La Reina,En ruta
500812,10306,20250419,Express,9,17.06,Alta,105929.0,La Florida,Entregado
500813,10095,20250920,Express,7,19.13,Alta,54805.0,Lo Prado,En preparación
500814,10287,20250402,Programado,4,13.61,Media,42094.0,Quinta Normal,Entregado
500815,10107,20260702,Estándar,15,80.25,Urgente,92791.0,Ñuñoa,En ruta
500816,10195,20250118,Programado,6,34.0,Media,53752.0,Cerrillos,Entregado
500817,10305,20261127,Express,4,17.86,Urgente,45197.0,San Ramón,Entregado
500818,10479,20250418,Estándar,12,60.66,Media,89098.0,Ñuñoa,Entregado
500819,10402,20251125,Estándar,2,14.9,Media,29986.0,La Reina,En ruta
500820,10092,20250122,Estándar,5,37.9,Alta,63359.0,Colina,Cancelado
500821,10398,20260222,Estándar,1,6.55,Media,19401.0,Conchalí,Cancelado
500822,10352,20260518,Estándar,13,24.93,Media,107463.0,Ñuñoa,Entregado
500823,10485,20260808,Express,14,70.39,Urgente,108548.0,Providencia,Entregado
500824,10432,20260205,Express,5,17.82,Media,64556.0,Estación Central,En ruta
500825,10051,20250629,Estándar,6,7.91,Baja,46085.0,Quilicura,Cancelado
500826,10380,20250819,Estándar,11,11.92,Baja,91574.0,Puente Alto,En preparación
500827,10329,20250902,Estándar,3,7.14,Baja,26942.0,San Bernardo,Entregado
500828,10388,20250304,Estándar,13,61.2,Baja,63842.0,San Miguel,Entregado
500829,10368,20260723,Express,2,15.92,Urgente,32725.0,Las Condes,En ruta
500830,10076,20260822,Estándar,1,3.62,Baja,24526.0,San Joaquín,Entregado
500831,10312,20260106,Estándar,10,52.04,Alta,70993.0,Cerrillos,En preparación
500832,10154,20261104,Express,14,24.38,Alta,92875.0,San Joaquín,Cancelado
500833,10289,20260908,Estándar,5,36.85,Media,47873.0,La Florida,Entregado
500834,10146,20251221,Estándar,1,5.22,Media,16798.0,Lo Prado,Entregado
500835,10402,20260216,Express,4,10.99,Alta,46580.0,La Cisterna,Entregado
500836,10425,20250622,Estándar,10,66.44,Baja,79839.0,Lo Prado,Entregado
500837,10282,20260226,Estándar,11,71.57,Alta,49191.0,Maipú,En ruta
500838,10460,20250531,Estándar,3,18.76,Media,52396.0,Maipú,En preparación
500839,10483,20260513,Express,10,26.43,Media,83125.0,Lo Espejo,Cancelado
500840,10462,20250315,Estándar,7,9.77,Media,49615.0,La Reina,Entregado
500841,10497,20250708,Estándar,15,24.94,Alta,78855.0,Providencia,Entregado
500842,10098,20250802,Estándar,4,13.66,Urgente,47343.0,Santiago,En preparación
500843,10222,20250917,Estándar,2,10.72,Baja,44243.0,Maipú,Entregado
500844,10149,20260822,Programado,2,15.17,Media,28623.0,Macul,Entregado
500845,10052,20250915,Estándar,11,80.17,Media,44409.0,Estación Central,Entregado
500846,10258,20260103,Express,11,85.23,Media,99994.0,San Bernardo,Pendiente
500847,10077,20261201,Express,3,15.66,Alta,36025.0,El Bosque,Entregado
500848,10298,20250518,Express,8,23.51,Urgente,84717.0,Quinta Normal,Entregado
500849,10140,20261028,Estándar,10,43.74,Media,56298.0,Cerrillos,En ruta
500850,10003,20260812,Estándar,12,62.98,Media,64821.0,Quinta Normal,Entregado
500851,10022,20261106,Estándar,12,78.4,Baja,65644.0,Independencia,En ruta
500852,10432,20250829,Express,8,60.66,Urgente,120600.0,Buin,Pendiente
500853,10074,20251110,Estándar,14,68.22,Media,89985.0,Conchalí,Entregado
500854,10346,20250614,Express,7,54.64,Media,48550.0,La Cisterna,Entregado
500855,10462,20260709,Express,8,35.46,Urgente,53496.0,Buin,Entregado
500856,10143,20261015,Programado,2,2.81,Baja,36306.0,Maipú,Cancelado
500857,10472,20250826,Express,8,58.88,Baja,53945.0,Renca,En preparación
500858,10308,20260830,Estándar,12,63.28,Media,59664.0,Las Condes,En preparación
500859,10068,20250919,Programado,6,24.39,Baja,59521.0,Conchalí,Entregado
500860,10213,20251121,Estándar,10,24.17,Media,44838.0,El Bosque,Entregado
500861,10380,20250330,Estándar,11,28.69,Media,41975.0,Estación Central,Entregado
500862,10436,20250511,Estándar,2,14.26,Media,35460.0,Pudahuel,Entregado
500863,10190,20250105,Programado,7,7.58,Media,65383.0,Huechuraba,Entregado
500864,10243,20260302,Express,14,17.08,Urgente,105457.0,Cerrillos,Entregado
500865,10187,20260810,Estándar,11,51.01,Urgente,92091.0,San Bernardo,Entregado
500866,10182,20250610,Express,12,46.91,Alta,124795.0,Vitacura,Entregado
500867,10433,20250423,Estándar,14,105.65,Media,87366.0,La Florida,Entregado
500868,10038,20250810,Estándar,3,8.62,Media,42361.0,Quilicura,Entregado
500869,10170,20251030,Express,5,26.01,Urgente,84060.0,San Ramón,Entregado
500870,10384,20260601,Express,8,16.42,Alta,94173.0,Providencia,Entregado
500871,10081,20260315,Estándar,3,19.23,Alta,38785.0,Quilicura,En preparación
500872,10310,20250907,Express,10,60.33,Alta,139331.0,La Granja,Entregado
500873,10281,20250216,Programado,1,2.03,Urgente,31790.0,Lo Espejo,Entregado
500874,10223,20260330,Estándar,15,82.84,Baja,109734.0,Santiago,En ruta
500875,10094,20250723,Programado,15,104.2,Media,70310.0,Lo Prado,Entregado
500876,10499,20260227,Estándar,7,31.77,Media,67670.0,San Joaquín,Entregado
500877,10033,20250823,Express,11,26.09,Alta,111783.0,Independencia,En ruta
500878,10155,20250831,Estándar,5,7.96,Baja,44500.0,Las Condes,Cancelado
500879,10325,20260728,Programado,8,24.42,Media,85180.0,Santiago,En ruta
500880,10123,20260315,Programado,15,51.08,Alta,129538.0,Estación Central,En ruta
500881,10064,20261206,Express,3,13.25,Urgente,36675.0,Lampa,Entregado
500882,10177,20250413,Express,7,16.77,Alta,82967.0,Huechuraba,Entregado
500883,10314,20250802,Programado,9,34.89,Baja,84759.0,Quilicura,Entregado
500884,10199,20250702,Programado,3,19.21,Urgente,30836.0,Renca,Entregado
500885,10090,20251021,Express,15,92.9,Media,156283.0,Cerrillos,Entregado
500886,10133,20250901,Express,11,71.66,Alta,94270.0,Lo Prado,Entregado
500887,10332,20260925,Estándar,12,67.31,Baja,96511.0,Peñalolén,Entregado
500888,10479,20260712,Express,9,13.39,Media,102992.0,Ñuñoa,Entregado
500889,10197,20260403,Programado,9,71.7,Baja,61465.0,Estación Central,En ruta
500890,10384,20260327,Express,3,8.37,Alta,54841.0,La Cisterna,Cancelado
500891,10161,20250717,Estándar,6,18.32,Baja,27097.0,Pudahuel,En preparación
500892,10348,20260221,Estándar,10,60.05,Urgente,37749.0,Pedro Aguirre Cerda,Cancelado
500893,10455,20261021,Estándar,4,13.09,Alta,26324.0,Renca,Entregado
500894,10060,20250905,Estándar,11,52.98,Media,86253.0,Santiago,Entregado
500895,10201,20250220,Express,9,14.25,Urgente,72847.0,San Ramón,Entregado
500896,10122,20260810,Express,2,8.38,Alta,26287.0,La Granja,Entregado
500897,10351,20250612,Express,3,7.8,Media,56103.0,Pudahuel,Entregado
500898,10359,20260917,Express,9,67.96,Urgente,109490.0,La Cisterna,Cancelado
500899,10494,20260207,Estándar,5,24.99,Alta,37811.0,Vitacura,En preparación
500900,10195,20250710,Express,14,84.91,Alta,158687.0,Renca,Entregado
500901,10057,20250507,Estándar,5,11.76,Alta,47985.0,Santiago,En ruta
500902,10182,20261125,Estándar,1,1.38,Alta,34490.0,Recoleta,Entregado
500903,10020,20250211,Estándar,15,82.06,Baja,93106.0,Buin,Pendiente
500904,10242,20260519,Express,5,36.16,Media,64373.0,Ñuñoa,Entregado
500905,10137,20251020,Estándar,2,15.56,Media,32599.0,La Reina,En ruta
500906,10052,20261107,Estándar,3,17.24,Alta,29016.0,La Reina,En ruta
500907,10283,20260525,Estándar,13,43.75,Alta,102174.0,Providencia,En preparación
500908,10159,20260312,Programado,13,91.77,Media,131156.0,Lo Barnechea,En preparación
500909,10195,20251218,Estándar,6,6.39,Media,51679.0,Providencia,Pendiente
500910,10479,20250126,Estándar,2,12.99,Alta,22816.0,Providencia,Entregado
500911,10083,20260328,Estándar,10,26.23,Media,45231.0,Ñuñoa,Pendiente
500912,10399,20250517,Estándar,9,10.76,Alta,59149.0,Providencia,En preparación
500913,10427,20260530,Express,2,10.54,Urgente,27421.0,Quinta Normal,Entregado
500914,10011,20260814,Estándar,9,67.33,Media,52423.0,Santiago,Entregado
500915,10178,20260515,Estándar,3,22.24,Media,30929.0,El Bosque,Entregado
500916,10281,20250723,Estándar,11,82.82,Baja,80999.0,Renca,Entregado
500917,10142,20260208,Estándar,3,5.2,Media,19990.0,Macul,Entregado
500918,10458,20260807,Estándar,13,102.01,Alta,82863.0,Peñalolén,Entregado
500919,10447,20260107,Estándar,2,9.9,Media,33440.0,Cerrillos,Pendiente
500920,10283,20260525,Estándar,8,19.15,Urgente,78345.0,Santiago,En ruta
500921,10463,20251003,Express,13,101.34,Urgente,54057.0,San Joaquín,Pendiente
500922,10486,20260414,Estándar,9,39.23,Alta,28239.0,Ñuñoa,Entregado
500923,10093,20260223,Estándar,5,33.54,Media,36975.0,Estación Central,Entregado
500924,10145,20250522,Express,12,14.6,Alta,142853.0,San Miguel,Entregado
500925,10439,20250613,Estándar,13,50.89,Media,79783.0,Pudahuel,En preparación
500926,10125,20250718,Estándar,7,37.17,Media,38267.0,La Florida,En ruta
500927,10004,20250717,Estándar,4,28.57,Alta,54482.0,Pudahuel,Entregado
500928,10253,20250926,Estándar,10,23.14,Media,82780.0,San Ramón,Entregado
500929,10419,20250901,Estándar,15,109.18,Baja,98771.0,Independencia,Entregado
500930,10169,20261114,Programado,12,44.86,Baja,53360.0,Providencia,Entregado
500931,10210,20250719,Express,5,17.28,Urgente,50466.0,Lo Espejo,En preparación
500932,10075,20250610,Estándar,14,31.22,Media,80142.0,Independencia,Entregado
500933,10209,20250123,Programado,2,14.4,Baja,42413.0,Pedro Aguirre Cerda,En ruta
500934,10462,20260511,Programado,4,27.68,Media,36470.0,Recoleta,Entregado
500935,10416,20261026,Estándar,4,18.6,Media,39645.0,Estación Central,Cancelado
500936,10020,20250830,Express,14,110.74,Urgente,69232.0,Colina,Entregado
500937,10139,20251016,Estándar,15,21.9,Media,63579.0,Huechuraba,En ruta
500938,10488,20260606,Estándar,5,9.99,Alta,24785.0,Las Condes,En ruta
500939,10278,20250213,Express,11,22.14,Urgente,46200.0,Colina,Entregado
500940,10048,20251003,Programado,8,55.26,Alta,60767.0,Conchalí,Entregado
500941,10377,20260628,Estándar,4,21.21,Alta,44292.0,Providencia,Entregado
500942,10248,20260303,Express,2,12.43,Baja,31602.0,Estación Central,En preparación
500943,10084,20251115,Estándar,4,28.38,Media,39388.0,Independencia,Pendiente
500944,10110,20250127,Estándar,11,64.49,Media,105080.0,Providencia,Entregado
500945,10078,20260207,Estándar,1,6.02,Media,26772.0,Providencia,Entregado
500946,10308,20260430,Estándar,6,19.21,Alta,45661.0,San Miguel,Entregado
500947,10474,20260603,Express,9,32.07,Alta,104593.0,Estación Central,Entregado
500948,10169,20250727,Estándar,13,19.96,Media,122502.0,Pudahuel,Entregado
500949,10408,20260618,Express,10,13.9,Urgente,80356.0,Renca,En ruta
500950,10267,20260530,Estándar,4,26.75,Media,39642.0,Puente Alto,En ruta
500951,10128,20260125,Estándar,1,4.98,Media,27749.0,Providencia,Entregado
500952,10352,20250225,Estándar,6,8.2,Alta,28438.0,La Cisterna,En ruta
500953,10337,20250814,Estándar,8,14.25,Baja,66173.0,San Ramón,Pendiente
500954,10202,20250818,Programado,5,32.44,Baja,50537.0,Renca,Entregado
500955,10086,20261026,Programado,8,21.4,Baja,37506.0,Vitacura,En ruta
500956,10041,20250228,Express,3,15.03,Urgente,39892.0,La Cisterna,Pendiente
500957,10204,20250803,Express,3,23.53,Urgente,25979.0,Quilicura,Entregado
500958,10475,20251114,Express,12,51.97,Alta,94840.0,Colina,Entregado
500959,10350,20250301,Express,15,55.16,Urgente,90226.0,Conchalí,En ruta
500960,10192,20260131,Estándar,8,47.34,Alta,58307.0,Ñuñoa,Entregado
500961,10009,20250918,Programado,9,25.5,Media,58458.0,San Miguel,Entregado
500962,10275,20251116,Estándar,13,48.99,Media,97883.0,Ñuñoa,Cancelado
500963,10459,20261012,Estándar,4,13.65,Baja,35650.0,Vitacura,Entregado
500964,10050,20251220,Estándar,15,37.09,Baja,117041.0,Quilicura,En ruta
500965,10404,20250519,Estándar,5,7.1,Media,58797.0,La Cisterna,En preparación
500966,10364,20261113,Estándar,6,9.34,Media,48949.0,Santiago,En ruta
500967,10160,20260323,Estándar,6,33.4,Media,53013.0,La Granja,Entregado
500968,10352,20251214,Express,7,31.71,Urgente,107824.0,Peñalolén,Entregado
500969,10086,20261001,Estándar,11,11.47,Alta,90026.0,Ñuñoa,Entregado
500970,10077,20260924,Programado,6,27.59,Alta,53273.0,Macul,Entregado
500971,10365,20250910,Express,8,17.15,Baja,76168.0,La Reina,Cancelado
500972,10365,20250905,Estándar,8,31.61,Baja,44879.0,Ñuñoa,Entregado
500973,10144,20260416,Programado,5,23.24,Media,58582.0,Macul,En ruta
500974,10084,20250212,Express,9,30.49,Media,90361.0,El Bosque,Entregado
500975,10451,20251017,Programado,9,64.82,Baja,95170.0,La Cisterna,En ruta
500976,10284,20250613,Estándar,2,13.99,Urgente,34934.0,Quinta Normal,Entregado
500977,10356,20260424,Express,6,24.45,Alta,33302.0,La Granja,Entregado
500978,10029,20250920,Estándar,13,31.19,Media,103468.0,Lo Espejo,Cancelado
500979,10414,20261101,Estándar,8,56.41,Baja,59092.0,Maipú,Entregado
500980,10251,20250218,Estándar,1,1.42,Baja,18517.0,Estación Central,Entregado
500981,10147,20261230,Estándar,2,4.94,Media,29371.0,Ñuñoa,Entregado
500982,10495,20251221,Estándar,15,19.58,Baja,105954.0,Conchalí,Entregado
500983,10478,20260918,Estándar,7,14.59,Media,71161.0,San Miguel,En ruta
500984,10304,20250715,Estándar,7,24.66,Urgente,77539.0,Maipú,Entregado
500985,10392,20260717,Estándar,14,24.48,Media,112067.0,Quinta Normal,Entregado
500986,10299,20261008,Programado,11,31.94,Media,126463.0,San Joaquín,Entregado
500987,10424,20261024,Express,6,30.66,Media,71141.0,San Joaquín,Entregado
500988,10486,20261224,Estándar,8,10.07,Media,53605.0,Santiago,En preparación
500989,10329,20261028,Estándar,2,10.07,Alta,18496.0,Santiago,Entregado
500990,10315,20261218,Estándar,9,30.58,Media,45904.0,Recoleta,En preparación
500991,10237,20260903,Estándar,4,17.2,Media,39561.0,Conchalí,En ruta
500992,10118,20250628,Estándar,1,5.5,Baja,10619.0,Pudahuel,Cancelado
500993,10380,20250519,Estándar,10,29.79,Media,85972.0,Maipú,Entregado
500994,10445,20250531,Estándar,4,7.24,Media,31920.0,Renca,Entregado
500995,10288,20250515,Express,11,73.49,Alta,107174.0,Vitacura,Entregado
500996,10465,20260820,Express,11,39.21,Urgente,125365.0,Vitacura,Entregado
500997,10425,20250807,Express,4,15.72,Alta,56796.0,Ñuñoa,Entregado
500998,10322,20260906,Express,15,89.45,Media,150507.0,Lampa,Entregado
500999,10244,20261024,Estándar,14,64.16,Media,93639.0,Santiago,Entregado
501000,10499,20260711,Estándar,9,45.9,Baja,65658.0,Vitacura,Entregado
501001,10076,20261005,Estándar,2,3.62,Urgente,33060.0,Lo Barnechea,Entregado
501002,10086,20260525,Estándar,11,48.45,Media,61666.0,Maipú,En preparación
501003,10195,20260925,Express,13,67.85,Alta,61197.0,Lo Barnechea,Entregado
501004,10055,20260112,Programado,13,40.59,Baja,76178.0,San Joaquín,En preparación
501005,10273,20260221,Programado,11,49.46,Media,75396.0,Macul,Pendiente
501006,10083,20250102,Estándar,9,18.98,Baja,45190.0,Renca,Entregado
501007,10204,20260315,Programado,9,53.55,Baja,66500.0,Conchalí,Entregado
501008,10409,20260211,Express,1,4.26,Media,37207.0,El Bosque,Entregado
501009,10041,20260917,Estándar,15,84.61,Media,72807.0,La Florida,En ruta
501010,10069,20260119,Estándar,9,52.78,Media,34147.0,Lo Barnechea,Entregado
501011,10237,20250323,Estándar,13,35.26,Baja,73597.0,Puente Alto,Entregado
501012,10160,20261003,Express,1,4.06,Alta,32765.0,La Reina,Entregado
501013,10326,20250913,Estándar,10,73.5,Baja,47522.0,La Granja,Entregado
501014,10144,20260909,Estándar,1,3.31,Media,29797.0,Lampa,Cancelado
501015,10163,20260326,Estándar,14,99.25,Urgente,110804.0,Renca,Entregado
501016,10431,20261110,Programado,7,48.48,Baja,81480.0,Buin,Entregado
501017,10117,20261224,Programado,9,66.43,Alta,61700.0,San Miguel,Entregado
501018,10116,20261211,Estándar,7,26.43,Alta,62703.0,Macul,Entregado
501019,10233,20251010,Express,10,10.85,Urgente,119178.0,Lo Barnechea,Cancelado
501020,10214,20261116,Estándar,5,8.54,Media,36360.0,Lampa,Cancelado
501021,10262,20250103,Programado,3,3.18,Baja,34267.0,Maipú,Entregado
501022,10144,20251229,Estándar,3,15.4,Baja,47505.0,Conchalí,En ruta
501023,10334,20251101,Estándar,15,107.93,Media,93031.0,La Florida,Entregado
501024,10042,20251218,Express,11,87.79,Baja,122449.0,Providencia,Pendiente
501025,10371,20250422,Estándar,4,29.86,Media,40293.0,Estación Central,Entregado
501026,10206,20251216,Estándar,9,9.53,Baja,87880.0,Lo Espejo,Cancelado
501027,10480,20260201,Express,13,47.17,Alta,77649.0,Santiago,Entregado
501028,10004,20260303,Estándar,14,97.32,Baja,66010.0,Las Condes,Entregado
501029,10259,20261124,Programado,6,19.54,Baja,50390.0,Peñalolén,Pendiente
501030,10312,20250618,Programado,5,39.67,Alta,44634.0,Lo Prado,Entregado
501031,10391,20260724,Programado,10,35.25,Media,95868.0,El Bosque,En preparación
501032,10198,20261017,Estándar,6,12.76,Media,66103.0,Santiago,Entregado
501033,10498,20261230,Estándar,3,21.34,Alta,36736.0,Santiago,Entregado
501034,10065,20261001,Programado,3,17.34,Media,40620.0,Macul,En preparación
501035,10138,20250731,Estándar,13,44.25,Alta,56946.0,Lo Prado,En ruta
501036,10187,20250912,Express,9,26.42,Media,101288.0,Estación Central,Entregado
501037,10111,20260617,Express,13,89.37,Alta,69058.0,Vitacura,Entregado
501038,10301,20261215,Estándar,10,43.99,Alta,57003.0,Huechuraba,Entregado
501039,10497,20260228,Estándar,3,12.46,Urgente,15942.0,Providencia,En preparación
501040,10334,20251231,Express,11,79.32,Alta,71173.0,Conchalí,Entregado
501041,10433,20250505,Estándar,6,45.72,Media,66476.0,La Florida,En ruta
501042,10367,20260701,Estándar,14,78.43,Media,71731.0,San Bernardo,Entregado
501043,10292,20261123,Programado,9,21.38,Urgente,69686.0,Colina,Entregado
501044,10074,20250224,Estándar,3,16.7,Baja,34459.0,Pudahuel,En preparación
501045,10049,20251113,Estándar,6,47.14,Media,46058.0,Colina,Entregado
501046,10468,20250214,Estándar,14,16.75,Media,53194.0,Estación Central,En preparación
501047,10338,20250620,Estándar,6,44.54,Alta,66425.0,Macul,Entregado
501048,10067,20260123,Express,13,47.91,Alta,139887.0,Vitacura,Entregado
501049,10203,20260726,Express,12,26.65,Media,155261.0,La Granja,Entregado
501050,10131,20250424,Programado,14,71.02,Alta,55835.0,Vitacura,Entregado
501051,10301,20260917,Express,10,29.94,Media,123459.0,Cerrillos,Entregado
501052,10152,20260820,Estándar,7,29.01,Media,45570.0,Ñuñoa,Entregado
501053,10044,20251030,Express,13,47.06,Alta,160611.0,Lo Espejo,Entregado
501054,10309,20260922,Estándar,15,99.03,Media,94728.0,Vitacura,Entregado
501055,10340,20260625,Estándar,10,15.11,Alta,76878.0,La Cisterna,En preparación
501056,10173,20250129,Express,5,38.25,Alta,55069.0,Ñuñoa,Entregado
501057,10031,20250712,Estándar,1,2.15,Alta,27045.0,Quilicura,Entregado
501058,10218,20260727,Express,5,8.52,Media,60036.0,Renca,En preparación
501059,10292,20251024,Estándar,1,3.78,Alta,29684.0,Quilicura,En preparación
501060,10337,20260730,Estándar,13,102.54,Media,50036.0,Quilicura,Entregado
501061,10232,20250629,Express,12,72.61,Urgente,117539.0,La Florida,Entregado
501062,10088,20260422,Express,5,11.08,Alta,62204.0,La Reina,Entregado
501063,10304,20250126,Estándar,4,11.74,Media,54903.0,Pudahuel,Entregado
501064,10156,20260408,Estándar,11,76.35,Media,103215.0,San Joaquín,Entregado
501065,10081,20260803,Estándar,14,108.18,Alta,56185.0,Quilicura,Entregado
501066,10167,20250214,Programado,7,39.46,Baja,37203.0,San Joaquín,Entregado
501067,10477,20251213,Programado,4,24.56,Media,47997.0,San Ramón,Entregado
501068,10164,20250125,Express,8,44.81,Urgente,114954.0,Cerrillos,Cancelado
501069,10243,20250201,Express,13,16.91,Alta,118301.0,Cerrillos,Entregado
501070,10328,20250910,Estándar,13,23.1,Urgente,52484.0,Huechuraba,En ruta
501071,10431,20250423,Estándar,8,13.91,Alta,65270.0,Las Condes,Entregado
501072,10252,20260615,Estándar,15,16.97,Urgente,127579.0,Vitacura,En ruta
501073,10488,20261205,Estándar,8,33.1,Media,38272.0,El Bosque,Entregado
501074,10148,20260501,Estándar,1,5.16,Media,18778.0,San Bernardo,Entregado
501075,10324,20251014,Estándar,4,26.18,Media,46758.0,Colina,Entregado
501076,10121,20250815,Estándar,13,75.72,Media,96958.0,Puente Alto,Entregado
501077,10293,20250214,Estándar,2,3.72,Urgente,33185.0,Santiago,En ruta
501078,10098,20260321,Programado,7,35.36,Alta,72195.0,Lo Prado,Cancelado
501079,10319,20260526,Estándar,8,13.09,Baja,50859.0,Quinta Normal,En preparación
501080,10049,20251018,Express,10,49.52,Baja,139717.0,Independencia,Entregado
501081,10167,20261026,Express,7,44.15,Urgente,39641.0,Pudahuel,Entregado
501082,10279,20260821,Express,4,25.62,Alta,55003.0,La Cisterna,En ruta
501083,10385,20260820,Estándar,9,43.94,Media,51426.0,El Bosque,Cancelado
501084,10409,20261127,Express,7,41.42,Urgente,85840.0,Ñuñoa,En preparación
501085,10282,20260702,Estándar,5,16.75,Media,44360.0,Renca,Entregado
501086,10454,20250625,Estándar,7,46.58,Alta,54838.0,Maipú,Entregado
501087,10166,20261003,Programado,9,21.59,Media,56186.0,Lampa,Entregado
501088,10131,20250801,Express,2,8.46,Alta,37657.0,Conchalí,Entregado
501089,10067,20251023,Estándar,8,24.17,Media,77717.0,Ñuñoa,Entregado
501090,10048,20261119,Estándar,2,13.25,Baja,29933.0,Santiago,Entregado
501091,10202,20251021,Express,10,48.05,Alta,89212.0,Lo Prado,En ruta
501092,10257,20250328,Estándar,15,80.05,Alta,126950.0,Peñalolén,Entregado
501093,10398,20260718,Estándar,15,31.05,Baja,111728.0,Estación Central,En ruta
501094,10456,20261120,Programado,4,24.73,Media,40371.0,La Granja,Entregado
501095,10108,20250620,Programado,9,62.63,Media,43992.0,Cerrillos,Entregado
501096,10488,20250919,Estándar,13,32.71,Media,54485.0,Lampa,Entregado
501097,10117,20260308,Programado,6,33.65,Media,65193.0,Lampa,En preparación
501098,10402,20260103,Estándar,5,25.53,Baja,44467.0,El Bosque,Entregado
501099,10036,20250428,Estándar,14,17.52,Alta,89019.0,Ñuñoa,Entregado
501100,10208,20250820,Estándar,9,60.7,Baja,74713.0,Macul,En preparación
501101,10158,20260814,Estándar,10,43.62,Baja,78247.0,San Miguel,Entregado
501102,10084,20260724,Estándar,13,40.1,Alta,91510.0,Lo Espejo,Cancelado
501103,10032,20261102,Estándar,3,21.84,Alta,38601.0,Lo Prado,Entregado
501104,10006,20250511,Estándar,15,25.35,Alta,80134.0,Conchalí,Entregado
501105,10426,20251224,Estándar,10,48.96,Urgente,93257.0,Quinta Normal,Entregado
501106,10475,20260721,Estándar,14,71.82,Urgente,111898.0,Lo Barnechea,Entregado
501107,10262,20250725,Express,5,36.04,Urgente,45182.0,La Cisterna,Entregado
501108,10126,20260311,Estándar,1,6.91,Urgente,17780.0,Huechuraba,Entregado
501109,10170,20260608,Estándar,2,15.25,Baja,27629.0,San Bernardo,En ruta
501110,10048,20250313,Programado,6,22.07,Media,67585.0,La Granja,Entregado
501111,10434,20260903,Express,9,61.79,Urgente,96840.0,La Florida,En ruta
501112,10033,20260313,Programado,10,31.95,Media,88931.0,El Bosque,Entregado
501113,10053,20250611,Estándar,15,16.12,Media,56931.0,San Ramón,Entregado
501114,10081,20260809,Estándar,12,36.46,Alta,104418.0,Quinta Normal,En preparación
501115,10167,20250312,Express,5,21.21,Media,47504.0,Quilicura,En ruta
501116,10383,20250114,Estándar,6,47.43,Alta,30437.0,Lo Barnechea,Entregado
501117,10036,20251218,Express,8,37.33,Urgente,62296.0,Lampa,Entregado
501118,10498,20260127,Estándar,9,49.26,Alta,38152.0,El Bosque,Entregado
501119,10089,20261209,Estándar,10,79.18,Alta,43774.0,Quilicura,Entregado
501120,10354,20261228,Estándar,1,4.64,Media,22019.0,Buin,Entregado
501121,10402,20251029,Express,10,58.68,Media,117302.0,Quinta Normal,Entregado
501122,10466,20261227,Estándar,9,32.94,Baja,64109.0,Recoleta,Entregado
501123,10070,20260819,Estándar,13,93.44,Alta,82409.0,Maipú,En ruta
501124,10174,20260529,Estándar,11,85.27,Media,60356.0,Ñuñoa,Cancelado
501125,10356,20260606,Express,5,14.24,Urgente,71258.0,La Reina,En ruta
501126,10044,20250302,Express,9,60.19,Alta,76014.0,Ñuñoa,Entregado
501127,10053,20261105,Programado,1,7.73,Media,21341.0,San Miguel,Entregado
501128,10131,20260421,Express,3,12.33,Urgente,42080.0,Pudahuel,En preparación
501129,10127,20250911,Estándar,6,23.98,Media,52305.0,La Granja,En ruta
501130,10386,20250820,Estándar,6,37.44,Baja,38725.0,San Ramón,Entregado
501131,10096,20250705,Express,10,32.8,Alta,101459.0,Las Condes,Entregado
501132,10016,20250919,Estándar,11,41.91,Baja,46227.0,Lampa,Entregado
501133,10473,20260505,Estándar,11,20.42,Baja,61018.0,Macul,Entregado
501134,10266,20250420,Estándar,8,40.53,Media,49640.0,La Florida,Entregado
501135,10085,20260519,Estándar,8,57.9,Media,42432.0,Recoleta,Entregado
501136,10042,20261109,Estándar,14,50.3,Media,71444.0,Renca,Entregado
501137,10231,20260629,Estándar,11,40.38,Media,51656.0,Conchalí,Entregado
501138,10117,20250627,Estándar,15,106.57,Media,84583.0,Peñalolén,Entregado
501139,10126,20251124,Express,4,8.8,Urgente,25573.0,Estación Central,Entregado
501140,10056,20250501,Estándar,7,41.46,Media,52005.0,San Ramón,En ruta
501141,10345,20250404,Express,9,30.65,Urgente,90592.0,San Ramón,Entregado
501142,10211,20260911,Programado,13,71.47,Baja,68656.0,Macul,En ruta
501143,10337,20250126,Programado,13,42.4,Urgente,62673.0,Puente Alto,Entregado
501144,10385,20251224,Estándar,9,64.74,Media,62333.0,La Cisterna,Entregado
501145,10146,20250912,Express,9,71.97,Baja,86011.0,Pedro Aguirre Cerda,Entregado
501146,10475,20250404,Programado,9,34.82,Media,101203.0,San Ramón,Entregado
501147,10204,20251011,Estándar,7,54.68,Media,49695.0,Renca,Entregado
501148,10012,20250417,Estándar,8,15.97,Media,89741.0,Las Condes,Cancelado
501149,10401,20261127,Estándar,12,38.39,Media,69111.0,Conchalí,Entregado
501150,10278,20251030,Express,14,107.41,Urgente,118098.0,Renca,En preparación
501151,10355,20251214,Estándar,1,1.71,Media,21941.0,Recoleta,En ruta
501152,10034,20250629,Estándar,12,43.22,Media,57703.0,Las Condes,Entregado
501153,10190,20251120,Express,4,23.74,Alta,48254.0,Lo Barnechea,En ruta
501154,10028,20261023,Estándar,8,59.92,Media,56545.0,Lampa,Entregado
501155,10397,20260329,Express,3,19.72,Urgente,51270.0,Quilicura,En ruta
501156,10444,20261103,Estándar,5,37.55,Media,37504.0,Quilicura,Entregado
501157,10260,20250106,Express,6,18.5,Alta,93632.0,Lo Prado,Entregado
501158,10444,20250818,Estándar,15,17.31,Urgente,82249.0,Ñuñoa,Entregado
501159,10096,20251116,Estándar,14,77.32,Baja,117370.0,Buin,Entregado
501160,10223,20260804,Programado,9,62.35,Baja,57714.0,La Florida,Entregado
501161,10305,20250619,Programado,1,4.63,Baja,34385.0,Peñalolén,Entregado
501162,10332,20260617,Programado,6,34.12,Media,63748.0,Colina,En preparación
501163,10391,20260311,Estándar,10,51.66,Media,70541.0,San Joaquín,Cancelado
501164,10227,20260119,Express,10,35.3,Alta,116972.0,San Miguel,En preparación
501165,10206,20250201,Express,13,19.61,Alta,82935.0,Colina,En preparación
501166,10454,20260607,Express,15,86.48,Alta,125202.0,Maipú,Entregado
501167,10242,20250821,Express,1,2.52,Urgente,23784.0,San Joaquín,Cancelado
501168,10276,20260808,Programado,12,69.65,Baja,97424.0,Las Condes,Cancelado
501169,10334,20260507,Estándar,10,28.77,Media,60430.0,Colina,Entregado
501170,10238,20261221,Estándar,12,20.77,Media,74357.0,Estación Central,Entregado
501171,10209,20260917,Express,12,81.7,Urgente,75577.0,Vitacura,Entregado
501172,10269,20251003,Estándar,9,39.92,Baja,68920.0,Colina,Entregado
501173,10319,20250101,Express,5,31.18,Urgente,50776.0,San Ramón,En preparación
501174,10451,20251208,Programado,6,16.99,Media,31665.0,San Bernardo,Entregado
501175,10081,20261019,Express,4,24.34,Alta,33657.0,Las Condes,Entregado
501176,10056,20250804,Estándar,3,7.14,Baja,33726.0,Lampa,En ruta
501177,10295,20260820,Estándar,15,119.47,Baja,66021.0,Estación Central,En preparación
501178,10138,20250214,Estándar,10,34.3,Alta,66437.0,San Joaquín,Entregado
501179,10358,20250612,Estándar,1,1.0,Media,23484.0,Huechuraba,Entregado
501180,10060,20260104,Estándar,10,22.32,Media,43843.0,San Ramón,Entregado
501181,10281,20251211,Estándar,3,12.08,Baja,35248.0,Lampa,En preparación
501182,10058,20261209,Estándar,8,33.86,Baja,83589.0,Providencia,Entregado
501183,10066,20250206,Express,9,10.2,Alta,102156.0,La Florida,Entregado
501184,10051,20260410,Express,4,24.05,Urgente,69980.0,Pudahuel,Entregado
501185,10150,20250905,Programado,2,6.12,Media,28339.0,Renca,Entregado
501186,10048,20260330,Express,9,20.87,Urgente,82619.0,El Bosque,Entregado
501187,10370,20250417,Express,2,4.13,Urgente,53853.0,Quilicura,En preparación
501188,10268,20260429,Estándar,10,44.92,Media,75362.0,Peñalolén,En preparación
501189,10269,20260623,Estándar,14,27.77,Alta,65739.0,Pedro Aguirre Cerda,En ruta
501190,10207,20260223,Programado,9,19.39,Baja,73631.0,Lo Espejo,En preparación
501191,10394,20250218,Estándar,9,17.75,Alta,60070.0,La Florida,Entregado
501192,10009,20251109,Express,8,8.89,Alta,66142.0,San Joaquín,Entregado
501193,10183,20251208,Estándar,11,74.11,Media,63461.0,Pedro Aguirre Cerda,Entregado
501194,10135,20260113,Estándar,4,30.17,Media,31091.0,Conchalí,Entregado
501195,10268,20260516,Estándar,9,9.15,Urgente,90321.0,El Bosque,Entregado
501196,10026,20250816,Estándar,14,88.88,Media,88094.0,Pedro Aguirre Cerda,En ruta
501197,10414,20250708,Estándar,12,33.41,Media,37761.0,San Bernardo,Pendiente
501198,10194,20250128,Express,11,25.73,Alta,116259.0,Colina,Entregado
501199,10059,20260913,Estándar,5,12.8,Alta,32489.0,Lo Espejo,Entregado
501200,10002,20250331,Estándar,14,31.69,Media,60384.0,Ñuñoa,Entregado
501201,10435,20251128,Estándar,8,44.8,Baja,54361.0,Puente Alto,Entregado
501202,10305,20250126,Programado,10,37.22,Baja,44351.0,Providencia,Pendiente
501203,10330,20260422,Express,8,43.32,Alta,75627.0,Lo Prado,Entregado
501204,10097,20260306,Estándar,14,81.96,Baja,119129.0,Lo Barnechea,Entregado
501205,10268,20260623,Express,9,69.5,Media,84023.0,San Bernardo,Pendiente
501206,10023,20260708,Estándar,6,38.76,Alta,52813.0,La Cisterna,Entregado
501207,10326,20260509,Estándar,11,57.05,Media,63483.0,Huechuraba,Entregado
501208,10280,20250817,Estándar,9,65.05,Media,52827.0,San Joaquín,Entregado
501209,10051,20251223,Estándar,13,20.37,Baja,41129.0,Huechuraba,Entregado
501210,10189,20250222,Estándar,15,36.22,Media,88840.0,Cerrillos,Entregado
501211,10154,20250720,Express,5,27.66,Alta,76661.0,Puente Alto,En ruta
501212,10336,20261122,Express,2,5.02,Media,40806.0,Peñalolén,Entregado
501213,10380,20251125,Estándar,4,25.72,Alta,48186.0,El Bosque,Entregado
501214,10155,20250215,Estándar,7,52.94,Alta,53021.0,Ñuñoa,Entregado
501215,10170,20261204,Estándar,9,57.47,Urgente,58951.0,Macul,Entregado
501216,10018,20251216,Estándar,12,79.5,Alta,75626.0,La Cisterna,Entregado
501217,10392,20250502,Express,3,8.08,Urgente,44013.0,Quinta Normal,Entregado
501218,10319,20261129,Estándar,9,23.41,Baja,67936.0,La Florida,Entregado
501219,10050,20260226,Programado,9,68.94,Media,42339.0,Lo Prado,Entregado
501220,10169,20251216,Express,12,47.25,Alta,72537.0,San Bernardo,Entregado
501221,10301,20251222,Express,11,39.32,Alta,117396.0,Renca,Entregado
501222,10333,20260202,Estándar,15,32.84,Media,72963.0,Las Condes,Cancelado
501223,10320,20250705,Programado,6,45.81,Media,76696.0,La Florida,Entregado
501224,10375,20260610,Estándar,10,43.02,Baja,47231.0,Conchalí,Entregado
501225,10226,20261229,Estándar,1,4.18,Baja,28522.0,Conchalí,En ruta
501226,10211,20251126,Express,5,6.87,Media,46223.0,Ñuñoa,Entregado
501227,10177,20261007,Estándar,6,14.99,Media,29497.0,La Cisterna,Entregado
501228,10409,20251006,Estándar,7,51.97,Media,46389.0,El Bosque,En preparación
501229,10146,20260404,Estándar,1,2.45,Baja,25238.0,Buin,Entregado
501230,10027,20250109,Express,5,13.23,Media,60969.0,Independencia,Entregado
501231,10316,20250915,Estándar,3,23.42,Baja,37943.0,Maipú,En ruta
501232,10244,20260209,Estándar,8,29.39,Alta,77296.0,Lo Barnechea,Entregado
501233,10179,20251002,Programado,10,53.2,Media,61738.0,Las Condes,Entregado
501234,10361,20250608,Estándar,6,23.94,Media,58316.0,Lo Espejo,Entregado
501235,10162,20260529,Estándar,9,67.76,Alta,65003.0,La Granja,Entregado
501236,10153,20251212,Express,1,6.94,Alta,20363.0,Vitacura,Entregado
501237,10164,20260416,Express,13,72.14,Urgente,63221.0,La Cisterna,Entregado
501238,10279,20250223,Estándar,14,89.65,Media,122615.0,Pudahuel,Entregado
501239,10379,20260428,Express,2,7.25,Urgente,39879.0,San Miguel,Entregado
501240,10319,20260703,Estándar,14,100.96,Media,113357.0,La Florida,En preparación
501241,10372,20260601,Estándar,14,52.19,Media,87997.0,Conchalí,Entregado
501242,10245,20250714,Estándar,2,11.53,Media,24569.0,San Joaquín,En ruta
501243,10265,20250410,Express,15,95.82,Alta,90544.0,Ñuñoa,Entregado
501244,10242,20250919,Estándar,11,17.1,Media,109633.0,San Joaquín,Entregado
501245,10172,20251028,Express,4,28.96,Media,47843.0,Lo Prado,En preparación
501246,10040,20260215,Programado,3,23.31,Baja,40941.0,Santiago,Entregado
501247,10283,20250524,Express,8,59.84,Alta,62860.0,Estación Central,Entregado
501248,10286,20250912,Programado,7,9.45,Media,45898.0,Lampa,Entregado
501249,10431,20260902,Estándar,9,60.1,Media,64117.0,Quilicura,En ruta
501250,10242,20251013,Express,4,11.41,Alta,56969.0,Conchalí,En ruta
501251,10500,20250725,Estándar,12,66.55,Media,58668.0,Quilicura,En preparación
501252,10458,20260921,Express,14,29.95,Alta,141959.0,San Miguel,Entregado
501253,10290,20250903,Estándar,6,21.55,Baja,24156.0,Recoleta,Pendiente
501254,10439,20250927,Estándar,2,11.53,Alta,34107.0,La Florida,Entregado
501255,10351,20250218,Programado,3,4.35,Media,21493.0,San Ramón,Entregado
501256,10258,20260703,Programado,11,70.45,Baja,49199.0,Ñuñoa,Entregado
501257,10147,20251225,Estándar,3,13.81,Media,33592.0,Lo Espejo,Entregado
501258,10443,20260710,Estándar,9,37.74,Baja,41372.0,Macul,Entregado
501259,10361,20250629,Estándar,6,43.05,Baja,28627.0,Vitacura,Entregado
501260,10081,20260614,Estándar,1,7.72,Media,25213.0,La Granja,En preparación
501261,10190,20260604,Express,6,16.07,Media,95159.0,Recoleta,Entregado
501262,10196,20250519,Estándar,2,9.84,Media,29554.0,Colina,Entregado
501263,10140,20260816,Programado,1,5.34,Media,25271.0,San Joaquín,En preparación
501264,10043,20250529,Programado,4,14.3,Media,56166.0,Peñalolén,Entregado
501265,10080,20260216,Estándar,8,18.16,Alta,60388.0,Buin,Entregado
501266,10119,20260222,Estándar,9,44.53,Baja,58785.0,Recoleta,En ruta
501267,10341,20261202,Estándar,1,5.08,Alta,34105.0,Providencia,En ruta
501268,10257,20261207,Express,11,68.74,Alta,89937.0,Macul,Entregado
501269,10041,20260403,Express,15,17.35,Media,129931.0,Lo Barnechea,Entregado
501270,10239,20250108,Estándar,12,38.24,Alta,80592.0,La Granja,Entregado
501271,10418,20261126,Estándar,8,34.94,Media,51497.0,Lo Barnechea,Entregado
501272,10375,20250301,Estándar,1,4.52,Media,30436.0,Huechuraba,En preparación
501273,10337,20250927,Estándar,14,94.45,Media,103004.0,Conchalí,Entregado
501274,10201,20260923,Estándar,9,42.61,Baja,87122.0,Lo Espejo,En preparación
501275,10411,20250416,Express,5,19.65,Alta,51902.0,Colina,Entregado
501276,10183,20260421,Estándar,12,92.28,Media,71854.0,Cerrillos,Entregado
501277,10419,20260412,Estándar,10,73.13,Media,83135.0,El Bosque,Entregado
501278,10384,20251025,Estándar,10,52.88,Media,58078.0,Ñuñoa,Cancelado
501279,10061,20250322,Programado,3,5.33,Media,42122.0,San Ramón,Entregado
501280,10185,20260105,Estándar,11,85.45,Media,49579.0,Pedro Aguirre Cerda,Entregado
501281,10075,20261008,Estándar,9,44.05,Baja,65850.0,Lo Barnechea,Entregado
501282,10486,20260213,Estándar,8,19.1,Baja,38751.0,Cerrillos,En ruta
501283,10405,20260117,Estándar,13,63.4,Media,57934.0,Huechuraba,Entregado
501284,10307,20250417,Estándar,14,69.87,Baja,78611.0,Las Condes,Entregado
501285,10097,20260508,Estándar,3,19.2,Media,46940.0,Lo Prado,Entregado
501286,10370,20250130,Express,8,37.84,Alta,71844.0,San Bernardo,Entregado
501287,10475,20260207,Estándar,8,10.83,Media,79085.0,Ñuñoa,Cancelado
501288,10061,20250716,Estándar,1,4.37,Media,13458.0,San Miguel,En preparación
501289,10122,20261215,Estándar,14,68.72,Alta,92897.0,San Miguel,Entregado
501290,10248,20250801,Estándar,9,53.08,Alta,61138.0,La Granja,En preparación
501291,10127,20251118,Estándar,3,8.95,Media,19932.0,San Miguel,En preparación
501292,10304,20260109,Estándar,12,41.14,Baja,84513.0,Lo Prado,En preparación
501293,10429,20260514,Programado,10,16.84,Media,50811.0,Macul,Entregado
501294,10184,20250226,Estándar,10,60.32,Urgente,97081.0,Cerrillos,Entregado
501295,10004,20260320,Estándar,10,45.59,Media,41353.0,San Miguel,Entregado
501296,10007,20260601,Estándar,11,30.1,Media,48161.0,Lo Espejo,En ruta
501297,10199,20260930,Express,15,106.98,Baja,174311.0,El Bosque,Pendiente
501298,10455,20251203,Estándar,14,45.53,Media,78476.0,Recoleta,Entregado
501299,10335,20260722,Estándar,3,13.07,Media,33848.0,Colina,En preparación
501300,10486,20250128,Estándar,2,12.43,Media,27301.0,La Cisterna,Pendiente
501301,10092,20260416,Estándar,12,21.41,Baja,79665.0,Providencia,En preparación
501302,10294,20261011,Estándar,3,20.52,Media,34638.0,Macul,En preparación
501303,10080,20260625,Estándar,6,9.45,Baja,57476.0,San Miguel,En ruta
501304,10272,20260421,Express,1,6.61,Alta,42268.0,Pedro Aguirre Cerda,En ruta
501305,10384,20260522,Estándar,13,65.92,Alta,114732.0,Santiago,En preparación
501306,10218,20261005,Estándar,9,62.75,Alta,90079.0,Huechuraba,Pendiente
501307,10230,20260630,Estándar,15,41.96,Baja,106996.0,Puente Alto,Entregado
501308,10165,20251031,Express,10,62.79,Baja,101286.0,San Miguel,Entregado
501309,10418,20260418,Estándar,6,27.57,Media,62066.0,La Cisterna,Entregado
501310,10079,20250416,Estándar,15,40.5,Media,113942.0,Puente Alto,Entregado
501311,10338,20260905,Estándar,1,2.82,Media,19855.0,El Bosque,Entregado
501312,10064,20260308,Express,11,41.78,Alta,59589.0,Las Condes,Entregado
501313,10328,20251017,Programado,12,68.67,Baja,68054.0,Quilicura,Entregado
501314,10152,20260422,Express,5,8.73,Media,64434.0,Peñalolén,Entregado
501315,10206,20250812,Estándar,9,55.49,Media,61847.0,San Miguel,En ruta
501316,10351,20250820,Estándar,4,26.18,Baja,32780.0,La Florida,Cancelado
501317,10385,20260723,Programado,2,9.37,Media,37006.0,Estación Central,En preparación
501318,10299,20250416,Express,7,42.99,Alta,79718.0,Lampa,Entregado
501319,10174,20260821,Estándar,10,55.7,Alta,44212.0,Cerrillos,Entregado
501320,10322,20260702,Estándar,9,43.72,Media,68950.0,Pudahuel,Entregado
501321,10372,20250103,Express,2,13.4,Alta,39795.0,Lo Barnechea,Entregado
501322,10047,20260715,Estándar,2,2.6,Media,21642.0,La Cisterna,Entregado
501323,10412,20250611,Estándar,6,32.28,Baja,55269.0,Santiago,Entregado
501324,10351,20250329,Estándar,2,15.7,Media,39191.0,Buin,En ruta
501325,10217,20260907,Estándar,6,29.4,Media,23787.0,Maipú,Entregado
501326,10133,20260424,Estándar,8,62.8,Media,63089.0,Buin,Entregado
501327,10350,20250310,Estándar,11,49.24,Media,83302.0,Estación Central,Entregado
501328,10234,20261019,Estándar,1,5.62,Media,15758.0,La Granja,Entregado
501329,10202,20260524,Express,15,114.29,Alta,81377.0,Buin,En ruta
501330,10347,20250219,Estándar,2,5.08,Media,44360.0,La Reina,Entregado
501331,10195,20250905,Estándar,14,32.81,Alta,62757.0,Santiago,Entregado
501332,10450,20250427,Programado,10,56.3,Alta,61604.0,Vitacura,Entregado
501333,10162,20250502,Estándar,9,13.21,Alta,74582.0,Las Condes,En preparación
501334,10378,20260531,Estándar,5,28.74,Alta,40338.0,El Bosque,Entregado
501335,10293,20251226,Estándar,12,30.9,Media,76312.0,Estación Central,Entregado
501336,10312,20260731,Estándar,1,6.44,Baja,14896.0,La Granja,En preparación
501337,10374,20250412,Estándar,4,20.68,Media,33343.0,Vitacura,Entregado
501338,10240,20260730,Programado,2,2.6,Media,42629.0,Renca,Entregado
501339,10497,20260507,Estándar,5,14.37,Alta,44675.0,Lampa,Cancelado
501340,10486,20251222,Estándar,3,7.83,Baja,34469.0,Vitacura,En preparación
501341,10439,20261221,Estándar,12,63.36,Alta,66819.0,Maipú,En ruta
501342,10271,20261029,Programado,1,7.52,Baja,17240.0,Quilicura,Entregado
501343,10399,20250823,Express,7,14.59,Urgente,107013.0,Quinta Normal,Entregado
501344,10313,20250729,Estándar,7,48.38,Media,61008.0,La Granja,En ruta
501345,10193,20251117,Estándar,11,51.97,Media,73899.0,Independencia,En ruta
501346,10191,20260223,Programado,5,35.16,Media,50557.0,Puente Alto,Pendiente
501347,10004,20260515,Estándar,13,28.38,Alta,89262.0,Buin,Entregado
501348,10210,20250930,Estándar,15,60.88,Urgente,88542.0,Colina,Entregado
501349,10011,20260108,Estándar,6,10.85,Urgente,57629.0,Lo Barnechea,Entregado
501350,10485,20250123,Estándar,15,107.72,Alta,71418.0,Conchalí,Entregado
501351,10079,20260918,Estándar,9,71.5,Media,72794.0,Pedro Aguirre Cerda,Entregado
501352,10269,20250928,Estándar,1,3.96,Media,36783.0,Santiago,Entregado
501353,10493,20250918,Programado,9,13.46,Baja,93592.0,Conchalí,Entregado
501354,10377,20250522,Estándar,10,41.33,Alta,59157.0,La Florida,En ruta
501355,10255,20250828,Estándar,8,61.69,Baja,42230.0,El Bosque,Entregado
501356,10206,20250412,Estándar,2,7.27,Alta,21098.0,El Bosque,Entregado
501357,10164,20250518,Express,14,86.98,Alta,72934.0,El Bosque,Pendiente
501358,10381,20260329,Express,7,26.7,Baja,66369.0,La Florida,Entregado
501359,10145,20251219,Estándar,2,15.21,Baja,26415.0,Cerrillos,Pendiente
501360,10122,20250214,Estándar,6,36.22,Media,27936.0,Peñalolén,Entregado
501361,10469,20250730,Estándar,3,7.01,Urgente,25856.0,Colina,Entregado
501362,10195,20251022,Express,2,12.76,Alta,28295.0,Las Condes,Entregado
501363,10326,20260307,Estándar,11,80.58,Baja,47346.0,Renca,Entregado
501364,10410,20260331,Programado,12,60.29,Baja,111329.0,Pedro Aguirre Cerda,Entregado
501365,10197,20260901,Estándar,1,5.8,Urgente,16725.0,Puente Alto,En preparación
501366,10198,20250623,Estándar,7,20.13,Media,74173.0,Pedro Aguirre Cerda,Entregado
501367,10004,20250614,Estándar,7,14.85,Media,59940.0,Renca,Entregado
501368,10096,20260929,Estándar,12,45.11,Media,34851.0,Cerrillos,Entregado
501369,10248,20250402,Estándar,9,16.9,Media,78263.0,Pudahuel,Entregado
501370,10380,20260415,Estándar,15,83.25,Baja,142625.0,Lampa,Pendiente
501371,10257,20260522,Estándar,12,13.05,Media,83367.0,Cerrillos,Entregado
501372,10194,20260329,Programado,3,4.64,Baja,34976.0,Macul,Entregado
501373,10296,20260727,Estándar,6,42.86,Media,54476.0,Providencia,Pendiente
501374,10144,20260520,Estándar,8,8.05,Media,58145.0,Peñalolén,Entregado
501375,10267,20250422,Estándar,7,44.92,Media,51067.0,Lo Barnechea,Entregado
501376,10317,20260815,Estándar,11,78.23,Media,38216.0,Quilicura,Entregado
501377,10332,20251220,Express,15,71.92,Media,107356.0,Vitacura,Entregado
501378,10374,20250906,Estándar,14,109.45,Baja,119479.0,Providencia,En preparación
501379,10236,20250920,Estándar,11,47.25,Media,84374.0,Estación Central,En ruta
501380,10455,20260122,Estándar,11,41.79,Alta,103716.0,La Cisterna,Entregado
501381,10057,20260613,Estándar,7,39.27,Alta,56811.0,Independencia,Entregado
501382,10289,20260829,Express,1,4.47,Media,32477.0,Estación Central,Entregado
501383,10412,20250815,Programado,9,67.71,Urgente,68760.0,San Bernardo,Entregado
501384,10152,20261223,Express,15,76.98,Alta,68036.0,La Florida,Entregado
501385,10400,20250929,Estándar,9,67.57,Media,61985.0,Independencia,Entregado
501386,10022,20251112,Estándar,12,73.74,Media,77097.0,Quilicura,Entregado
501387,10153,20260225,Estándar,7,15.55,Media,61050.0,Lo Prado,Entregado
501388,10101,20261216,Estándar,10,19.03,Media,68546.0,Maipú,Entregado
501389,10349,20261016,Express,6,18.1,Media,71261.0,Lo Barnechea,Entregado
501390,10270,20260916,Express,12,25.69,Alta,146231.0,Lampa,En preparación
501391,10349,20260815,Express,14,74.09,Alta,126070.0,La Reina,Entregado
501392,10150,20260328,Estándar,14,91.93,Baja,61309.0,La Reina,En ruta
501393,10002,20250925,Programado,4,28.02,Media,43542.0,Peñalolén,En ruta
501394,10468,20261120,Express,2,3.3,Urgente,27684.0,Santiago,Entregado
501395,10367,20250811,Express,4,15.28,Media,62487.0,Pedro Aguirre Cerda,En ruta
501396,10417,20250803,Express,3,13.17,Alta,51065.0,Quinta Normal,Entregado
501397,10258,20250117,Estándar,12,63.8,Media,105768.0,Cerrillos,Entregado
501398,10138,20250830,Programado,11,26.39,Alta,51255.0,Las Condes,Entregado
501399,10227,20251123,Express,11,14.5,Alta,95101.0,El Bosque,En preparación
501400,10302,20260815,Express,11,79.06,Baja,120693.0,Renca,En ruta
501401,10287,20251009,Estándar,7,21.72,Media,67175.0,San Joaquín,Entregado
501402,10351,20260713,Estándar,9,36.44,Media,44498.0,Peñalolén,Entregado
501403,10325,20260711,Estándar,12,12.73,Alta,52841.0,Las Condes,Pendiente
501404,10357,20250723,Estándar,7,43.19,Baja,44390.0,Maipú,En ruta
501405,10484,20250122,Estándar,3,16.13,Media,40284.0,El Bosque,En preparación
501406,10082,20250401,Programado,2,15.42,Baja,24945.0,Colina,Entregado
501407,10171,20250523,Express,7,30.44,Alta,91070.0,Ñuñoa,En ruta
501408,10461,20260714,Estándar,13,99.4,Media,101528.0,Lampa,Entregado
501409,10217,20251226,Estándar,14,23.95,Media,137847.0,Vitacura,En ruta
501410,10484,20251029,Estándar,6,28.07,Media,41457.0,Huechuraba,Entregado
501411,10075,20250119,Express,7,13.36,Alta,71353.0,Colina,Entregado
501412,10448,20250121,Express,9,29.94,Alta,96725.0,Recoleta,Entregado
501413,10353,20260127,Express,12,79.38,Baja,136080.0,Renca,Entregado
501414,10175,20261231,Estándar,4,4.2,Media,22783.0,Quilicura,Pendiente
501415,10445,20250429,Programado,6,11.73,Urgente,69937.0,Peñalolén,En preparación
501416,10127,20260307,Estándar,3,16.62,Media,32401.0,Quilicura,En ruta
501417,10261,20250111,Estándar,11,17.77,Media,91361.0,Lo Barnechea,En preparación
501418,10248,20261218,Estándar,1,3.99,Alta,36007.0,Peñalolén,Entregado
501419,10183,20260417,Estándar,8,14.29,Baja,69814.0,Colina,Cancelado
501420,10019,20250525,Estándar,15,113.8,Media,69974.0,El Bosque,Entregado
501421,10429,20260227,Programado,5,13.16,Media,45478.0,Cerrillos,Entregado
501422,10189,20250825,Express,7,35.88,Media,53016.0,Recoleta,En preparación
501423,10456,20261119,Estándar,3,21.57,Media,33694.0,San Joaquín,Entregado
501424,10352,20260623,Express,7,54.99,Alta,76132.0,Ñuñoa,Entregado
501425,10205,20261227,Estándar,14,85.35,Baja,121324.0,Huechuraba,Entregado
501426,10365,20251117,Estándar,7,41.59,Urgente,40265.0,Ñuñoa,Entregado
501427,10262,20260909,Express,11,62.37,Alta,111004.0,Lo Prado,En preparación
501428,10059,20250311,Estándar,13,41.57,Media,56028.0,Conchalí,Entregado
501429,10442,20260608,Estándar,2,8.35,Media,24463.0,San Miguel,Entregado
501430,10064,20260309,Estándar,3,7.99,Alta,33183.0,Independencia,En ruta
501431,10072,20260729,Estándar,6,42.25,Media,24057.0,Puente Alto,Entregado
501432,10059,20261005,Estándar,12,72.13,Media,108720.0,Lo Barnechea,Entregado
501433,10326,20260508,Estándar,8,12.02,Baja,44135.0,Quinta Normal,Entregado
501434,10027,20260505,Estándar,6,45.62,Media,40617.0,Cerrillos,Entregado
501435,10076,20260417,Express,3,20.97,Urgente,39462.0,Renca,Entregado
501436,10119,20250607,Estándar,15,66.76,Baja,100271.0,Cerrillos,Entregado
501437,10259,20261208,Estándar,8,61.33,Urgente,84007.0,El Bosque,Cancelado
501438,10206,20260624,Express,12,95.79,Alta,127950.0,Renca,En ruta
501439,10415,20260728,Express,9,71.37,Alta,94789.0,La Cisterna,En ruta
501440,10200,20251208,Estándar,7,49.91,Media,46420.0,Huechuraba,En ruta
501441,10079,20260606,Estándar,8,13.56,Baja,48131.0,La Florida,Entregado
501442,10095,20250118,Estándar,2,14.25,Media,34430.0,Renca,Entregado
501443,10004,20260805,Estándar,14,34.03,Baja,115268.0,Peñalolén,Entregado
501444,10077,20251120,Estándar,13,47.49,Baja,107343.0,Buin,Entregado
501445,10026,20260903,Estándar,1,6.44,Media,25296.0,Santiago,Entregado
501446,10298,20250611,Estándar,11,79.12,Urgente,69834.0,Vitacura,Entregado
501447,10492,20260820,Estándar,15,87.42,Media,76572.0,Conchalí,Entregado
501448,10207,20260322,Estándar,13,27.27,Media,78200.0,Quinta Normal,Entregado
501449,10092,20250504,Estándar,8,37.74,Baja,39734.0,Conchalí,En ruta
501450,10026,20250607,Express,12,94.91,Alta,158050.0,Cerrillos,Entregado
501451,10393,20261217,Programado,4,25.59,Baja,26089.0,La Cisterna,En preparación
501452,10164,20260913,Estándar,1,3.35,Baja,29729.0,Santiago,Entregado
501453,10300,20251126,Estándar,10,40.52,Media,86374.0,Puente Alto,Entregado
501454,10186,20261226,Programado,5,21.27,Media,41638.0,Lo Barnechea,Entregado
501455,10290,20261201,Express,7,37.08,Urgente,86524.0,Macul,Entregado
501456,10411,20260519,Estándar,10,48.07,Media,74830.0,Buin,En ruta
501457,10268,20250123,Express,15,22.39,Urgente,165752.0,Peñalolén,Entregado
501458,10387,20260605,Express,1,7.1,Media,32585.0,Macul,Entregado
501459,10435,20260804,Estándar,12,73.96,Media,94380.0,Lampa,En preparación
501460,10406,20250109,Programado,10,59.39,Media,70806.0,San Ramón,En ruta
501461,10165,20261225,Estándar,9,67.95,Media,86830.0,Quilicura,Entregado
501462,10379,20260511,Estándar,10,46.63,Media,77171.0,Peñalolén,Entregado
501463,10145,20251118,Estándar,15,38.1,Baja,121673.0,San Ramón,Entregado
501464,10093,20260509,Estándar,4,22.36,Baja,34029.0,Lo Espejo,Entregado
501465,10290,20250727,Estándar,1,5.81,Media,29364.0,Lo Espejo,Entregado
501466,10095,20260308,Estándar,4,31.44,Media,57764.0,Renca,Pendiente
501467,10099,20250410,Express,7,30.3,Media,75639.0,Lo Espejo,En preparación
501468,10081,20251111,Express,11,59.06,Alta,125883.0,Cerrillos,Entregado
501469,10418,20261009,Estándar,7,7.51,Baja,60460.0,Macul,Entregado
501470,10331,20251116,Estándar,10,64.52,Media,78631.0,El Bosque,Entregado
501471,10326,20250616,Express,11,70.32,Alta,100568.0,San Miguel,Entregado
501472,10049,20260902,Express,9,65.0,Alta,107478.0,La Reina,Pendiente
501473,10261,20250805,Estándar,4,4.96,Media,33294.0,Conchalí,Entregado
501474,10342,20260613,Estándar,14,86.04,Baja,57017.0,Buin,En preparación
501475,10368,20260919,Estándar,6,19.5,Media,45071.0,Cerrillos,Entregado
501476,10486,20250720,Estándar,13,16.1,Alta,103693.0,La Reina,En preparación
501477,10162,20251001,Express,12,92.49,Media,69605.0,Independencia,Entregado
501478,10116,20251222,Estándar,7,9.45,Alta,48582.0,La Cisterna,En ruta
501479,10158,20260409,Programado,5,11.83,Baja,56244.0,Maipú,Entregado
501480,10338,20251024,Estándar,15,16.57,Media,141570.0,San Ramón,Entregado
501481,10054,20250728,Estándar,8,63.73,Alta,62482.0,Independencia,En ruta
501482,10425,20260910,Programado,12,86.06,Baja,62126.0,San Joaquín,En preparación
501483,10069,20260222,Express,15,85.55,Alta,88466.0,San Miguel,Entregado
501484,10334,20250325,Estándar,12,48.61,Media,57706.0,Buin,Entregado
501485,10412,20260827,Estándar,10,79.25,Baja,70245.0,Puente Alto,En ruta
501486,10465,20250810,Estándar,14,70.82,Media,102433.0,Conchalí,Entregado
501487,10334,20250827,Estándar,2,11.87,Media,17995.0,Quinta Normal,Entregado
501488,10358,20260922,Express,13,85.49,Alta,95378.0,Conchalí,Entregado
501489,10247,20260620,Express,12,44.9,Alta,72050.0,Lo Barnechea,Entregado
501490,10080,20250512,Estándar,3,22.28,Alta,45698.0,Lampa,En ruta
501491,10351,20260526,Express,1,2.03,Baja,16168.0,La Reina,Entregado
501492,10239,20261231,Estándar,8,42.19,Media,46949.0,Lo Prado,Entregado
501493,10423,20250410,Estándar,4,28.21,Media,30870.0,San Ramón,Entregado
501494,10469,20261016,Express,14,65.81,Alta,162699.0,Lampa,Entregado
501495,10167,20261109,Estándar,9,47.25,Media,66932.0,Renca,Cancelado
501496,10105,20250323,Estándar,3,9.42,Media,28843.0,Pudahuel,Entregado
501497,10126,20260620,Express,5,5.86,Baja,61343.0,La Reina,Entregado
501498,10203,20250410,Express,1,7.73,Alta,47168.0,San Ramón,Entregado
501499,10395,20250513,Estándar,11,84.47,Media,63771.0,La Cisterna,En preparación
501500,10480,20250509,Estándar,15,80.37,Alta,122803.0,Lo Barnechea,Entregado
501501,10287,20250426,Estándar,8,60.11,Media,77225.0,Buin,Entregado
501502,10236,20260306,Estándar,3,10.88,Alta,38531.0,Santiago,En preparación
501503,10278,20250119,Programado,10,54.15,Media,61665.0,Recoleta,En preparación
501504,10313,20250427,Estándar,12,82.52,Media,97688.0,Las Condes,En preparación
501505,10030,20251202,Programado,5,35.69,Baja,38232.0,Lo Espejo,Entregado
501506,10493,20251223,Estándar,6,10.03,Alta,38213.0,Lo Espejo,Cancelado
501507,10144,20250103,Express,7,17.41,Alta,63613.0,El Bosque,Entregado
501508,10372,20260308,Estándar,7,12.46,Alta,33722.0,Macul,Entregado
501509,10158,20260411,Estándar,15,78.34,Alta,67615.0,Buin,En preparación
501510,10073,20251116,Estándar,14,80.54,Media,120710.0,Santiago,Cancelado
501511,10371,20250907,Express,15,118.33,Alta,95484.0,Recoleta,Entregado
501512,10054,20260413,Express,2,8.96,Urgente,28669.0,Peñalolén,Entregado
501513,10091,20250628,Estándar,15,24.97,Media,137004.0,Renca,Entregado
501514,10342,20260621,Estándar,1,4.14,Baja,26903.0,Independencia,Entregado
501515,10438,20261006,Estándar,3,15.88,Media,35323.0,Puente Alto,Entregado
501516,10427,20260124,Express,11,74.53,Media,99868.0,Macul,Entregado
501517,10214,20260613,Estándar,11,36.42,Alta,66756.0,Ñuñoa,Cancelado
501518,10457,20260703,Estándar,14,89.09,Media,110206.0,La Florida,Entregado
501519,10436,20250212,Estándar,7,27.83,Baja,48695.0,Pedro Aguirre Cerda,Pendiente
501520,10190,20250326,Express,10,11.38,Urgente,109666.0,Puente Alto,Entregado
501521,10483,20250129,Estándar,6,14.27,Baja,57237.0,Quilicura,Entregado
501522,10337,20260910,Programado,9,18.95,Urgente,92197.0,Vitacura,Entregado
501523,10122,20260611,Estándar,14,58.23,Baja,91891.0,San Joaquín,Entregado
501524,10439,20250723,Estándar,7,31.47,Media,42980.0,Huechuraba,Entregado
501525,10086,20250226,Estándar,8,48.17,Media,48614.0,Macul,En ruta
501526,10191,20250302,Estándar,4,9.43,Media,30936.0,San Miguel,Entregado
501527,10096,20260129,Estándar,4,31.53,Alta,36131.0,Lo Barnechea,En ruta
501528,10031,20250712,Programado,11,55.12,Baja,57160.0,Macul,Entregado
501529,10034,20250205,Estándar,10,13.24,Baja,92598.0,Lo Prado,Entregado
501530,10188,20250505,Programado,1,1.86,Media,29796.0,La Florida,En ruta
501531,10012,20250718,Estándar,14,69.96,Alta,111266.0,Las Condes,Entregado
501532,10333,20250112,Express,4,19.03,Urgente,78251.0,La Granja,Pendiente
501533,10144,20250411,Estándar,6,11.01,Baja,58334.0,Quilicura,Entregado
501534,10295,20260607,Estándar,1,4.03,Media,19231.0,Colina,Entregado
501535,10492,20260608,Express,9,61.01,Alta,57112.0,La Cisterna,Entregado
501536,10064,20260804,Estándar,6,14.27,Alta,60972.0,Buin,En ruta
501537,10305,20250402,Estándar,3,3.42,Alta,25686.0,Vitacura,Entregado
501538,10205,20260209,Express,8,9.01,Alta,101966.0,Pudahuel,Entregado
501539,10157,20260711,Estándar,11,48.22,Media,111199.0,Recoleta,Entregado
501540,10427,20250704,Express,14,86.03,Alta,170045.0,Recoleta,Entregado
501541,10271,20260419,Estándar,15,118.58,Baja,43865.0,Buin,Entregado
501542,10350,20250415,Estándar,3,20.81,Media,46841.0,Pedro Aguirre Cerda,Entregado
501543,10050,20250704,Programado,15,99.73,Media,130731.0,Lampa,En preparación
501544,10318,20250627,Programado,14,91.59,Media,118271.0,Buin,Cancelado
501545,10206,20250427,Programado,8,30.97,Alta,66825.0,Las Condes,Pendiente
501546,10422,20260215,Express,6,13.72,Alta,60403.0,Peñalolén,Entregado
501547,10090,20260429,Estándar,3,15.27,Baja,27409.0,Maipú,Entregado
501548,10216,20260102,Estándar,4,19.77,Media,49373.0,Ñuñoa,Entregado
501549,10275,20251014,Express,10,79.36,Media,100788.0,San Bernardo,Pendiente
501550,10053,20250417,Estándar,5,21.15,Media,44192.0,Quilicura,Entregado
501551,10030,20250922,Estándar,8,60.72,Media,71335.0,Lo Barnechea,Entregado
501552,10095,20261222,Estándar,5,34.08,Urgente,33871.0,Ñuñoa,Entregado
501553,10061,20251206,Estándar,15,69.04,Media,51231.0,Renca,Entregado
501554,10225,20260410,Estándar,5,19.33,Media,33555.0,Macul,En ruta
501555,10376,20260710,Express,10,39.66,Alta,139185.0,Quilicura,En preparación
501556,10425,20260408,Programado,10,66.43,Media,92212.0,Lo Espejo,Entregado
501557,10333,20250515,Estándar,3,4.63,Baja,25169.0,Las Condes,En ruta
501558,10354,20261009,Express,9,37.57,Urgente,77408.0,Macul,Entregado
501559,10484,20251220,Estándar,4,5.38,Urgente,39798.0,Lo Espejo,Entregado
501560,10319,20260503,Estándar,9,69.1,Baja,65430.0,Macul,Entregado
501561,10038,20260324,Express,4,5.1,Alta,61935.0,Pudahuel,En preparación
501562,10323,20260812,Express,5,20.68,Urgente,35176.0,Estación Central,Entregado
501563,10279,20250612,Estándar,12,49.27,Alta,86865.0,La Florida,Entregado
501564,10394,20260128,Estándar,11,54.26,Media,91509.0,La Granja,Entregado
501565,10097,20250617,Express,1,1.68,Media,28085.0,Renca,En ruta
501566,10189,20250129,Programado,5,28.84,Baja,49982.0,Vitacura,Entregado
501567,10385,20260315,Estándar,4,10.81,Alta,43615.0,San Ramón,Entregado
501568,10447,20261209,Estándar,13,28.78,Media,88154.0,Lo Prado,En ruta
501569,10194,20260417,Estándar,10,70.6,Baja,42965.0,Ñuñoa,En ruta
501570,10190,20260517,Estándar,3,19.71,Baja,41932.0,Conchalí,Entregado
501571,10455,20260527,Estándar,12,83.2,Media,87806.0,Maipú,Pendiente
501572,10185,20260602,Express,9,12.66,Media,126399.0,Providencia,En ruta
501573,10194,20250809,Estándar,13,45.75,Media,100073.0,Puente Alto,En ruta
501574,10108,20251109,Estándar,3,7.2,Media,45922.0,San Bernardo,Pendiente
501575,10248,20250401,Programado,10,73.33,Baja,103470.0,Recoleta,Pendiente
501576,10076,20251218,Estándar,12,24.21,Media,106138.0,Macul,En preparación
501577,10419,20251022,Estándar,11,31.6,Urgente,102538.0,Colina,Entregado
501578,10403,20250510,Estándar,5,5.87,Baja,42318.0,Quilicura,Entregado
501579,10115,20250228,Estándar,9,19.28,Baja,45078.0,Maipú,Entregado
501580,10008,20250615,Express,2,15.09,Urgente,36284.0,San Bernardo,Entregado
501581,10314,20260715,Estándar,12,24.44,Urgente,55915.0,Quinta Normal,Entregado
501582,10232,20250824,Estándar,1,4.35,Alta,21192.0,Quinta Normal,En preparación
501583,10201,20251113,Express,7,40.34,Alta,103993.0,Colina,Entregado
501584,10180,20260622,Estándar,4,27.35,Alta,38062.0,Pudahuel,Entregado
501585,10411,20260213,Estándar,11,48.65,Alta,81438.0,La Granja,Entregado
501586,10339,20260205,Express,14,84.86,Alta,99749.0,Quinta Normal,Entregado
501587,10124,20250909,Express,2,13.01,Media,38133.0,La Granja,Entregado
501588,10040,20260227,Estándar,4,14.78,Media,35794.0,La Reina,Entregado
501589,10101,20260206,Express,6,36.7,Alta,98646.0,San Bernardo,Entregado
501590,10301,20251003,Estándar,1,5.18,Media,14303.0,Colina,Entregado
501591,10177,20260104,Programado,7,55.52,Media,81310.0,Macul,Entregado
501592,10207,20250205,Express,13,19.54,Urgente,118205.0,San Ramón,Entregado
501593,10292,20260824,Estándar,10,61.14,Media,32500.0,Buin,Entregado
501594,10193,20260827,Programado,4,25.49,Alta,29427.0,Vitacura,En ruta
501595,10398,20260902,Express,7,29.02,Urgente,58174.0,Maipú,En preparación
501596,10432,20260812,Express,11,74.13,Alta,125836.0,Renca,Cancelado
501597,10432,20260131,Estándar,13,54.59,Media,127452.0,Maipú,Entregado
501598,10007,20260630,Estándar,3,4.65,Urgente,40306.0,Buin,Entregado
501599,10111,20261218,Estándar,10,21.4,Media,90925.0,Lo Barnechea,Cancelado
501600,10065,20251114,Express,5,30.85,Alta,50838.0,Lo Prado,Entregado
501601,10300,20250501,Express,7,13.17,Baja,52684.0,Quinta Normal,Cancelado
501602,10257,20250326,Estándar,13,55.52,Baja,99251.0,San Ramón,Entregado
501603,10420,20260103,Estándar,3,10.17,Media,31338.0,San Ramón,Entregado
501604,10341,20261009,Estándar,3,14.4,Media,25126.0,Quilicura,Entregado
501605,10404,20261202,Estándar,4,9.97,Media,38238.0,La Cisterna,Entregado
501606,10183,20260328,Estándar,11,70.88,Media,54505.0,San Ramón,Entregado
501607,10120,20261101,Estándar,9,39.13,Media,85846.0,La Reina,Entregado
501608,10187,20251206,Estándar,7,26.74,Media,70180.0,Vitacura,Entregado
501609,10049,20260115,Express,12,48.78,Media,125653.0,Huechuraba,Cancelado
501610,10360,20261218,Estándar,6,46.15,Media,61924.0,La Florida,Entregado
501611,10188,20260821,Programado,9,19.16,Media,100448.0,Quinta Normal,En preparación
501612,10099,20250304,Estándar,4,7.25,Media,46879.0,Pedro Aguirre Cerda,Entregado
501613,10134,20251031,Programado,8,31.23,Baja,78092.0,La Florida,Entregado
501614,10242,20250821,Estándar,1,6.67,Media,24080.0,Independencia,Entregado
501615,10428,20250101,Estándar,8,25.15,Media,44671.0,Quilicura,Entregado
501616,10127,20261217,Express,11,32.51,Alta,106377.0,Ñuñoa,Entregado
501617,10230,20250404,Estándar,2,11.23,Media,28136.0,Conchalí,Entregado
501618,10029,20260627,Estándar,5,7.91,Media,34227.0,El Bosque,Entregado
501619,10200,20260904,Estándar,14,15.87,Baja,125278.0,Pedro Aguirre Cerda,Cancelado
501620,10011,20260406,Estándar,8,59.23,Media,48777.0,Macul,En preparación
501621,10169,20250722,Estándar,11,57.68,Baja,31033.0,La Cisterna,Entregado
501622,10417,20261212,Estándar,15,92.38,Media,76728.0,Macul,Entregado
501623,10264,20251126,Estándar,14,101.33,Media,122697.0,Cerrillos,Entregado
501624,10232,20250529,Estándar,11,57.34,Media,66206.0,San Bernardo,Entregado
501625,10311,20250831,Estándar,10,67.47,Alta,58815.0,Renca,Entregado
501626,10026,20260202,Estándar,3,23.07,Media,44705.0,Vitacura,Entregado
501627,10131,20260714,Estándar,8,33.64,Media,67999.0,Providencia,Entregado
501628,10402,20261127,Estándar,14,49.33,Baja,123586.0,Maipú,En ruta
501629,10344,20260512,Express,12,89.45,Media,126943.0,El Bosque,Entregado
501630,10101,20261216,Estándar,4,10.58,Media,24368.0,Pudahuel,En preparación
501631,10365,20250922,Estándar,5,18.9,Media,35852.0,Pedro Aguirre Cerda,Entregado
501632,10415,20260418,Estándar,1,1.07,Alta,16556.0,San Miguel,En preparación
501633,10096,20261219,Programado,15,54.71,Media,60369.0,Buin,Entregado
501634,10243,20250514,Estándar,8,43.98,Media,46706.0,Santiago,En ruta
501635,10349,20261220,Programado,5,25.81,Media,55283.0,Cerrillos,Entregado
501636,10466,20250319,Estándar,3,13.59,Media,31058.0,Puente Alto,Entregado
501637,10376,20260212,Estándar,8,18.95,Media,69247.0,Vitacura,En ruta
501638,10360,20250129,Estándar,15,60.63,Urgente,130014.0,Pudahuel,Entregado
501639,10152,20250905,Express,9,70.96,Media,106931.0,Pedro Aguirre Cerda,Entregado
501640,10465,20250726,Estándar,5,16.67,Baja,52648.0,Quilicura,Entregado
501641,10485,20261019,Express,14,84.45,Baja,132512.0,Macul,En preparación
501642,10333,20251021,Programado,12,80.69,Baja,64018.0,Santiago,En ruta
501643,10297,20250809,Estándar,2,11.25,Media,39134.0,Lampa,Pendiente
501644,10150,20250709,Estándar,7,16.34,Media,40289.0,Conchalí,Entregado
501645,10258,20260625,Express,10,52.43,Alta,88059.0,Lo Espejo,Entregado
501646,10450,20260422,Estándar,4,27.04,Media,49877.0,Conchalí,Entregado
501647,10202,20250104,Estándar,8,8.48,Baja,39115.0,Estación Central,Entregado
501648,10423,20250317,Estándar,7,52.1,Media,27102.0,Colina,En ruta
501649,10291,20260127,Estándar,10,79.66,Media,54103.0,Renca,Entregado
501650,10050,20260805,Express,2,7.76,Alta,52115.0,Lampa,Entregado
501651,10195,20261212,Programado,10,48.67,Baja,50587.0,Conchalí,Entregado
501652,10238,20250712,Express,5,34.55,Alta,38197.0,Puente Alto,Entregado
501653,10028,20251209,Estándar,5,34.21,Baja,46101.0,Huechuraba,Entregado
501654,10466,20250507,Estándar,2,6.63,Media,22915.0,Puente Alto,Cancelado
501655,10277,20250820,Express,7,32.41,Urgente,87012.0,La Florida,Entregado
501656,10214,20260612,Express,4,25.11,Alta,68799.0,Lampa,Entregado
501657,10372,20260109,Estándar,11,81.34,Baja,102162.0,La Granja,Entregado
501658,10168,20251206,Estándar,11,12.7,Baja,68472.0,Santiago,En preparación
501659,10425,20260829,Express,3,21.19,Urgente,43758.0,San Bernardo,Entregado
501660,10063,20260426,Estándar,9,27.89,Media,55302.0,Lo Barnechea,Pendiente
501661,10381,20250513,Express,10,24.36,Baja,93234.0,Las Condes,En ruta
501662,10229,20250707,Express,13,94.92,Alta,67954.0,Puente Alto,En ruta
501663,10212,20260820,Estándar,12,28.13,Media,52926.0,Maipú,Cancelado
501664,10220,20261101,Programado,8,52.14,Alta,60146.0,Conchalí,Entregado
501665,10365,20261216,Estándar,6,20.29,Alta,57342.0,La Florida,En ruta
501666,10043,20250116,Express,6,41.83,Urgente,95936.0,Maipú,En ruta
501667,10220,20250922,Estándar,11,37.84,Media,88326.0,Ñuñoa,Entregado
501668,10479,20250503,Estándar,7,20.71,Baja,47909.0,Renca,Entregado
501669,10286,20260531,Estándar,4,26.59,Baja,30533.0,Quilicura,Entregado
501670,10070,20261116,Estándar,7,47.17,Media,61373.0,San Bernardo,Entregado
501671,10343,20260609,Estándar,10,61.7,Media,85633.0,Pedro Aguirre Cerda,Entregado
501672,10340,20260121,Estándar,15,47.91,Media,113967.0,Conchalí,Entregado
501673,10312,20250504,Programado,13,56.8,Baja,76777.0,La Cisterna,Entregado
501674,10064,20250916,Estándar,11,66.95,Media,50995.0,La Cisterna,Entregado
501675,10010,20250429,Estándar,10,47.65,Media,86875.0,El Bosque,Entregado
501676,10288,20250120,Programado,5,23.3,Alta,48769.0,Pedro Aguirre Cerda,Entregado
501677,10320,20261209,Express,3,5.08,Alta,39945.0,Buin,Entregado
501678,10212,20260802,Programado,14,104.82,Media,126451.0,La Cisterna,Entregado
501679,10160,20261011,Programado,6,12.43,Baja,46946.0,Quinta Normal,En ruta
501680,10092,20251026,Estándar,3,16.44,Baja,28301.0,Pudahuel,En preparación
501681,10166,20260407,Estándar,2,15.46,Media,26299.0,El Bosque,En preparación
501682,10177,20250328,Estándar,10,66.0,Media,82558.0,Ñuñoa,Entregado
501683,10068,20251009,Express,7,32.0,Urgente,34308.0,La Cisterna,En ruta
501684,10277,20250907,Estándar,14,15.82,Media,83147.0,La Cisterna,Entregado
501685,10348,20251219,Express,8,49.58,Alta,78265.0,La Florida,Entregado
501686,10426,20261031,Estándar,7,44.44,Media,73245.0,Renca,Entregado
501687,10141,20250713,Estándar,11,56.01,Media,70760.0,Quinta Normal,En ruta
501688,10419,20250124,Express,2,13.21,Urgente,36732.0,Ñuñoa,Entregado
501689,10435,20260310,Estándar,13,79.19,Alta,65795.0,Santiago,Entregado
501690,10315,20260210,Estándar,12,87.07,Baja,87772.0,Puente Alto,Pendiente
501691,10368,20260928,Estándar,4,15.86,Urgente,54992.0,La Reina,Entregado
501692,10280,20250504,Estándar,8,14.36,Alta,45814.0,La Cisterna,Entregado
501693,10345,20250812,Estándar,15,64.59,Alta,83988.0,Maipú,Entregado
501694,10339,20250124,Programado,9,68.31,Media,58456.0,El Bosque,Entregado
501695,10328,20260609,Estándar,6,37.17,Media,34375.0,Recoleta,Entregado
501696,10236,20250510,Express,11,30.13,Alta,105300.0,Lo Barnechea,Entregado
501697,10214,20250515,Estándar,8,48.44,Media,79520.0,Vitacura,Entregado
501698,10444,20250814,Express,10,78.41,Baja,96285.0,San Bernardo,Entregado
501699,10085,20260626,Estándar,8,14.31,Baja,73505.0,Quinta Normal,Entregado
501700,10475,20260111,Estándar,1,4.05,Media,24338.0,El Bosque,Cancelado
501701,10127,20260409,Programado,11,31.56,Media,107628.0,Peñalolén,Entregado
501702,10229,20260415,Express,1,3.25,Urgente,32536.0,Colina,En ruta
501703,10266,20250620,Express,4,20.71,Urgente,45699.0,Recoleta,En ruta
501704,10211,20250928,Express,13,85.9,Media,74485.0,Buin,En ruta
501705,10017,20261226,Estándar,15,106.33,Baja,62217.0,Las Condes,Cancelado
501706,10221,20260517,Estándar,9,13.59,Alta,84788.0,Lampa,Cancelado
501707,10485,20261027,Estándar,6,21.33,Media,38692.0,Maipú,Entregado
501708,10433,20260615,Express,7,44.91,Baja,80603.0,Pudahuel,Pendiente
501709,10210,20260615,Express,8,54.3,Urgente,69659.0,El Bosque,En ruta
501710,10498,20251111,Estándar,7,51.05,Urgente,67441.0,Lo Prado,Entregado
501711,10231,20260611,Estándar,3,16.39,Baja,38313.0,Pedro Aguirre Cerda,Pendiente
501712,10375,20250827,Express,14,49.22,Urgente,91998.0,Peñalolén,Entregado
501713,10064,20261028,Programado,6,17.27,Media,54680.0,Quinta Normal,Entregado
501714,10097,20250504,Express,4,28.96,Alta,76947.0,San Miguel,Entregado
501715,10003,20261024,Estándar,7,28.89,Urgente,67608.0,La Cisterna,Entregado
501716,10235,20260701,Estándar,6,18.45,Alta,34345.0,San Bernardo,En ruta
501717,10003,20260706,Estándar,14,64.66,Media,97323.0,Santiago,Entregado
501718,10161,20250219,Estándar,5,15.72,Baja,63221.0,San Ramón,Entregado
501719,10251,20250104,Estándar,7,36.45,Media,38246.0,La Reina,Entregado
501720,10135,20260821,Estándar,12,95.13,Alta,47742.0,Las Condes,Entregado
501721,10007,20250304,Estándar,2,15.23,Media,19750.0,Cerrillos,Entregado
501722,10074,20260128,Estándar,3,4.35,Alta,26943.0,Colina,En ruta
501723,10218,20251022,Express,10,34.65,Alta,93654.0,La Cisterna,Entregado
501724,10210,20250331,Estándar,10,43.82,Baja,36853.0,Buin,Entregado
501725,10264,20260720,Estándar,14,58.63,Media,90572.0,Quilicura,En ruta
501726,10106,20260614,Estándar,6,13.68,Alta,28939.0,Independencia,En ruta
501727,10408,20250906,Estándar,6,34.29,Alta,39878.0,Lampa,Entregado
501728,10453,20251120,Estándar,9,50.3,Alta,88196.0,Las Condes,Entregado
501729,10394,20260529,Express,6,10.13,Alta,68340.0,La Reina,En ruta
501730,10405,20260201,Programado,13,28.62,Media,53658.0,Colina,Entregado
501731,10278,20261231,Estándar,5,5.26,Media,35845.0,Independencia,En ruta
501732,10146,20261103,Estándar,2,14.34,Media,22729.0,Las Condes,Entregado
501733,10211,20260311,Estándar,8,62.89,Urgente,26982.0,Peñalolén,Entregado
501734,10487,20250818,Estándar,12,49.5,Urgente,81212.0,San Miguel,Entregado
501735,10121,20261021,Express,14,52.68,Media,97193.0,Lampa,Entregado
501736,10130,20250909,Programado,12,44.35,Media,92436.0,Pudahuel,Entregado
501737,10204,20260430,Express,1,3.92,Media,46734.0,Huechuraba,En preparación
501738,10199,20260104,Express,7,13.19,Alta,50786.0,Huechuraba,Entregado
501739,10493,20261106,Express,11,59.57,Alta,121455.0,Pudahuel,Entregado
501740,10470,20260404,Express,2,9.79,Alta,25280.0,Renca,Entregado
501741,10079,20251107,Estándar,10,66.35,Alta,79764.0,Pudahuel,Entregado
501742,10422,20250505,Estándar,7,31.53,Media,58994.0,Buin,En ruta
501743,10484,20260101,Estándar,9,27.99,Alta,46913.0,Lampa,En ruta
501744,10375,20250425,Estándar,13,54.19,Urgente,57691.0,Recoleta,Entregado
501745,10358,20260227,Programado,2,14.94,Media,29050.0,Independencia,Entregado
501746,10369,20261111,Estándar,13,93.34,Media,120558.0,Las Condes,En preparación
501747,10073,20250909,Estándar,8,30.81,Media,38511.0,Las Condes,En preparación
501748,10067,20261023,Estándar,15,85.41,Baja,81189.0,Quinta Normal,En ruta
501749,10400,20260513,Estándar,5,20.86,Baja,24300.0,Lo Espejo,Entregado
501750,10456,20250331,Express,10,41.74,Alta,62597.0,Renca,En ruta
501751,10284,20251207,Estándar,6,19.99,Media,57840.0,Independencia,En preparación
501752,10498,20250815,Estándar,14,89.41,Baja,92072.0,Conchalí,Entregado
501753,10227,20250930,Estándar,13,39.29,Alta,51559.0,Estación Central,Pendiente
501754,10471,20250619,Estándar,9,40.76,Media,96364.0,Renca,Entregado
501755,10173,20250922,Estándar,1,6.68,Media,21507.0,Lo Barnechea,Entregado
501756,10241,20260409,Estándar,10,16.29,Media,67122.0,Vitacura,En ruta
501757,10245,20261124,Express,8,46.79,Media,72568.0,Macul,En preparación
501758,10370,20250722,Estándar,5,16.3,Media,35426.0,Macul,Entregado
501759,10127,20251018,Estándar,2,6.83,Media,33073.0,La Florida,Entregado
501760,10185,20250421,Estándar,13,68.34,Baja,80535.0,Estación Central,Entregado
501761,10382,20250810,Express,13,72.4,Alta,99083.0,Providencia,Entregado
501762,10203,20250519,Programado,1,2.5,Media,21844.0,Quilicura,Entregado
501763,10135,20250719,Estándar,9,36.79,Media,72719.0,Quinta Normal,En ruta
501764,10037,20250505,Estándar,15,87.18,Media,101631.0,Conchalí,Entregado
501765,10425,20261002,Estándar,12,80.76,Media,60892.0,Huechuraba,Entregado
501766,10250,20250127,Estándar,3,23.53,Media,35435.0,Providencia,En ruta
501767,10360,20250111,Express,3,6.87,Alta,38169.0,Vitacura,Entregado
501768,10129,20250805,Express,15,82.42,Media,126920.0,Lo Prado,Entregado
501769,10088,20260304,Programado,8,52.68,Alta,61250.0,Quilicura,Entregado
501770,10389,20260823,Estándar,12,21.76,Media,45118.0,Estación Central,Entregado
501771,10431,20261220,Express,6,14.84,Urgente,57835.0,Independencia,Entregado
501772,10335,20260523,Express,14,23.31,Urgente,128944.0,El Bosque,Entregado
501773,10334,20250829,Express,12,56.7,Alta,80455.0,Lo Espejo,En ruta
501774,10304,20250729,Programado,10,56.04,Media,47641.0,Pedro Aguirre Cerda,Entregado
501775,10093,20260627,Estándar,4,26.55,Media,46244.0,San Joaquín,Entregado
501776,10196,20250502,Estándar,7,42.05,Media,82473.0,Buin,En preparación
501777,10129,20260426,Express,7,7.39,Alta,40673.0,Estación Central,Entregado
501778,10149,20250925,Estándar,14,57.18,Baja,93503.0,Santiago,En ruta
501779,10079,20250616,Express,12,53.41,Urgente,79191.0,Estación Central,En ruta
501780,10422,20261113,Express,12,16.35,Baja,149967.0,Buin,Entregado
501781,10321,20250211,Express,13,93.3,Urgente,79510.0,Peñalolén,Entregado
501782,10345,20260612,Estándar,10,69.73,Media,72543.0,Providencia,Entregado
501783,10088,20250609,Estándar,9,58.15,Media,75782.0,Maipú,En ruta
501784,10393,20260925,Estándar,9,26.93,Media,67059.0,Pedro Aguirre Cerda,En preparación
501785,10384,20250709,Estándar,2,9.66,Media,21289.0,Lo Prado,En ruta
501786,10158,20260226,Express,1,6.07,Urgente,25888.0,Colina,Cancelado
501787,10259,20260805,Estándar,14,106.91,Urgente,73523.0,Providencia,En preparación
501788,10270,20250109,Express,12,17.94,Alta,65039.0,Ñuñoa,Pendiente
501789,10289,20250320,Express,7,54.55,Baja,43608.0,Buin,Entregado
501790,10352,20260826,Programado,10,10.61,Urgente,94510.0,Las Condes,En ruta
501791,10266,20260802,Estándar,12,19.08,Urgente,57887.0,Cerrillos,Entregado
501792,10333,20251114,Programado,15,84.94,Baja,135478.0,Puente Alto,Entregado
501793,10246,20250514,Express,4,30.58,Alta,58459.0,El Bosque,Entregado
501794,10344,20250726,Estándar,7,44.76,Media,25541.0,Conchalí,Entregado
501795,10001,20260111,Express,4,12.52,Alta,68830.0,La Reina,En preparación
501796,10235,20250510,Express,9,29.13,Urgente,69582.0,El Bosque,Pendiente
501797,10479,20251025,Express,6,43.35,Alta,56988.0,San Bernardo,Entregado
501798,10144,20250715,Programado,12,86.54,Baja,111790.0,Peñalolén,Entregado
501799,10383,20251002,Express,13,49.03,Urgente,116610.0,La Cisterna,Entregado
501800,10333,20250217,Estándar,14,49.74,Baja,51684.0,Estación Central,Entregado
501801,10181,20260628,Estándar,4,30.41,Baja,38875.0,Colina,Entregado
501802,10271,20260724,Estándar,8,58.17,Media,62624.0,Ñuñoa,Pendiente
501803,10002,20251209,Programado,9,18.18,Media,94399.0,Santiago,Entregado
501804,10457,20261208,Estándar,6,32.63,Baja,39899.0,Recoleta,Entregado
501805,10005,20261102,Estándar,3,21.64,Baja,40603.0,Maipú,Entregado
501806,10490,20250903,Estándar,15,34.62,Media,122170.0,La Granja,Entregado
501807,10192,20260216,Estándar,14,31.92,Alta,59656.0,Recoleta,Entregado
501808,10466,20261028,Estándar,11,14.72,Alta,82087.0,El Bosque,Entregado
501809,10500,20250830,Estándar,10,31.34,Media,40897.0,Las Condes,Entregado
501810,10240,20260528,Estándar,5,37.58,Urgente,41291.0,San Ramón,Entregado
501811,10143,20261230,Express,14,76.92,Media,186183.0,Lo Espejo,Entregado
501812,10148,20250520,Express,8,55.88,Alta,80424.0,Independencia,En ruta
501813,10475,20260508,Estándar,4,31.54,Media,37567.0,Ñuñoa,Entregado
501814,10464,20251226,Estándar,1,5.71,Media,19501.0,Lo Espejo,Entregado
501815,10002,20250114,Programado,5,9.57,Baja,26646.0,San Joaquín,Entregado
501816,10019,20260801,Estándar,3,6.1,Media,28562.0,Lo Espejo,En ruta
501817,10443,20250502,Estándar,1,6.11,Media,22897.0,Lampa,Entregado
501818,10473,20250711,Programado,10,76.9,Alta,56262.0,Maipú,En ruta
501819,10490,20251227,Estándar,1,3.73,Media,32110.0,Maipú,Entregado
501820,10354,20250601,Express,5,36.99,Alta,77290.0,Recoleta,En preparación
501821,10102,20250905,Estándar,5,5.83,Baja,42920.0,Lo Prado,En ruta
501822,10379,20261127,Estándar,12,18.22,Media,103101.0,Cerrillos,Cancelado
501823,10069,20250709,Estándar,8,22.92,Baja,33966.0,Lo Prado,Entregado
501824,10319,20260527,Programado,5,23.27,Baja,65708.0,Ñuñoa,Entregado
501825,10350,20261122,Estándar,8,9.7,Urgente,58399.0,Conchalí,Entregado
501826,10044,20260108,Express,1,7.8,Urgente,42599.0,Peñalolén,Entregado
501827,10313,20251010,Estándar,11,33.94,Urgente,39168.0,Estación Central,En ruta
501828,10401,20260426,Estándar,11,39.61,Alta,47411.0,Vitacura,En preparación
501829,10011,20250614,Express,13,89.64,Urgente,55683.0,Quilicura,Entregado
501830,10128,20260410,Estándar,10,66.67,Media,91493.0,El Bosque,Entregado
501831,10344,20261213,Estándar,15,30.84,Media,120298.0,Quinta Normal,Cancelado
501832,10445,20250711,Estándar,14,73.58,Media,61031.0,Las Condes,Cancelado
501833,10091,20251022,Programado,4,25.31,Urgente,42432.0,La Cisterna,Entregado
501834,10019,20260330,Programado,9,57.35,Alta,86585.0,Peñalolén,En preparación
501835,10115,20260118,Estándar,6,36.85,Media,62246.0,Peñalolén,Entregado
501836,10464,20251102,Estándar,14,14.46,Media,95213.0,Puente Alto,Entregado
501837,10416,20260312,Estándar,4,15.75,Baja,42153.0,Lampa,Cancelado
501838,10083,20250116,Estándar,8,17.91,Alta,78789.0,Huechuraba,Entregado
501839,10355,20250315,Estándar,11,54.44,Media,71670.0,Ñuñoa,Entregado
501840,10458,20260429,Express,14,67.65,Urgente,153167.0,La Florida,En preparación
501841,10246,20250414,Estándar,5,12.97,Media,58084.0,San Miguel,Entregado
501842,10160,20250627,Estándar,11,86.04,Media,63689.0,La Granja,En ruta
501843,10235,20260115,Programado,2,14.93,Media,29654.0,Las Condes,En preparación
501844,10420,20260711,Estándar,12,20.85,Alta,83977.0,Quilicura,Entregado
501845,10126,20251117,Estándar,10,73.49,Media,58945.0,La Reina,Entregado
501846,10133,20260128,Estándar,8,22.93,Alta,47645.0,El Bosque,Cancelado
501847,10326,20260123,Estándar,15,68.91,Media,104910.0,Providencia,Entregado
501848,10172,20250508,Estándar,13,79.06,Media,46178.0,Vitacura,Entregado
501849,10361,20250513,Estándar,8,21.7,Media,79695.0,Buin,Entregado
501850,10170,20250320,Estándar,14,19.99,Media,114601.0,San Miguel,Cancelado
501851,10019,20261208,Estándar,15,109.81,Media,125516.0,La Reina,Entregado
501852,10394,20250730,Estándar,15,37.35,Alta,62004.0,Lo Barnechea,Entregado
501853,10436,20250917,Estándar,3,10.99,Media,47212.0,Estación Central,En preparación
501854,10274,20250807,Programado,2,15.48,Media,41789.0,Conchalí,Pendiente
501855,10394,20250719,Estándar,1,4.16,Alta,22577.0,Providencia,Pendiente
501856,10222,20251023,Programado,6,35.45,Baja,72436.0,Peñalolén,Entregado
501857,10354,20250323,Programado,2,6.77,Alta,36318.0,Las Condes,Entregado
501858,10305,20260501,Programado,5,38.94,Media,55002.0,Lo Barnechea,Entregado
501859,10046,20260607,Programado,8,35.28,Media,89307.0,Pudahuel,Entregado
501860,10318,20260829,Estándar,14,33.75,Baja,126751.0,Lo Espejo,En preparación
501861,10063,20261108,Estándar,12,33.96,Baja,66062.0,Quinta Normal,Entregado
501862,10402,20251212,Estándar,11,75.18,Alta,91137.0,Buin,Entregado
501863,10467,20250712,Estándar,14,21.01,Media,110295.0,Cerrillos,En ruta
501864,10148,20251109,Programado,13,41.48,Alta,84227.0,Pudahuel,Entregado
501865,10487,20250505,Express,5,5.98,Urgente,53503.0,Renca,Entregado
501866,10395,20251019,Express,6,32.77,Alta,46826.0,La Cisterna,Entregado
501867,10133,20260224,Express,2,3.59,Alta,31662.0,La Florida,Entregado
501868,10043,20250524,Programado,13,97.33,Media,64307.0,Cerrillos,Entregado
501869,10323,20261016,Estándar,7,12.19,Alta,47011.0,Lo Prado,Entregado
501870,10114,20260105,Estándar,8,53.59,Alta,57596.0,San Miguel,Entregado
501871,10240,20250301,Estándar,6,18.26,Media,24271.0,Lo Barnechea,En preparación
501872,10218,20250724,Estándar,4,31.83,Alta,34536.0,Peñalolén,Entregado
501873,10095,20250221,Estándar,8,39.55,Alta,73476.0,Colina,En ruta
501874,10456,20251129,Estándar,12,67.37,Media,75249.0,La Granja,Entregado
501875,10305,20260125,Estándar,13,26.74,Baja,88419.0,Lo Espejo,Entregado
501876,10376,20260223,Estándar,7,9.52,Alta,53015.0,Lampa,Entregado
501877,10352,20260623,Estándar,2,12.92,Baja,29376.0,Lampa,Entregado
501878,10191,20261228,Express,5,31.02,Urgente,86436.0,Lo Espejo,Entregado
501879,10238,20250530,Estándar,11,58.92,Media,40656.0,Las Condes,Entregado
501880,10128,20260706,Estándar,12,44.28,Baja,53338.0,El Bosque,Entregado
501881,10038,20260221,Estándar,6,7.12,Media,47465.0,Estación Central,Pendiente
501882,10092,20250628,Estándar,5,13.93,Baja,34744.0,Huechuraba,En ruta
501883,10107,20250105,Estándar,1,3.5,Media,20394.0,Maipú,Pendiente
501884,10047,20251227,Express,14,54.9,Alta,89973.0,San Ramón,Entregado
501885,10207,20260528,Express,1,7.77,Media,46370.0,Buin,Entregado
501886,10339,20250621,Estándar,10,73.16,Baja,58863.0,Pedro Aguirre Cerda,Entregado
501887,10129,20261218,Estándar,12,33.38,Media,60494.0,Las Condes,Entregado
501888,10094,20250109,Estándar,14,96.91,Baja,111416.0,Colina,Entregado
501889,10325,20260115,Estándar,11,21.84,Baja,54793.0,Buin,En ruta
501890,10432,20260822,Estándar,7,38.99,Baja,73853.0,Colina,Entregado
501891,10160,20260130,Estándar,9,13.41,Baja,88812.0,La Florida,En preparación
501892,10033,20261216,Express,6,41.06,Urgente,48318.0,San Miguel,Entregado
501893,10159,20260510,Express,8,62.81,Urgente,108644.0,La Granja,En preparación
501894,10364,20250217,Estándar,11,30.58,Media,97672.0,Buin,En ruta
501895,10482,20260221,Estándar,12,67.82,Media,82891.0,Pudahuel,Entregado
501896,10375,20250210,Estándar,2,4.01,Baja,16358.0,Macul,Entregado
501897,10494,20260521,Estándar,8,63.37,Baja,65996.0,Buin,Entregado
501898,10280,20250708,Estándar,8,8.56,Media,26534.0,San Bernardo,Entregado
501899,10071,20250120,Estándar,9,51.16,Baja,60273.0,El Bosque,Entregado
501900,10268,20260613,Estándar,8,58.0,Media,42043.0,Conchalí,Entregado
501901,10258,20250409,Programado,13,97.94,Media,66653.0,Buin,En preparación
501902,10318,20250322,Estándar,3,6.41,Alta,29223.0,Providencia,Entregado
501903,10304,20250415,Estándar,3,15.59,Baja,31887.0,Lo Barnechea,En ruta
501904,10040,20260915,Estándar,1,7.15,Media,34238.0,Estación Central,Entregado
501905,10210,20260719,Express,4,7.94,Baja,55686.0,Lo Prado,Entregado
501906,10392,20261108,Estándar,8,58.02,Media,66661.0,Vitacura,Entregado
501907,10455,20261103,Estándar,15,38.12,Media,105721.0,Las Condes,En ruta
501908,10161,20251123,Estándar,7,21.99,Media,35300.0,Huechuraba,Entregado
501909,10042,20250225,Programado,8,23.36,Alta,63896.0,Renca,En preparación
501910,10316,20251211,Estándar,5,11.81,Media,53030.0,Estación Central,Entregado
501911,10052,20250814,Estándar,5,27.87,Media,36526.0,Lo Prado,Pendiente
501912,10455,20250523,Programado,13,87.02,Media,106843.0,Independencia,Entregado
501913,10113,20260801,Express,15,35.62,Alta,161509.0,Las Condes,Entregado
501914,10305,20260526,Estándar,3,20.04,Alta,37938.0,Buin,Entregado
501915,10235,20250919,Estándar,11,23.38,Alta,73469.0,Estación Central,Entregado
501916,10322,20260903,Programado,5,17.1,Baja,26344.0,Puente Alto,Entregado
501917,10021,20261225,Estándar,3,11.85,Alta,35393.0,Huechuraba,Entregado
501918,10334,20250914,Express,11,55.31,Media,117786.0,Lo Barnechea,Entregado
501919,10220,20251214,Estándar,13,26.29,Urgente,95286.0,Independencia,Entregado
501920,10066,20250223,Estándar,5,39.39,Alta,50264.0,Peñalolén,Entregado
501921,10282,20260526,Express,5,6.51,Alta,49984.0,Quilicura,Entregado
501922,10194,20260424,Estándar,6,15.45,Media,64172.0,San Miguel,En preparación
501923,10403,20261121,Estándar,7,41.61,Baja,76611.0,San Joaquín,Cancelado
501924,10472,20260418,Programado,10,60.09,Baja,93213.0,El Bosque,Entregado
501925,10398,20251115,Estándar,4,19.47,Baja,40781.0,Las Condes,Cancelado
501926,10067,20251203,Estándar,2,5.44,Baja,40622.0,San Bernardo,Entregado
501927,10384,20260426,Programado,7,51.96,Alta,56448.0,Pudahuel,Entregado
501928,10190,20260101,Estándar,2,4.49,Media,38346.0,Lo Prado,En ruta
501929,10483,20260923,Estándar,7,36.69,Media,59977.0,Providencia,Entregado
501930,10260,20261016,Estándar,6,45.07,Alta,56030.0,La Granja,Entregado
501931,10188,20250731,Estándar,8,8.63,Media,35344.0,Estación Central,En ruta
501932,10246,20260606,Programado,10,65.26,Baja,56315.0,La Granja,Entregado
501933,10300,20260519,Estándar,10,73.39,Media,53121.0,La Cisterna,Cancelado
501934,10153,20260726,Programado,2,11.11,Baja,42940.0,Macul,Entregado
501935,10319,20260302,Estándar,5,18.15,Media,40198.0,Cerrillos,Entregado
501936,10350,20251113,Estándar,8,60.86,Alta,35787.0,Las Condes,Entregado
501937,10362,20250521,Express,11,87.36,Media,73980.0,Lo Barnechea,En ruta
501938,10347,20250918,Express,14,111.14,Media,137624.0,Cerrillos,Entregado
501939,10365,20251014,Estándar,1,6.72,Media,17992.0,Lo Espejo,Entregado
501940,10461,20250612,Express,14,72.32,Urgente,143762.0,Colina,Entregado
501941,10370,20250511,Estándar,5,17.12,Alta,29927.0,La Reina,En preparación
501942,10451,20250501,Estándar,8,48.86,Alta,51844.0,Santiago,Cancelado
501943,10105,20260222,Estándar,11,57.52,Media,73202.0,Cerrillos,Entregado
501944,10454,20250425,Estándar,6,42.05,Alta,51894.0,Renca,Entregado
501945,10161,20250527,Estándar,3,6.35,Media,32514.0,Vitacura,En ruta
501946,10023,20250527,Estándar,12,51.79,Baja,56831.0,Independencia,Entregado
501947,10140,20260831,Estándar,9,61.02,Urgente,75655.0,Quinta Normal,Entregado
501948,10466,20250820,Estándar,1,3.25,Baja,16555.0,San Bernardo,En preparación
501949,10168,20250602,Express,3,10.0,Alta,49394.0,La Reina,En ruta
501950,10347,20260627,Estándar,7,8.05,Alta,40771.0,La Reina,Entregado
501951,10221,20250506,Estándar,13,81.93,Alta,53602.0,Huechuraba,Entregado
501952,10217,20250621,Estándar,10,21.8,Baja,55096.0,Recoleta,En preparación
501953,10008,20250101,Estándar,3,15.52,Media,30344.0,Providencia,Entregado
501954,10203,20250814,Programado,3,16.78,Alta,47180.0,Estación Central,En ruta
501955,10020,20261006,Estándar,1,1.89,Media,16731.0,Pudahuel,Entregado
501956,10476,20260115,Express,11,31.25,Alta,123174.0,Lampa,Entregado
501957,10475,20260630,Estándar,7,47.63,Baja,68615.0,Lo Espejo,Entregado
501958,10304,20250927,Estándar,15,25.33,Alta,53259.0,Ñuñoa,Entregado
501959,10120,20250831,Estándar,2,8.23,Media,29092.0,Quinta Normal,Entregado
501960,10068,20261101,Programado,4,26.11,Alta,42913.0,Vitacura,Entregado
501961,10384,20260715,Express,11,45.76,Alta,70980.0,La Florida,Entregado
501962,10220,20260306,Estándar,1,3.37,Media,18456.0,Buin,Entregado
501963,10177,20260131,Estándar,11,22.85,Media,55291.0,Macul,En preparación
501964,10459,20250209,Express,8,61.6,Alta,86198.0,Lo Espejo,Entregado
501965,10329,20260507,Estándar,12,45.49,Urgente,94652.0,San Bernardo,En preparación
501966,10100,20250908,Programado,4,28.92,Media,27130.0,Vitacura,Entregado
501967,10366,20250723,Estándar,4,28.47,Media,38966.0,Buin,Entregado
501968,10108,20260807,Estándar,3,9.89,Alta,32435.0,Conchalí,Cancelado
501969,10166,20260103,Estándar,4,14.1,Media,39009.0,San Bernardo,Entregado
501970,10220,20250420,Express,6,31.87,Alta,78660.0,Lo Barnechea,Entregado
501971,10426,20250207,Estándar,6,38.89,Media,56369.0,Lampa,Entregado
501972,10091,20260317,Estándar,10,21.5,Baja,54030.0,La Reina,Entregado
501973,10353,20250324,Estándar,7,37.71,Alta,65147.0,Buin,Entregado
501974,10084,20250310,Estándar,4,15.85,Alta,31495.0,Estación Central,Entregado
501975,10030,20251106,Estándar,5,7.44,Baja,44445.0,Pedro Aguirre Cerda,En ruta
501976,10060,20260424,Estándar,8,38.58,Baja,36636.0,Pudahuel,Entregado
501977,10491,20260927,Estándar,6,19.8,Media,42205.0,Colina,En preparación
501978,10295,20251217,Estándar,7,36.3,Media,43443.0,Peñalolén,Entregado
501979,10010,20250902,Express,5,24.92,Media,45838.0,Macul,Cancelado
501980,10022,20250929,Estándar,14,27.36,Alta,125597.0,Independencia,Entregado
501981,10304,20260629,Express,6,10.44,Media,90188.0,Estación Central,Entregado
501982,10178,20260411,Estándar,9,31.13,Alta,54925.0,Maipú,Entregado
501983,10005,20260303,Estándar,14,64.44,Media,97691.0,Ñuñoa,Entregado
501984,10495,20250328,Estándar,4,21.72,Media,41198.0,La Reina,En ruta
501985,10415,20261216,Estándar,4,4.97,Alta,53450.0,San Joaquín,Entregado
501986,10202,20260712,Express,5,15.64,Alta,49669.0,Recoleta,Entregado
501987,10016,20251011,Express,13,51.0,Urgente,166452.0,Vitacura,En preparación
501988,10223,20250119,Estándar,11,76.05,Media,74324.0,Macul,Entregado
501989,10153,20250309,Estándar,14,71.0,Media,114932.0,Macul,Entregado
501990,10135,20260130,Estándar,12,90.95,Media,87802.0,Recoleta,Entregado
501991,10410,20261007,Estándar,15,62.29,Baja,110034.0,Maipú,Cancelado
501992,10127,20260506,Estándar,2,4.69,Media,38761.0,Colina,En ruta
501993,10433,20250917,Estándar,4,31.95,Baja,20096.0,Estación Central,Entregado
501994,10355,20260504,Express,6,29.73,Media,79615.0,La Cisterna,Entregado
501995,10134,20250108,Programado,1,5.22,Media,37827.0,Colina,En ruta
501996,10425,20250320,Express,13,80.9,Baja,123530.0,Lampa,Entregado
501997,10190,20260522,Estándar,2,12.57,Media,26451.0,La Cisterna,En ruta
501998,10177,20251229,Estándar,1,2.73,Baja,34412.0,Recoleta,Entregado
501999,10176,20260104,Estándar,14,107.58,Media,110245.0,Maipú,Entregado
502000,10185,20251217,Estándar,9,13.17,Urgente,51215.0,El Bosque,En ruta
502001,10349,20250817,Estándar,3,17.5,Media,37481.0,Peñalolén,En preparación
502002,10487,20250222,Express,12,91.38,Urgente,100448.0,El Bosque,Entregado
502003,10060,20250520,Express,5,24.01,Urgente,52743.0,Lo Espejo,Entregado
502004,10422,20260527,Programado,9,53.54,Media,57057.0,Renca,Entregado
502005,10362,20260302,Estándar,2,9.01,Baja,13154.0,Independencia,Entregado
502006,10327,20251117,Estándar,5,39.69,Baja,36340.0,Quilicura,Entregado
502007,10079,20251208,Programado,11,26.1,Baja,106454.0,Cerrillos,Entregado
502008,10269,20260122,Programado,7,34.27,Baja,45333.0,Buin,Entregado
502009,10378,20260205,Estándar,1,2.24,Baja,27691.0,Macul,Entregado
502010,10090,20250519,Estándar,10,60.52,Alta,63180.0,Cerrillos,Entregado
502011,10219,20250203,Estándar,15,106.52,Media,73638.0,Pudahuel,Entregado
502012,10234,20250808,Express,2,8.08,Baja,42678.0,Colina,En ruta
502013,10270,20250530,Estándar,6,10.29,Alta,52818.0,Puente Alto,Entregado
502014,10301,20260114,Programado,6,39.41,Media,41044.0,Puente Alto,Entregado
502015,10152,20260502,Express,12,15.97,Urgente,111787.0,San Bernardo,En ruta
502016,10277,20251020,Estándar,10,16.79,Media,51870.0,El Bosque,Entregado
502017,10268,20251117,Estándar,10,66.16,Media,63235.0,Macul,Entregado
502018,10155,20260509,Express,12,77.54,Media,133110.0,Buin,Entregado
502019,10453,20250623,Estándar,13,65.25,Media,70585.0,Pedro Aguirre Cerda,Entregado
502020,10310,20250401,Estándar,9,71.03,Media,48252.0,Buin,Entregado
502021,10295,20251031,Express,4,5.6,Media,39529.0,La Florida,Entregado
502022,10013,20261129,Programado,4,27.2,Media,31320.0,Peñalolén,Entregado
502023,10209,20260920,Estándar,2,13.52,Baja,35152.0,Santiago,Entregado
502024,10084,20250223,Estándar,1,5.35,Alta,16864.0,Santiago,Entregado
502025,10127,20250327,Estándar,11,38.04,Media,81334.0,La Cisterna,Entregado
502026,10473,20251020,Estándar,15,90.11,Media,129693.0,La Reina,Entregado
502027,10330,20250608,Estándar,11,19.94,Baja,101252.0,San Bernardo,En ruta
502028,10250,20261012,Express,14,22.08,Baja,153531.0,San Bernardo,Entregado
502029,10266,20250422,Estándar,10,78.07,Media,89336.0,San Ramón,Entregado
502030,10400,20250714,Estándar,3,4.52,Urgente,26912.0,Las Condes,Entregado
502031,10355,20260325,Estándar,6,20.72,Media,43788.0,Huechuraba,Pendiente
502032,10107,20250518,Estándar,13,21.94,Media,76833.0,Recoleta,En ruta
502033,10150,20250102,Express,4,20.28,Alta,26978.0,Independencia,Pendiente
502034,10375,20251206,Estándar,7,27.98,Media,60670.0,Las Condes,Cancelado
502035,10218,20260414,Estándar,11,35.46,Media,57338.0,Lampa,Entregado
502036,10236,20260813,Estándar,4,16.87,Media,27859.0,San Bernardo,En ruta
502037,10130,20250825,Estándar,10,65.6,Baja,98388.0,La Cisterna,Cancelado
502038,10490,20250826,Estándar,9,52.14,Media,53611.0,Quinta Normal,Cancelado
502039,10108,20261001,Programado,10,64.06,Media,69754.0,Lo Barnechea,Entregado
502040,10108,20250911,Estándar,7,43.02,Baja,42866.0,Buin,En ruta
502041,10029,20261012,Express,6,10.43,Alta,72309.0,San Ramón,Entregado
502042,10365,20260808,Estándar,6,45.07,Media,69869.0,Buin,Entregado
502043,10310,20250514,Estándar,5,37.83,Media,62521.0,Recoleta,En preparación
502044,10427,20260211,Estándar,11,36.28,Alta,65934.0,La Florida,Entregado
502045,10461,20250117,Estándar,1,5.65,Baja,30671.0,Estación Central,Entregado
502046,10020,20250223,Estándar,13,35.08,Alta,85019.0,Ñuñoa,En preparación
502047,10164,20260329,Programado,9,33.34,Alta,54000.0,Providencia,Entregado
502048,10411,20260824,Express,8,57.09,Alta,56029.0,Lampa,Entregado
502049,10388,20260119,Estándar,4,11.06,Alta,31121.0,Colina,En preparación
502050,10191,20250910,Estándar,13,33.36,Media,65785.0,Conchalí,Entregado
502051,10405,20260613,Estándar,10,16.88,Media,47514.0,Puente Alto,Entregado
502052,10308,20251130,Express,10,62.61,Media,74351.0,Macul,Entregado
502053,10309,20260609,Estándar,9,21.78,Baja,53091.0,La Florida,Entregado
502054,10180,20260920,Estándar,4,18.81,Media,49484.0,El Bosque,Cancelado
502055,10253,20250923,Estándar,1,4.28,Media,15347.0,Renca,Entregado
502056,10043,20250212,Estándar,9,25.53,Media,57230.0,La Florida,Entregado
502057,10317,20251209,Estándar,10,68.59,Alta,89365.0,Santiago,Entregado
502058,10016,20250912,Express,6,22.92,Alta,62405.0,Peñalolén,En ruta
502059,10367,20261225,Estándar,12,63.65,Alta,68860.0,Estación Central,Entregado
502060,10272,20250515,Estándar,4,23.92,Alta,25948.0,Independencia,Entregado
502061,10029,20251229,Express,4,17.52,Alta,70261.0,Peñalolén,Entregado
502062,10014,20251124,Programado,15,58.35,Baja,126668.0,Lo Barnechea,Pendiente
502063,10305,20260412,Programado,11,74.52,Media,47801.0,Las Condes,Entregado
502064,10077,20251207,Estándar,12,52.24,Media,82238.0,Lampa,Pendiente
502065,10139,20260905,Estándar,2,13.4,Media,18820.0,Las Condes,Entregado
502066,10319,20261011,Estándar,3,3.62,Media,29009.0,Independencia,Entregado
502067,10404,20261125,Estándar,10,53.34,Media,89032.0,Maipú,En ruta
502068,10436,20250421,Estándar,8,28.22,Media,76333.0,La Cisterna,Entregado
502069,10460,20251121,Estándar,9,40.67,Baja,50973.0,Lo Espejo,Entregado
502070,10092,20250904,Programado,5,14.81,Baja,52764.0,La Granja,En ruta
502071,10325,20250830,Express,9,62.31,Baja,70654.0,Independencia,Entregado
502072,10311,20261105,Express,11,59.21,Urgente,110511.0,Renca,Pendiente
502073,10112,20250726,Estándar,2,15.4,Media,34352.0,Lampa,Entregado
502074,10166,20250928,Estándar,3,23.22,Media,26572.0,Maipú,Entregado
502075,10364,20261202,Estándar,4,27.8,Alta,50943.0,Recoleta,Entregado
502076,10338,20261127,Estándar,2,14.05,Urgente,20318.0,San Miguel,Entregado
502077,10162,20260204,Estándar,13,16.28,Media,84164.0,Peñalolén,En ruta
502078,10246,20250320,Estándar,13,63.29,Media,129055.0,Puente Alto,Entregado
502079,10197,20260618,Programado,14,100.26,Alta,135809.0,Pedro Aguirre Cerda,Entregado
502080,10229,20261020,Programado,4,27.34,Media,20889.0,Peñalolén,Entregado
502081,10352,20250405,Express,7,34.24,Urgente,68515.0,Quinta Normal,Entregado
502082,10246,20260814,Estándar,15,104.94,Media,56450.0,Huechuraba,Entregado
502083,10205,20250412,Estándar,10,10.27,Media,63345.0,Buin,Entregado
502084,10322,20250822,Estándar,1,3.14,Baja,32672.0,Las Condes,Entregado
502085,10063,20260808,Express,2,10.62,Urgente,51119.0,San Miguel,Pendiente
502086,10418,20250807,Estándar,8,14.28,Media,43467.0,Peñalolén,En preparación
502087,10382,20250204,Estándar,15,70.33,Media,103912.0,Pedro Aguirre Cerda,Entregado
502088,10163,20250510,Estándar,9,18.34,Baja,37870.0,Ñuñoa,Entregado
502089,10085,20250804,Express,8,33.26,Urgente,70682.0,San Joaquín,Entregado
502090,10251,20260628,Express,9,60.41,Urgente,106464.0,Estación Central,Entregado
502091,10497,20250203,Estándar,3,19.42,Baja,43473.0,Renca,Entregado
502092,10416,20250217,Estándar,4,8.0,Media,31249.0,Quinta Normal,Entregado
502093,10303,20250327,Estándar,13,17.88,Alta,80362.0,Pedro Aguirre Cerda,Entregado
502094,10001,20260104,Estándar,12,95.15,Urgente,53449.0,Lo Espejo,Entregado
502095,10402,20250915,Estándar,11,41.53,Media,43761.0,Vitacura,Entregado
502096,10215,20250331,Estándar,15,97.2,Alta,115679.0,Lo Prado,En preparación
502097,10061,20260430,Estándar,4,19.58,Media,30094.0,La Florida,En preparación
502098,10442,20250409,Estándar,10,68.58,Baja,73373.0,Providencia,En ruta
502099,10244,20250401,Estándar,9,41.02,Media,94582.0,Independencia,En preparación
502100,10240,20260120,Programado,13,81.63,Media,68941.0,San Joaquín,Entregado
502101,10355,20261109,Estándar,5,26.11,Media,37967.0,Santiago,Entregado
502102,10494,20260504,Estándar,6,18.25,Baja,39445.0,Maipú,Entregado
502103,10166,20260416,Estándar,3,14.25,Media,19110.0,San Ramón,En ruta
502104,10437,20261020,Programado,14,48.76,Baja,119554.0,Puente Alto,Entregado
502105,10146,20260925,Estándar,15,54.86,Baja,98807.0,Vitacura,Entregado
502106,10094,20250218,Estándar,14,110.07,Media,125163.0,Maipú,Entregado
502107,10423,20260531,Express,10,63.75,Alta,122797.0,El Bosque,En ruta
502108,10211,20250716,Estándar,4,13.76,Alta,40370.0,Ñuñoa,Entregado
502109,10203,20260403,Estándar,2,11.41,Media,23248.0,La Granja,Entregado
502110,10161,20261212,Express,1,7.95,Media,44504.0,San Bernardo,Entregado
502111,10261,20260501,Programado,12,65.28,Baja,62766.0,La Cisterna,Entregado
502112,10415,20250628,Estándar,2,15.9,Media,33679.0,Puente Alto,Entregado
502113,10250,20251003,Programado,8,29.63,Baja,69593.0,Vitacura,Entregado
502114,10076,20260611,Express,15,69.09,Media,123000.0,La Reina,Entregado
502115,10306,20250714,Estándar,9,34.91,Alta,32643.0,La Cisterna,Pendiente
502116,10283,20250706,Express,2,5.76,Alta,47286.0,San Miguel,Pendiente
502117,10447,20260607,Estándar,13,80.32,Media,90393.0,La Florida,Cancelado
502118,10475,20260404,Estándar,12,34.81,Media,71000.0,Quilicura,Entregado
502119,10217,20250804,Estándar,12,82.36,Media,45245.0,Peñalolén,En ruta
502120,10001,20251014,Express,3,4.44,Media,60917.0,Las Condes,Cancelado
502121,10360,20251201,Express,1,2.08,Urgente,40974.0,Cerrillos,En ruta
502122,10261,20250910,Estándar,14,61.44,Baja,95076.0,Providencia,Entregado
502123,10445,20261201,Estándar,14,75.35,Baja,107493.0,Huechuraba,Entregado
502124,10162,20261206,Estándar,11,53.36,Media,86515.0,San Joaquín,Entregado
502125,10040,20250626,Estándar,4,8.01,Alta,28716.0,Vitacura,En ruta
502126,10230,20260718,Estándar,14,101.18,Media,81050.0,Buin,Entregado
502127,10497,20250504,Express,12,61.82,Media,119285.0,Las Condes,En ruta
502128,10078,20260530,Express,10,18.17,Media,129396.0,San Bernardo,Pendiente
502129,10040,20261223,Express,7,25.24,Alta,68217.0,La Cisterna,Entregado
502130,10402,20260305,Express,9,51.18,Urgente,55594.0,La Cisterna,Entregado
502131,10299,20250226,Express,1,1.71,Alta,35120.0,Lampa,Entregado
502132,10292,20250117,Estándar,15,78.98,Media,126593.0,San Ramón,En ruta
502133,10051,20260101,Express,9,69.47,Media,71623.0,Santiago,Entregado
502134,10261,20250109,Programado,9,70.25,Baja,63489.0,Quilicura,Cancelado
502135,10197,20260808,Programado,10,77.97,Baja,44257.0,Colina,En ruta
502136,10379,20260403,Estándar,7,32.76,Media,60218.0,San Bernardo,Pendiente
502137,10314,20251009,Express,12,44.87,Media,67932.0,La Reina,Entregado
502138,10176,20260202,Estándar,6,21.41,Baja,41758.0,Colina,En preparación
502139,10180,20250409,Express,6,16.09,Urgente,49476.0,La Cisterna,Entregado
502140,10268,20260619,Estándar,11,35.62,Urgente,36256.0,Las Condes,Entregado
502141,10477,20250930,Estándar,14,94.3,Media,85349.0,Conchalí,En ruta
502142,10047,20260511,Express,2,6.84,Baja,44580.0,Puente Alto,En preparación
502143,10116,20250907,Estándar,7,46.96,Alta,42721.0,Puente Alto,En ruta
502144,10304,20250730,Estándar,12,52.54,Baja,85552.0,Ñuñoa,Entregado
502145,10200,20250509,Estándar,7,42.33,Media,45291.0,La Granja,Entregado
502146,10106,20250327,Programado,8,41.5,Urgente,44102.0,La Florida,En ruta
502147,10083,20261102,Estándar,3,3.73,Baja,39584.0,La Reina,Entregado
502148,10285,20260115,Estándar,10,55.3,Media,61370.0,Vitacura,Entregado
502149,10364,20260611,Estándar,5,19.41,Alta,32623.0,San Joaquín,Entregado
502150,10165,20260512,Express,11,24.89,Alta,86836.0,Santiago,Entregado
502151,10182,20251026,Estándar,2,10.27,Alta,19522.0,Macul,Entregado
502152,10337,20261118,Estándar,3,20.1,Urgente,25400.0,Maipú,En ruta
502153,10168,20250728,Estándar,9,66.91,Media,77785.0,El Bosque,Entregado
502154,10292,20250203,Express,1,6.14,Alta,36975.0,Quinta Normal,Cancelado
502155,10089,20261117,Estándar,11,79.01,Baja,63971.0,Buin,Entregado
502156,10497,20250129,Express,12,46.95,Alta,89828.0,Quinta Normal,Entregado
502157,10077,20250825,Estándar,6,33.11,Media,48751.0,Providencia,Entregado
502158,10443,20250727,Estándar,8,47.89,Media,43538.0,El Bosque,Cancelado
502159,10425,20250912,Estándar,10,57.28,Media,71291.0,La Granja,Entregado
502160,10210,20251002,Estándar,12,38.43,Media,69423.0,San Miguel,En ruta
502161,10378,20251212,Programado,7,34.64,Baja,72457.0,Quilicura,Entregado
502162,10336,20251223,Express,15,18.33,Media,109524.0,Maipú,Entregado
502163,10466,20260122,Estándar,11,84.39,Media,74709.0,Huechuraba,Entregado
502164,10152,20260220,Estándar,11,81.48,Urgente,64573.0,Estación Central,En ruta
502165,10341,20251001,Estándar,3,7.24,Alta,47267.0,El Bosque,Entregado
502166,10380,20250725,Express,14,68.58,Media,134083.0,Maipú,Entregado
502167,10382,20260424,Express,8,9.65,Urgente,100055.0,Renca,Cancelado
502168,10074,20261101,Programado,9,38.42,Alta,48788.0,Pedro Aguirre Cerda,Pendiente
502169,10402,20260625,Express,8,16.33,Media,69691.0,Santiago,En ruta
502170,10009,20260406,Express,7,16.42,Urgente,80163.0,Independencia,Pendiente
502171,10236,20261224,Estándar,12,44.73,Baja,86747.0,Las Condes,Entregado
502172,10446,20260705,Estándar,2,4.06,Baja,27319.0,Buin,Entregado
502173,10216,20251020,Estándar,3,16.16,Urgente,35554.0,Lo Espejo,Entregado
502174,10293,20260828,Estándar,1,4.99,Media,16311.0,Colina,Entregado
502175,10198,20260812,Estándar,3,7.78,Baja,33339.0,Ñuñoa,Entregado
502176,10196,20250818,Express,5,6.44,Urgente,60203.0,La Reina,Entregado
502177,10314,20260907,Estándar,1,7.53,Media,19729.0,Independencia,En ruta
502178,10138,20260912,Estándar,5,24.13,Alta,45408.0,Huechuraba,En ruta
502179,10258,20250122,Estándar,11,87.48,Media,71800.0,La Florida,En preparación
502180,10246,20251221,Express,7,54.13,Media,58285.0,Lo Prado,Entregado
502181,10229,20250326,Estándar,3,11.55,Media,47387.0,Estación Central,Entregado
502182,10347,20260823,Estándar,5,30.62,Media,37307.0,Colina,Entregado
502183,10130,20251214,Estándar,8,20.49,Baja,47115.0,El Bosque,En ruta
502184,10203,20260112,Estándar,6,22.09,Media,52209.0,Lo Barnechea,En ruta
502185,10165,20251221,Estándar,3,16.06,Media,30853.0,Macul,Cancelado
502186,10316,20250108,Estándar,2,13.29,Urgente,44292.0,Lo Espejo,En ruta
502187,10349,20261216,Express,14,39.95,Baja,67967.0,Maipú,Entregado
502188,10174,20260910,Express,15,119.38,Alta,121982.0,Pudahuel,En preparación
502189,10075,20250121,Express,15,81.72,Alta,103756.0,Puente Alto,Entregado
502190,10437,20251221,Estándar,13,15.48,Alta,120679.0,San Bernardo,Entregado
502191,10121,20250330,Estándar,15,33.96,Media,86594.0,Estación Central,Entregado
502192,10339,20260828,Express,13,60.0,Media,136602.0,Colina,Entregado
502193,10334,20250816,Estándar,10,36.47,Media,101009.0,El Bosque,En ruta
502194,10443,20250323,Programado,15,86.05,Baja,97330.0,Huechuraba,Entregado
502195,10284,20251017,Express,13,47.02,Urgente,111113.0,Cerrillos,Entregado
502196,10177,20260426,Express,11,35.64,Urgente,63740.0,Cerrillos,Entregado
502197,10399,20260520,Programado,11,46.33,Media,68432.0,Colina,Cancelado
502198,10289,20250512,Estándar,4,24.12,Alta,27967.0,Ñuñoa,Entregado
502199,10213,20260306,Express,11,80.57,Urgente,118048.0,Huechuraba,Entregado
502200,10448,20261101,Estándar,15,84.01,Media,68408.0,Ñuñoa,Entregado
502201,10124,20250509,Express,9,9.68,Urgente,75129.0,Colina,Entregado
502202,10160,20250416,Express,13,66.48,Baja,97172.0,Estación Central,Entregado
502203,10121,20260418,Estándar,12,51.0,Media,93916.0,Quinta Normal,Entregado
502204,10274,20260728,Estándar,1,6.64,Baja,23982.0,San Miguel,Entregado
502205,10106,20260223,Estándar,5,34.72,Media,46471.0,Lo Barnechea,Entregado
502206,10440,20250207,Programado,12,17.25,Baja,60102.0,Providencia,Entregado
502207,10374,20260313,Express,6,37.72,Alta,53965.0,Quilicura,Entregado
502208,10298,20260313,Express,2,4.39,Urgente,51269.0,Santiago,Entregado
502209,10200,20250205,Express,8,60.1,Alta,54418.0,La Granja,Entregado
502210,10448,20260314,Estándar,9,41.68,Alta,47877.0,Quinta Normal,Entregado
502211,10134,20250609,Estándar,8,55.9,Media,61740.0,Lo Espejo,En preparación
502212,10430,20250802,Programado,8,29.45,Baja,63804.0,Recoleta,Entregado
502213,10139,20261118,Estándar,12,94.14,Media,65836.0,Quinta Normal,Entregado
502214,10345,20261108,Express,5,21.66,Urgente,55775.0,Independencia,Cancelado
502215,10379,20250507,Estándar,15,40.94,Media,54476.0,Cerrillos,Entregado
502216,10269,20261222,Estándar,5,37.96,Media,28643.0,Quilicura,Entregado
502217,10488,20251110,Express,7,19.9,Alta,83761.0,Lo Barnechea,Cancelado
502218,10082,20261102,Express,9,51.98,Urgente,115460.0,Peñalolén,En ruta
502219,10219,20251130,Programado,5,26.48,Baja,56073.0,El Bosque,Cancelado
502220,10278,20250317,Estándar,11,78.9,Alta,63197.0,La Florida,Entregado
502221,10060,20260104,Estándar,5,17.54,Baja,53689.0,Lo Barnechea,Entregado
502222,10414,20250506,Express,4,16.51,Media,44958.0,Puente Alto,Entregado
502223,10352,20251217,Estándar,6,43.79,Alta,62455.0,Buin,Pendiente
502224,10064,20260917,Estándar,5,10.02,Media,57003.0,Buin,En ruta
502225,10371,20250729,Estándar,3,3.22,Media,32116.0,El Bosque,Entregado
502226,10338,20260214,Estándar,15,115.97,Media,100161.0,Colina,Pendiente
502227,10054,20261003,Estándar,12,56.22,Urgente,65293.0,Pudahuel,Entregado
502228,10037,20251116,Estándar,5,25.0,Media,56012.0,Huechuraba,Entregado
502229,10308,20250702,Estándar,8,37.75,Media,82088.0,La Reina,En preparación
502230,10225,20250720,Programado,3,16.9,Baja,38647.0,Santiago,Entregado
502231,10413,20250618,Express,7,38.76,Alta,36779.0,Vitacura,Cancelado
502232,10319,20251224,Estándar,7,41.76,Baja,59589.0,Estación Central,En ruta
502233,10031,20260122,Express,13,19.51,Alta,147091.0,Quilicura,Cancelado
502234,10336,20250515,Express,12,64.13,Alta,137786.0,Buin,Entregado
502235,10497,20261205,Estándar,14,85.68,Media,90536.0,Ñuñoa,Entregado
502236,10098,20251223,Estándar,1,4.98,Baja,19520.0,Maipú,Cancelado
502237,10431,20260318,Estándar,10,65.81,Baja,39782.0,Peñalolén,Entregado
502238,10062,20250402,Programado,5,33.13,Baja,26190.0,Quinta Normal,En preparación
502239,10491,20260919,Estándar,2,14.05,Media,30201.0,Lampa,Entregado
502240,10111,20251115,Express,8,37.31,Alta,73613.0,Independencia,Entregado
502241,10118,20261102,Estándar,15,55.65,Urgente,71341.0,Conchalí,Entregado
502242,10070,20251012,Programado,8,40.49,Media,63579.0,Estación Central,Entregado
502243,10281,20250226,Estándar,11,84.54,Alta,115991.0,Pudahuel,Entregado
502244,10098,20260320,Estándar,4,10.74,Baja,50798.0,Lo Barnechea,En ruta
502245,10255,20250524,Estándar,4,13.25,Baja,27533.0,Recoleta,Entregado
502246,10008,20250629,Express,13,76.18,Urgente,70818.0,La Cisterna,Entregado
502247,10473,20250114,Estándar,10,55.18,Media,88194.0,Santiago,Cancelado
502248,10162,20250601,Express,11,14.95,Alta,77377.0,Colina,En ruta
502249,10471,20251129,Estándar,5,30.77,Baja,47200.0,Macul,Entregado
502250,10316,20260509,Express,3,7.66,Alta,67692.0,Las Condes,Entregado
502251,10448,20260525,Estándar,5,39.58,Alta,55000.0,Lo Prado,Entregado
502252,10499,20260604,Estándar,12,59.68,Alta,71013.0,San Miguel,En ruta
502253,10463,20250313,Estándar,7,22.08,Media,59899.0,Renca,Entregado
502254,10251,20261123,Express,7,21.43,Urgente,67613.0,Lampa,En preparación
502255,10230,20250305,Express,12,83.2,Urgente,70600.0,Independencia,Entregado
502256,10318,20261012,Estándar,13,57.09,Alta,120038.0,El Bosque,En ruta
502257,10126,20250517,Express,4,12.7,Urgente,45554.0,Vitacura,Entregado
502258,10147,20260514,Programado,9,44.75,Baja,62939.0,Puente Alto,En ruta
502259,10074,20261022,Estándar,5,23.94,Media,41823.0,El Bosque,Entregado
502260,10156,20251228,Express,14,31.59,Alta,132866.0,Macul,Entregado
502261,10386,20260413,Estándar,4,10.11,Media,20876.0,Estación Central,Cancelado
502262,10287,20251108,Programado,2,15.15,Media,46889.0,Conchalí,Entregado
502263,10261,20260531,Express,10,73.85,Media,56727.0,Santiago,Entregado
502264,10269,20250718,Programado,1,7.51,Baja,33620.0,La Florida,En ruta
502265,10040,20250312,Estándar,9,60.6,Media,46339.0,La Cisterna,Entregado
502266,10155,20260828,Estándar,9,30.27,Media,62717.0,La Reina,Entregado
502267,10269,20250608,Estándar,1,5.85,Media,16377.0,Macul,En preparación
502268,10429,20260801,Estándar,13,54.17,Media,65745.0,Lo Prado,Cancelado
502269,10391,20260224,Programado,3,6.98,Media,25753.0,Maipú,Entregado
502270,10415,20250310,Express,6,46.4,Alta,30606.0,San Ramón,Entregado
502271,10419,20260630,Estándar,15,51.81,Baja,59742.0,Peñalolén,Entregado
502272,10392,20251128,Estándar,1,5.09,Baja,28603.0,Pedro Aguirre Cerda,Entregado
502273,10190,20260326,Programado,6,21.24,Baja,63560.0,Estación Central,Entregado
502274,10117,20260603,Programado,14,64.97,Baja,60129.0,San Miguel,En preparación
502275,10356,20260304,Estándar,14,27.43,Media,55318.0,Quilicura,Entregado
502276,10454,20250108,Estándar,7,48.66,Baja,62227.0,Estación Central,Entregado
502277,10342,20251007,Programado,8,12.02,Media,41103.0,Providencia,Entregado
502278,10367,20261023,Estándar,6,9.59,Media,46327.0,Colina,En preparación
502279,10382,20260721,Express,8,15.31,Urgente,78763.0,Quilicura,Entregado
502280,10195,20260423,Programado,10,74.38,Media,42214.0,Estación Central,Entregado
502281,10410,20260114,Express,5,16.82,Alta,72747.0,Providencia,En ruta
502282,10085,20260815,Estándar,3,13.33,Media,41280.0,La Cisterna,En ruta
502283,10405,20250115,Estándar,12,55.09,Media,46511.0,Lo Prado,Entregado
502284,10154,20251107,Estándar,8,59.7,Media,74948.0,Lo Barnechea,Entregado
502285,10434,20250727,Express,1,6.93,Media,25846.0,La Granja,En ruta
502286,10397,20260101,Estándar,7,31.51,Media,41404.0,Renca,En ruta
502287,10442,20260224,Estándar,10,54.52,Media,88056.0,Providencia,Entregado
502288,10257,20260902,Estándar,7,23.7,Alta,63732.0,Huechuraba,Entregado
502289,10427,20251102,Estándar,8,37.28,Media,63440.0,Independencia,Entregado
502290,10427,20260725,Programado,4,24.23,Media,26227.0,Maipú,En ruta
502291,10088,20261006,Estándar,8,17.58,Media,42826.0,San Joaquín,Entregado
502292,10090,20260302,Express,15,23.01,Alta,185551.0,San Ramón,Entregado
502293,10255,20261008,Estándar,3,6.95,Alta,24136.0,Independencia,Entregado
502294,10331,20250219,Programado,10,64.22,Baja,73428.0,Renca,Pendiente
502295,10219,20260718,Estándar,9,17.25,Alta,81917.0,El Bosque,Pendiente
502296,10132,20251020,Programado,13,16.57,Baja,97110.0,Providencia,Cancelado
502297,10444,20260313,Estándar,12,18.47,Alta,92918.0,Lo Barnechea,Entregado
502298,10449,20260314,Programado,7,41.46,Media,69727.0,San Miguel,Pendiente
502299,10014,20251009,Estándar,7,41.95,Baja,33198.0,Pedro Aguirre Cerda,Entregado
502300,10494,20260802,Estándar,14,32.93,Baja,68129.0,Estación Central,Pendiente
502301,10426,20260302,Estándar,3,7.87,Media,34393.0,Lampa,Entregado
502302,10127,20260509,Estándar,13,50.79,Baja,62512.0,Vitacura,En ruta
502303,10368,20260113,Express,1,5.95,Urgente,24629.0,Peñalolén,Entregado
502304,10404,20260522,Estándar,10,14.53,Media,82268.0,San Joaquín,Cancelado
502305,10031,20260705,Estándar,2,11.95,Media,18574.0,La Granja,En ruta
502306,10138,20250503,Express,15,78.58,Media,116108.0,San Joaquín,Entregado
502307,10321,20250429,Express,5,17.84,Media,54458.0,Santiago,Entregado
502308,10150,20261116,Express,6,28.14,Alta,65709.0,Providencia,Cancelado
502309,10440,20260620,Express,7,28.3,Alta,58814.0,Cerrillos,Entregado
502310,10423,20260304,Estándar,15,79.81,Baja,82436.0,Lo Barnechea,Entregado
502311,10317,20250812,Express,6,46.61,Media,48731.0,Conchalí,Cancelado
502312,10267,20260405,Programado,5,27.43,Baja,51236.0,Quinta Normal,En preparación
502313,10358,20250311,Estándar,1,2.58,Media,18383.0,Vitacura,Pendiente
502314,10285,20250621,Programado,10,51.5,Baja,54328.0,Conchalí,En ruta
502315,10208,20250610,Estándar,3,19.54,Baja,32701.0,El Bosque,En ruta
502316,10408,20260527,Estándar,4,22.97,Media,29687.0,Buin,Entregado
502317,10479,20261108,Estándar,14,20.73,Media,114810.0,Renca,Entregado
502318,10067,20260314,Express,4,12.0,Urgente,26866.0,Lo Espejo,Entregado
502319,10144,20250201,Estándar,2,11.78,Alta,38630.0,La Cisterna,Entregado
502320,10182,20250118,Express,7,40.26,Media,66745.0,Macul,Entregado
502321,10332,20260323,Express,12,39.64,Baja,82370.0,Quinta Normal,Entregado
502322,10465,20261204,Express,12,36.08,Media,76371.0,Estación Central,Entregado
502323,10163,20250206,Estándar,9,32.78,Alta,49843.0,Independencia,Entregado
502324,10447,20250419,Programado,8,36.93,Baja,80169.0,Estación Central,Entregado
502325,10142,20260213,Estándar,13,29.46,Baja,76841.0,Lo Prado,En ruta
502326,10493,20250517,Programado,11,11.97,Baja,98300.0,Estación Central,Entregado
502327,10369,20260824,Estándar,5,33.16,Alta,36503.0,Providencia,En ruta
502328,10418,20261128,Estándar,10,40.73,Baja,64164.0,La Florida,En ruta
502329,10095,20250916,Express,1,5.25,Alta,19800.0,Lo Espejo,Entregado
502330,10062,20250517,Express,13,63.03,Alta,136291.0,Buin,Entregado
502331,10449,20251130,Programado,3,23.09,Media,36620.0,Vitacura,Entregado
502332,10484,20260429,Estándar,13,62.2,Urgente,65725.0,San Joaquín,En ruta
502333,10446,20250627,Estándar,6,17.01,Baja,57428.0,San Miguel,Entregado
502334,10081,20251114,Programado,1,5.02,Media,21770.0,Maipú,Pendiente
502335,10051,20261005,Programado,2,5.61,Baja,26316.0,Independencia,En ruta
502336,10368,20260930,Estándar,8,8.37,Baja,70761.0,San Miguel,Cancelado
502337,10362,20260325,Estándar,5,30.83,Media,45175.0,Lo Prado,Entregado
502338,10021,20260430,Estándar,2,8.96,Media,21750.0,Estación Central,Entregado
502339,10133,20260930,Estándar,13,76.41,Urgente,68482.0,Pedro Aguirre Cerda,En preparación
502340,10379,20261107,Express,8,33.57,Alta,106178.0,La Granja,Entregado
502341,10183,20251026,Express,10,34.75,Urgente,98015.0,Las Condes,Entregado
502342,10261,20251001,Estándar,8,23.08,Baja,28722.0,Ñuñoa,En preparación
502343,10208,20261221,Express,13,78.31,Alta,120524.0,Recoleta,Entregado
502344,10119,20260308,Estándar,15,57.68,Baja,85103.0,Pudahuel,Entregado
502345,10083,20250623,Programado,3,17.44,Media,53954.0,La Reina,Entregado
502346,10057,20250308,Estándar,9,12.95,Urgente,54557.0,Macul,En preparación
502347,10289,20260904,Estándar,2,14.96,Alta,34903.0,Conchalí,Entregado
502348,10171,20260225,Estándar,10,14.16,Alta,62434.0,San Miguel,Entregado
502349,10398,20250901,Estándar,9,18.78,Alta,75336.0,Lo Espejo,En ruta
502350,10087,20250911,Express,9,24.27,Urgente,99611.0,Maipú,Entregado
502351,10340,20260211,Express,7,29.36,Urgente,98196.0,La Reina,En preparación
502352,10415,20260701,Programado,11,26.2,Media,48274.0,Cerrillos,En ruta
502353,10490,20250528,Estándar,4,10.55,Alta,47132.0,San Joaquín,Entregado
502354,10238,20250308,Estándar,9,55.52,Urgente,64524.0,Huechuraba,En preparación
502355,10081,20260723,Estándar,7,49.45,Baja,72537.0,Pedro Aguirre Cerda,Entregado
502356,10107,20260402,Express,14,71.85,Media,174668.0,Renca,Entregado
502357,10492,20260701,Estándar,6,44.25,Media,59215.0,Cerrillos,En ruta
502358,10256,20250219,Estándar,8,63.86,Media,66316.0,La Cisterna,Entregado
502359,10033,20251028,Programado,1,1.43,Alta,32687.0,Conchalí,Entregado
502360,10277,20250904,Express,9,66.97,Alta,43280.0,Puente Alto,Entregado
502361,10025,20250925,Express,11,20.39,Baja,97651.0,La Florida,Entregado
502362,10360,20260519,Programado,1,4.07,Media,22869.0,Renca,Entregado
502363,10035,20260730,Estándar,14,68.2,Urgente,94320.0,Lo Espejo,Entregado
502364,10493,20250718,Express,11,82.66,Alta,48098.0,Lo Espejo,Pendiente
502365,10068,20251231,Express,3,8.86,Alta,34093.0,Recoleta,Entregado
502366,10105,20260508,Estándar,3,23.59,Urgente,42124.0,La Granja,Entregado
502367,10218,20251031,Express,11,42.63,Baja,117403.0,Ñuñoa,Entregado
502368,10257,20250425,Estándar,11,30.82,Urgente,70364.0,Pedro Aguirre Cerda,Entregado
502369,10475,20260426,Estándar,4,30.23,Media,22714.0,La Cisterna,Entregado
502370,10442,20260305,Estándar,6,33.21,Alta,41002.0,Quilicura,En ruta
502371,10415,20250204,Estándar,15,39.77,Baja,77612.0,San Joaquín,Entregado
502372,10345,20260709,Estándar,12,70.51,Alta,78760.0,San Ramón,En preparación
502373,10403,20260127,Estándar,8,26.82,Baja,40640.0,Pudahuel,Entregado
502374,10394,20260127,Express,6,36.81,Media,52997.0,Conchalí,Entregado
502375,10112,20251001,Estándar,15,91.42,Baja,98519.0,Buin,Entregado
502376,10296,20260103,Express,2,3.6,Alta,34038.0,Lo Barnechea,Entregado
502377,10238,20250416,Estándar,4,22.17,Media,39459.0,Santiago,Cancelado
502378,10440,20250721,Estándar,7,34.33,Media,58298.0,Maipú,En ruta
502379,10449,20250403,Programado,12,60.84,Media,108617.0,Providencia,Entregado
502380,10064,20260615,Estándar,15,32.21,Alta,114681.0,Providencia,En ruta
502381,10410,20251211,Estándar,13,88.03,Media,95453.0,Lo Barnechea,Entregado
502382,10443,20261212,Estándar,15,74.24,Media,83695.0,Macul,Pendiente
502383,10044,20250213,Programado,5,16.91,Urgente,42878.0,Cerrillos,Entregado
502384,10498,20250320,Estándar,8,15.42,Media,26127.0,Vitacura,Entregado
502385,10390,20250212,Estándar,15,66.2,Alta,126794.0,Independencia,Pendiente
502386,10181,20250521,Estándar,4,9.8,Alta,25874.0,Peñalolén,Pendiente
502387,10380,20250228,Estándar,1,5.62,Media,27372.0,Estación Central,Entregado
502388,10064,20260531,Programado,13,47.77,Media,103914.0,Huechuraba,Cancelado
502389,10143,20261124,Estándar,7,38.63,Alta,36492.0,Maipú,Entregado
502390,10465,20260319,Estándar,3,8.27,Urgente,37021.0,Buin,Entregado
502391,10015,20260205,Programado,1,3.37,Alta,32832.0,Maipú,Entregado
502392,10082,20250428,Estándar,15,72.56,Media,81303.0,San Miguel,Entregado
502393,10473,20251007,Estándar,4,31.26,Media,43211.0,Quinta Normal,En preparación
502394,10233,20260819,Programado,8,34.91,Media,89516.0,Recoleta,En ruta
502395,10494,20250812,Estándar,15,117.14,Alta,69713.0,Huechuraba,Entregado
502396,10318,20260928,Estándar,3,16.5,Media,44407.0,Maipú,Entregado
502397,10349,20260607,Express,9,49.2,Alta,106537.0,Las Condes,Entregado
502398,10286,20250102,Estándar,11,24.11,Baja,56055.0,Lampa,Entregado
502399,10170,20250928,Estándar,8,26.66,Alta,53769.0,San Ramón,Entregado
502400,10197,20250701,Estándar,11,68.06,Media,104187.0,El Bosque,Pendiente
502401,10162,20261030,Express,10,12.64,Urgente,62028.0,Cerrillos,Entregado
502402,10138,20260722,Estándar,12,64.26,Alta,92947.0,San Ramón,Cancelado
502403,10100,20251215,Programado,5,18.27,Urgente,45456.0,Cerrillos,En preparación
502404,10210,20260817,Estándar,10,16.06,Media,91516.0,Lo Espejo,Entregado
502405,10214,20250901,Programado,1,4.64,Baja,23142.0,La Cisterna,En ruta
502406,10134,20260807,Estándar,5,6.21,Media,33856.0,Vitacura,En preparación
502407,10346,20261122,Estándar,3,6.39,Baja,18881.0,La Granja,Entregado
502408,10055,20250225,Express,15,60.42,Baja,114789.0,Ñuñoa,En ruta
502409,10137,20250412,Express,1,3.75,Alta,28472.0,Santiago,Entregado
502410,10361,20260705,Estándar,9,21.67,Alta,62294.0,Las Condes,Pendiente
502411,10094,20250924,Estándar,7,19.03,Alta,52840.0,Lampa,Entregado
502412,10326,20260312,Estándar,5,20.26,Alta,40434.0,Conchalí,Entregado
502413,10422,20250526,Estándar,3,5.63,Media,49174.0,La Granja,Entregado
502414,10138,20250920,Estándar,6,27.02,Media,58292.0,Conchalí,En ruta
502415,10022,20250210,Express,2,7.29,Alta,25596.0,Quinta Normal,Cancelado
502416,10284,20261123,Estándar,11,48.8,Media,87945.0,Vitacura,Entregado
502417,10236,20260826,Express,4,7.97,Alta,42009.0,Providencia,En ruta
502418,10003,20260206,Express,6,34.4,Alta,47299.0,Ñuñoa,Entregado
502419,10373,20260331,Estándar,4,18.51,Baja,30592.0,Colina,Entregado
502420,10255,20260419,Express,6,17.97,Alta,85132.0,Huechuraba,Entregado
502421,10190,20250207,Programado,9,64.14,Alta,51486.0,Maipú,Entregado
502422,10164,20251002,Estándar,12,48.8,Media,67723.0,La Florida,Entregado
502423,10328,20250428,Estándar,13,103.43,Baja,73438.0,San Bernardo,En ruta
502424,10483,20261012,Express,1,6.14,Urgente,37075.0,Huechuraba,Entregado
502425,10494,20250108,Estándar,4,30.61,Media,38322.0,Huechuraba,Entregado
502426,10443,20250228,Express,2,7.02,Alta,44543.0,San Miguel,Entregado
502427,10024,20260131,Programado,15,74.44,Urgente,137200.0,Quinta Normal,Entregado
502428,10448,20250814,Estándar,3,8.37,Media,48988.0,Pudahuel,Entregado
502429,10491,20260305,Programado,2,12.4,Media,18838.0,San Joaquín,Entregado
502430,10244,20260719,Express,7,21.62,Alta,53047.0,Santiago,Entregado
502431,10112,20260404,Estándar,13,101.97,Media,91791.0,Ñuñoa,Entregado
502432,10076,20260730,Estándar,9,63.61,Alta,57223.0,El Bosque,Entregado
502433,10452,20261005,Estándar,4,25.53,Media,52704.0,San Bernardo,Entregado
502434,10286,20251017,Estándar,9,24.53,Baja,50410.0,Lo Prado,En ruta
502435,10176,20250324,Express,2,4.04,Urgente,44850.0,La Florida,Entregado
502436,10364,20260616,Estándar,13,57.09,Media,71215.0,Pedro Aguirre Cerda,Entregado
502437,10311,20260801,Estándar,7,37.61,Media,49441.0,Buin,Pendiente
502438,10056,20250802,Estándar,9,52.56,Media,71522.0,San Miguel,Entregado
502439,10391,20251008,Estándar,12,83.71,Alta,111633.0,Ñuñoa,Entregado
502440,10119,20250716,Programado,15,117.98,Alta,61889.0,Macul,En ruta
502441,10026,20250604,Estándar,12,83.82,Media,105236.0,Lo Espejo,Entregado
502442,10197,20250807,Estándar,7,52.51,Alta,48825.0,Independencia,Entregado
502443,10314,20261028,Express,6,38.17,Media,65775.0,Macul,Pendiente
502444,10117,20251025,Programado,2,12.97,Baja,35269.0,Providencia,Entregado
502445,10030,20250816,Estándar,10,55.5,Alta,84132.0,Renca,Entregado
502446,10451,20250911,Estándar,3,5.02,Baja,21511.0,La Granja,Entregado
502447,10039,20260820,Estándar,7,22.79,Media,29598.0,San Bernardo,Entregado
502448,10064,20260208,Estándar,3,8.57,Media,29581.0,Conchalí,Pendiente
502449,10411,20261023,Programado,7,47.02,Media,51531.0,Buin,Entregado
502450,10025,20261231,Estándar,8,9.73,Baja,36870.0,La Florida,Entregado
502451,10293,20251124,Estándar,2,4.29,Urgente,26198.0,Independencia,En ruta
502452,10299,20260129,Estándar,10,54.95,Alta,51842.0,La Florida,Entregado
502453,10122,20260713,Express,6,18.25,Urgente,43999.0,Ñuñoa,Pendiente
502454,10239,20260519,Estándar,8,23.94,Alta,63744.0,Huechuraba,Entregado
502455,10070,20261112,Estándar,10,34.93,Media,66217.0,Lampa,En ruta
502456,10088,20250225,Estándar,10,27.97,Alta,54842.0,Las Condes,En preparación
502457,10190,20251227,Estándar,8,10.0,Urgente,69298.0,La Florida,Cancelado
502458,10349,20261030,Estándar,5,9.27,Media,36406.0,Recoleta,En ruta
502459,10291,20250530,Programado,7,18.57,Baja,68842.0,Estación Central,Entregado
502460,10107,20250812,Express,2,11.23,Alta,35416.0,Lampa,Entregado
502461,10072,20260828,Estándar,14,79.18,Alta,52129.0,San Ramón,Cancelado
502462,10095,20261007,Estándar,10,55.27,Media,39534.0,Lo Espejo,Pendiente
502463,10453,20250402,Express,12,57.54,Media,100702.0,San Bernardo,Entregado
502464,10016,20260519,Programado,5,11.55,Media,53211.0,Lo Prado,Cancelado
502465,10491,20261026,Estándar,12,47.57,Media,82320.0,Ñuñoa,Cancelado
502466,10049,20250915,Programado,4,26.7,Media,45571.0,San Joaquín,En preparación
502467,10323,20250716,Programado,8,20.56,Media,59033.0,Ñuñoa,Entregado
502468,10129,20260809,Express,3,18.01,Alta,54440.0,Huechuraba,Entregado
502469,10293,20260517,Programado,15,80.17,Baja,102067.0,Quinta Normal,Entregado
502470,10362,20250714,Estándar,15,46.75,Media,107215.0,Providencia,Entregado
502471,10018,20251218,Programado,9,26.53,Media,78157.0,Buin,Entregado
502472,10443,20250107,Programado,4,13.92,Media,40002.0,Maipú,Entregado
502473,10008,20250929,Estándar,12,86.22,Media,72078.0,Macul,Entregado
502474,10206,20250615,Estándar,6,21.88,Media,60198.0,Lampa,En ruta
502475,10026,20260414,Express,6,43.19,Media,79994.0,La Florida,Entregado
502476,10493,20250729,Estándar,9,35.8,Media,45427.0,Independencia,Entregado
502477,10169,20261130,Express,5,25.73,Baja,79353.0,Las Condes,Entregado
502478,10098,20260812,Estándar,12,25.96,Baja,52501.0,San Ramón,Entregado
502479,10269,20250903,Estándar,12,28.23,Media,108503.0,Buin,Entregado
502480,10305,20260925,Estándar,11,22.73,Baja,92218.0,Conchalí,En ruta
502481,10020,20250729,Express,2,10.87,Urgente,33016.0,Puente Alto,Entregado
502482,10499,20251106,Express,6,44.27,Urgente,53279.0,Estación Central,Entregado
502483,10116,20251109,Express,5,30.1,Urgente,48742.0,Lo Prado,Entregado
502484,10057,20260425,Estándar,6,39.06,Media,51727.0,Cerrillos,Entregado
502485,10117,20261010,Express,3,6.5,Media,35802.0,Puente Alto,En preparación
502486,10182,20250119,Estándar,7,51.16,Alta,47865.0,San Bernardo,Entregado
502487,10344,20251101,Estándar,15,71.45,Alta,72567.0,Providencia,Entregado
502488,10085,20261226,Estándar,5,24.67,Alta,65221.0,Las Condes,Pendiente
502489,10402,20250117,Express,14,90.23,Alta,79897.0,San Bernardo,Entregado
502490,10133,20250513,Programado,3,20.52,Baja,37363.0,Colina,Entregado
502491,10260,20250331,Estándar,14,108.17,Media,113531.0,Estación Central,Entregado
502492,10109,20250109,Estándar,12,33.4,Media,90958.0,Santiago,Cancelado
502493,10194,20260701,Express,12,86.52,Media,72761.0,Huechuraba,Entregado
502494,10331,20250509,Estándar,1,7.45,Alta,16179.0,San Ramón,En ruta
502495,10020,20260327,Express,7,51.36,Alta,78181.0,Lo Espejo,En preparación
502496,10478,20261201,Programado,7,14.64,Alta,29663.0,Macul,En preparación
502497,10164,20260709,Estándar,12,56.6,Baja,70873.0,Buin,Entregado
502498,10186,20261129,Express,4,14.19,Urgente,56033.0,Peñalolén,Entregado
502499,10348,20260323,Programado,9,66.24,Baja,82303.0,Puente Alto,Entregado
502500,10237,20261214,Estándar,1,4.64,Alta,20577.0,La Reina,Pendiente
502501,10490,20250611,Estándar,4,21.44,Baja,42305.0,San Ramón,En ruta
502502,10299,20251121,Programado,1,3.81,Alta,12904.0,Puente Alto,En ruta
502503,10487,20250704,Express,12,53.42,Alta,78119.0,San Ramón,Entregado
502504,10406,20260204,Programado,13,23.11,Media,79940.0,Santiago,En preparación
502505,10315,20261202,Programado,6,45.92,Alta,62922.0,Vitacura,Entregado
502506,10076,20260906,Express,4,14.7,Urgente,56469.0,Puente Alto,Cancelado
502507,10053,20250119,Estándar,3,4.76,Media,40235.0,La Florida,Entregado
502508,10011,20261010,Express,5,22.89,Alta,64155.0,Conchalí,Entregado
502509,10028,20260426,Express,7,41.26,Urgente,61827.0,La Florida,Entregado
502510,10234,20261009,Estándar,4,8.92,Alta,52385.0,La Granja,Entregado
502511,10019,20261206,Programado,8,58.03,Baja,50415.0,Pudahuel,En ruta
502512,10365,20250502,Estándar,3,10.27,Baja,29831.0,La Reina,Entregado
502513,10157,20260419,Programado,15,88.93,Baja,136552.0,Lo Barnechea,Entregado
502514,10185,20260409,Programado,3,12.64,Media,41677.0,Huechuraba,En ruta
502515,10404,20251225,Express,14,42.73,Media,120608.0,Lo Prado,Entregado
502516,10073,20251126,Express,6,28.1,Baja,53375.0,Huechuraba,Entregado
502517,10325,20251222,Estándar,1,5.89,Media,26889.0,La Granja,Entregado
502518,10015,20250813,Estándar,3,15.16,Media,40833.0,Peñalolén,Entregado
502519,10312,20260130,Programado,13,103.6,Media,124494.0,Conchalí,Entregado
502520,10026,20260613,Programado,4,6.85,Urgente,24749.0,Cerrillos,Entregado
502521,10247,20261218,Estándar,13,28.23,Baja,121268.0,Independencia,Entregado
502522,10183,20260204,Estándar,15,62.24,Media,72590.0,San Bernardo,Entregado
502523,10410,20261102,Estándar,9,39.09,Media,98016.0,Independencia,En ruta
502524,10073,20250924,Estándar,15,91.17,Baja,115342.0,Puente Alto,Entregado
502525,10288,20250605,Estándar,8,41.43,Media,43669.0,San Bernardo,En ruta
502526,10431,20251111,Estándar,13,59.35,Media,124723.0,Cerrillos,Entregado
502527,10110,20250131,Estándar,9,41.89,Baja,55375.0,Vitacura,En ruta
502528,10422,20260514,Estándar,10,43.95,Media,49207.0,Pedro Aguirre Cerda,Entregado
502529,10025,20250615,Estándar,14,30.61,Urgente,77249.0,San Miguel,En ruta
502530,10136,20261220,Estándar,2,2.05,Media,25864.0,Peñalolén,Entregado
502531,10392,20250711,Estándar,3,10.76,Baja,34165.0,Lo Espejo,Entregado
502532,10371,20250317,Estándar,7,42.2,Baja,56358.0,Colina,Entregado
502533,10385,20251025,Estándar,13,27.31,Baja,55951.0,Colina,Entregado
502534,10371,20250814,Estándar,9,61.18,Baja,65637.0,El Bosque,En preparación
502535,10262,20250726,Estándar,4,26.98,Media,19546.0,San Ramón,Entregado
502536,10130,20250203,Express,3,11.9,Media,35018.0,Peñalolén,Entregado
502537,10298,20261113,Estándar,10,79.93,Baja,62155.0,San Joaquín,En preparación
502538,10489,20260115,Estándar,12,33.19,Urgente,77537.0,Las Condes,Entregado
502539,10112,20250329,Estándar,11,42.67,Alta,48374.0,Quilicura,En ruta
502540,10032,20261028,Programado,2,6.21,Baja,25794.0,Lo Prado,Entregado
502541,10436,20260204,Estándar,12,25.77,Media,58346.0,Lo Prado,Entregado
502542,10434,20260420,Express,4,29.79,Urgente,54004.0,Lo Barnechea,Entregado
502543,10438,20250427,Estándar,7,41.42,Alta,52210.0,Lampa,Pendiente
502544,10422,20250610,Estándar,6,34.36,Media,70379.0,Quilicura,Pendiente
502545,10411,20260617,Estándar,12,70.2,Alta,92579.0,La Florida,Entregado
502546,10089,20250302,Programado,7,51.33,Baja,45771.0,San Miguel,Entregado
502547,10339,20260316,Express,15,30.83,Alta,185196.0,Cerrillos,Cancelado
502548,10053,20260614,Express,4,29.31,Urgente,75661.0,Quilicura,Entregado
502549,10175,20250618,Estándar,12,23.63,Media,85770.0,Pedro Aguirre Cerda,Pendiente
502550,10041,20260612,Estándar,10,66.96,Media,44496.0,Maipú,Entregado
502551,10223,20261101,Estándar,12,73.38,Media,75588.0,La Reina,En preparación
502552,10327,20260807,Estándar,10,74.4,Baja,48623.0,Estación Central,En ruta
502553,10338,20260221,Estándar,7,21.67,Media,40217.0,Estación Central,Entregado
502554,10296,20250515,Estándar,13,33.71,Baja,79943.0,La Florida,Entregado
502555,10157,20260730,Programado,7,51.07,Baja,42546.0,Independencia,Entregado
502556,10207,20251008,Express,1,1.89,Urgente,25264.0,Recoleta,Entregado
502557,10066,20250607,Estándar,1,2.76,Baja,23562.0,Quilicura,Entregado
502558,10239,20250908,Estándar,14,34.55,Media,102611.0,San Joaquín,Entregado
502559,10116,20260417,Estándar,8,38.11,Alta,61144.0,Pedro Aguirre Cerda,Entregado
502560,10083,20250402,Estándar,13,71.16,Media,117163.0,Lo Prado,Entregado
502561,10396,20251006,Estándar,1,7.57,Media,23321.0,Colina,Entregado
502562,10238,20260809,Express,14,95.64,Alta,149990.0,San Miguel,Entregado
502563,10005,20261102,Estándar,12,85.61,Urgente,54388.0,Santiago,Cancelado
502564,10226,20260604,Estándar,4,24.2,Media,37683.0,Macul,En ruta
502565,10226,20261215,Express,12,79.92,Urgente,124076.0,Renca,Entregado
502566,10172,20260326,Estándar,11,23.29,Baja,33157.0,Lampa,Cancelado
502567,10427,20250726,Programado,13,30.76,Baja,115598.0,Independencia,Entregado
502568,10241,20260805,Estándar,7,43.84,Media,67786.0,Ñuñoa,En ruta
502569,10271,20261125,Estándar,15,105.12,Baja,118245.0,El Bosque,Cancelado
502570,10170,20250321,Express,14,43.03,Baja,97929.0,Pedro Aguirre Cerda,Entregado
502571,10407,20250812,Estándar,12,64.78,Media,97896.0,San Bernardo,Entregado
502572,10307,20250103,Estándar,15,118.59,Alta,76398.0,San Ramón,Pendiente
502573,10496,20251106,Express,14,86.28,Urgente,103456.0,San Miguel,En ruta
502574,10084,20260122,Estándar,8,16.44,Media,78619.0,Lo Barnechea,Entregado
502575,10111,20251007,Express,9,29.37,Alta,113029.0,Huechuraba,Pendiente
502576,10031,20261121,Programado,9,49.8,Baja,94371.0,Santiago,Entregado
502577,10157,20250428,Estándar,8,28.98,Baja,52910.0,Lampa,En ruta
502578,10107,20260814,Estándar,1,2.75,Urgente,33209.0,Maipú,Entregado
502579,10162,20250813,Estándar,2,14.65,Baja,12841.0,San Miguel,Entregado
502580,10085,20250714,Estándar,6,42.4,Media,44444.0,Estación Central,Entregado
502581,10013,20260123,Programado,2,7.17,Baja,27567.0,Macul,En preparación
502582,10172,20260526,Estándar,10,30.85,Baja,96973.0,La Granja,Entregado
502583,10015,20260606,Estándar,7,11.71,Baja,53718.0,Conchalí,Entregado
502584,10192,20251011,Estándar,5,6.98,Media,22270.0,La Cisterna,Entregado
502585,10453,20250727,Estándar,2,7.79,Media,33458.0,Lo Barnechea,Pendiente
502586,10008,20250623,Express,2,4.13,Alta,39157.0,San Ramón,Entregado
502587,10379,20250404,Express,12,17.88,Media,98678.0,Puente Alto,Entregado
502588,10034,20251110,Express,2,5.85,Urgente,46296.0,La Reina,En ruta
502589,10387,20250118,Express,10,20.38,Alta,116783.0,La Reina,Entregado
502590,10183,20250921,Programado,15,31.66,Baja,76972.0,Las Condes,Entregado
502591,10391,20260910,Estándar,6,35.47,Media,68240.0,Cerrillos,Cancelado
502592,10049,20261216,Programado,15,80.67,Alta,99084.0,Conchalí,Entregado
502593,10085,20260505,Programado,15,45.53,Baja,114206.0,La Granja,Entregado
502594,10154,20250403,Estándar,12,28.61,Alta,52230.0,San Ramón,Entregado
502595,10459,20260415,Programado,7,9.57,Baja,54225.0,La Reina,Cancelado
502596,10412,20250325,Estándar,6,8.87,Media,42761.0,Macul,En ruta
502597,10382,20251110,Estándar,11,23.28,Media,96583.0,Lo Espejo,Cancelado
502598,10033,20260505,Express,5,9.42,Media,39197.0,Puente Alto,En ruta
502599,10157,20260425,Programado,1,1.82,Alta,30540.0,San Bernardo,En preparación
502600,10464,20261002,Express,13,23.87,Media,141758.0,El Bosque,Entregado
502601,10347,20260707,Programado,11,74.04,Media,112495.0,La Reina,Entregado
502602,10198,20250813,Express,6,32.96,Alta,47145.0,San Bernardo,Entregado
502603,10330,20260819,Estándar,9,59.02,Media,79105.0,San Miguel,Cancelado
502604,10149,20251021,Programado,4,8.48,Urgente,46174.0,Lampa,Entregado
502605,10477,20251231,Estándar,11,72.99,Media,67105.0,San Bernardo,Entregado
502606,10329,20260725,Estándar,6,39.01,Media,58531.0,Recoleta,Entregado
502607,10253,20250519,Programado,15,109.31,Alta,90429.0,Las Condes,En preparación
502608,10349,20250318,Express,5,24.57,Urgente,66454.0,Lo Barnechea,Entregado
502609,10349,20250718,Express,6,6.1,Alta,81855.0,Puente Alto,Entregado
502610,10489,20260326,Estándar,6,19.61,Alta,35423.0,Colina,En ruta
502611,10226,20250722,Programado,4,14.76,Media,40435.0,Colina,Entregado
502612,10051,20250804,Estándar,10,71.65,Baja,92641.0,La Florida,En preparación
502613,10111,20250525,Programado,11,17.88,Urgente,62512.0,Quinta Normal,Pendiente
502614,10395,20260827,Estándar,4,29.4,Media,34517.0,El Bosque,Entregado
502615,10079,20260417,Estándar,6,34.5,Media,26810.0,Las Condes,Entregado
502616,10120,20250418,Estándar,7,32.88,Baja,57759.0,Colina,En preparación
502617,10028,20260816,Programado,4,14.9,Alta,34493.0,Pudahuel,Entregado
502618,10483,20251030,Express,7,11.48,Media,103349.0,Las Condes,En ruta
502619,10068,20251102,Express,10,58.46,Urgente,125596.0,La Florida,Cancelado
502620,10340,20260713,Estándar,6,37.41,Alta,43958.0,Recoleta,Entregado
502621,10302,20250203,Estándar,3,3.09,Media,46684.0,Huechuraba,Entregado
502622,10472,20260611,Estándar,12,27.64,Media,82972.0,Huechuraba,En preparación
502623,10085,20250820,Estándar,15,85.27,Baja,113642.0,San Joaquín,Entregado
502624,10438,20261211,Estándar,8,16.28,Baja,51567.0,Providencia,Entregado
502625,10304,20250909,Estándar,1,7.97,Media,31205.0,Vitacura,Pendiente
502626,10322,20260820,Estándar,5,15.84,Alta,49664.0,San Joaquín,Entregado
502627,10058,20251106,Estándar,1,1.81,Alta,19046.0,La Cisterna,Entregado
502628,10454,20260301,Express,15,86.54,Urgente,111403.0,Santiago,En preparación
502629,10292,20250927,Programado,2,8.38,Media,39436.0,San Miguel,Entregado
502630,10078,20250421,Programado,11,49.38,Alta,59246.0,Las Condes,En ruta
502631,10032,20260212,Estándar,14,46.48,Alta,133542.0,Las Condes,Entregado
502632,10069,20260424,Express,4,10.11,Urgente,55304.0,Quinta Normal,Entregado
502633,10087,20260119,Estándar,12,66.33,Media,53636.0,El Bosque,Entregado
502634,10193,20251121,Estándar,6,22.54,Media,55873.0,Puente Alto,En preparación
502635,10166,20250729,Estándar,9,11.26,Alta,47828.0,Puente Alto,Entregado
502636,10090,20250705,Estándar,1,1.61,Media,23441.0,San Miguel,Entregado
502637,10151,20250308,Programado,4,10.59,Media,33019.0,Recoleta,En ruta
502638,10090,20260502,Programado,3,9.28,Alta,39897.0,Quilicura,En ruta
502639,10239,20261210,Express,8,51.64,Alta,75186.0,Lo Barnechea,Entregado
502640,10026,20260305,Express,5,35.44,Alta,59033.0,Cerrillos,Entregado
502641,10417,20250601,Estándar,11,19.99,Media,62512.0,Ñuñoa,En preparación
502642,10121,20250930,Estándar,10,68.67,Media,84286.0,San Ramón,Entregado
502643,10121,20260616,Programado,5,27.37,Alta,38123.0,San Joaquín,Entregado
502644,10331,20260517,Express,12,36.28,Media,166521.0,Huechuraba,Entregado
502645,10419,20260315,Programado,10,78.89,Baja,86168.0,La Reina,Entregado
502646,10156,20250325,Programado,3,17.06,Baja,26167.0,Maipú,Entregado
502647,10489,20251129,Express,15,60.48,Alta,63609.0,Lo Prado,En ruta
502648,10006,20260113,Estándar,8,49.28,Alta,57681.0,Estación Central,Entregado
502649,10323,20260629,Estándar,10,55.3,Media,84768.0,Peñalolén,En preparación
502650,10478,20260330,Estándar,4,7.02,Alta,47195.0,Maipú,En preparación
502651,10179,20250328,Estándar,2,11.46,Alta,15067.0,Lampa,En preparación
502652,10011,20251101,Estándar,13,80.16,Alta,110254.0,San Ramón,En ruta
502653,10193,20250915,Programado,4,12.81,Media,43981.0,Peñalolén,Entregado
502654,10170,20261208,Estándar,7,33.0,Urgente,60638.0,Recoleta,Cancelado
502655,10395,20250621,Estándar,2,9.83,Baja,36260.0,Conchalí,En ruta
502656,10444,20250531,Estándar,9,69.68,Alta,67735.0,Ñuñoa,Pendiente
502657,10440,20250721,Express,9,43.53,Media,72673.0,El Bosque,Entregado
502658,10385,20250713,Express,9,40.46,Baja,40667.0,Lo Barnechea,Entregado
502659,10320,20260718,Estándar,13,39.96,Media,73097.0,Huechuraba,En preparación
502660,10442,20260830,Express,15,35.92,Alta,83553.0,Macul,Entregado
502661,10493,20251218,Express,11,56.22,Alta,92428.0,Recoleta,Entregado
502662,10304,20261025,Estándar,5,9.74,Urgente,57562.0,Macul,Entregado
502663,10293,20251110,Express,4,16.25,Alta,79880.0,Macul,Entregado
502664,10386,20260130,Estándar,7,17.77,Alta,42466.0,Pedro Aguirre Cerda,En ruta
502665,10464,20250514,Programado,9,33.82,Baja,82302.0,Conchalí,Entregado
502666,10275,20250128,Programado,8,59.23,Baja,69777.0,Cerrillos,Entregado
502667,10022,20250615,Estándar,15,63.01,Baja,123655.0,La Reina,En preparación
502668,10134,20250325,Estándar,8,53.99,Media,68912.0,Quinta Normal,Pendiente
502669,10197,20250310,Express,5,30.15,Urgente,55732.0,San Bernardo,En preparación
502670,10163,20250711,Estándar,6,36.05,Media,50881.0,Independencia,Entregado
502671,10151,20261127,Estándar,14,24.41,Alta,42875.0,Las Condes,Entregado
502672,10426,20260420,Express,15,22.14,Media,151220.0,Santiago,Entregado
502673,10400,20250321,Programado,5,35.37,Alta,29366.0,Maipú,En ruta
502674,10090,20250103,Express,9,29.65,Media,71943.0,San Joaquín,Entregado
502675,10156,20261211,Estándar,14,48.34,Alta,59907.0,Renca,En preparación
502676,10106,20250109,Estándar,8,46.31,Media,46254.0,Huechuraba,Entregado
502677,10460,20260421,Programado,1,2.0,Media,16547.0,El Bosque,En preparación
502678,10435,20260311,Express,4,24.3,Urgente,40840.0,El Bosque,En ruta
502679,10310,20260717,Estándar,12,48.03,Baja,86190.0,Peñalolén,Pendiente
502680,10410,20260510,Estándar,5,17.31,Media,40394.0,San Joaquín,En ruta
502681,10485,20261226,Estándar,6,26.32,Media,49877.0,Huechuraba,En preparación
502682,10059,20260127,Estándar,13,24.71,Media,82465.0,San Miguel,En ruta
502683,10028,20250122,Express,1,1.13,Urgente,41805.0,San Miguel,Entregado
502684,10397,20260618,Express,10,58.11,Urgente,88194.0,Independencia,En preparación
502685,10487,20251004,Express,12,54.23,Alta,134023.0,Lo Prado,Entregado
502686,10230,20250212,Estándar,13,86.41,Media,86565.0,Buin,Entregado
502687,10223,20250822,Estándar,11,31.02,Baja,51201.0,Lo Espejo,Entregado
502688,10370,20250312,Express,6,8.38,Alta,86310.0,Lampa,Entregado
502689,10474,20261106,Programado,12,58.73,Media,107740.0,San Ramón,Entregado
502690,10267,20260927,Estándar,4,25.68,Baja,39566.0,Las Condes,Pendiente
502691,10162,20261205,Estándar,12,35.16,Media,108619.0,San Bernardo,Entregado
502692,10165,20261101,Programado,11,69.19,Media,75988.0,Providencia,Entregado
502693,10039,20250426,Express,2,2.23,Alta,30969.0,Lampa,Entregado
502694,10110,20260626,Estándar,11,80.12,Alta,83931.0,Santiago,Entregado
502695,10313,20250425,Estándar,2,3.44,Alta,37046.0,Lo Barnechea,En ruta
502696,10238,20260104,Estándar,15,112.99,Media,89340.0,Maipú,En ruta
502697,10039,20250924,Estándar,9,67.35,Urgente,56648.0,Lo Prado,Entregado
502698,10342,20250408,Estándar,7,47.89,Media,25621.0,Lo Prado,Entregado
502699,10495,20250101,Programado,10,59.29,Baja,100712.0,Pudahuel,En preparación
502700,10134,20250316,Estándar,7,24.41,Urgente,82619.0,Huechuraba,En ruta
502701,10361,20261004,Programado,13,48.43,Media,70029.0,Conchalí,Entregado
502702,10166,20260706,Estándar,9,19.46,Media,75689.0,Providencia,En ruta
502703,10212,20250218,Estándar,13,98.44,Media,60257.0,Macul,Entregado
502704,10147,20250301,Estándar,7,14.47,Media,41723.0,San Ramón,Entregado
502705,10369,20250207,Estándar,6,17.96,Baja,52181.0,La Granja,Entregado
502706,10322,20250517,Estándar,6,34.11,Media,51532.0,Independencia,Entregado
502707,10042,20260917,Estándar,11,75.51,Media,95443.0,Buin,Entregado
502708,10130,20250102,Programado,10,45.2,Media,94859.0,Pudahuel,Entregado
502709,10192,20250917,Programado,3,7.64,Media,27260.0,Colina,Entregado
502710,10108,20250423,Estándar,12,26.94,Media,57660.0,Pudahuel,En ruta
502711,10198,20260713,Express,11,44.57,Alta,107580.0,Conchalí,Entregado
502712,10191,20251007,Express,1,4.58,Alta,22079.0,Independencia,Entregado
502713,10115,20250801,Express,14,84.97,Media,172045.0,Estación Central,Entregado
502714,10426,20250918,Estándar,5,34.11,Media,49900.0,La Cisterna,En ruta
502715,10024,20250415,Programado,4,25.46,Alta,47229.0,Santiago,Entregado
502716,10449,20261208,Express,6,9.92,Alta,43296.0,El Bosque,En preparación
502717,10161,20260827,Estándar,8,60.94,Media,38957.0,San Miguel,Entregado
502718,10046,20250814,Estándar,14,40.28,Baja,130394.0,Macul,Entregado
502719,10213,20260926,Express,2,14.4,Alta,30792.0,San Ramón,Entregado
502720,10364,20260810,Estándar,11,44.56,Media,91961.0,Pudahuel,Entregado
502721,10290,20250317,Express,4,16.4,Urgente,24222.0,Estación Central,Pendiente
502722,10240,20250810,Programado,9,29.82,Media,83621.0,La Reina,Cancelado
502723,10040,20250103,Estándar,6,41.72,Urgente,41578.0,Colina,Entregado
502724,10020,20260829,Programado,1,2.31,Media,22606.0,La Reina,Entregado
502725,10393,20250129,Programado,4,28.03,Baja,39445.0,Independencia,Entregado
502726,10413,20260715,Estándar,13,53.34,Media,114350.0,Quinta Normal,Entregado
502727,10028,20250519,Express,4,29.04,Media,53498.0,San Bernardo,En ruta
502728,10491,20260315,Estándar,8,13.62,Media,78483.0,Providencia,Entregado
502729,10141,20250407,Estándar,14,52.11,Media,73575.0,Lo Barnechea,Entregado
502730,10491,20250323,Express,10,67.3,Alta,99101.0,Las Condes,Entregado
502731,10342,20250904,Estándar,10,66.01,Alta,96239.0,Macul,Entregado
502732,10230,20250524,Estándar,4,22.31,Media,17732.0,Recoleta,Entregado
502733,10345,20251216,Estándar,7,28.74,Alta,73811.0,La Reina,Entregado
502734,10414,20260513,Express,9,15.05,Alta,118225.0,Vitacura,Entregado
502735,10169,20261202,Express,1,2.18,Urgente,44698.0,Colina,Entregado
502736,10202,20260731,Estándar,7,37.02,Media,46892.0,Peñalolén,Cancelado
502737,10240,20250218,Programado,12,21.27,Baja,74404.0,Santiago,Entregado
502738,10031,20250214,Programado,2,14.07,Alta,18662.0,Macul,En preparación
502739,10249,20260405,Express,1,5.9,Alta,31271.0,Quilicura,En preparación
502740,10481,20260916,Estándar,3,6.2,Media,29639.0,Buin,Entregado
502741,10386,20260120,Estándar,1,6.13,Baja,19037.0,La Cisterna,Entregado
502742,10247,20260828,Estándar,12,17.03,Alta,58339.0,La Cisterna,Entregado
502743,10410,20261223,Express,9,67.41,Media,86905.0,Quinta Normal,Entregado
502744,10131,20250513,Estándar,10,37.97,Media,61616.0,Las Condes,Entregado
502745,10088,20260414,Estándar,10,72.13,Baja,79765.0,La Reina,Entregado
502746,10242,20250712,Estándar,7,46.27,Media,40654.0,La Florida,Entregado
502747,10317,20251022,Express,5,28.47,Alta,64494.0,Quilicura,En ruta
502748,10126,20250125,Express,8,47.14,Media,51407.0,Lo Barnechea,Entregado
502749,10293,20250824,Estándar,14,62.85,Alta,110454.0,Colina,En ruta
502750,10357,20260902,Estándar,6,25.37,Media,34976.0,Las Condes,Entregado
502751,10473,20260807,Estándar,2,4.24,Alta,32641.0,San Miguel,Entregado
502752,10091,20250315,Programado,2,7.82,Alta,46071.0,Buin,Cancelado
502753,10067,20250118,Estándar,8,41.05,Baja,69768.0,La Granja,Entregado
502754,10188,20251101,Estándar,4,7.44,Media,37879.0,Buin,Entregado
502755,10284,20250906,Express,5,23.68,Media,62141.0,Maipú,Entregado
502756,10320,20261211,Estándar,11,23.98,Alta,51701.0,San Ramón,Entregado
502757,10086,20250509,Estándar,2,13.12,Alta,39043.0,San Ramón,Cancelado
502758,10075,20250706,Estándar,8,34.18,Urgente,79255.0,Estación Central,En preparación
502759,10123,20260822,Estándar,7,46.64,Alta,71857.0,San Bernardo,Entregado
502760,10099,20260217,Express,7,9.82,Media,82311.0,Huechuraba,Entregado
502761,10199,20260826,Estándar,6,22.7,Media,31896.0,Quilicura,Entregado
502762,10299,20250623,Estándar,7,24.69,Media,46056.0,Macul,Entregado
502763,10415,20261229,Estándar,13,32.27,Alta,100601.0,Estación Central,Entregado
502764,10308,20250912,Estándar,15,98.97,Media,83694.0,Las Condes,En ruta
502765,10033,20250529,Express,4,11.84,Urgente,50656.0,Ñuñoa,Entregado
502766,10255,20250930,Estándar,13,35.51,Media,107338.0,Pedro Aguirre Cerda,En preparación
502767,10248,20260823,Programado,13,55.64,Media,123723.0,Colina,En preparación
502768,10339,20250401,Express,12,83.61,Alta,94065.0,Lo Prado,En ruta
502769,10342,20250701,Express,2,7.47,Media,30245.0,Lo Espejo,En ruta
502770,10166,20250613,Express,11,87.13,Alta,70030.0,San Bernardo,En ruta
502771,10236,20250821,Estándar,3,20.96,Baja,46711.0,Conchalí,Entregado
502772,10444,20261024,Estándar,6,32.88,Media,56762.0,Lampa,Entregado
502773,10011,20250212,Estándar,3,14.26,Alta,20242.0,Las Condes,Entregado
502774,10122,20260427,Estándar,1,4.09,Baja,27438.0,Ñuñoa,Entregado
502775,10245,20260519,Express,6,25.42,Urgente,52128.0,San Bernardo,Pendiente
502776,10179,20260418,Estándar,3,3.63,Media,30559.0,Lo Prado,En preparación
502777,10206,20260306,Estándar,2,2.46,Alta,17912.0,Las Condes,Entregado
502778,10075,20260228,Express,14,29.7,Alta,169114.0,La Cisterna,Pendiente
502779,10418,20250421,Estándar,8,55.45,Media,58209.0,Vitacura,Entregado
502780,10058,20250221,Express,12,67.41,Alta,120105.0,La Florida,Entregado
502781,10233,20260702,Estándar,4,12.72,Baja,40970.0,La Florida,Entregado
502782,10360,20260424,Estándar,7,51.3,Media,83225.0,San Ramón,En ruta
502783,10278,20250516,Estándar,3,6.28,Alta,36878.0,Macul,Entregado
502784,10406,20260803,Programado,8,51.55,Baja,75593.0,Quilicura,Entregado
502785,10065,20250919,Estándar,9,34.49,Alta,65856.0,San Joaquín,Entregado
502786,10355,20260822,Express,15,79.03,Media,76691.0,Quilicura,En ruta
502787,10400,20260622,Estándar,6,19.45,Media,37923.0,La Reina,Entregado
502788,10477,20251106,Programado,6,16.84,Baja,58244.0,Puente Alto,En preparación
502789,10126,20260905,Programado,12,76.37,Urgente,128674.0,Puente Alto,Entregado
502790,10222,20251108,Estándar,9,66.7,Media,60599.0,Vitacura,En ruta
502791,10427,20260404,Estándar,12,88.96,Media,47281.0,Estación Central,En ruta
502792,10112,20260620,Estándar,15,45.11,Alta,100487.0,Buin,En ruta
502793,10300,20250815,Estándar,15,42.41,Media,68879.0,Macul,En ruta
502794,10266,20260224,Estándar,4,5.21,Urgente,44969.0,Macul,Entregado
502795,10479,20250121,Express,14,46.43,Media,109671.0,Colina,En ruta
502796,10224,20251106,Estándar,8,58.7,Media,73549.0,Quilicura,En ruta
502797,10252,20250304,Estándar,5,28.51,Media,60516.0,Providencia,En preparación
502798,10085,20250226,Express,14,108.48,Urgente,132632.0,La Reina,Entregado
502799,10231,20260505,Express,14,30.11,Alta,149076.0,Santiago,Cancelado
502800,10283,20250301,Estándar,6,24.15,Media,26536.0,Conchalí,Entregado
502801,10386,20251025,Programado,2,6.83,Baja,23683.0,Peñalolén,Entregado
502802,10421,20251221,Estándar,5,31.63,Media,33353.0,Colina,Cancelado
502803,10461,20250712,Estándar,11,87.4,Alta,99814.0,El Bosque,Entregado
502804,10225,20260718,Programado,2,3.97,Media,38344.0,Maipú,En ruta
502805,10002,20250403,Estándar,7,45.56,Baja,41204.0,Macul,En ruta
502806,10071,20251014,Programado,12,78.65,Baja,59850.0,Ñuñoa,Entregado
502807,10042,20260529,Estándar,10,45.33,Alta,75173.0,Buin,En ruta
502808,10141,20250122,Estándar,13,68.1,Media,55052.0,El Bosque,Entregado
502809,10461,20260927,Estándar,5,6.1,Media,46467.0,Renca,Cancelado
502810,10074,20250110,Express,13,23.46,Urgente,134082.0,Buin,Entregado
502811,10298,20250915,Express,11,24.73,Media,106024.0,Independencia,Entregado
502812,10103,20251019,Estándar,7,21.25,Media,69828.0,Macul,En preparación
502813,10327,20261228,Express,4,25.28,Urgente,63551.0,La Granja,Entregado
502814,10074,20251102,Programado,13,68.3,Baja,139437.0,Lo Barnechea,Entregado
502815,10163,20261230,Programado,14,98.25,Baja,79672.0,Macul,Pendiente
502816,10060,20250617,Estándar,4,4.13,Alta,25266.0,Santiago,En ruta
502817,10231,20250131,Programado,3,20.9,Baja,23540.0,La Reina,Entregado
502818,10022,20260428,Estándar,3,23.75,Baja,39429.0,San Bernardo,En preparación
502819,10492,20250617,Express,1,4.77,Alta,41845.0,Renca,En ruta
502820,10287,20260220,Estándar,5,38.22,Media,59015.0,La Cisterna,Entregado
502821,10150,20261101,Estándar,9,14.85,Alta,66045.0,Lo Prado,En ruta
502822,10002,20260330,Express,9,54.99,Alta,44940.0,Colina,Entregado
502823,10186,20261017,Express,9,33.98,Urgente,68572.0,Las Condes,Entregado
502824,10186,20260919,Express,1,7.81,Alta,21389.0,Lampa,Entregado
502825,10073,20261113,Programado,11,76.24,Baja,119626.0,Vitacura,Entregado
502826,10302,20250209,Estándar,14,107.92,Media,94709.0,Ñuñoa,Entregado
502827,10100,20261102,Programado,2,13.33,Baja,35709.0,Huechuraba,Entregado
502828,10105,20260502,Estándar,14,53.96,Alta,86533.0,San Miguel,Entregado
502829,10449,20261003,Programado,9,59.77,Alta,70508.0,San Miguel,Entregado
502830,10052,20260912,Estándar,8,58.42,Media,40529.0,Santiago,Cancelado
502831,10388,20260111,Estándar,7,19.0,Baja,58258.0,Lampa,Entregado
502832,10018,20260303,Estándar,9,14.1,Media,43290.0,Lo Espejo,Entregado
502833,10416,20250418,Estándar,13,34.67,Media,49825.0,San Miguel,En ruta
502834,10440,20250927,Estándar,2,5.06,Media,41727.0,Puente Alto,Entregado
502835,10279,20260905,Programado,14,103.15,Baja,63556.0,Providencia,Entregado
502836,10011,20250816,Estándar,6,40.74,Media,50832.0,Macul,Pendiente
502837,10210,20260518,Programado,8,14.57,Media,69233.0,Recoleta,Entregado
502838,10142,20260912,Estándar,8,40.12,Baja,66776.0,Macul,Pendiente
502839,10303,20261230,Express,13,75.55,Urgente,67759.0,San Ramón,Entregado
502840,10010,20250901,Programado,3,22.67,Media,39349.0,Lo Espejo,Entregado
502841,10243,20250819,Estándar,11,54.58,Media,61262.0,Ñuñoa,Entregado
502842,10349,20251221,Estándar,11,69.26,Media,82842.0,San Miguel,Entregado
502843,10065,20260217,Express,10,69.35,Baja,116656.0,El Bosque,Entregado
502844,10083,20260520,Estándar,7,29.4,Baja,52912.0,Independencia,Entregado
502845,10221,20260405,Estándar,3,22.17,Media,32949.0,San Ramón,Entregado
502846,10266,20260911,Express,2,4.07,Media,39096.0,San Ramón,En ruta
502847,10138,20251105,Estándar,9,68.49,Alta,37227.0,Pedro Aguirre Cerda,Entregado
502848,10009,20261214,Estándar,11,20.61,Alta,70270.0,Huechuraba,Entregado
502849,10474,20261206,Estándar,12,20.21,Baja,95336.0,El Bosque,En preparación
502850,10497,20250607,Estándar,2,14.24,Alta,28411.0,San Miguel,Entregado
502851,10093,20261017,Estándar,4,30.87,Alta,17228.0,Peñalolén,En preparación
502852,10219,20261223,Express,8,46.04,Media,74982.0,San Joaquín,En ruta
502853,10017,20250731,Estándar,2,12.46,Media,27880.0,Maipú,Cancelado
502854,10029,20250814,Estándar,11,69.91,Baja,110142.0,La Reina,Pendiente
502855,10122,20261103,Estándar,2,2.23,Media,19685.0,Renca,Entregado
502856,10216,20250710,Estándar,14,78.18,Alta,114427.0,Lo Prado,Entregado
502857,10034,20260225,Express,5,15.79,Urgente,56722.0,San Bernardo,Entregado
502858,10424,20261104,Estándar,12,85.25,Baja,83144.0,Macul,Pendiente
502859,10337,20260115,Estándar,10,74.84,Media,53332.0,Huechuraba,Entregado
502860,10480,20261014,Programado,15,51.97,Alta,45997.0,Renca,Pendiente
502861,10397,20260315,Programado,8,21.83,Media,53252.0,Macul,Entregado
502862,10420,20250520,Express,9,9.59,Alta,100493.0,Quilicura,En preparación
502863,10285,20250703,Programado,4,25.54,Baja,40254.0,Vitacura,Entregado
502864,10045,20260704,Express,10,61.79,Alta,66933.0,Peñalolén,Pendiente
502865,10218,20250903,Estándar,11,63.42,Media,45546.0,Huechuraba,Entregado
502866,10132,20261126,Estándar,3,16.5,Media,36412.0,Cerrillos,En preparación
502867,10081,20251022,Estándar,3,10.75,Baja,47751.0,La Reina,Entregado
502868,10246,20251120,Estándar,7,27.79,Baja,37342.0,La Granja,Entregado
502869,10449,20251106,Estándar,5,8.51,Alta,30123.0,Recoleta,Entregado
502870,10162,20250617,Estándar,10,68.02,Media,98700.0,Maipú,Entregado
502871,10247,20250716,Estándar,4,17.1,Urgente,29484.0,Providencia,Entregado
502872,10312,20250208,Estándar,5,13.9,Media,57027.0,Pudahuel,Entregado
502873,10177,20261218,Estándar,5,24.76,Urgente,48845.0,Renca,Cancelado
502874,10352,20260414,Estándar,9,22.57,Baja,60258.0,Providencia,Entregado
502875,10305,20260721,Estándar,9,39.49,Media,61819.0,La Florida,Entregado
502876,10324,20260205,Estándar,1,5.93,Baja,30798.0,San Joaquín,Entregado
502877,10280,20250125,Estándar,11,48.47,Media,77061.0,San Ramón,En ruta
502878,10262,20250821,Programado,1,1.42,Media,26420.0,Recoleta,Entregado
502879,10095,20261113,Estándar,8,23.36,Baja,51360.0,San Ramón,En preparación
502880,10292,20250526,Estándar,6,40.15,Media,44225.0,Cerrillos,Entregado
502881,10241,20251008,Programado,13,30.8,Baja,128805.0,Providencia,Cancelado
502882,10144,20260918,Programado,2,12.21,Media,44697.0,La Reina,Entregado
502883,10211,20260811,Estándar,9,68.75,Baja,45218.0,Puente Alto,En ruta
502884,10207,20251211,Express,14,70.1,Media,118912.0,Lo Espejo,Pendiente
502885,10392,20260109,Estándar,1,4.31,Urgente,17988.0,Independencia,Entregado
502886,10284,20261014,Express,13,26.52,Alta,90092.0,Renca,En preparación
502887,10323,20260104,Estándar,15,115.42,Media,118408.0,La Reina,Entregado
502888,10363,20250802,Express,2,7.4,Urgente,39528.0,Providencia,Entregado
502889,10011,20260419,Programado,6,34.01,Media,50430.0,La Reina,Entregado
502890,10283,20251118,Estándar,10,60.01,Alta,82449.0,San Miguel,Entregado
502891,10438,20250223,Programado,10,69.98,Media,107311.0,Independencia,Entregado
502892,10226,20260509,Express,5,25.25,Alta,69541.0,Las Condes,Entregado
502893,10352,20250205,Programado,7,43.96,Baja,68226.0,Recoleta,En preparación
502894,10498,20260725,Express,7,10.61,Urgente,76895.0,Cerrillos,Entregado
502895,10446,20260227,Express,11,65.91,Urgente,73844.0,Independencia,En ruta
502896,10224,20251207,Estándar,10,41.7,Media,103007.0,Recoleta,Entregado
502897,10140,20250113,Programado,14,16.78,Baja,77080.0,Ñuñoa,Entregado
502898,10248,20260813,Estándar,5,17.11,Alta,50793.0,Santiago,En ruta
502899,10190,20260523,Programado,15,31.39,Baja,118300.0,Providencia,Entregado
502900,10440,20250223,Estándar,7,45.44,Baja,44020.0,Buin,Entregado
502901,10163,20260520,Express,2,4.23,Alta,24214.0,Huechuraba,Entregado
502902,10062,20260508,Express,7,29.21,Alta,79086.0,San Ramón,En preparación
502903,10096,20260831,Express,13,56.82,Alta,131505.0,Estación Central,En ruta
502904,10487,20250920,Estándar,4,23.99,Alta,40666.0,Maipú,Entregado
502905,10475,20260830,Estándar,10,29.36,Baja,64487.0,Puente Alto,Entregado
502906,10248,20260806,Express,2,3.03,Media,22058.0,Lo Barnechea,Entregado
502907,10253,20260511,Estándar,1,3.38,Media,27159.0,Quilicura,Entregado
502908,10352,20261203,Estándar,1,3.07,Media,34261.0,San Bernardo,Cancelado
502909,10015,20250615,Express,8,16.72,Alta,88322.0,Cerrillos,En ruta
502910,10393,20260820,Estándar,15,111.85,Media,120361.0,Peñalolén,Entregado
502911,10230,20250403,Estándar,2,13.05,Baja,29626.0,Pudahuel,En ruta
502912,10287,20260708,Programado,15,28.81,Media,109320.0,El Bosque,Pendiente
502913,10415,20260820,Estándar,15,77.13,Media,129217.0,Pedro Aguirre Cerda,Entregado
502914,10321,20250222,Express,9,62.15,Alta,118996.0,San Joaquín,Entregado
502915,10104,20260501,Programado,14,107.06,Baja,109219.0,El Bosque,Entregado
502916,10263,20260711,Express,15,62.86,Media,162869.0,Estación Central,En preparación
502917,10390,20250314,Estándar,11,87.34,Baja,59143.0,Lo Barnechea,Entregado
502918,10209,20260809,Express,13,100.61,Urgente,122415.0,Lo Prado,En ruta
502919,10415,20260126,Express,7,18.32,Media,52902.0,Pudahuel,Entregado
502920,10124,20250407,Estándar,10,34.68,Baja,51075.0,Lo Espejo,Entregado
502921,10052,20260212,Programado,5,36.81,Baja,43481.0,Vitacura,En ruta
502922,10297,20250413,Estándar,4,16.81,Alta,43924.0,Las Condes,Entregado
502923,10058,20250326,Express,3,3.11,Urgente,40523.0,Puente Alto,Entregado
502924,10500,20251209,Express,11,83.4,Urgente,124031.0,Quilicura,Entregado
502925,10151,20250915,Express,14,111.43,Media,133896.0,Puente Alto,Entregado
502926,10272,20250712,Express,1,7.81,Alta,27697.0,Peñalolén,En preparación
502927,10067,20250915,Estándar,7,49.71,Alta,78856.0,Macul,Pendiente
502928,10440,20261006,Express,6,18.98,Media,66358.0,Conchalí,En ruta
502929,10270,20251207,Estándar,14,21.31,Alta,66421.0,Lo Prado,Entregado
502930,10381,20250410,Express,7,11.67,Alta,62334.0,Estación Central,En preparación
502931,10217,20250417,Estándar,10,28.87,Urgente,106726.0,Puente Alto,Entregado
502932,10003,20250924,Estándar,2,5.74,Media,38665.0,Renca,Entregado
502933,10407,20260420,Estándar,5,37.21,Baja,45366.0,Quinta Normal,Cancelado
502934,10479,20251103,Programado,14,58.41,Urgente,103322.0,Pedro Aguirre Cerda,Pendiente
502935,10050,20260905,Estándar,5,15.32,Media,56271.0,Lo Prado,En ruta
502936,10114,20250405,Express,13,49.23,Baja,113809.0,Vitacura,Pendiente
502937,10244,20260320,Express,15,64.26,Alta,82245.0,Conchalí,En ruta
502938,10278,20250330,Express,10,70.19,Urgente,110198.0,Maipú,Entregado
502939,10115,20250209,Estándar,15,79.41,Baja,116250.0,La Reina,En preparación
502940,10466,20250708,Estándar,11,80.12,Media,99462.0,San Miguel,Entregado
502941,10349,20250202,Programado,13,100.36,Media,111300.0,Lampa,Entregado
502942,10381,20251024,Express,6,32.7,Media,97016.0,Lo Prado,En preparación
502943,10060,20250510,Programado,5,29.55,Baja,47828.0,Buin,Entregado
502944,10401,20250406,Express,10,79.99,Alta,50009.0,Peñalolén,En ruta
502945,10253,20251009,Express,5,26.33,Alta,50266.0,Lo Barnechea,Pendiente
502946,10243,20250114,Estándar,6,23.26,Baja,71653.0,Puente Alto,En ruta
502947,10074,20250416,Estándar,12,80.93,Alta,55574.0,Quilicura,Entregado
502948,10396,20260202,Estándar,9,30.23,Media,66854.0,Colina,En preparación
502949,10175,20250127,Estándar,3,4.82,Media,35332.0,Puente Alto,Entregado
502950,10199,20260324,Express,14,77.2,Alta,132880.0,San Miguel,Entregado
502951,10015,20261218,Estándar,14,70.92,Alta,97096.0,Puente Alto,Entregado
502952,10480,20260209,Estándar,3,20.83,Baja,29835.0,Conchalí,Entregado
502953,10335,20251122,Estándar,14,30.65,Baja,88298.0,Cerrillos,Entregado
502954,10483,20261215,Express,7,47.0,Media,66639.0,Cerrillos,Entregado
502955,10325,20260503,Estándar,10,71.22,Baja,84445.0,Estación Central,Cancelado
502956,10053,20250605,Express,11,64.33,Urgente,99145.0,Quinta Normal,En ruta
502957,10313,20250727,Express,9,13.94,Alta,69332.0,Quilicura,Cancelado
502958,10411,20261031,Programado,1,5.93,Alta,23579.0,Buin,En ruta
502959,10183,20251117,Estándar,1,3.1,Baja,20548.0,San Miguel,En ruta
502960,10140,20261027,Express,2,15.79,Alta,31158.0,Peñalolén,En ruta
502961,10138,20260109,Estándar,3,15.29,Media,43119.0,Lo Prado,Entregado
502962,10141,20250113,Estándar,6,18.72,Baja,41796.0,Ñuñoa,Entregado
502963,10159,20260731,Express,1,6.66,Alta,32322.0,Vitacura,Entregado
502964,10319,20260128,Estándar,14,77.08,Media,58248.0,Quilicura,Entregado
502965,10161,20251107,Estándar,14,27.07,Media,88192.0,Puente Alto,Cancelado
502966,10318,20260327,Estándar,8,34.75,Urgente,32071.0,Cerrillos,Entregado
502967,10190,20250612,Express,7,52.01,Urgente,92112.0,San Ramón,Entregado
502968,10108,20250815,Estándar,13,37.82,Alta,86168.0,Huechuraba,Entregado
502969,10279,20250227,Estándar,3,15.41,Media,25345.0,Huechuraba,Pendiente
502970,10216,20260223,Estándar,10,57.81,Baja,86392.0,Independencia,Entregado
502971,10107,20260529,Estándar,15,58.79,Media,77126.0,Conchalí,Cancelado
502972,10476,20250814,Estándar,11,42.23,Media,102843.0,Santiago,Entregado
502973,10391,20260723,Estándar,5,28.42,Baja,40353.0,Lampa,Entregado
502974,10310,20250523,Estándar,13,25.14,Alta,116747.0,Lampa,Entregado
502975,10184,20251121,Estándar,9,9.59,Urgente,74294.0,Quinta Normal,Entregado
502976,10452,20261027,Programado,6,31.17,Baja,60304.0,San Miguel,Entregado
502977,10246,20251025,Express,12,32.81,Media,89957.0,San Joaquín,Entregado
502978,10059,20251215,Estándar,14,48.19,Alta,76775.0,San Ramón,Cancelado
502979,10458,20261106,Estándar,5,13.9,Baja,58490.0,San Joaquín,Entregado
502980,10085,20260413,Express,5,16.41,Urgente,61821.0,Pedro Aguirre Cerda,Entregado
502981,10423,20250311,Estándar,7,30.92,Baja,72419.0,Estación Central,Entregado
502982,10183,20250228,Estándar,6,40.1,Media,66290.0,Lo Espejo,En preparación
502983,10104,20251210,Estándar,15,54.42,Media,102824.0,Peñalolén,Entregado
502984,10450,20250107,Estándar,9,51.59,Alta,87845.0,El Bosque,En preparación
502985,10364,20250206,Express,7,51.27,Alta,82202.0,Lo Espejo,En preparación
502986,10346,20260416,Express,9,46.08,Alta,120234.0,Lampa,Entregado
502987,10127,20260531,Estándar,15,35.85,Alta,144278.0,Estación Central,Cancelado
502988,10331,20251023,Estándar,8,50.0,Media,48315.0,Peñalolén,En preparación
502989,10437,20250320,Express,6,7.21,Media,75177.0,Las Condes,Entregado
502990,10176,20250506,Estándar,14,103.55,Media,82515.0,La Granja,Entregado
502991,10467,20250723,Express,12,80.05,Media,74458.0,Pudahuel,Entregado
502992,10434,20251126,Express,6,7.01,Media,57213.0,La Reina,Entregado
502993,10094,20261003,Estándar,6,28.85,Baja,44539.0,Providencia,En preparación
502994,10139,20260913,Estándar,4,6.58,Alta,52847.0,Pedro Aguirre Cerda,Entregado
502995,10003,20250906,Estándar,10,59.83,Media,79003.0,Recoleta,Pendiente
502996,10349,20260113,Express,12,77.41,Alta,114074.0,La Granja,Entregado
502997,10351,20260119,Estándar,13,78.93,Baja,52078.0,Maipú,En ruta
502998,10093,20261114,Estándar,12,50.51,Media,50473.0,La Reina,Entregado
502999,10250,20250912,Programado,6,33.21,Media,44659.0,Pudahuel,Entregado
503000,10405,20250307,Estándar,14,33.56,Media,108847.0,La Reina,Cancelado
503001,10123,20250215,Express,1,1.75,Media,21761.0,Huechuraba,Entregado
503002,10065,20261219,Estándar,11,17.95,Alta,63875.0,Vitacura,Entregado
503003,10486,20250115,Estándar,11,35.12,Baja,58639.0,Quinta Normal,Cancelado
503004,10391,20260327,Programado,4,11.09,Media,59522.0,Colina,Entregado
503005,10467,20260422,Programado,3,9.55,Baja,38707.0,Quilicura,Entregado
503006,10209,20260212,Express,3,16.53,Alta,51957.0,Lampa,Entregado
503007,10303,20250131,Express,7,10.63,Alta,38422.0,Pedro Aguirre Cerda,Entregado
503008,10291,20250302,Estándar,7,34.43,Alta,38196.0,Cerrillos,Entregado
503009,10028,20251226,Express,12,24.49,Urgente,57272.0,Pedro Aguirre Cerda,Pendiente
503010,10055,20250325,Estándar,6,44.69,Media,73557.0,Colina,En ruta
503011,10110,20260330,Programado,11,30.26,Baja,78131.0,Lampa,Entregado
503012,10430,20250325,Estándar,1,2.61,Baja,29005.0,La Granja,En ruta
503013,10108,20260410,Express,8,13.93,Media,115162.0,Renca,Entregado
503014,10034,20261130,Estándar,13,33.82,Baja,91246.0,Pudahuel,Pendiente
503015,10314,20250407,Express,9,11.81,Alta,51666.0,Quinta Normal,Pendiente
503016,10192,20251102,Estándar,11,28.17,Alta,98190.0,La Reina,Entregado
503017,10484,20250903,Estándar,8,29.69,Alta,33705.0,Pudahuel,Pendiente
503018,10185,20260624,Express,12,21.67,Urgente,100864.0,Pedro Aguirre Cerda,En preparación
503019,10196,20261019,Estándar,13,68.15,Media,98381.0,Pudahuel,Entregado
503020,10012,20260821,Estándar,12,88.32,Baja,117692.0,Renca,En ruta
503021,10073,20250803,Estándar,8,28.08,Media,70659.0,El Bosque,Pendiente
503022,10054,20250420,Estándar,1,2.68,Media,14366.0,Independencia,Entregado
503023,10159,20260723,Express,4,7.52,Alta,70135.0,Quinta Normal,Entregado
503024,10447,20250625,Express,10,35.73,Urgente,50243.0,Renca,Entregado
503025,10009,20260409,Express,4,26.01,Media,32796.0,Puente Alto,Entregado
503026,10439,20250318,Programado,11,25.25,Media,64400.0,Santiago,Entregado
503027,10042,20260408,Programado,4,21.85,Media,53714.0,Peñalolén,Entregado
503028,10384,20250720,Estándar,9,9.47,Baja,75716.0,Conchalí,Entregado
503029,10182,20260125,Express,6,31.53,Alta,44160.0,San Ramón,Entregado
503030,10314,20250516,Estándar,3,11.45,Baja,39879.0,Ñuñoa,Entregado
503031,10032,20250201,Programado,10,37.52,Media,104187.0,Estación Central,Entregado
503032,10034,20260917,Estándar,6,28.12,Urgente,51914.0,San Bernardo,Entregado
503033,10337,20260131,Estándar,9,66.78,Urgente,82588.0,Huechuraba,En preparación
503034,10213,20251022,Estándar,1,7.37,Media,15698.0,San Bernardo,Pendiente
503035,10404,20260219,Estándar,7,41.26,Media,38267.0,Las Condes,En ruta
503036,10094,20260110,Estándar,3,22.98,Alta,21916.0,Lo Barnechea,Entregado
503037,10045,20260111,Estándar,14,72.98,Alta,103743.0,La Florida,Cancelado
503038,10241,20251216,Programado,11,14.83,Media,40136.0,Lampa,Entregado
503039,10099,20251023,Estándar,12,85.72,Baja,52550.0,Lampa,Entregado
503040,10224,20260818,Estándar,10,34.69,Media,105039.0,Puente Alto,Entregado
503041,10414,20261106,Estándar,5,7.33,Media,43270.0,San Miguel,Entregado
503042,10284,20250608,Estándar,15,89.93,Media,122573.0,Huechuraba,Entregado
503043,10138,20250927,Estándar,8,15.48,Media,73650.0,Cerrillos,Entregado
503044,10477,20260606,Estándar,8,14.69,Media,69553.0,Huechuraba,Entregado
503045,10273,20251227,Estándar,8,54.78,Media,53336.0,San Bernardo,Entregado
503046,10302,20250811,Estándar,5,20.0,Baja,52759.0,El Bosque,En ruta
503047,10258,20260716,Programado,5,10.71,Baja,55784.0,San Joaquín,En preparación
503048,10500,20261204,Estándar,13,37.96,Media,73910.0,Maipú,En ruta
503049,10446,20250711,Estándar,13,30.12,Baja,70214.0,Cerrillos,En preparación
503050,10425,20250405,Express,2,14.11,Alta,38826.0,San Miguel,Entregado
503051,10134,20250227,Express,3,16.72,Urgente,59179.0,Quilicura,Pendiente
503052,10418,20261227,Estándar,2,13.67,Baja,31122.0,Quinta Normal,Pendiente
503053,10482,20260927,Estándar,13,52.53,Baja,75112.0,Ñuñoa,Entregado
503054,10001,20250108,Estándar,12,52.72,Alta,112831.0,San Ramón,Pendiente
503055,10352,20250306,Estándar,12,20.65,Baja,108313.0,La Cisterna,Entregado
503056,10366,20250619,Programado,7,21.67,Alta,73036.0,Lo Espejo,Entregado
503057,10354,20261024,Estándar,5,23.94,Media,61909.0,La Granja,En preparación
503058,10457,20250220,Programado,3,13.23,Urgente,25142.0,San Miguel,En preparación
503059,10371,20260309,Estándar,5,8.55,Urgente,23557.0,La Granja,En ruta
503060,10239,20261022,Estándar,10,45.33,Media,84782.0,Cerrillos,Entregado
503061,10222,20260318,Estándar,6,44.09,Alta,46741.0,Quinta Normal,Cancelado
503062,10335,20250202,Programado,7,49.01,Alta,45690.0,Lo Espejo,En ruta
503063,10198,20251118,Estándar,4,11.58,Media,43104.0,Huechuraba,Entregado
503064,10191,20251201,Estándar,3,19.57,Urgente,38068.0,Lo Prado,Pendiente
503065,10233,20250531,Estándar,3,5.49,Baja,38005.0,San Miguel,Entregado
503066,10049,20261231,Estándar,8,24.75,Alta,41648.0,Buin,En ruta
503067,10033,20250220,Express,14,54.39,Media,84731.0,Estación Central,Pendiente
503068,10370,20260511,Estándar,12,43.43,Media,104602.0,San Miguel,Entregado
503069,10297,20250920,Estándar,12,78.93,Media,98380.0,Estación Central,Entregado
503070,10003,20250117,Estándar,14,35.1,Media,52511.0,San Joaquín,En ruta
503071,10038,20260623,Programado,6,19.96,Baja,29336.0,Peñalolén,En ruta
503072,10195,20260225,Express,6,38.05,Media,67177.0,Quinta Normal,En ruta
503073,10249,20260608,Estándar,5,19.42,Media,37106.0,Colina,En preparación
503074,10027,20250311,Programado,14,76.5,Baja,61756.0,Conchalí,En ruta
503075,10429,20260619,Express,6,26.86,Urgente,48202.0,Pudahuel,Entregado
503076,10158,20260611,Estándar,6,44.82,Media,44361.0,Puente Alto,Entregado
503077,10033,20260424,Estándar,9,69.32,Media,70229.0,Quilicura,En ruta
503078,10409,20250309,Programado,8,28.49,Media,84474.0,Colina,Entregado
503079,10495,20251207,Estándar,1,5.06,Media,20655.0,La Cisterna,Entregado
503080,10396,20261028,Programado,6,37.06,Alta,69061.0,La Reina,Entregado
503081,10430,20250119,Express,2,8.62,Media,47540.0,Quilicura,En preparación
503082,10261,20261124,Estándar,1,4.81,Baja,20021.0,Estación Central,Entregado
503083,10215,20250803,Express,5,20.09,Media,63374.0,Pudahuel,En preparación
503084,10240,20260901,Estándar,5,19.82,Media,53173.0,Recoleta,En ruta
503085,10280,20260316,Estándar,2,8.35,Media,35385.0,La Reina,Entregado
503086,10447,20250319,Estándar,13,41.04,Alta,44437.0,Puente Alto,Cancelado
503087,10189,20260919,Estándar,8,33.31,Media,34417.0,Quilicura,Entregado
503088,10022,20260322,Express,11,48.8,Media,45126.0,Lo Espejo,Entregado
503089,10144,20261127,Estándar,9,69.4,Urgente,39819.0,Lo Barnechea,Entregado
503090,10497,20250406,Estándar,11,25.62,Media,69631.0,Puente Alto,En ruta
503091,10227,20260528,Estándar,10,19.76,Media,69373.0,San Joaquín,Cancelado
503092,10032,20250419,Estándar,1,1.48,Media,19977.0,Huechuraba,Entregado
503093,10465,20261208,Estándar,12,27.23,Baja,91740.0,Buin,Entregado
503094,10421,20260108,Estándar,15,65.93,Baja,76212.0,Conchalí,Entregado
503095,10227,20260812,Estándar,2,2.46,Media,26442.0,Ñuñoa,Entregado
503096,10024,20250524,Estándar,15,64.89,Alta,135332.0,Independencia,Entregado
503097,10222,20260823,Estándar,1,5.99,Media,32950.0,Providencia,En preparación
503098,10116,20251005,Express,12,90.85,Alta,143618.0,La Granja,Entregado
503099,10319,20250602,Programado,15,47.21,Baja,61039.0,Lo Barnechea,Entregado
503100,10177,20251225,Programado,9,65.5,Alta,81656.0,Quilicura,Entregado
503101,10421,20260628,Express,13,53.58,Alta,113964.0,Estación Central,Entregado
503102,10284,20250415,Estándar,4,4.17,Media,40894.0,San Miguel,En preparación
503103,10473,20250402,Express,2,14.97,Urgente,36397.0,Pedro Aguirre Cerda,En preparación
503104,10324,20260105,Express,3,17.43,Urgente,66799.0,La Florida,Entregado
503105,10253,20260507,Programado,11,29.95,Media,79248.0,Santiago,Entregado
503106,10340,20250501,Express,12,52.13,Media,111691.0,Huechuraba,Entregado
503107,10304,20251003,Express,10,68.09,Alta,117005.0,Lo Prado,En preparación
503108,10307,20251128,Estándar,5,8.85,Baja,51286.0,La Granja,Entregado
503109,10128,20250924,Express,11,14.7,Urgente,99658.0,Maipú,Entregado
503110,10058,20260311,Estándar,4,4.85,Baja,35956.0,La Cisterna,Entregado
503111,10402,20250110,Express,9,19.62,Urgente,117570.0,Recoleta,En ruta
503112,10253,20260615,Express,8,25.64,Baja,89558.0,Las Condes,Entregado
503113,10479,20260223,Estándar,11,53.98,Media,105271.0,San Miguel,En ruta
503114,10422,20250905,Express,6,24.65,Alta,97752.0,Renca,Entregado
503115,10236,20251101,Express,8,36.19,Alta,94265.0,Lo Prado,En ruta
503116,10195,20250925,Estándar,11,83.54,Media,46611.0,Colina,Cancelado
503117,10480,20250119,Express,4,15.39,Alta,37032.0,Huechuraba,Entregado
503118,10340,20250709,Estándar,8,36.53,Media,60365.0,Puente Alto,En preparación
503119,10323,20250701,Express,3,16.29,Urgente,49861.0,Cerrillos,Cancelado
503120,10122,20251210,Estándar,10,68.73,Baja,64631.0,Quilicura,Entregado
503121,10281,20260821,Express,3,4.98,Alta,35390.0,Recoleta,Entregado
503122,10275,20261114,Estándar,5,18.34,Alta,40624.0,Estación Central,Entregado
503123,10487,20251207,Express,2,8.18,Urgente,32181.0,Quinta Normal,Entregado
503124,10378,20261212,Express,6,33.86,Urgente,71917.0,Pudahuel,Entregado
503125,10066,20251218,Express,6,10.98,Alta,56892.0,Buin,Entregado
503126,10018,20251219,Estándar,7,34.25,Media,41544.0,Buin,Entregado
503127,10218,20260307,Estándar,1,3.25,Baja,26422.0,La Cisterna,Entregado
503128,10172,20260120,Estándar,3,18.6,Alta,30751.0,La Cisterna,Entregado
503129,10432,20250825,Estándar,15,35.9,Baja,93986.0,Lampa,Entregado
503130,10284,20250627,Estándar,9,46.05,Alta,36801.0,Lo Barnechea,En ruta
503131,10420,20250714,Express,9,34.73,Alta,90385.0,Pedro Aguirre Cerda,Entregado
503132,10428,20260502,Estándar,8,60.76,Media,79794.0,La Florida,Pendiente
503133,10173,20260811,Estándar,2,4.68,Media,35966.0,Huechuraba,Entregado
503134,10393,20261101,Estándar,12,68.49,Alta,104864.0,La Granja,Entregado
503135,10395,20260322,Estándar,5,31.44,Baja,52253.0,Lo Espejo,En preparación
503136,10209,20260418,Estándar,8,45.12,Media,80565.0,Lo Prado,En preparación
503137,10053,20251003,Estándar,4,22.16,Baja,37823.0,La Florida,En ruta
503138,10024,20250401,Estándar,4,22.66,Media,32172.0,Lampa,Entregado
503139,10067,20260130,Estándar,4,25.48,Media,36418.0,Providencia,Entregado
503140,10423,20260122,Estándar,11,19.66,Media,58480.0,San Joaquín,En ruta
503141,10140,20260213,Express,5,34.05,Alta,72305.0,Maipú,Entregado
503142,10450,20261006,Programado,3,22.5,Media,35432.0,Quinta Normal,Entregado
503143,10403,20251012,Estándar,8,28.95,Media,37311.0,Buin,Entregado
503144,10480,20250908,Estándar,8,46.6,Alta,50018.0,Las Condes,Entregado
503145,10175,20260504,Express,12,16.47,Urgente,102199.0,Quinta Normal,Entregado
503146,10376,20260918,Estándar,9,36.94,Media,74971.0,La Reina,Entregado
503147,10418,20250710,Estándar,10,40.74,Media,79552.0,La Reina,Pendiente
503148,10469,20260120,Estándar,12,63.22,Media,83246.0,Lampa,En preparación
503149,10105,20261031,Estándar,12,42.81,Media,93225.0,Quilicura,Entregado
503150,10308,20260912,Express,4,5.19,Alta,71497.0,Quinta Normal,Entregado
503151,10005,20250305,Estándar,14,86.88,Baja,55823.0,San Ramón,Entregado
503152,10433,20250624,Express,6,25.02,Urgente,80483.0,Pudahuel,En preparación
503153,10368,20250718,Estándar,3,12.35,Media,40136.0,Renca,Entregado
503154,10413,20260601,Estándar,7,14.67,Alta,74025.0,Vitacura,Entregado
503155,10337,20250126,Estándar,1,4.38,Media,30681.0,Estación Central,En ruta
503156,10233,20261013,Estándar,13,21.58,Baja,60294.0,Maipú,Entregado
503157,10443,20250628,Estándar,2,11.43,Baja,26274.0,Renca,En ruta
503158,10256,20260608,Estándar,2,3.9,Baja,18625.0,Huechuraba,Pendiente
503159,10004,20251119,Programado,4,31.39,Baja,34970.0,La Granja,Entregado
503160,10022,20260530,Estándar,12,69.2,Media,76518.0,San Ramón,Entregado
503161,10385,20260112,Estándar,5,20.2,Alta,54264.0,San Miguel,Entregado
503162,10135,20250619,Estándar,12,12.28,Media,65779.0,La Granja,Entregado
503163,10417,20250204,Estándar,12,95.36,Baja,57260.0,La Reina,Entregado
503164,10159,20260226,Estándar,6,36.55,Baja,77096.0,Conchalí,En ruta
503165,10326,20250315,Estándar,6,16.64,Media,46208.0,San Joaquín,Pendiente
503166,10238,20250802,Estándar,8,16.8,Media,44010.0,Pedro Aguirre Cerda,Entregado
503167,10222,20250731,Estándar,15,87.25,Media,103798.0,Cerrillos,En preparación
503168,10140,20250623,Estándar,6,31.79,Baja,57735.0,Ñuñoa,Pendiente
503169,10397,20260217,Estándar,4,23.16,Baja,49199.0,Lo Espejo,Entregado
503170,10277,20251228,Estándar,1,3.07,Media,28116.0,La Reina,En ruta
503171,10151,20250105,Programado,1,6.18,Media,29961.0,Colina,En ruta
503172,10003,20250921,Express,2,12.42,Alta,29196.0,La Reina,Entregado
503173,10153,20250113,Programado,6,18.46,Media,50299.0,Estación Central,Entregado
503174,10439,20261215,Express,15,105.06,Alta,85740.0,San Ramón,Entregado
503175,10038,20251230,Estándar,14,93.07,Media,84391.0,Cerrillos,Entregado
503176,10448,20260513,Estándar,7,38.5,Alta,65848.0,Lo Espejo,Pendiente
503177,10225,20260224,Express,1,5.14,Alta,27764.0,Quilicura,Entregado
503178,10100,20261126,Express,15,51.56,Media,101782.0,La Florida,Entregado
503179,10017,20261102,Estándar,4,17.27,Media,46142.0,Pedro Aguirre Cerda,Entregado
503180,10379,20260408,Programado,14,101.62,Media,132653.0,Lo Barnechea,Cancelado
503181,10497,20260920,Estándar,2,13.15,Media,36343.0,Santiago,Entregado
503182,10131,20250531,Express,10,54.5,Baja,105185.0,Peñalolén,Entregado
503183,10039,20250603,Estándar,7,16.6,Baja,43660.0,Vitacura,Entregado
503184,10022,20260414,Estándar,2,15.88,Media,28573.0,San Joaquín,Entregado
503185,10087,20250924,Estándar,14,35.23,Alta,127753.0,San Bernardo,Entregado
503186,10060,20260919,Estándar,5,39.68,Baja,41558.0,Peñalolén,Entregado
503187,10163,20250718,Estándar,5,11.77,Baja,39804.0,Lo Prado,Entregado
503188,10099,20250511,Estándar,3,15.0,Alta,35366.0,La Florida,En preparación
503189,10037,20251228,Estándar,13,29.53,Media,88189.0,San Bernardo,Cancelado
503190,10085,20261210,Express,1,2.74,Baja,38266.0,Independencia,Entregado
503191,10273,20250415,Estándar,8,23.56,Alta,61760.0,Puente Alto,Cancelado
503192,10375,20260825,Express,8,27.74,Urgente,77132.0,San Bernardo,Entregado
503193,10208,20260815,Estándar,11,28.18,Media,71518.0,Pudahuel,En preparación
503194,10055,20261117,Estándar,3,9.33,Media,44267.0,San Ramón,Entregado
503195,10064,20260326,Estándar,8,19.68,Media,79155.0,El Bosque,En preparación
503196,10316,20250512,Estándar,13,76.81,Media,82804.0,Independencia,Cancelado
503197,10329,20261016,Estándar,13,94.4,Media,62646.0,Independencia,Entregado
503198,10336,20260731,Express,14,73.98,Urgente,88534.0,El Bosque,Pendiente
503199,10165,20261112,Estándar,10,39.15,Baja,83774.0,Cerrillos,Entregado
503200,10140,20261009,Express,6,37.88,Alta,83479.0,San Miguel,Entregado
503201,10098,20260222,Estándar,3,10.49,Media,35606.0,Lo Prado,Entregado
503202,10249,20260923,Estándar,9,42.02,Alta,47704.0,Renca,En preparación
503203,10064,20251122,Estándar,11,35.33,Alta,107518.0,San Joaquín,Entregado
503204,10111,20260404,Estándar,4,21.83,Media,39989.0,La Reina,Pendiente
503205,10202,20250711,Estándar,14,92.87,Alta,133557.0,Las Condes,Entregado
503206,10268,20260410,Estándar,5,34.25,Urgente,52006.0,Puente Alto,Cancelado
503207,10421,20261201,Estándar,11,30.64,Media,84985.0,Renca,En ruta
503208,10492,20251120,Estándar,4,16.33,Media,34969.0,Macul,Pendiente
503209,10171,20260605,Programado,4,18.34,Alta,31424.0,La Florida,Entregado
503210,10142,20250114,Estándar,3,18.42,Media,45724.0,Huechuraba,Entregado
503211,10125,20261226,Estándar,15,59.06,Baja,46643.0,La Florida,Entregado
503212,10245,20261031,Estándar,15,43.33,Media,91284.0,La Cisterna,En ruta
503213,10119,20260818,Estándar,5,30.16,Baja,42356.0,Huechuraba,Entregado
503214,10181,20260117,Estándar,8,11.15,Baja,45947.0,La Granja,Entregado
503215,10121,20251101,Estándar,6,45.85,Baja,48709.0,Estación Central,Cancelado
503216,10483,20260724,Estándar,3,11.49,Media,31270.0,La Reina,Entregado
503217,10098,20260717,Estándar,2,9.2,Urgente,27439.0,Independencia,En preparación
503218,10133,20250918,Estándar,11,47.02,Media,61786.0,Pudahuel,Entregado
503219,10401,20261225,Estándar,11,55.0,Baja,53524.0,San Bernardo,En ruta
503220,10021,20250706,Programado,15,39.45,Baja,122662.0,Puente Alto,Entregado
503221,10266,20260928,Estándar,6,15.48,Media,56165.0,Pudahuel,Entregado
503222,10107,20260825,Estándar,2,13.92,Baja,39096.0,Estación Central,Cancelado
503223,10404,20250707,Programado,3,11.57,Alta,39110.0,Pedro Aguirre Cerda,Entregado
503224,10214,20260518,Programado,2,3.88,Baja,34945.0,Independencia,En preparación
503225,10035,20260301,Express,12,36.92,Urgente,80826.0,Pedro Aguirre Cerda,Entregado
503226,10499,20250322,Programado,5,21.48,Alta,69017.0,Lo Barnechea,Entregado
503227,10232,20260211,Express,12,92.63,Alta,68920.0,Macul,Entregado
503228,10255,20250114,Estándar,15,20.58,Baja,143149.0,La Granja,Entregado
503229,10336,20251015,Estándar,9,28.74,Media,49415.0,Maipú,Entregado
503230,10139,20260901,Express,15,19.22,Media,85419.0,Lo Prado,Entregado
503231,10400,20260520,Estándar,9,71.92,Media,58276.0,Las Condes,Entregado
503232,10014,20251030,Estándar,6,20.25,Urgente,57774.0,La Granja,Entregado
503233,10326,20260813,Estándar,1,7.72,Media,10731.0,Conchalí,En preparación
503234,10309,20260126,Programado,2,15.55,Media,36319.0,San Ramón,Entregado
503235,10153,20260724,Express,6,20.45,Urgente,66745.0,Cerrillos,Entregado
503236,10149,20251019,Estándar,15,41.4,Media,125237.0,Buin,Entregado
503237,10173,20260410,Estándar,15,93.63,Baja,92350.0,Independencia,Entregado
503238,10464,20250719,Programado,2,5.75,Baja,39658.0,Ñuñoa,Entregado
503239,10283,20250427,Estándar,12,45.54,Alta,51911.0,San Miguel,En ruta
503240,10363,20260326,Express,13,25.89,Alta,156796.0,San Bernardo,Entregado
503241,10392,20260812,Express,1,7.58,Media,45152.0,Buin,En ruta
503242,10227,20261001,Programado,13,93.04,Baja,101517.0,Macul,Entregado
503243,10251,20260208,Estándar,12,30.15,Media,90555.0,Macul,Entregado
503244,10401,20250124,Estándar,7,55.42,Media,76189.0,Macul,Entregado
503245,10143,20250122,Express,3,7.64,Baja,46706.0,Pedro Aguirre Cerda,Entregado
503246,10338,20250120,Express,12,50.82,Media,137110.0,San Joaquín,En ruta
503247,10220,20250905,Estándar,11,43.81,Media,64813.0,Lo Espejo,En ruta
503248,10185,20250228,Estándar,14,95.34,Alta,53858.0,Peñalolén,Entregado
503249,10457,20250817,Estándar,6,25.95,Baja,48188.0,Lo Barnechea,Entregado
503250,10477,20261026,Express,11,24.66,Media,100296.0,Recoleta,Entregado
503251,10122,20251102,Estándar,14,59.41,Media,83643.0,La Reina,En ruta
503252,10018,20251103,Programado,15,102.57,Baja,89153.0,Pudahuel,Entregado
503253,10158,20250710,Estándar,7,23.59,Media,24762.0,La Florida,Entregado
503254,10012,20260613,Programado,9,27.77,Urgente,58311.0,El Bosque,Cancelado
503255,10199,20251211,Estándar,6,20.09,Alta,53735.0,Las Condes,Entregado
503256,10368,20251011,Estándar,5,28.57,Baja,48367.0,Pudahuel,Cancelado
503257,10495,20260404,Express,4,22.02,Alta,36904.0,San Ramón,En ruta
503258,10466,20251217,Estándar,8,39.92,Media,86337.0,Lo Espejo,Entregado
503259,10449,20250125,Programado,6,40.98,Media,58461.0,Ñuñoa,En ruta
503260,10270,20250626,Estándar,12,30.3,Alta,53599.0,Quilicura,Pendiente
503261,10370,20260620,Express,10,28.33,Alta,133269.0,Santiago,Entregado
503262,10255,20250512,Estándar,14,64.5,Media,50090.0,San Ramón,En ruta
503263,10047,20250210,Estándar,1,5.35,Media,21832.0,Santiago,En ruta
503264,10034,20251220,Estándar,2,13.26,Baja,23023.0,Huechuraba,Pendiente
503265,10309,20251220,Programado,2,10.95,Baja,36578.0,Maipú,Entregado
503266,10125,20260705,Estándar,9,24.14,Media,70364.0,Quilicura,Entregado
503267,10228,20250511,Express,7,30.42,Alta,92482.0,Lo Prado,Entregado
503268,10467,20250814,Estándar,1,5.08,Alta,17213.0,Lampa,Entregado
503269,10386,20250301,Estándar,2,7.53,Baja,21490.0,Vitacura,Cancelado
503270,10360,20250713,Estándar,11,60.5,Alta,78038.0,Buin,Entregado
503271,10449,20250321,Express,7,52.95,Alta,61899.0,Pudahuel,Entregado
503272,10196,20261207,Estándar,11,61.67,Media,88627.0,Huechuraba,Entregado
503273,10418,20250520,Programado,10,69.0,Baja,101685.0,Peñalolén,Entregado
503274,10058,20251108,Express,1,7.23,Media,24983.0,Estación Central,Entregado
503275,10142,20260108,Estándar,4,27.44,Media,24357.0,Ñuñoa,En ruta
503276,10019,20260214,Estándar,10,19.24,Alta,59820.0,Recoleta,Entregado
503277,10040,20250827,Estándar,10,51.75,Media,70514.0,La Reina,Entregado
503278,10306,20261029,Express,7,18.01,Media,45261.0,San Miguel,Entregado
503279,10298,20251004,Express,3,21.71,Urgente,47178.0,Pudahuel,En ruta
503280,10325,20260725,Estándar,11,50.78,Media,46399.0,La Reina,Entregado
503281,10431,20260815,Estándar,2,4.96,Baja,21516.0,La Granja,Pendiente
503282,10306,20251102,Estándar,3,23.7,Baja,41846.0,San Miguel,En ruta
503283,10049,20250924,Programado,2,3.6,Media,27440.0,Estación Central,En ruta
503284,10404,20250812,Programado,13,14.96,Alta,128128.0,Independencia,Entregado
503285,10042,20250506,Express,10,26.19,Urgente,127935.0,San Ramón,Entregado
503286,10397,20251018,Programado,3,5.48,Media,45420.0,Conchalí,En ruta
503287,10374,20260109,Programado,14,57.28,Media,134912.0,San Miguel,Entregado
503288,10284,20261028,Estándar,6,26.83,Baja,29374.0,La Florida,Entregado
503289,10051,20251217,Express,1,1.04,Urgente,45499.0,Huechuraba,Entregado
503290,10243,20250112,Express,7,53.04,Alta,93721.0,Macul,Cancelado
503291,10286,20251024,Estándar,2,7.01,Media,32907.0,Conchalí,Pendiente
503292,10265,20260109,Express,10,77.84,Media,124374.0,San Ramón,Entregado
503293,10196,20250608,Estándar,14,99.18,Media,77904.0,Ñuñoa,Entregado
503294,10261,20250315,Estándar,9,37.21,Media,65429.0,Lo Prado,Entregado
503295,10410,20261012,Estándar,5,23.29,Baja,51832.0,Puente Alto,Pendiente
503296,10131,20260606,Estándar,12,60.82,Baja,99456.0,La Granja,Pendiente
503297,10174,20261110,Estándar,5,13.03,Media,44183.0,Estación Central,En preparación
503298,10372,20250318,Express,3,10.7,Urgente,42599.0,Santiago,Pendiente
503299,10092,20261009,Estándar,9,36.67,Media,64137.0,Quilicura,Entregado
503300,10120,20250324,Estándar,3,4.71,Alta,45994.0,Providencia,Entregado
503301,10269,20250113,Programado,12,64.85,Urgente,71920.0,Las Condes,Entregado
503302,10375,20260913,Express,7,46.06,Alta,59551.0,Quilicura,Entregado
503303,10487,20250508,Estándar,14,69.27,Media,78230.0,El Bosque,En ruta
503304,10354,20260317,Estándar,13,63.4,Media,110515.0,San Ramón,Entregado
503305,10093,20261227,Estándar,1,6.32,Alta,19327.0,Independencia,Entregado
503306,10193,20260119,Estándar,14,53.1,Alta,88484.0,Cerrillos,Entregado
503307,10438,20260826,Estándar,14,48.63,Urgente,92662.0,San Joaquín,Entregado
503308,10174,20250710,Estándar,5,26.55,Media,28466.0,Lo Prado,En ruta
503309,10110,20250701,Estándar,13,61.32,Baja,54270.0,Vitacura,En preparación
503310,10228,20260302,Estándar,8,58.48,Media,58498.0,Buin,Entregado
503311,10166,20250611,Programado,10,43.32,Media,39104.0,Providencia,Entregado
503312,10140,20260819,Estándar,14,105.75,Media,70670.0,Puente Alto,Pendiente
503313,10085,20260331,Estándar,3,13.22,Alta,29901.0,San Bernardo,Entregado
503314,10384,20250116,Estándar,7,30.67,Media,76731.0,Renca,Entregado
503315,10278,20260523,Estándar,1,7.54,Alta,28620.0,Colina,Entregado
503316,10050,20251125,Estándar,11,34.7,Urgente,38630.0,San Joaquín,En preparación
503317,10292,20250606,Estándar,8,53.88,Media,78590.0,Santiago,Entregado
503318,10198,20250423,Estándar,11,43.67,Media,78023.0,El Bosque,Pendiente
503319,10299,20260107,Estándar,3,18.84,Media,40033.0,Ñuñoa,Entregado
503320,10388,20261025,Programado,13,54.83,Baja,45462.0,Peñalolén,En ruta
503321,10159,20251220,Programado,3,13.16,Baja,38045.0,Huechuraba,Entregado
503322,10340,20261107,Express,5,18.8,Media,71261.0,Quilicura,Entregado
503323,10382,20260522,Estándar,10,39.99,Media,68431.0,La Granja,Entregado
503324,10115,20250511,Estándar,15,93.71,Media,68735.0,El Bosque,Entregado
503325,10161,20260406,Express,3,18.2,Alta,40053.0,San Joaquín,Cancelado
503326,10186,20250710,Estándar,13,95.88,Baja,128484.0,Huechuraba,En ruta
503327,10372,20260611,Estándar,12,28.13,Baja,65704.0,Colina,Entregado
503328,10464,20251007,Express,15,93.13,Alta,65393.0,Colina,En ruta
503329,10141,20260607,Express,1,3.97,Alta,25759.0,San Miguel,Entregado
503330,10006,20250821,Estándar,4,20.38,Alta,39248.0,Maipú,En ruta
503331,10082,20250825,Programado,4,6.21,Media,43568.0,Recoleta,Entregado
503332,10072,20260405,Express,5,5.53,Alta,51852.0,Las Condes,Entregado
503333,10146,20260124,Programado,5,33.94,Baja,65910.0,Estación Central,En ruta
503334,10471,20250205,Estándar,10,59.77,Baja,43591.0,Santiago,Entregado
503335,10049,20260605,Estándar,8,54.75,Alta,75330.0,Quinta Normal,En ruta
503336,10014,20250217,Programado,7,28.54,Media,46306.0,Independencia,Entregado
503337,10062,20260824,Estándar,13,79.23,Urgente,61271.0,San Ramón,Entregado
503338,10110,20260511,Estándar,12,48.68,Alta,65543.0,Macul,Entregado
503339,10452,20251002,Estándar,2,3.89,Alta,22349.0,La Cisterna,Entregado
503340,10172,20250918,Estándar,11,39.91,Alta,62447.0,Lo Espejo,En preparación
503341,10002,20260619,Estándar,5,39.24,Media,27487.0,Cerrillos,Cancelado
503342,10142,20250501,Programado,10,40.33,Media,85038.0,Maipú,Entregado
503343,10238,20250228,Programado,12,73.22,Baja,56971.0,San Bernardo,Entregado
503344,10344,20250517,Programado,10,25.89,Media,87769.0,Cerrillos,En ruta
503345,10277,20260309,Programado,6,39.03,Media,50521.0,Ñuñoa,En ruta
503346,10152,20250720,Estándar,4,14.64,Media,49038.0,Macul,Cancelado
503347,10120,20250716,Estándar,2,2.79,Alta,39828.0,Santiago,Entregado
503348,10009,20260106,Express,2,15.82,Alta,34347.0,Peñalolén,En ruta
503349,10290,20261218,Estándar,6,12.54,Media,46870.0,La Cisterna,En ruta
503350,10168,20260205,Express,9,33.95,Urgente,76093.0,San Joaquín,Entregado
503351,10087,20261205,Estándar,15,40.93,Baja,120303.0,La Florida,En ruta
503352,10201,20260103,Express,3,5.56,Alta,28569.0,Independencia,Entregado
503353,10099,20250309,Estándar,10,24.3,Alta,39833.0,Pedro Aguirre Cerda,Entregado
503354,10205,20250423,Estándar,13,50.75,Media,59503.0,Ñuñoa,En preparación
503355,10471,20260225,Programado,12,70.97,Media,67229.0,Macul,En preparación
503356,10049,20250928,Programado,5,16.35,Media,54910.0,Pudahuel,Entregado
503357,10222,20250520,Estándar,10,46.8,Media,76187.0,Lampa,En preparación
503358,10083,20250419,Estándar,11,35.37,Media,73889.0,Pudahuel,Entregado
503359,10397,20260129,Express,15,51.7,Alta,120007.0,Lampa,Cancelado
503360,10006,20260404,Estándar,5,9.91,Media,32762.0,Recoleta,Entregado
503361,10061,20250624,Estándar,5,10.59,Media,52727.0,Estación Central,Entregado
503362,10388,20250329,Express,9,16.58,Urgente,92345.0,San Miguel,En ruta
503363,10348,20260709,Express,10,48.76,Urgente,87870.0,Conchalí,Entregado
503364,10021,20251013,Estándar,11,41.04,Baja,80329.0,Maipú,Entregado
503365,10467,20250622,Estándar,7,25.43,Media,55006.0,Independencia,En preparación
503366,10246,20250118,Estándar,15,90.7,Baja,55962.0,Renca,Pendiente
503367,10367,20260806,Estándar,9,22.89,Media,78489.0,Cerrillos,Entregado
503368,10132,20260716,Estándar,4,19.53,Media,51876.0,San Bernardo,Entregado
503369,10224,20250319,Express,10,50.51,Urgente,56646.0,Peñalolén,Entregado
503370,10136,20250903,Estándar,10,72.69,Media,57171.0,San Bernardo,Entregado
503371,10020,20260901,Programado,2,5.6,Baja,39877.0,San Ramón,Entregado
503372,10309,20250819,Programado,3,5.53,Urgente,23471.0,Renca,Entregado
503373,10109,20250329,Estándar,11,55.49,Alta,77821.0,Lo Espejo,Entregado
503374,10380,20260406,Estándar,15,45.34,Media,89147.0,Lampa,Entregado
503375,10122,20251020,Estándar,14,70.35,Urgente,112426.0,Quinta Normal,Entregado
503376,10371,20250113,Programado,10,54.83,Media,52912.0,Maipú,Cancelado
503377,10453,20250514,Programado,2,10.68,Baja,33830.0,Cerrillos,Entregado
503378,10385,20261203,Express,10,19.8,Media,60836.0,Quilicura,Entregado
503379,10463,20250206,Estándar,1,7.2,Media,24398.0,Renca,Cancelado
503380,10005,20260718,Estándar,15,49.32,Alta,71794.0,Recoleta,Entregado
503381,10145,20260316,Programado,13,34.85,Baja,75371.0,San Joaquín,Entregado
503382,10218,20250110,Programado,15,41.96,Media,145861.0,Quilicura,Entregado
503383,10320,20250725,Express,10,78.56,Media,101282.0,Las Condes,Entregado
503384,10151,20261029,Estándar,10,33.41,Alta,48570.0,La Florida,Entregado
503385,10253,20250108,Estándar,13,24.74,Baja,100969.0,El Bosque,Entregado
503386,10129,20260910,Express,6,41.36,Media,88703.0,San Bernardo,En ruta
503387,10275,20260404,Estándar,1,5.55,Baja,20739.0,Vitacura,Pendiente
503388,10183,20251123,Estándar,2,11.69,Urgente,24023.0,Ñuñoa,Entregado
503389,10192,20250804,Express,3,21.03,Alta,46346.0,Pedro Aguirre Cerda,Entregado
503390,10437,20261207,Estándar,10,64.38,Media,45555.0,Quinta Normal,Entregado
503391,10464,20260620,Estándar,3,10.63,Media,24695.0,La Florida,Entregado
503392,10314,20260812,Programado,2,4.46,Baja,24158.0,La Cisterna,En preparación
503393,10189,20250429,Estándar,13,64.89,Media,73606.0,La Reina,Entregado
503394,10130,20260909,Programado,2,10.07,Alta,38832.0,Cerrillos,Entregado
503395,10143,20250528,Estándar,13,21.22,Media,70773.0,Pudahuel,Entregado
503396,10015,20260812,Estándar,11,56.29,Alta,49543.0,Colina,Entregado
503397,10059,20250331,Express,7,55.39,Baja,99527.0,Estación Central,Entregado
503398,10303,20250625,Express,11,73.27,Alta,104597.0,Lampa,Entregado
503399,10423,20260225,Estándar,12,75.09,Media,52595.0,Pedro Aguirre Cerda,En preparación
503400,10362,20260717,Estándar,12,12.33,Alta,102993.0,Puente Alto,Entregado
503401,10180,20250406,Estándar,14,54.56,Baja,125733.0,Conchalí,Entregado
503402,10334,20260513,Estándar,13,15.65,Alta,50909.0,San Ramón,Entregado
503403,10069,20260522,Express,3,3.13,Urgente,40943.0,La Florida,Entregado
503404,10496,20260308,Programado,4,14.96,Baja,43465.0,Macul,Entregado
503405,10217,20251108,Express,7,38.66,Media,85984.0,Lo Barnechea,Entregado
503406,10023,20260509,Programado,11,69.26,Media,53484.0,La Reina,Entregado
503407,10002,20260117,Estándar,14,16.61,Media,98281.0,Vitacura,En preparación
503408,10471,20261026,Estándar,9,70.16,Baja,47697.0,La Florida,Entregado
503409,10356,20260911,Express,6,8.53,Urgente,80312.0,Quinta Normal,En preparación
503410,10043,20251219,Express,3,16.96,Media,67257.0,Recoleta,Cancelado
503411,10443,20260321,Estándar,13,81.71,Media,54034.0,San Joaquín,En preparación
503412,10410,20250909,Estándar,5,38.44,Media,42819.0,Quilicura,En preparación
503413,10440,20250919,Estándar,10,36.23,Alta,70810.0,Maipú,Entregado
503414,10029,20260127,Programado,15,88.81,Media,95198.0,Recoleta,En preparación
503415,10144,20250718,Estándar,1,6.02,Media,20549.0,Quilicura,Entregado
503416,10287,20250923,Express,13,74.68,Baja,138872.0,La Reina,Entregado
503417,10029,20260412,Estándar,4,9.31,Media,36058.0,Independencia,En ruta
503418,10413,20251016,Programado,7,42.8,Alta,53515.0,La Reina,En preparación
503419,10002,20260505,Estándar,11,71.37,Media,101483.0,El Bosque,En ruta
503420,10164,20250324,Express,15,51.23,Media,166512.0,Lampa,Entregado
503421,10480,20250409,Estándar,4,31.74,Baja,39699.0,Buin,Entregado
503422,10358,20250313,Estándar,4,16.29,Media,44377.0,Santiago,Entregado
503423,10313,20261017,Programado,14,102.51,Baja,106002.0,Peñalolén,Entregado
503424,10088,20261108,Programado,4,7.72,Baja,30195.0,Quilicura,En ruta
503425,10364,20260917,Estándar,13,27.77,Media,83231.0,Ñuñoa,Entregado
503426,10395,20250916,Estándar,11,55.5,Baja,50607.0,Lo Espejo,Pendiente
503427,10487,20260220,Estándar,11,75.93,Media,55576.0,El Bosque,En ruta
503428,10043,20260509,Programado,11,58.81,Baja,68003.0,Vitacura,Entregado
503429,10033,20251213,Express,2,8.84,Alta,53991.0,Renca,Entregado
503430,10158,20261101,Estándar,14,58.27,Baja,56038.0,Quilicura,Entregado
503431,10362,20251210,Estándar,15,90.08,Alta,83977.0,La Florida,Pendiente
503432,10448,20250321,Express,7,53.38,Alta,84164.0,Pedro Aguirre Cerda,En ruta
503433,10071,20260501,Estándar,11,41.5,Media,53974.0,Lampa,Entregado
503434,10492,20251202,Estándar,11,13.29,Alta,66160.0,Independencia,Entregado
503435,10486,20260228,Programado,1,7.32,Alta,28056.0,Cerrillos,En preparación
503436,10322,20251228,Estándar,7,12.08,Baja,43874.0,Conchalí,Entregado
503437,10198,20250522,Programado,6,6.44,Media,60324.0,Peñalolén,Entregado
503438,10236,20261010,Estándar,15,92.78,Baja,96340.0,Renca,Entregado
503439,10198,20250221,Programado,8,37.86,Media,91332.0,El Bosque,Entregado
503440,10310,20260623,Express,15,21.37,Urgente,104360.0,Buin,Cancelado
503441,10480,20250817,Estándar,8,12.79,Alta,70841.0,Quinta Normal,Entregado
503442,10131,20261023,Estándar,2,12.32,Media,25717.0,Cerrillos,Entregado
503443,10395,20250718,Estándar,15,60.63,Baja,75290.0,Macul,Entregado
503444,10301,20250711,Programado,13,21.05,Alta,123989.0,Colina,Pendiente
503445,10364,20261030,Express,14,44.58,Urgente,154333.0,Cerrillos,Entregado
503446,10225,20260529,Express,10,28.42,Alta,61829.0,Lo Espejo,Entregado
503447,10320,20261016,Estándar,14,90.91,Media,56385.0,El Bosque,Entregado
503448,10038,20260926,Express,11,11.22,Alta,135501.0,San Joaquín,Entregado
503449,10409,20251113,Estándar,12,64.29,Media,91663.0,La Florida,En preparación
503450,10170,20250724,Estándar,3,16.24,Media,33985.0,La Florida,En preparación
503451,10246,20260601,Express,4,8.37,Alta,34370.0,Cerrillos,Entregado
503452,10352,20260227,Estándar,12,44.84,Media,51911.0,Pedro Aguirre Cerda,Entregado
503453,10428,20260928,Estándar,12,87.3,Media,84734.0,Cerrillos,Entregado
503454,10310,20260126,Programado,12,95.06,Media,62511.0,Lo Barnechea,En preparación
503455,10052,20251211,Estándar,12,76.95,Alta,80368.0,Recoleta,Entregado
503456,10411,20260525,Express,10,63.16,Urgente,86825.0,Cerrillos,Entregado
503457,10228,20250421,Programado,2,11.04,Baja,23811.0,Maipú,En ruta
503458,10363,20250713,Express,8,16.6,Media,68864.0,Colina,En ruta
503459,10265,20250217,Estándar,11,53.07,Media,69612.0,Huechuraba,En preparación
503460,10269,20250205,Estándar,11,35.51,Media,69320.0,Lo Espejo,Entregado
503461,10149,20260307,Express,6,29.12,Alta,50062.0,San Joaquín,En preparación
503462,10281,20250726,Estándar,10,73.37,Media,74939.0,Independencia,En ruta
503463,10031,20261023,Express,4,18.14,Alta,54803.0,Cerrillos,Entregado
503464,10241,20250810,Estándar,1,7.61,Media,35804.0,Renca,Entregado
503465,10479,20261120,Programado,8,23.8,Media,62467.0,San Joaquín,Entregado
503466,10237,20260714,Estándar,8,25.67,Alta,75651.0,Vitacura,Entregado
503467,10185,20251004,Express,14,87.73,Baja,100387.0,Peñalolén,Entregado
503468,10235,20250425,Express,14,95.11,Urgente,88158.0,San Miguel,En ruta
503469,10188,20250626,Estándar,6,47.05,Baja,41557.0,Colina,Entregado
503470,10151,20250705,Estándar,1,3.97,Baja,19440.0,Las Condes,Entregado
503471,10383,20250704,Express,8,26.43,Media,43042.0,Pedro Aguirre Cerda,Entregado
503472,10304,20251015,Express,15,52.33,Alta,187877.0,Maipú,En preparación
503473,10159,20250618,Estándar,14,51.87,Media,113526.0,Santiago,Entregado
503474,10064,20260606,Express,2,9.18,Alta,34456.0,Conchalí,Pendiente
503475,10065,20260224,Estándar,12,45.12,Media,61439.0,Estación Central,Cancelado
503476,10176,20260914,Estándar,15,91.1,Media,49232.0,Pudahuel,Pendiente
503477,10020,20250922,Estándar,2,9.74,Urgente,16406.0,La Cisterna,En ruta
503478,10257,20250102,Estándar,2,14.77,Baja,33015.0,Pedro Aguirre Cerda,En ruta
503479,10143,20250120,Estándar,12,16.09,Media,83934.0,Recoleta,Entregado
503480,10393,20260211,Express,4,19.61,Alta,40646.0,La Florida,Pendiente
503481,10234,20251006,Estándar,2,13.45,Media,35318.0,San Miguel,Entregado
503482,10399,20250828,Estándar,8,57.01,Alta,48928.0,Ñuñoa,Entregado
503483,10210,20251222,Express,1,5.54,Alta,37080.0,Lo Barnechea,Entregado
503484,10219,20260529,Estándar,7,27.81,Alta,51531.0,Huechuraba,En ruta
503485,10466,20250704,Express,14,31.35,Media,136822.0,Conchalí,En ruta
503486,10379,20250307,Estándar,2,8.54,Baja,24149.0,Huechuraba,En preparación
503487,10199,20250524,Estándar,9,43.14,Media,89536.0,Independencia,Entregado
503488,10056,20261229,Estándar,6,30.28,Baja,31239.0,La Reina,Entregado
503489,10350,20260316,Estándar,7,44.32,Alta,69190.0,Huechuraba,Entregado
503490,10354,20250408,Express,6,35.97,Media,64689.0,San Miguel,En preparación
503491,10216,20260130,Estándar,10,13.92,Media,58704.0,Puente Alto,Entregado
503492,10339,20260926,Estándar,6,41.62,Media,45392.0,Pedro Aguirre Cerda,Entregado
503493,10196,20261108,Programado,8,21.78,Baja,94426.0,La Reina,En ruta
503494,10425,20250518,Estándar,9,11.05,Media,42851.0,Lo Espejo,Entregado
503495,10495,20251210,Estándar,6,30.97,Media,62188.0,La Granja,En ruta
503496,10362,20260311,Estándar,2,13.41,Media,22329.0,Pedro Aguirre Cerda,Entregado
503497,10010,20251214,Programado,7,38.7,Baja,39591.0,La Florida,En preparación
503498,10351,20260831,Programado,12,38.76,Baja,88993.0,San Ramón,Pendiente
503499,10323,20260518,Estándar,13,37.25,Media,81779.0,Pudahuel,Entregado
503500,10167,20260714,Estándar,11,33.9,Alta,107270.0,El Bosque,Entregado
503501,10014,20250911,Estándar,4,18.13,Alta,35607.0,Renca,Entregado
503502,10003,20250416,Estándar,14,26.43,Baja,75782.0,El Bosque,Entregado
503503,10134,20260924,Estándar,4,23.35,Alta,33460.0,San Bernardo,Entregado
503504,10237,20260913,Estándar,13,91.85,Baja,101657.0,Lampa,Entregado
503505,10073,20260803,Estándar,8,21.89,Baja,80394.0,Renca,Entregado
503506,10089,20261005,Programado,14,69.73,Alta,91029.0,Puente Alto,Entregado
503507,10078,20260812,Estándar,7,10.36,Baja,55106.0,Buin,En preparación
503508,10268,20260509,Estándar,1,4.36,Media,17477.0,Conchalí,En ruta
503509,10177,20250930,Estándar,6,32.53,Media,27275.0,Colina,Entregado
503510,10273,20250121,Estándar,8,49.2,Media,70354.0,La Florida,Entregado
503511,10322,20260818,Estándar,11,39.85,Media,86412.0,Colina,Entregado
503512,10438,20260803,Estándar,14,51.86,Media,69535.0,La Reina,Cancelado
503513,10107,20251004,Estándar,5,12.9,Baja,40746.0,Cerrillos,Entregado
503514,10378,20250312,Express,6,25.7,Alta,50265.0,San Joaquín,Entregado
503515,10362,20251113,Estándar,4,19.83,Media,47210.0,Lo Prado,Entregado
503516,10018,20250831,Estándar,11,77.21,Alta,46400.0,La Cisterna,Entregado
503517,10031,20260919,Estándar,6,14.59,Media,49889.0,San Miguel,Entregado
503518,10085,20260127,Estándar,1,6.09,Media,19066.0,Quinta Normal,Entregado
503519,10201,20260208,Programado,2,11.9,Baja,21826.0,Vitacura,En ruta
503520,10142,20250316,Estándar,7,16.75,Alta,53498.0,Puente Alto,En ruta
503521,10016,20250621,Estándar,9,69.0,Media,43637.0,Lo Prado,En ruta
503522,10367,20250703,Estándar,7,35.39,Alta,54653.0,San Joaquín,Entregado
503523,10167,20260426,Estándar,12,76.23,Alta,86898.0,San Joaquín,Entregado
503524,10448,20260821,Estándar,12,92.71,Media,109375.0,Recoleta,Entregado
503525,10178,20250421,Express,12,63.27,Urgente,90426.0,Las Condes,En ruta
503526,10466,20260601,Estándar,10,16.01,Media,35466.0,La Florida,Entregado
503527,10324,20261021,Estándar,1,1.13,Alta,19200.0,San Bernardo,Pendiente
503528,10368,20260313,Estándar,3,10.62,Baja,42246.0,San Joaquín,En ruta
503529,10013,20261108,Express,10,57.66,Media,94310.0,La Granja,Entregado
503530,10049,20260729,Programado,11,40.8,Baja,75629.0,Peñalolén,Entregado
503531,10151,20251126,Programado,9,71.65,Baja,80184.0,Santiago,Entregado
503532,10115,20250524,Express,2,2.25,Alta,50051.0,San Miguel,Entregado
503533,10487,20260124,Programado,4,22.79,Media,48854.0,Conchalí,Cancelado
503534,10282,20260826,Express,7,9.01,Media,79394.0,Quinta Normal,Entregado
503535,10088,20251012,Programado,12,65.96,Baja,87218.0,San Ramón,En ruta
503536,10195,20250601,Estándar,14,74.94,Alta,81297.0,Las Condes,Entregado
503537,10137,20261004,Programado,12,34.16,Baja,116057.0,Lo Barnechea,Entregado
503538,10177,20260511,Estándar,13,89.94,Media,81307.0,Puente Alto,Entregado
503539,10196,20261212,Estándar,14,87.71,Baja,43849.0,El Bosque,Entregado
503540,10287,20261022,Estándar,5,20.7,Baja,39908.0,Quilicura,Pendiente
503541,10397,20250822,Estándar,9,31.24,Baja,71437.0,Independencia,Entregado
503542,10347,20250425,Programado,13,83.69,Baja,125140.0,La Reina,En preparación
503543,10251,20250202,Estándar,11,64.26,Media,97755.0,La Reina,Entregado
503544,10277,20260103,Estándar,8,62.81,Media,85101.0,Pedro Aguirre Cerda,En preparación
503545,10013,20250121,Express,13,101.18,Alta,60723.0,Santiago,En ruta
503546,10274,20261027,Estándar,11,32.37,Baja,39174.0,Buin,Entregado
503547,10115,20250110,Express,12,76.12,Media,117149.0,La Granja,En preparación
503548,10466,20260530,Estándar,12,56.25,Alta,49643.0,La Granja,En ruta
503549,10348,20260810,Estándar,1,1.68,Media,32262.0,El Bosque,Cancelado
503550,10239,20251105,Express,9,58.13,Urgente,113882.0,Providencia,Entregado
503551,10011,20260413,Express,11,43.85,Baja,66298.0,Las Condes,Entregado
503552,10217,20260308,Estándar,7,54.51,Media,65483.0,Pudahuel,Entregado
503553,10317,20260628,Express,11,12.53,Media,105501.0,San Bernardo,En ruta
503554,10109,20260513,Express,14,27.16,Baja,87803.0,Lampa,Entregado
503555,10224,20261023,Estándar,7,7.54,Media,37684.0,Las Condes,Cancelado
503556,10185,20260409,Estándar,11,37.23,Media,93333.0,Lo Espejo,Entregado
503557,10195,20250422,Express,5,14.53,Urgente,55646.0,Lampa,Cancelado
503558,10469,20260217,Estándar,15,37.83,Baja,65371.0,La Granja,En preparación
503559,10250,20260414,Estándar,12,23.47,Baja,45949.0,Renca,Cancelado
503560,10032,20250803,Estándar,1,5.58,Media,20920.0,Estación Central,Entregado
503561,10223,20261127,Estándar,10,77.87,Alta,72108.0,Cerrillos,En ruta
503562,10163,20250425,Estándar,11,49.93,Baja,97693.0,Vitacura,Entregado
503563,10394,20261026,Express,9,34.95,Urgente,70668.0,Conchalí,Entregado
503564,10106,20260708,Estándar,2,12.68,Urgente,31580.0,Ñuñoa,Entregado
503565,10466,20261006,Programado,11,24.57,Alta,110134.0,Puente Alto,Entregado
503566,10009,20260112,Estándar,5,31.34,Baja,59046.0,Ñuñoa,En ruta
503567,10089,20261220,Express,6,37.35,Alta,68726.0,Maipú,Entregado
503568,10484,20250121,Estándar,8,22.69,Alta,29678.0,San Joaquín,Entregado
503569,10022,20250119,Estándar,10,50.24,Media,49405.0,La Florida,Entregado
503570,10232,20250313,Estándar,2,6.9,Media,24688.0,Lampa,Entregado
503571,10447,20260908,Estándar,15,103.34,Media,76175.0,Lampa,Entregado
503572,10095,20250304,Estándar,7,31.8,Media,36200.0,Quinta Normal,En ruta
503573,10219,20250916,Estándar,6,14.17,Media,46813.0,Santiago,En preparación
503574,10289,20260925,Estándar,6,39.59,Media,52251.0,Vitacura,Entregado
503575,10037,20260911,Estándar,10,54.93,Media,92224.0,Maipú,Pendiente
503576,10269,20260612,Estándar,15,89.68,Media,97723.0,Las Condes,Entregado
503577,10040,20250212,Express,8,40.25,Media,104958.0,Peñalolén,Entregado
503578,10345,20250806,Estándar,1,4.89,Alta,26185.0,Independencia,Pendiente
503579,10213,20250610,Estándar,10,19.08,Media,94610.0,Independencia,Entregado
503580,10076,20250404,Express,2,13.08,Urgente,34156.0,Providencia,Entregado
503581,10257,20260706,Express,4,4.58,Urgente,38426.0,Santiago,Entregado
503582,10223,20250212,Estándar,1,2.56,Media,36001.0,Estación Central,Entregado
503583,10382,20260509,Express,14,22.73,Alta,94334.0,Macul,En preparación
503584,10425,20261008,Express,9,50.4,Alta,39853.0,Quinta Normal,Entregado
503585,10257,20250406,Estándar,11,65.9,Baja,107354.0,Recoleta,En ruta
503586,10493,20260825,Estándar,1,1.48,Alta,16976.0,Lo Espejo,Entregado
503587,10466,20261229,Estándar,5,33.32,Baja,41159.0,Macul,Entregado
503588,10440,20250223,Programado,3,21.78,Media,36622.0,La Cisterna,Cancelado
503589,10461,20250529,Estándar,2,7.95,Alta,22521.0,San Joaquín,Entregado
503590,10067,20260126,Estándar,2,7.31,Media,43935.0,Las Condes,Entregado
503591,10363,20260209,Estándar,6,16.96,Baja,67864.0,San Bernardo,Entregado
503592,10154,20260629,Programado,8,55.03,Baja,79035.0,San Bernardo,En preparación
503593,10284,20260217,Express,13,30.14,Alta,128941.0,San Bernardo,Entregado
503594,10239,20260401,Express,13,26.22,Alta,147209.0,Conchalí,Pendiente
503595,10423,20261208,Estándar,1,6.67,Baja,31945.0,Ñuñoa,Entregado
503596,10165,20250114,Estándar,12,39.66,Baja,107502.0,Maipú,Entregado
503597,10408,20251213,Express,5,9.83,Alta,38256.0,Ñuñoa,Entregado
503598,10183,20260816,Estándar,11,14.65,Alta,70801.0,Lo Barnechea,Entregado
503599,10311,20250222,Estándar,9,51.01,Baja,74680.0,La Reina,Entregado
503600,10163,20260514,Estándar,14,86.21,Alta,107789.0,Vitacura,Entregado
503601,10391,20250315,Estándar,15,105.14,Alta,61485.0,La Florida,Entregado
503602,10475,20260831,Estándar,5,24.4,Media,45107.0,La Florida,Entregado
503603,10408,20260827,Programado,13,36.14,Media,95812.0,Quilicura,En preparación
503604,10153,20260523,Estándar,14,103.76,Alta,98894.0,San Ramón,En preparación
503605,10395,20250118,Estándar,1,6.38,Media,29724.0,Colina,Entregado
503606,10244,20250721,Estándar,8,52.18,Alta,74279.0,Lampa,Entregado
503607,10410,20261214,Estándar,14,92.03,Media,69637.0,Conchalí,Cancelado
503608,10478,20260522,Express,14,103.42,Alta,92876.0,La Granja,En ruta
503609,10161,20251029,Estándar,13,84.58,Media,94630.0,Cerrillos,Entregado
503610,10278,20261214,Estándar,1,1.03,Baja,17560.0,Lo Barnechea,Entregado
503611,10352,20250820,Estándar,7,28.58,Media,44719.0,San Bernardo,Entregado
503612,10254,20251206,Express,10,20.11,Urgente,82611.0,Buin,Entregado
503613,10132,20260123,Estándar,11,63.53,Alta,71546.0,San Miguel,Entregado
503614,10257,20250921,Estándar,8,50.61,Alta,69486.0,Buin,Entregado
503615,10362,20260310,Estándar,6,7.46,Baja,72850.0,Lo Prado,Entregado
503616,10111,20260519,Estándar,10,26.93,Baja,94224.0,Pudahuel,Entregado
503617,10186,20261104,Estándar,5,18.84,Baja,37980.0,Renca,En preparación
503618,10048,20260605,Estándar,6,44.93,Baja,55350.0,San Ramón,Cancelado
503619,10227,20250913,Estándar,15,78.92,Media,144790.0,Pudahuel,Pendiente
503620,10255,20250410,Estándar,8,54.43,Urgente,46176.0,Quilicura,Entregado
503621,10085,20261127,Estándar,10,31.18,Alta,59574.0,Santiago,En ruta
503622,10335,20260604,Estándar,6,22.89,Media,45949.0,Quinta Normal,Entregado
503623,10196,20260429,Express,8,41.98,Urgente,87506.0,Lo Espejo,En preparación
503624,10092,20250831,Estándar,14,87.0,Alta,104510.0,Recoleta,En ruta
503625,10285,20260131,Express,15,81.68,Alta,186643.0,Lampa,En ruta
503626,10033,20260522,Programado,3,9.73,Baja,49059.0,La Reina,Entregado
503627,10071,20261001,Estándar,1,4.48,Media,35623.0,Independencia,En ruta
503628,10412,20260812,Express,7,26.54,Media,85695.0,Lo Prado,En preparación
503629,10276,20250217,Express,8,28.76,Alta,64306.0,Santiago,Entregado
503630,10151,20251112,Estándar,6,13.15,Media,58384.0,Huechuraba,Entregado
503631,10383,20261021,Estándar,13,92.18,Media,104855.0,Lo Espejo,Entregado
503632,10092,20250706,Estándar,15,52.8,Baja,89361.0,Pudahuel,Entregado
503633,10485,20250823,Programado,4,6.69,Baja,37399.0,Buin,En preparación
503634,10201,20260824,Estándar,3,3.35,Media,45182.0,Independencia,Pendiente
503635,10426,20260118,Estándar,15,97.1,Media,114051.0,San Bernardo,Entregado
503636,10489,20260529,Programado,1,1.85,Media,39614.0,Estación Central,Entregado
503637,10014,20260530,Express,8,15.26,Alta,81400.0,Las Condes,Cancelado
503638,10094,20250222,Express,7,55.4,Urgente,66285.0,Maipú,En preparación
503639,10101,20261216,Programado,3,7.32,Urgente,45437.0,La Granja,Entregado
503640,10104,20261005,Express,5,30.43,Media,68139.0,Providencia,Entregado
503641,10093,20250506,Programado,13,76.36,Media,96964.0,Pedro Aguirre Cerda,En preparación
503642,10141,20260129,Estándar,1,6.03,Media,33952.0,La Granja,En ruta
503643,10476,20250825,Estándar,15,51.75,Media,56318.0,Providencia,En preparación
503644,10203,20250411,Estándar,12,92.62,Media,63430.0,Lampa,En preparación
503645,10117,20251006,Estándar,7,10.02,Media,45210.0,Santiago,Pendiente
503646,10312,20260310,Express,7,13.03,Alta,97412.0,San Ramón,Entregado
503647,10420,20260205,Estándar,12,73.13,Baja,99447.0,Vitacura,Entregado
503648,10080,20260523,Estándar,11,22.04,Baja,58233.0,San Joaquín,Pendiente
503649,10191,20260225,Estándar,7,27.0,Baja,35633.0,Maipú,Pendiente
503650,10052,20250604,Express,8,14.21,Media,107704.0,San Miguel,En ruta
503651,10274,20250125,Programado,13,66.19,Media,75740.0,Conchalí,En ruta
503652,10413,20260415,Estándar,5,32.71,Baja,51964.0,Maipú,Entregado
503653,10092,20260411,Express,15,24.55,Urgente,113061.0,La Florida,Entregado
503654,10484,20250515,Express,4,15.4,Alta,58132.0,Lo Prado,Entregado
503655,10102,20260604,Estándar,3,5.84,Media,40115.0,Renca,Entregado
503656,10442,20260708,Estándar,14,19.95,Media,72906.0,Independencia,Entregado
503657,10491,20250731,Express,1,1.75,Alta,22201.0,Colina,Entregado
503658,10199,20250307,Express,8,50.37,Urgente,54765.0,Quilicura,En ruta
503659,10407,20260321,Estándar,15,93.14,Media,131023.0,Recoleta,Entregado
503660,10437,20251230,Estándar,7,26.93,Media,66501.0,La Cisterna,Pendiente
503661,10382,20261001,Estándar,11,66.33,Baja,88967.0,San Miguel,Entregado
503662,10126,20260420,Express,13,81.46,Alta,93111.0,Conchalí,Pendiente
503663,10381,20261029,Estándar,5,29.4,Media,38250.0,Colina,Entregado
503664,10088,20250826,Programado,13,82.95,Media,59033.0,Buin,Entregado
503665,10390,20250222,Estándar,8,10.04,Media,35729.0,Maipú,Entregado
503666,10371,20250207,Express,9,54.97,Alta,99815.0,El Bosque,Entregado
503667,10266,20260428,Express,6,27.02,Alta,90284.0,Peñalolén,Entregado
503668,10178,20250131,Estándar,5,39.07,Alta,39797.0,Peñalolén,Entregado
503669,10199,20250826,Express,11,69.57,Baja,121312.0,La Cisterna,En preparación
503670,10273,20250128,Express,10,69.75,Alta,48879.0,San Ramón,Entregado
503671,10152,20250717,Express,15,50.1,Alta,180542.0,Las Condes,En ruta
503672,10016,20250111,Estándar,4,17.22,Media,56280.0,Lo Barnechea,Entregado
503673,10195,20260511,Estándar,5,15.91,Alta,41311.0,Recoleta,Entregado
503674,10150,20251105,Programado,2,10.81,Alta,33312.0,Lo Barnechea,Entregado
503675,10280,20261007,Programado,8,14.4,Alta,40781.0,Peñalolén,Entregado
503676,10207,20260812,Programado,4,9.95,Baja,28309.0,San Ramón,Entregado
503677,10485,20250416,Programado,11,57.36,Baja,51228.0,La Granja,Entregado
503678,10205,20250402,Express,8,57.76,Media,68990.0,Independencia,Entregado
503679,10108,20260808,Programado,7,25.54,Media,80928.0,Santiago,Entregado
503680,10428,20261028,Estándar,10,57.32,Media,64606.0,San Ramón,En preparación
503681,10072,20250324,Estándar,14,62.5,Media,62677.0,Renca,Entregado
503682,10026,20260514,Programado,10,52.08,Media,94711.0,San Miguel,Cancelado
503683,10279,20260323,Programado,6,36.2,Baja,35805.0,Lo Prado,Entregado
503684,10214,20260221,Express,13,96.1,Alta,113997.0,Pudahuel,Entregado
503685,10394,20250726,Estándar,1,5.35,Media,23889.0,El Bosque,Entregado
503686,10235,20261221,Estándar,13,75.81,Baja,58704.0,Lo Barnechea,Entregado
503687,10160,20251213,Express,12,37.7,Urgente,137282.0,La Florida,En ruta
503688,10147,20261124,Express,9,28.9,Urgente,82674.0,Estación Central,Entregado
503689,10433,20251007,Express,10,21.0,Alta,106870.0,El Bosque,Cancelado
503690,10227,20260420,Estándar,2,10.61,Baja,25729.0,Estación Central,Entregado
503691,10275,20260421,Express,9,70.36,Alta,97749.0,Peñalolén,Entregado
503692,10255,20261024,Programado,1,2.43,Media,26569.0,Colina,Entregado
503693,10037,20250525,Estándar,2,15.61,Baja,18294.0,Conchalí,Entregado
503694,10014,20250219,Estándar,8,22.37,Alta,32413.0,Renca,En ruta
503695,10245,20261127,Estándar,10,73.85,Media,80569.0,Pudahuel,En ruta
503696,10472,20250704,Express,14,98.21,Alta,74470.0,Renca,Entregado
503697,10049,20260901,Estándar,12,30.7,Urgente,68332.0,Conchalí,Entregado
503698,10124,20250928,Estándar,12,93.86,Media,45509.0,Providencia,Entregado
503699,10180,20250714,Express,4,26.19,Alta,76418.0,Independencia,En ruta
503700,10257,20251125,Estándar,13,102.93,Alta,86211.0,La Cisterna,Entregado
503701,10301,20260406,Programado,9,42.61,Media,80652.0,Independencia,Entregado
503702,10300,20250924,Estándar,12,23.09,Media,50818.0,Santiago,En ruta
503703,10049,20261226,Estándar,1,1.38,Baja,25160.0,Huechuraba,En preparación
503704,10099,20250918,Express,2,12.83,Urgente,59844.0,Vitacura,En ruta
503705,10044,20260317,Estándar,15,25.24,Media,126169.0,Colina,Entregado
503706,10066,20250418,Programado,3,9.25,Media,19570.0,Vitacura,Entregado
503707,10076,20250619,Express,1,4.47,Alta,39905.0,Recoleta,Pendiente
503708,10286,20260409,Estándar,8,27.44,Alta,34867.0,Conchalí,Entregado
503709,10010,20251222,Estándar,13,80.97,Alta,85530.0,La Granja,Entregado
503710,10462,20260101,Estándar,1,2.26,Alta,13551.0,La Cisterna,Entregado
503711,10337,20250124,Estándar,14,98.92,Media,133522.0,Quinta Normal,Entregado
503712,10425,20251223,Programado,11,35.51,Baja,95271.0,Puente Alto,Entregado
503713,10232,20260225,Programado,9,29.54,Alta,81848.0,Conchalí,Entregado
503714,10110,20261015,Express,7,40.73,Urgente,64638.0,Independencia,Entregado
503715,10003,20250122,Estándar,13,95.37,Media,107198.0,La Florida,En preparación
503716,10026,20260319,Estándar,1,7.41,Baja,24768.0,San Miguel,En ruta
503717,10144,20250103,Estándar,7,44.94,Urgente,61283.0,Pudahuel,Entregado
503718,10129,20260425,Estándar,13,23.72,Media,51366.0,Las Condes,Entregado
503719,10270,20250113,Estándar,9,32.33,Alta,77842.0,Santiago,Entregado
503720,10240,20250125,Estándar,5,25.31,Media,49823.0,Huechuraba,Entregado
503721,10389,20261207,Programado,9,61.01,Alta,88641.0,La Granja,Cancelado
503722,10167,20260627,Estándar,5,28.1,Media,47582.0,Peñalolén,Entregado
503723,10015,20250606,Estándar,1,2.25,Baja,30775.0,San Ramón,Cancelado
503724,10430,20250923,Estándar,3,11.71,Baja,14465.0,Santiago,Entregado
503725,10111,20261017,Express,5,32.64,Alta,45579.0,Independencia,En preparación
503726,10467,20260731,Estándar,8,34.06,Media,45107.0,Independencia,Entregado
503727,10256,20260417,Estándar,14,27.89,Media,88567.0,Lampa,En ruta
503728,10010,20250618,Estándar,12,77.74,Alta,102570.0,Peñalolén,Pendiente
503729,10485,20251004,Estándar,2,12.88,Media,37334.0,Maipú,En ruta
503730,10227,20250329,Programado,11,12.93,Baja,53207.0,Peñalolén,En preparación
503731,10488,20260302,Express,13,52.89,Media,71568.0,Renca,Entregado
503732,10215,20260904,Estándar,10,32.36,Media,42040.0,Quinta Normal,Entregado
503733,10427,20250803,Estándar,10,54.28,Baja,51533.0,Las Condes,Entregado
503734,10358,20250402,Estándar,10,39.38,Baja,92925.0,La Granja,Entregado
503735,10273,20250301,Estándar,5,33.12,Media,34217.0,Pudahuel,Entregado
503736,10327,20261220,Estándar,8,52.49,Alta,88482.0,Macul,Entregado
503737,10477,20250916,Express,3,5.66,Urgente,44943.0,Colina,Entregado
503738,10472,20250708,Express,13,27.41,Alta,87620.0,San Miguel,En preparación
503739,10115,20261204,Programado,13,56.35,Baja,127160.0,Quilicura,Entregado
503740,10146,20250617,Express,11,25.33,Urgente,100961.0,Independencia,En ruta
503741,10243,20261111,Express,2,9.53,Alta,45184.0,Quinta Normal,Entregado
503742,10441,20260905,Estándar,11,72.71,Media,69950.0,Lampa,Entregado
503743,10183,20260609,Estándar,11,80.22,Media,108135.0,Pudahuel,Entregado
503744,10032,20261107,Estándar,3,6.7,Baja,30007.0,Peñalolén,Pendiente
503745,10025,20250625,Estándar,11,75.19,Media,75413.0,Maipú,Entregado
503746,10159,20250928,Estándar,4,5.37,Media,37400.0,La Granja,Entregado
503747,10475,20250121,Estándar,11,38.24,Baja,74724.0,San Ramón,Entregado
503748,10128,20250529,Estándar,9,9.67,Alta,72402.0,Recoleta,Pendiente
503749,10091,20260916,Estándar,9,9.98,Media,34354.0,Huechuraba,Entregado
503750,10403,20251031,Programado,9,69.84,Baja,86482.0,San Ramón,Entregado
503751,10148,20250514,Estándar,2,4.08,Alta,37202.0,La Reina,Entregado
503752,10362,20251209,Estándar,13,14.42,Media,91436.0,Buin,En preparación
503753,10458,20260106,Estándar,5,33.07,Media,51374.0,Estación Central,Entregado
503754,10242,20260727,Estándar,15,106.85,Media,57028.0,La Reina,En ruta
503755,10178,20260404,Estándar,2,14.26,Alta,20799.0,Huechuraba,Pendiente
503756,10196,20260605,Estándar,9,17.84,Media,55558.0,Pudahuel,Entregado
503757,10466,20250720,Estándar,10,66.25,Baja,83981.0,La Granja,Entregado
503758,10286,20250324,Estándar,1,6.12,Urgente,32747.0,La Granja,Entregado
503759,10479,20260823,Express,10,37.58,Media,110658.0,Pudahuel,Entregado
503760,10120,20250907,Estándar,7,10.23,Alta,58606.0,Renca,Entregado
503761,10083,20260828,Estándar,1,2.87,Baja,15495.0,Buin,Entregado
503762,10125,20260916,Estándar,8,30.53,Urgente,49599.0,Colina,En preparación
503763,10135,20260703,Express,13,34.6,Media,116473.0,Pudahuel,Entregado
503764,10079,20260524,Estándar,9,16.99,Alta,33771.0,Puente Alto,Entregado
503765,10221,20260914,Estándar,6,8.32,Media,54956.0,Vitacura,Cancelado
503766,10430,20250125,Express,15,119.21,Alta,125559.0,Buin,Entregado
503767,10348,20250608,Express,12,31.5,Urgente,111640.0,La Florida,Entregado
503768,10026,20250625,Estándar,12,65.29,Media,81084.0,Huechuraba,En ruta
503769,10422,20250904,Estándar,10,67.73,Media,50760.0,La Florida,Entregado
503770,10095,20250629,Express,6,11.58,Media,42871.0,Providencia,Entregado
503771,10077,20261111,Express,15,66.56,Urgente,158112.0,Vitacura,En preparación
503772,10068,20250222,Estándar,5,25.08,Media,58852.0,Vitacura,Pendiente
503773,10240,20260715,Estándar,2,2.52,Baja,28187.0,Vitacura,Entregado
503774,10007,20250327,Express,6,33.17,Urgente,76293.0,La Reina,Entregado
503775,10306,20260607,Estándar,15,65.73,Alta,60284.0,Maipú,En ruta
503776,10310,20250908,Estándar,6,21.66,Baja,58247.0,Maipú,Entregado
503777,10293,20260326,Programado,6,22.66,Media,58489.0,Quinta Normal,Entregado
503778,10046,20250221,Express,9,34.67,Alta,68220.0,Puente Alto,En preparación
503779,10105,20260727,Estándar,12,17.95,Media,36929.0,Pedro Aguirre Cerda,Entregado
503780,10491,20260906,Express,11,20.13,Alta,115987.0,Renca,Entregado
503781,10488,20250608,Estándar,7,17.54,Baja,65931.0,San Miguel,Pendiente
503782,10111,20260911,Estándar,10,75.46,Baja,60244.0,San Bernardo,Entregado
503783,10018,20250921,Programado,4,17.93,Media,62388.0,Pedro Aguirre Cerda,Pendiente
503784,10430,20260201,Express,12,56.22,Alta,80094.0,La Reina,Cancelado
503785,10491,20250831,Estándar,13,94.96,Baja,51712.0,Lo Prado,Entregado
503786,10036,20250429,Estándar,2,4.61,Media,34198.0,Quinta Normal,En preparación
503787,10350,20260719,Estándar,1,5.79,Alta,18202.0,Peñalolén,Entregado
503788,10083,20261018,Estándar,2,12.06,Baja,19346.0,Recoleta,Entregado
503789,10322,20250118,Estándar,15,101.3,Baja,61730.0,Providencia,Entregado
503790,10467,20260801,Estándar,3,3.18,Alta,23343.0,Vitacura,En preparación
503791,10102,20251222,Express,13,13.93,Media,157799.0,Vitacura,Entregado
503792,10099,20260503,Estándar,14,28.74,Alta,64487.0,Pudahuel,Entregado
503793,10131,20260823,Estándar,3,18.66,Media,47471.0,Las Condes,En ruta
503794,10048,20261209,Express,3,23.28,Alta,40025.0,Recoleta,Entregado
503795,10398,20260112,Estándar,7,38.36,Media,40821.0,Lo Prado,Entregado
503796,10165,20261203,Express,2,13.43,Alta,30960.0,Peñalolén,Entregado
503797,10418,20250810,Express,4,17.41,Alta,48106.0,El Bosque,Entregado
503798,10180,20250206,Estándar,6,14.04,Baja,39558.0,El Bosque,Entregado
503799,10401,20250411,Estándar,1,5.09,Media,25667.0,Estación Central,Entregado
503800,10364,20250623,Programado,3,3.88,Media,54901.0,Cerrillos,Entregado
503801,10336,20250104,Express,2,3.79,Media,31459.0,Lo Espejo,Entregado
503802,10326,20250723,Estándar,2,12.48,Alta,23833.0,Vitacura,Entregado
503803,10294,20261205,Estándar,9,23.66,Media,72160.0,Quinta Normal,Entregado
503804,10179,20251006,Estándar,8,46.75,Baja,71033.0,Quinta Normal,Entregado
503805,10238,20250217,Express,12,20.39,Media,79533.0,San Joaquín,Entregado
503806,10058,20260806,Express,13,79.61,Alta,72201.0,Estación Central,Entregado
503807,10140,20250706,Estándar,9,25.76,Media,59490.0,Providencia,Entregado
503808,10370,20250311,Estándar,12,59.25,Media,90240.0,Quilicura,Entregado
503809,10409,20250420,Estándar,3,18.37,Media,24990.0,Puente Alto,En ruta
503810,10141,20251018,Programado,10,39.1,Baja,46508.0,Independencia,Entregado
503811,10119,20260108,Estándar,3,12.53,Urgente,34847.0,Recoleta,Entregado
503812,10262,20260617,Express,11,56.52,Urgente,83553.0,Vitacura,Entregado
503813,10034,20260602,Programado,11,55.51,Baja,47834.0,El Bosque,Entregado
503814,10272,20250206,Estándar,11,20.22,Media,58271.0,Cerrillos,En ruta
503815,10203,20250327,Estándar,12,36.65,Media,60779.0,Ñuñoa,Entregado
503816,10298,20250212,Programado,4,26.71,Baja,27342.0,Huechuraba,En ruta
503817,10236,20260108,Programado,2,3.45,Baja,22773.0,El Bosque,Entregado
503818,10281,20260605,Express,7,15.16,Media,90670.0,La Cisterna,Entregado
503819,10291,20250730,Programado,4,23.05,Media,38146.0,Recoleta,Entregado
503820,10279,20260903,Express,14,94.01,Alta,141303.0,Vitacura,Cancelado
503821,10357,20260916,Estándar,10,20.44,Baja,85273.0,Pudahuel,Entregado
503822,10031,20260307,Estándar,1,5.51,Media,31075.0,Huechuraba,Entregado
503823,10327,20260504,Estándar,14,51.74,Media,111592.0,Lampa,Entregado
503824,10366,20250925,Estándar,1,1.01,Baja,29415.0,Recoleta,Entregado
503825,10272,20250814,Express,4,31.97,Alta,68353.0,Estación Central,Entregado
503826,10320,20250924,Express,2,6.82,Alta,31467.0,Renca,Entregado
503827,10234,20261012,Estándar,2,5.31,Alta,20755.0,La Cisterna,Entregado
503828,10255,20260724,Express,14,70.0,Alta,99206.0,Independencia,Entregado
503829,10138,20250519,Estándar,1,4.23,Media,28480.0,Renca,En ruta
503830,10427,20260821,Estándar,2,11.64,Baja,25393.0,Huechuraba,En ruta
503831,10072,20261128,Express,3,14.59,Urgente,39023.0,El Bosque,Entregado
503832,10184,20260521,Estándar,13,81.41,Media,129936.0,San Bernardo,Entregado
503833,10011,20260225,Estándar,7,20.2,Baja,41145.0,Lo Espejo,Entregado
503834,10426,20261201,Estándar,7,22.14,Baja,32388.0,Lampa,Entregado
503835,10004,20261008,Express,14,100.6,Alta,172278.0,Macul,En ruta
503836,10481,20261027,Estándar,3,14.95,Baja,46965.0,Recoleta,En preparación
503837,10336,20260126,Programado,4,31.95,Alta,57671.0,Ñuñoa,En ruta
503838,10361,20261018,Estándar,6,12.48,Alta,35162.0,La Florida,En ruta
503839,10150,20260221,Estándar,10,19.01,Baja,56713.0,La Florida,Entregado
503840,10427,20260814,Express,13,66.17,Alta,83425.0,Santiago,Entregado
503841,10419,20251230,Estándar,6,28.16,Baja,31295.0,Recoleta,Pendiente
503842,10234,20250801,Estándar,1,4.89,Alta,19320.0,Providencia,Entregado
503843,10157,20250623,Express,15,75.03,Alta,145410.0,Peñalolén,Entregado
503844,10164,20261216,Estándar,4,22.39,Media,21640.0,La Florida,Entregado
503845,10147,20260220,Programado,8,16.73,Media,88224.0,Providencia,Entregado
503846,10186,20260925,Estándar,15,38.57,Media,76820.0,Lo Barnechea,Entregado
503847,10013,20250201,Programado,8,42.03,Baja,59863.0,Lampa,En preparación
503848,10121,20261001,Estándar,12,76.63,Baja,96123.0,Peñalolén,Entregado
503849,10448,20261104,Programado,13,82.49,Media,121514.0,Pudahuel,Entregado
503850,10480,20251018,Estándar,5,21.88,Alta,40129.0,Renca,Entregado
503851,10338,20260206,Estándar,11,27.61,Media,103856.0,Estación Central,Entregado
503852,10286,20250430,Estándar,9,42.7,Media,89275.0,Huechuraba,En preparación
503853,10192,20260207,Express,8,20.33,Urgente,44720.0,Conchalí,Entregado
503854,10346,20260323,Estándar,5,17.25,Media,58028.0,Lo Espejo,En preparación
503855,10028,20261118,Estándar,14,54.4,Media,52350.0,Pedro Aguirre Cerda,Entregado
503856,10261,20261229,Programado,3,11.77,Baja,43750.0,Independencia,Entregado
503857,10212,20250811,Estándar,13,30.0,Baja,82974.0,Independencia,En ruta
503858,10334,20261030,Estándar,14,33.17,Baja,111194.0,Vitacura,Entregado
503859,10405,20261128,Estándar,12,80.59,Media,63863.0,Renca,Entregado
503860,10134,20251017,Estándar,9,34.28,Media,41108.0,Cerrillos,Entregado
503861,10466,20260207,Express,14,79.18,Media,116228.0,Recoleta,En preparación
503862,10002,20250310,Express,9,24.11,Alta,89035.0,Lo Barnechea,Cancelado
503863,10291,20260602,Programado,15,53.66,Media,67406.0,Providencia,En preparación
503864,10415,20261017,Express,7,40.33,Urgente,69166.0,San Ramón,Entregado
503865,10023,20250809,Estándar,5,17.76,Media,39699.0,Pedro Aguirre Cerda,Entregado
503866,10051,20260924,Programado,15,116.52,Baja,84252.0,Puente Alto,Entregado
503867,10047,20260919,Programado,4,17.65,Media,31852.0,Huechuraba,Entregado
503868,10380,20250611,Express,11,48.66,Urgente,56572.0,San Bernardo,Entregado
503869,10159,20260403,Express,15,83.62,Urgente,110001.0,Lo Prado,En ruta
503870,10098,20250815,Programado,3,6.26,Baja,41469.0,San Joaquín,Entregado
503871,10498,20250711,Estándar,9,69.15,Media,46092.0,Quinta Normal,Entregado
503872,10023,20261206,Programado,12,66.05,Media,41922.0,Independencia,En preparación
503873,10126,20260719,Express,4,28.19,Urgente,42869.0,Ñuñoa,Entregado
503874,10198,20260724,Estándar,11,50.99,Media,88241.0,Lampa,En ruta
503875,10101,20250329,Estándar,7,41.83,Media,59610.0,Las Condes,Entregado
503876,10229,20260901,Programado,15,34.29,Media,61566.0,San Bernardo,En preparación
503877,10115,20251108,Programado,13,89.67,Media,56817.0,Macul,Entregado
503878,10089,20250920,Estándar,13,38.22,Baja,74617.0,La Reina,En ruta
503879,10271,20260107,Estándar,4,22.81,Media,34192.0,Recoleta,En ruta
503880,10404,20260606,Programado,2,15.53,Baja,41912.0,La Reina,Entregado
503881,10021,20251223,Estándar,6,7.29,Media,44282.0,San Miguel,En ruta
503882,10294,20260828,Express,1,7.34,Alta,16867.0,Quilicura,En preparación
503883,10443,20260703,Estándar,8,29.97,Media,65209.0,Quilicura,Entregado
503884,10311,20250519,Express,6,41.78,Urgente,51476.0,Lampa,Entregado
503885,10139,20260402,Estándar,10,26.45,Baja,64391.0,El Bosque,Entregado
503886,10377,20250811,Estándar,8,28.6,Media,33536.0,San Ramón,Entregado
503887,10121,20250620,Express,3,3.51,Urgente,34629.0,Colina,En ruta
503888,10409,20260502,Express,6,7.21,Alta,78376.0,La Florida,Entregado
503889,10050,20261222,Estándar,10,40.22,Baja,91702.0,Quinta Normal,Entregado
503890,10047,20251010,Estándar,12,53.95,Baja,46163.0,Santiago,En ruta
503891,10263,20250504,Estándar,15,95.22,Alta,132975.0,Recoleta,Entregado
503892,10211,20250711,Estándar,7,45.78,Alta,73083.0,Colina,Entregado
503893,10420,20251215,Programado,9,35.98,Media,49269.0,Conchalí,En preparación
503894,10429,20251012,Express,2,13.6,Alta,31864.0,Independencia,En ruta
503895,10403,20251023,Estándar,9,46.63,Media,75220.0,Puente Alto,Entregado
503896,10198,20251209,Express,10,34.13,Media,59613.0,Vitacura,Entregado
503897,10391,20260227,Estándar,4,26.05,Baja,47545.0,Puente Alto,Entregado
503898,10361,20250822,Programado,4,31.87,Media,39946.0,Recoleta,Entregado
503899,10292,20250621,Express,1,1.41,Alta,40676.0,Buin,En preparación
503900,10073,20260514,Programado,9,20.3,Media,58717.0,Huechuraba,Entregado
503901,10119,20260511,Estándar,9,35.16,Alta,47934.0,Lampa,Pendiente
503902,10279,20260218,Programado,2,7.19,Media,13462.0,Pudahuel,Pendiente
503903,10071,20261102,Programado,4,18.59,Baja,40264.0,San Ramón,Entregado
503904,10089,20260101,Express,6,33.09,Alta,61980.0,Lo Barnechea,Entregado
503905,10062,20260608,Estándar,12,92.45,Media,80137.0,San Bernardo,En ruta
503906,10055,20260802,Express,6,42.07,Urgente,94187.0,Las Condes,Cancelado
503907,10325,20250604,Estándar,12,58.36,Baja,43723.0,Lo Barnechea,Pendiente
503908,10208,20250511,Estándar,3,21.09,Baja,29896.0,Colina,Entregado
503909,10222,20260801,Programado,13,59.37,Baja,111924.0,Maipú,En ruta
503910,10115,20250106,Express,8,36.5,Media,76951.0,Ñuñoa,Entregado
503911,10125,20260110,Estándar,1,5.02,Urgente,17470.0,La Reina,Entregado
503912,10234,20250530,Estándar,4,7.48,Media,42870.0,Recoleta,Pendiente
503913,10470,20250305,Estándar,4,17.66,Media,40321.0,San Joaquín,Entregado
503914,10100,20260206,Estándar,3,23.89,Media,37352.0,San Ramón,Entregado
503915,10003,20260106,Express,3,10.73,Media,55597.0,Independencia,En preparación
503916,10044,20250625,Express,9,50.27,Alta,109084.0,San Bernardo,En preparación
503917,10170,20260613,Estándar,14,93.85,Media,90817.0,Vitacura,Entregado
503918,10066,20261104,Express,3,11.22,Alta,62443.0,Santiago,En preparación
503919,10144,20260505,Estándar,7,33.38,Media,35105.0,Renca,Entregado
503920,10217,20250725,Express,12,68.7,Media,159218.0,Cerrillos,Entregado
503921,10349,20261205,Estándar,6,22.2,Baja,55506.0,Maipú,Pendiente
503922,10333,20250705,Express,9,23.63,Media,99020.0,La Granja,Cancelado
503923,10201,20260204,Express,10,74.48,Alta,109297.0,Peñalolén,Entregado
503924,10148,20250130,Programado,10,48.39,Baja,66396.0,Quinta Normal,Entregado
503925,10441,20250527,Programado,9,24.03,Media,45982.0,Colina,Entregado
503926,10432,20260405,Programado,2,12.97,Media,38625.0,La Reina,Pendiente
503927,10469,20260316,Express,10,55.17,Baja,54983.0,Lo Barnechea,En preparación
503928,10048,20260715,Estándar,5,30.9,Media,34769.0,Vitacura,Entregado
503929,10174,20250105,Estándar,6,19.54,Baja,40349.0,La Florida,En ruta
503930,10038,20250627,Estándar,10,18.64,Alta,76384.0,Colina,Entregado
503931,10030,20260821,Programado,2,4.02,Baja,41986.0,La Granja,Entregado
503932,10163,20251124,Programado,6,33.65,Alta,67367.0,La Florida,En preparación
503933,10390,20260707,Estándar,11,67.52,Baja,92872.0,Renca,Entregado
503934,10407,20261119,Express,2,11.94,Urgente,26117.0,La Granja,Entregado
503935,10342,20250404,Estándar,8,60.97,Urgente,62035.0,Quilicura,Entregado
503936,10198,20260321,Estándar,7,42.17,Alta,54065.0,Independencia,En ruta
503937,10449,20260917,Estándar,15,61.37,Alta,91833.0,San Bernardo,Entregado
503938,10199,20260704,Programado,13,35.45,Media,117668.0,Lo Prado,Entregado
503939,10340,20250527,Estándar,10,27.48,Media,95889.0,Huechuraba,En preparación
503940,10320,20260704,Estándar,13,49.12,Alta,103866.0,La Cisterna,En ruta
503941,10375,20250723,Estándar,13,15.06,Alta,120500.0,Quilicura,Cancelado
503942,10232,20250117,Estándar,6,39.27,Media,53653.0,Buin,Entregado
503943,10235,20250115,Estándar,6,14.9,Media,68220.0,La Cisterna,Entregado
503944,10097,20251125,Estándar,7,16.4,Alta,39303.0,Las Condes,En ruta
503945,10317,20250515,Programado,5,23.93,Baja,65325.0,Lampa,En preparación
503946,10388,20260807,Estándar,13,97.37,Media,90386.0,Conchalí,Entregado
503947,10422,20250706,Express,6,28.17,Alta,84476.0,Las Condes,Entregado
503948,10157,20260626,Express,15,78.27,Alta,100167.0,La Granja,Entregado
503949,10471,20260223,Express,2,13.47,Alta,56870.0,Providencia,Cancelado
503950,10419,20260602,Estándar,3,8.03,Media,30129.0,Maipú,Entregado
503951,10197,20261029,Estándar,13,58.91,Alta,108509.0,Peñalolén,Entregado
503952,10089,20251125,Express,11,82.23,Urgente,100512.0,Lo Espejo,En ruta
503953,10076,20260523,Programado,4,16.19,Urgente,36036.0,Las Condes,Pendiente
503954,10020,20250424,Express,2,15.46,Media,40735.0,Lo Espejo,Entregado
503955,10354,20250820,Estándar,6,25.17,Media,50500.0,Independencia,Entregado
503956,10016,20250228,Express,8,27.05,Media,91248.0,San Joaquín,Cancelado
503957,10323,20260223,Estándar,9,26.11,Baja,76128.0,Lo Barnechea,Entregado
503958,10408,20260319,Express,2,8.87,Alta,54688.0,El Bosque,Entregado
503959,10374,20250119,Express,8,16.11,Media,66145.0,Quilicura,Entregado
503960,10120,20250304,Estándar,7,36.51,Alta,61912.0,La Cisterna,En ruta
503961,10216,20251221,Estándar,14,77.22,Baja,108737.0,Lo Prado,Entregado
503962,10359,20260326,Express,2,9.49,Media,45812.0,San Ramón,Entregado
503963,10185,20260127,Express,5,8.32,Alta,46567.0,San Bernardo,Entregado
503964,10051,20251101,Programado,12,93.57,Media,62087.0,Vitacura,Entregado
503965,10049,20251023,Estándar,14,48.1,Media,85017.0,Renca,Pendiente
503966,10172,20261004,Estándar,4,4.29,Baja,22065.0,Estación Central,En preparación
503967,10108,20250518,Estándar,13,69.69,Media,77183.0,Macul,Entregado
503968,10034,20260201,Estándar,5,19.93,Media,49686.0,San Bernardo,Entregado
503969,10181,20260410,Express,10,69.65,Urgente,124409.0,La Granja,Entregado
503970,10478,20250430,Express,14,58.26,Media,142356.0,Lampa,En preparación
503971,10090,20261126,Estándar,2,12.85,Media,33698.0,San Bernardo,Entregado
503972,10483,20251202,Estándar,15,27.18,Media,42759.0,La Florida,Entregado
503973,10098,20251125,Estándar,1,1.26,Media,30007.0,Santiago,Entregado
503974,10155,20251014,Estándar,8,41.54,Urgente,41297.0,San Bernardo,Cancelado
503975,10406,20260608,Estándar,14,68.21,Media,78388.0,San Miguel,En ruta
503976,10014,20261013,Estándar,7,37.25,Media,38003.0,La Granja,Pendiente
503977,10356,20250716,Estándar,4,8.31,Media,42258.0,Independencia,En ruta
503978,10473,20250907,Programado,5,20.97,Baja,58071.0,Independencia,Entregado
503979,10445,20261130,Programado,14,77.97,Urgente,70880.0,Quinta Normal,Entregado
503980,10002,20260620,Estándar,7,43.1,Media,30619.0,El Bosque,Entregado
503981,10087,20250114,Estándar,1,6.83,Media,32964.0,La Granja,Entregado
503982,10428,20261104,Estándar,15,26.06,Media,89162.0,El Bosque,Entregado
503983,10220,20260416,Estándar,2,8.96,Baja,38963.0,Las Condes,Entregado
503984,10444,20251119,Estándar,9,56.63,Media,47463.0,La Florida,Cancelado
503985,10410,20251020,Express,8,30.09,Urgente,40784.0,Maipú,En ruta
503986,10238,20250418,Programado,1,6.16,Baja,28684.0,Independencia,Entregado
503987,10037,20260926,Estándar,11,57.73,Alta,71376.0,Estación Central,En ruta
503988,10407,20260817,Express,10,45.94,Alta,81140.0,Santiago,Entregado
503989,10354,20250824,Estándar,12,82.85,Alta,63478.0,Las Condes,En ruta
503990,10149,20250101,Express,10,10.37,Alta,113659.0,Cerrillos,Entregado
503991,10022,20260825,Estándar,7,54.95,Media,33078.0,La Florida,En ruta
503992,10057,20261218,Estándar,12,24.19,Baja,99160.0,Lo Barnechea,Entregado
503993,10124,20250507,Estándar,4,24.37,Media,34388.0,Cerrillos,Entregado
503994,10330,20260708,Estándar,11,67.4,Media,87174.0,San Miguel,Entregado
503995,10466,20250421,Estándar,13,33.24,Media,69831.0,La Reina,En ruta
503996,10371,20260416,Express,11,45.97,Urgente,94716.0,Colina,Entregado
503997,10324,20260708,Estándar,8,50.92,Alta,39469.0,Ñuñoa,Entregado
503998,10234,20250302,Estándar,4,17.02,Media,37172.0,La Florida,En preparación
503999,10159,20260805,Express,10,33.72,Alta,91971.0,Conchalí,Entregado
504000,10259,20250306,Estándar,7,55.22,Alta,61146.0,Ñuñoa,Entregado
504001,10057,20260814,Estándar,12,49.99,Alta,105942.0,Estación Central,Entregado
504002,10407,20250302,Programado,3,13.34,Baja,39820.0,Lo Prado,Cancelado
504003,10190,20250217,Estándar,3,10.55,Media,30772.0,Ñuñoa,Entregado
504004,10360,20260907,Programado,11,15.17,Alta,75150.0,La Cisterna,En preparación
504005,10340,20250402,Estándar,13,25.15,Baja,67882.0,San Ramón,Entregado
504006,10497,20260226,Programado,7,53.92,Alta,56168.0,Quilicura,En preparación
504007,10232,20250712,Estándar,2,12.23,Baja,36961.0,Pedro Aguirre Cerda,Entregado
504008,10298,20261217,Programado,15,46.99,Baja,60247.0,Quilicura,Entregado
504009,10441,20250310,Estándar,9,52.33,Baja,53875.0,La Granja,Entregado
504010,10113,20260309,Express,15,56.61,Urgente,82948.0,Lo Espejo,Entregado
504011,10018,20261112,Express,5,13.08,Alta,68383.0,Estación Central,Entregado
504012,10376,20250612,Programado,10,36.47,Alta,59800.0,San Bernardo,Entregado
504013,10472,20250414,Estándar,10,40.71,Alta,83535.0,Puente Alto,Entregado
504014,10430,20250610,Estándar,15,95.03,Baja,100572.0,Pudahuel,Cancelado
504015,10249,20260301,Estándar,2,14.09,Alta,31282.0,Independencia,Entregado
504016,10451,20261011,Express,8,40.21,Media,80044.0,Santiago,Entregado
504017,10439,20250427,Estándar,14,30.83,Media,54149.0,Huechuraba,Entregado
504018,10016,20260704,Estándar,15,19.77,Media,99051.0,La Reina,Entregado
504019,10391,20250529,Estándar,8,9.04,Alta,33317.0,Providencia,Pendiente
504020,10473,20250225,Express,6,23.32,Urgente,80010.0,Providencia,Entregado
504021,10079,20260202,Programado,3,22.2,Alta,49343.0,Providencia,Entregado
504022,10194,20250223,Estándar,11,37.83,Media,103167.0,San Joaquín,En ruta
504023,10181,20261125,Estándar,4,15.18,Media,44903.0,Renca,Entregado
504024,10040,20260422,Express,6,31.99,Media,92437.0,Providencia,Entregado
504025,10339,20261218,Express,9,55.22,Alta,101586.0,San Ramón,En ruta
504026,10025,20250726,Estándar,10,37.26,Baja,36344.0,La Granja,En ruta
504027,10230,20251007,Estándar,12,23.49,Media,41783.0,Las Condes,Cancelado
504028,10430,20260116,Estándar,11,29.87,Baja,33252.0,La Cisterna,Entregado
504029,10040,20260520,Express,11,50.99,Alta,133817.0,Independencia,En preparación
504030,10168,20260604,Estándar,11,47.96,Alta,89259.0,Lo Barnechea,En ruta
504031,10164,20251220,Estándar,10,11.21,Baja,54157.0,La Reina,Entregado
504032,10041,20250422,Express,2,4.78,Alta,44802.0,Lampa,Cancelado
504033,10497,20260811,Estándar,14,102.29,Media,61977.0,Macul,Entregado
504034,10267,20250906,Express,3,5.61,Baja,58783.0,La Reina,Entregado
504035,10447,20250621,Express,3,13.81,Alta,38910.0,La Florida,Pendiente
504036,10395,20260208,Programado,5,25.65,Baja,43879.0,Colina,Entregado
504037,10437,20250712,Estándar,10,53.09,Alta,64132.0,San Miguel,Entregado
504038,10003,20260728,Estándar,3,10.97,Media,21126.0,Huechuraba,En preparación
504039,10037,20251126,Estándar,9,29.79,Media,67952.0,El Bosque,Entregado
504040,10291,20260520,Estándar,11,68.86,Alta,84546.0,Las Condes,Entregado
504041,10031,20260917,Estándar,15,16.13,Baja,148178.0,Maipú,Entregado
504042,10143,20250328,Estándar,4,29.56,Media,42148.0,San Ramón,Entregado
504043,10310,20260116,Estándar,11,37.14,Baja,85525.0,Estación Central,Entregado
504044,10354,20250601,Estándar,6,29.1,Alta,61742.0,Ñuñoa,Entregado
504045,10251,20251115,Estándar,9,16.54,Baja,64587.0,Santiago,Entregado
504046,10196,20250319,Express,2,11.07,Baja,27062.0,Recoleta,En ruta
504047,10204,20261028,Estándar,7,55.79,Media,33877.0,Ñuñoa,Cancelado
504048,10443,20261129,Programado,11,14.19,Baja,81848.0,Colina,Entregado
504049,10146,20260329,Estándar,10,15.53,Alta,91609.0,Vitacura,Entregado
504050,10038,20260917,Estándar,7,47.7,Baja,26601.0,Macul,Cancelado
504051,10130,20250525,Estándar,8,19.41,Alta,41053.0,Vitacura,Entregado
504052,10022,20260110,Programado,6,44.4,Baja,54487.0,Peñalolén,En ruta
504053,10095,20250305,Estándar,15,16.81,Media,97449.0,Santiago,Entregado
504054,10307,20260212,Programado,1,3.32,Baja,17533.0,Las Condes,Entregado
504055,10294,20250529,Estándar,15,46.5,Media,134053.0,Providencia,Entregado
504056,10207,20250721,Estándar,9,52.17,Media,71000.0,Ñuñoa,Entregado
504057,10169,20250502,Estándar,2,5.46,Alta,38796.0,Vitacura,En preparación
504058,10428,20250715,Estándar,2,10.4,Alta,29566.0,Las Condes,Entregado
504059,10442,20260326,Estándar,7,42.25,Baja,28181.0,Quilicura,Entregado
504060,10426,20251213,Programado,1,3.59,Alta,27453.0,Lo Prado,Entregado
504061,10200,20260815,Express,13,52.44,Alta,147944.0,La Florida,Entregado
504062,10131,20251118,Estándar,10,29.77,Baja,36250.0,Maipú,Entregado
504063,10085,20260916,Estándar,4,11.36,Media,38053.0,Quilicura,Entregado
504064,10295,20260808,Programado,12,84.4,Alta,86394.0,Puente Alto,En preparación
504065,10366,20260322,Programado,13,82.27,Media,96698.0,La Cisterna,Entregado
504066,10153,20260308,Estándar,3,5.9,Alta,28107.0,San Bernardo,En preparación
504067,10009,20250321,Programado,8,18.68,Media,67619.0,Santiago,Cancelado
504068,10346,20250728,Express,4,4.69,Alta,55184.0,Lampa,Entregado
504069,10191,20260804,Estándar,15,95.48,Baja,125163.0,Quinta Normal,Entregado
504070,10255,20250206,Programado,4,7.03,Baja,32643.0,Estación Central,Entregado
504071,10089,20260322,Estándar,4,6.83,Baja,45577.0,Vitacura,Entregado
504072,10004,20250227,Estándar,15,105.51,Baja,113619.0,Peñalolén,Entregado
504073,10268,20260703,Estándar,15,68.11,Media,106823.0,Las Condes,En ruta
504074,10318,20250503,Programado,10,14.84,Baja,97307.0,Macul,Entregado
504075,10390,20251016,Estándar,8,22.75,Media,42591.0,Macul,Entregado
504076,10306,20260207,Estándar,5,15.37,Alta,46713.0,Lo Espejo,Entregado
504077,10227,20251221,Estándar,6,25.42,Media,55707.0,Maipú,Entregado
504078,10014,20260326,Estándar,2,6.41,Urgente,30148.0,La Granja,Entregado
504079,10203,20260916,Estándar,3,4.62,Alta,41052.0,Lo Prado,En ruta
504080,10285,20260318,Estándar,3,5.22,Baja,48148.0,Vitacura,Entregado
504081,10272,20261016,Estándar,1,5.26,Media,25738.0,Independencia,Entregado
504082,10353,20260715,Express,13,100.09,Urgente,138144.0,San Ramón,Pendiente
504083,10276,20261227,Estándar,11,17.96,Media,96231.0,Maipú,Entregado
504084,10171,20251004,Express,3,11.95,Media,43019.0,San Joaquín,Entregado
504085,10005,20261020,Programado,6,29.04,Urgente,36104.0,Conchalí,Entregado
504086,10447,20251107,Programado,9,58.83,Urgente,100235.0,Macul,Entregado
504087,10042,20260318,Estándar,15,96.65,Baja,76121.0,San Joaquín,En ruta
504088,10125,20260128,Estándar,11,68.51,Baja,61338.0,Renca,Entregado
504089,10370,20260210,Estándar,10,75.45,Alta,60123.0,Lo Barnechea,Entregado
504090,10364,20250306,Estándar,13,20.48,Media,110521.0,Independencia,Entregado
504091,10210,20260211,Programado,6,42.14,Media,67164.0,La Reina,Cancelado
504092,10229,20250724,Estándar,6,20.47,Baja,48701.0,San Miguel,Entregado
504093,10048,20260428,Estándar,4,15.02,Alta,41757.0,Pedro Aguirre Cerda,En ruta
504094,10237,20260103,Estándar,2,10.8,Media,35862.0,Providencia,Cancelado
504095,10088,20261006,Express,3,6.97,Alta,46031.0,Providencia,Entregado
504096,10098,20260816,Estándar,4,16.82,Media,35149.0,San Miguel,En ruta
504097,10261,20260701,Express,8,14.23,Media,63343.0,Macul,En preparación
504098,10047,20251217,Express,6,32.77,Alta,39301.0,San Ramón,En ruta
504099,10231,20250317,Estándar,2,14.18,Alta,28697.0,Quilicura,Entregado
504100,10110,20260710,Express,15,46.72,Baja,147999.0,Estación Central,Entregado
504101,10413,20251116,Express,4,24.87,Urgente,57038.0,La Granja,Entregado
504102,10097,20261211,Estándar,12,93.54,Media,51286.0,Conchalí,Entregado
504103,10473,20260304,Estándar,2,10.64,Baja,36253.0,Lo Barnechea,En ruta
504104,10466,20251015,Programado,8,23.62,Baja,59010.0,Macul,Entregado
504105,10354,20250205,Estándar,12,13.69,Media,72732.0,Quilicura,Entregado
504106,10451,20250810,Estándar,10,18.42,Media,65335.0,El Bosque,Entregado
504107,10361,20250614,Estándar,2,9.46,Media,30918.0,Estación Central,En ruta
504108,10037,20260824,Estándar,10,27.8,Alta,40661.0,Maipú,Entregado
504109,10232,20260305,Express,14,108.49,Urgente,141338.0,El Bosque,Pendiente
504110,10176,20251107,Express,15,103.7,Media,178313.0,Pudahuel,Entregado
504111,10440,20250818,Express,8,63.6,Urgente,50124.0,San Bernardo,En preparación
504112,10100,20250815,Programado,7,47.6,Baja,59860.0,Lampa,En ruta
504113,10110,20251210,Programado,11,53.1,Alta,73465.0,Recoleta,En ruta
504114,10194,20260722,Estándar,3,18.94,Alta,22536.0,Pedro Aguirre Cerda,Entregado
504115,10343,20250119,Estándar,11,21.5,Media,52815.0,Quinta Normal,En ruta
504116,10387,20260304,Estándar,15,38.75,Media,58773.0,Pudahuel,En ruta
504117,10489,20260314,Estándar,6,39.22,Alta,34886.0,Cerrillos,En preparación
504118,10487,20250313,Express,9,48.25,Media,120262.0,Peñalolén,Entregado
504119,10441,20260228,Express,14,87.26,Urgente,119657.0,Puente Alto,Entregado
504120,10221,20260221,Estándar,9,68.81,Alta,53275.0,Peñalolén,Entregado
504121,10235,20260116,Estándar,13,58.32,Media,37154.0,Lo Barnechea,En ruta
504122,10126,20251124,Estándar,2,4.92,Media,13645.0,El Bosque,En preparación
504123,10092,20260910,Programado,9,69.65,Media,68383.0,Lo Espejo,Entregado
504124,10215,20260528,Express,1,4.11,Alta,14387.0,San Joaquín,En ruta
504125,10378,20260629,Estándar,1,4.77,Media,24879.0,Pedro Aguirre Cerda,Entregado
504126,10244,20261108,Estándar,4,30.94,Media,25157.0,Buin,Entregado
504127,10329,20260325,Estándar,1,6.66,Baja,30796.0,Santiago,Cancelado
504128,10442,20250503,Estándar,12,32.34,Baja,108817.0,Estación Central,En preparación
504129,10181,20251009,Estándar,10,48.39,Media,60155.0,Pedro Aguirre Cerda,Entregado
504130,10375,20261111,Estándar,14,100.0,Media,120020.0,Lo Prado,Entregado
504131,10199,20250728,Estándar,9,51.86,Media,39298.0,Santiago,Entregado
504132,10173,20260416,Estándar,3,10.88,Media,46092.0,Huechuraba,En ruta
504133,10211,20260121,Estándar,4,16.49,Baja,32119.0,Peñalolén,Entregado
504134,10132,20260912,Estándar,7,55.87,Alta,75052.0,San Bernardo,Entregado
504135,10231,20260112,Estándar,6,38.25,Alta,40127.0,Lo Barnechea,Entregado
504136,10183,20250907,Express,11,23.68,Alta,89452.0,La Cisterna,En ruta
504137,10145,20250609,Estándar,13,21.71,Baja,70213.0,La Reina,Entregado
504138,10471,20260807,Estándar,8,57.25,Media,53863.0,Lo Barnechea,En preparación
504139,10349,20260503,Express,13,39.99,Urgente,89969.0,Pudahuel,Entregado
504140,10256,20250711,Estándar,5,17.74,Alta,26768.0,Macul,Cancelado
504141,10251,20251117,Express,2,4.05,Urgente,45562.0,La Cisterna,Entregado
504142,10370,20250831,Estándar,13,38.8,Baja,83097.0,Estación Central,Entregado
504143,10283,20250720,Programado,4,7.8,Media,34191.0,San Joaquín,Entregado
504144,10451,20250130,Express,7,27.82,Alta,66108.0,Pudahuel,Entregado
504145,10201,20260605,Estándar,11,87.59,Baja,64642.0,Cerrillos,Pendiente
504146,10212,20260430,Express,10,60.83,Baja,112567.0,Macul,Entregado
504147,10028,20250329,Estándar,2,4.89,Media,18165.0,Conchalí,Entregado
504148,10119,20250826,Estándar,8,57.36,Baja,63610.0,Ñuñoa,Entregado
504149,10016,20260519,Estándar,5,24.43,Media,53732.0,Las Condes,En ruta
504150,10488,20250321,Programado,1,6.71,Alta,26232.0,Providencia,En ruta
504151,10017,20251101,Estándar,8,23.26,Media,69967.0,Estación Central,Entregado
504152,10419,20250829,Programado,8,54.46,Media,55123.0,Estación Central,Entregado
504153,10309,20260901,Estándar,15,15.29,Alta,118868.0,La Reina,Entregado
504154,10494,20261202,Express,6,37.41,Media,40715.0,Cerrillos,Entregado
504155,10385,20250103,Estándar,2,10.94,Media,30591.0,La Granja,En ruta
504156,10364,20260408,Programado,14,74.01,Baja,117619.0,Estación Central,Entregado
504157,10404,20250920,Programado,14,89.66,Alta,47940.0,La Reina,Entregado
504158,10262,20260726,Express,6,21.46,Alta,61343.0,Puente Alto,Cancelado
504159,10297,20250616,Estándar,2,4.32,Baja,28912.0,Colina,Entregado
504160,10049,20260717,Programado,10,32.84,Alta,55297.0,Cerrillos,Entregado
504161,10136,20260415,Express,1,7.42,Media,17820.0,Quilicura,Entregado
504162,10394,20261117,Estándar,6,18.03,Alta,54616.0,San Miguel,En ruta
504163,10191,20250815,Estándar,15,84.53,Baja,128544.0,Pedro Aguirre Cerda,Entregado
504164,10321,20251119,Estándar,9,35.1,Media,46515.0,Colina,Entregado
504165,10389,20261225,Estándar,15,98.04,Media,101918.0,Las Condes,En ruta
504166,10253,20260209,Estándar,2,15.92,Media,28575.0,La Cisterna,En preparación
504167,10094,20260402,Estándar,9,16.21,Media,46132.0,Macul,Entregado
504168,10076,20250805,Express,1,1.54,Media,24592.0,Pedro Aguirre Cerda,Entregado
504169,10470,20260823,Estándar,1,5.69,Alta,20214.0,Pedro Aguirre Cerda,En ruta
504170,10338,20260827,Estándar,7,13.35,Media,35851.0,Santiago,Entregado
504171,10084,20250302,Estándar,8,10.01,Media,44549.0,Independencia,Entregado
504172,10266,20260915,Estándar,4,4.47,Baja,35886.0,Providencia,Entregado
504173,10211,20250816,Estándar,8,43.58,Alta,48253.0,San Joaquín,Entregado
504174,10486,20250811,Estándar,12,42.56,Baja,113293.0,La Florida,Pendiente
504175,10409,20260314,Programado,13,61.9,Media,121323.0,Quinta Normal,Entregado
504176,10399,20250924,Programado,12,25.13,Baja,36832.0,Recoleta,Entregado
504177,10307,20260402,Estándar,14,31.64,Media,121231.0,San Bernardo,Entregado
504178,10495,20261003,Estándar,11,32.8,Media,93532.0,La Reina,Entregado
504179,10395,20260511,Estándar,8,58.6,Baja,52393.0,Cerrillos,En ruta
504180,10454,20251206,Estándar,4,11.53,Media,22658.0,Lampa,Entregado
504181,10063,20261202,Estándar,6,25.2,Alta,48467.0,Lo Espejo,Entregado
504182,10260,20261111,Express,10,41.06,Alta,103218.0,La Granja,Entregado
504183,10202,20250624,Express,6,11.28,Urgente,73858.0,Huechuraba,Entregado
504184,10044,20260131,Estándar,2,7.84,Media,27980.0,Santiago,En preparación
504185,10134,20250723,Estándar,1,5.0,Media,16137.0,Huechuraba,Entregado
504186,10081,20250313,Estándar,5,7.2,Media,59646.0,Providencia,Entregado
504187,10372,20250901,Estándar,1,5.75,Media,28765.0,Conchalí,Entregado
504188,10387,20250212,Express,1,5.05,Alta,37418.0,San Joaquín,Entregado
504189,10170,20261110,Estándar,9,55.39,Media,67416.0,Quinta Normal,En ruta
504190,10292,20261201,Programado,2,11.82,Baja,43688.0,El Bosque,Entregado
504191,10235,20261021,Express,5,30.29,Alta,55868.0,La Cisterna,En ruta
504192,10165,20260515,Estándar,4,15.43,Alta,34807.0,Santiago,Entregado
504193,10475,20250224,Estándar,13,17.04,Media,50612.0,Macul,En preparación
504194,10381,20260907,Express,7,11.84,Baja,64993.0,Maipú,En ruta
504195,10452,20250126,Estándar,7,46.49,Media,30312.0,Vitacura,Entregado
504196,10274,20250125,Estándar,6,10.7,Media,49339.0,San Bernardo,Entregado
504197,10090,20261120,Estándar,7,39.29,Baja,52556.0,Maipú,Entregado
504198,10138,20260218,Estándar,15,69.72,Media,127122.0,Huechuraba,Entregado
504199,10269,20250607,Programado,1,4.74,Media,20341.0,Las Condes,En ruta
504200,10371,20250509,Estándar,10,32.69,Baja,91007.0,La Florida,Entregado
504201,10369,20260514,Estándar,3,23.35,Baja,38310.0,Las Condes,Entregado
504202,10026,20250820,Express,13,65.11,Alta,125472.0,La Florida,Entregado
504203,10173,20261223,Estándar,9,20.39,Alta,43989.0,Pedro Aguirre Cerda,En ruta
504204,10354,20250807,Estándar,3,8.95,Baja,49385.0,La Reina,Entregado
504205,10188,20251009,Estándar,11,39.18,Media,55524.0,Conchalí,Entregado
504206,10415,20261102,Estándar,3,23.57,Media,44487.0,Las Condes,En ruta
504207,10140,20250930,Estándar,6,40.78,Alta,71813.0,Lo Barnechea,Entregado
504208,10423,20260213,Estándar,7,55.46,Baja,80771.0,La Cisterna,En ruta
504209,10315,20260421,Express,6,41.85,Media,44673.0,Lo Prado,Entregado
504210,10053,20250304,Express,12,46.72,Alta,106582.0,Maipú,Entregado
504211,10063,20260330,Estándar,13,23.35,Alta,118813.0,Renca,Entregado
504212,10398,20250608,Estándar,7,34.29,Media,61805.0,Renca,Entregado
504213,10456,20260717,Estándar,14,108.96,Media,109834.0,Maipú,Entregado
504214,10436,20260128,Programado,13,63.0,Media,126594.0,San Ramón,Entregado
504215,10297,20260219,Estándar,5,29.87,Media,52672.0,Macul,Entregado
504216,10406,20250605,Estándar,10,21.86,Media,91481.0,Macul,Entregado
504217,10278,20250616,Estándar,3,11.15,Media,46978.0,Conchalí,Entregado
504218,10372,20260921,Estándar,5,23.47,Media,22788.0,Buin,Entregado
504219,10199,20250113,Estándar,14,70.63,Alta,128932.0,Lo Prado,En ruta
504220,10307,20260602,Estándar,10,62.39,Media,69614.0,Colina,Entregado
504221,10041,20261210,Estándar,2,7.15,Alta,45340.0,Pudahuel,En preparación
504222,10175,20260810,Programado,15,83.53,Media,127191.0,Quinta Normal,Entregado
504223,10163,20260311,Estándar,11,71.22,Media,93817.0,Pedro Aguirre Cerda,Entregado
504224,10159,20250701,Estándar,5,36.41,Urgente,32470.0,Estación Central,Entregado
504225,10043,20260129,Estándar,11,31.24,Alta,101779.0,Colina,Entregado
504226,10395,20250619,Express,12,15.69,Alta,66891.0,San Joaquín,Entregado
504227,10400,20260225,Estándar,6,47.81,Media,41184.0,Recoleta,Entregado
504228,10392,20260213,Estándar,9,61.89,Media,48957.0,Conchalí,Entregado
504229,10481,20251213,Estándar,5,15.41,Media,52576.0,Conchalí,Entregado
504230,10296,20250907,Estándar,1,5.48,Alta,36123.0,Lo Barnechea,Entregado
504231,10111,20260703,Programado,12,44.68,Alta,95355.0,El Bosque,En preparación
504232,10093,20250102,Express,11,61.5,Urgente,102165.0,Maipú,Entregado
504233,10223,20250223,Estándar,15,28.95,Baja,63567.0,Recoleta,Entregado
504234,10389,20260603,Estándar,14,84.84,Alta,50744.0,Pedro Aguirre Cerda,Entregado
504235,10196,20250812,Programado,13,37.06,Baja,55339.0,San Ramón,Entregado
504236,10037,20260306,Estándar,1,3.09,Media,18246.0,Pedro Aguirre Cerda,Entregado
504237,10457,20251024,Estándar,13,36.35,Media,49714.0,Buin,Cancelado
504238,10486,20261112,Express,9,55.96,Alta,101775.0,San Bernardo,Entregado
504239,10056,20250114,Estándar,3,15.13,Media,33489.0,Peñalolén,En ruta
504240,10099,20260314,Estándar,1,6.37,Alta,26212.0,Independencia,Cancelado
504241,10142,20260912,Estándar,10,52.79,Baja,40395.0,Cerrillos,Pendiente
504242,10379,20261205,Programado,14,89.6,Baja,65459.0,Recoleta,Entregado
504243,10376,20260105,Estándar,11,33.94,Alta,81215.0,Providencia,Entregado
504244,10190,20250305,Estándar,1,3.06,Alta,27302.0,Pedro Aguirre Cerda,Entregado
504245,10219,20250517,Estándar,1,5.17,Media,22255.0,Pedro Aguirre Cerda,Entregado
504246,10401,20251218,Estándar,12,23.89,Media,84380.0,Estación Central,Entregado
504247,10346,20260221,Estándar,2,4.65,Alta,40268.0,Peñalolén,Entregado
504248,10359,20250516,Estándar,10,73.74,Alta,44802.0,Quilicura,Entregado
504249,10207,20260827,Estándar,12,15.05,Media,101710.0,San Bernardo,Entregado
504250,10178,20261002,Express,11,27.92,Urgente,114089.0,Cerrillos,Entregado
504251,10463,20261027,Programado,9,65.82,Baja,57382.0,Puente Alto,Entregado
504252,10480,20250201,Estándar,13,20.75,Media,120649.0,Pedro Aguirre Cerda,En preparación
504253,10493,20250110,Estándar,10,46.04,Baja,68996.0,San Ramón,En ruta
504254,10272,20260313,Estándar,3,22.82,Media,45231.0,Renca,Entregado
504255,10109,20260105,Programado,9,12.61,Baja,88807.0,San Ramón,Entregado
504256,10064,20250201,Estándar,5,5.3,Media,51970.0,Buin,Pendiente
504257,10094,20261212,Programado,10,69.22,Urgente,46306.0,La Cisterna,Entregado
504258,10283,20260904,Express,5,5.79,Alta,54987.0,Providencia,Entregado
504259,10092,20250728,Estándar,8,17.97,Media,70254.0,Maipú,Entregado
504260,10340,20250523,Estándar,2,10.94,Media,18790.0,La Granja,Entregado
504261,10091,20251203,Programado,7,19.83,Media,62142.0,San Miguel,Entregado
504262,10068,20251128,Estándar,2,15.47,Media,42133.0,Conchalí,En ruta
504263,10189,20261112,Estándar,4,26.24,Media,39740.0,Cerrillos,Entregado
504264,10038,20260128,Express,2,11.67,Alta,32750.0,Lampa,Entregado
504265,10389,20250225,Estándar,11,62.97,Media,85074.0,Macul,Pendiente
504266,10343,20260326,Estándar,8,41.68,Urgente,50473.0,Renca,En preparación
504267,10224,20250118,Estándar,13,31.9,Media,51002.0,Santiago,Entregado
504268,10156,20260909,Estándar,6,30.81,Baja,67163.0,La Reina,En preparación
504269,10340,20260413,Programado,11,67.3,Alta,74589.0,Huechuraba,Entregado
504270,10053,20250604,Estándar,5,9.73,Alta,55862.0,La Granja,En preparación
504271,10460,20250317,Estándar,2,5.84,Alta,32598.0,Vitacura,Entregado
504272,10475,20260627,Estándar,13,50.13,Media,95614.0,La Reina,Entregado
504273,10061,20260530,Express,11,22.07,Media,144665.0,Maipú,Entregado
504274,10123,20250122,Estándar,15,75.62,Baja,76128.0,Estación Central,En ruta
504275,10176,20250912,Programado,1,1.91,Media,19067.0,Providencia,Entregado
504276,10252,20250821,Express,4,11.06,Alta,27383.0,Peñalolén,Entregado
504277,10073,20260416,Estándar,13,71.72,Baja,52273.0,El Bosque,Entregado
504278,10073,20261024,Programado,15,60.69,Alta,70509.0,Colina,En preparación
504279,10132,20251127,Estándar,4,14.91,Baja,38378.0,La Cisterna,En ruta
504280,10375,20250708,Estándar,4,10.59,Urgente,40142.0,Ñuñoa,Entregado
504281,10361,20261109,Estándar,15,30.27,Media,124670.0,San Bernardo,En preparación
504282,10027,20251112,Express,3,19.53,Alta,44003.0,El Bosque,Entregado
504283,10016,20250816,Estándar,2,10.45,Alta,27415.0,La Reina,Entregado
504284,10075,20260105,Estándar,15,107.49,Media,106253.0,Peñalolén,En preparación
504285,10028,20250901,Express,12,58.63,Alta,127520.0,Quinta Normal,Entregado
504286,10416,20251218,Estándar,14,69.2,Media,94322.0,Lo Prado,Entregado
504287,10114,20260503,Express,13,23.49,Urgente,146358.0,Santiago,En ruta
504288,10172,20260718,Estándar,14,75.36,Alta,112995.0,Santiago,Entregado
504289,10374,20260208,Programado,1,5.21,Baja,29229.0,Estación Central,Entregado
504290,10161,20250430,Express,7,30.49,Alta,71333.0,Las Condes,En preparación
504291,10118,20250810,Express,7,27.29,Alta,93107.0,El Bosque,Pendiente
504292,10154,20260627,Estándar,5,21.21,Media,54466.0,Puente Alto,En ruta
504293,10125,20250811,Estándar,2,2.07,Baja,41207.0,Huechuraba,Entregado
504294,10436,20251015,Estándar,12,33.47,Media,90788.0,Huechuraba,Entregado
504295,10052,20260202,Estándar,10,58.33,Alta,53017.0,Las Condes,En preparación
504296,10232,20251110,Estándar,7,54.14,Alta,57998.0,Lampa,En preparación
504297,10192,20251128,Estándar,13,72.17,Media,121707.0,Buin,Cancelado
504298,10036,20261112,Estándar,4,30.6,Media,38555.0,El Bosque,En preparación
504299,10340,20251019,Estándar,1,1.62,Media,17586.0,Renca,Entregado
504300,10379,20250817,Express,10,45.23,Media,55759.0,Peñalolén,En ruta
504301,10437,20261117,Express,5,27.73,Alta,73713.0,Lo Prado,Cancelado
504302,10118,20260917,Estándar,2,12.91,Media,30549.0,Buin,Entregado
504303,10350,20260416,Estándar,7,13.58,Baja,29206.0,Santiago,Pendiente
504304,10107,20250806,Estándar,14,36.8,Media,87173.0,Quinta Normal,Entregado
504305,10370,20260331,Programado,7,24.11,Baja,50941.0,Pedro Aguirre Cerda,Entregado
504306,10140,20250627,Estándar,15,50.8,Baja,82025.0,Independencia,Entregado
504307,10030,20250212,Programado,5,11.88,Media,49002.0,San Miguel,Cancelado
504308,10156,20250726,Express,12,48.38,Alta,54713.0,La Granja,Entregado
504309,10015,20250625,Estándar,5,21.59,Alta,43395.0,San Miguel,Entregado
504310,10047,20250606,Programado,3,10.19,Media,37618.0,Vitacura,Entregado
504311,10444,20261213,Express,11,87.06,Urgente,61412.0,La Reina,Entregado
504312,10097,20260305,Estándar,5,5.9,Alta,34469.0,Cerrillos,En ruta
504313,10112,20260427,Estándar,15,107.2,Alta,105205.0,Lo Barnechea,Entregado
504314,10125,20250226,Programado,11,80.77,Media,82012.0,Quinta Normal,En ruta
504315,10318,20250612,Estándar,5,12.76,Alta,46734.0,San Joaquín,Entregado
504316,10354,20250208,Estándar,4,12.75,Media,43673.0,Cerrillos,Pendiente
504317,10167,20250130,Estándar,12,17.67,Media,42433.0,Macul,Entregado
504318,10318,20260706,Express,13,100.92,Alta,147770.0,El Bosque,Entregado
504319,10437,20260210,Estándar,11,28.45,Alta,40436.0,La Reina,En preparación
504320,10096,20250511,Estándar,12,19.02,Media,108672.0,Maipú,Entregado
504321,10277,20250904,Programado,6,23.19,Baja,51690.0,Pudahuel,Entregado
504322,10375,20250928,Estándar,12,37.22,Media,56733.0,Conchalí,Entregado
504323,10162,20250522,Programado,3,14.27,Media,22257.0,El Bosque,En preparación
504324,10017,20260427,Estándar,6,6.58,Baja,49355.0,Cerrillos,Entregado
504325,10224,20260601,Express,6,44.47,Alta,94303.0,Las Condes,Entregado
504326,10333,20250622,Estándar,3,10.6,Media,32374.0,Buin,Entregado
504327,10308,20251103,Estándar,8,10.97,Baja,43784.0,Vitacura,Entregado
504328,10452,20251016,Estándar,2,2.76,Media,31468.0,Lo Prado,En ruta
504329,10297,20261011,Programado,4,9.9,Baja,56366.0,Colina,Entregado
504330,10362,20260801,Programado,10,69.22,Media,92727.0,Lo Barnechea,Entregado
504331,10140,20260921,Express,3,18.15,Alta,40418.0,Santiago,En preparación
504332,10427,20250216,Programado,4,10.06,Baja,21734.0,Colina,Entregado
504333,10003,20261010,Express,7,54.55,Media,67099.0,Peñalolén,Entregado
504334,10160,20261113,Estándar,1,1.78,Baja,18688.0,Conchalí,Entregado
504335,10097,20260313,Express,11,17.1,Urgente,144087.0,Lo Barnechea,Entregado
504336,10037,20260624,Express,11,13.57,Alta,78656.0,Santiago,Entregado
504337,10422,20260508,Programado,5,33.88,Baja,58949.0,Huechuraba,En preparación
504338,10051,20251030,Estándar,4,18.03,Media,30498.0,La Cisterna,Entregado
504339,10113,20250605,Express,4,8.44,Alta,39807.0,Lo Prado,En ruta
504340,10490,20250628,Express,12,81.3,Media,83577.0,Peñalolén,En ruta
504341,10500,20250901,Estándar,7,27.47,Baja,56666.0,Peñalolén,Pendiente
504342,10137,20260723,Express,6,19.75,Alta,68824.0,Lo Prado,Entregado
504343,10098,20260724,Estándar,2,13.57,Media,29478.0,Conchalí,Entregado
504344,10001,20260220,Estándar,15,76.03,Baja,72141.0,Quinta Normal,Cancelado
504345,10467,20251126,Estándar,10,77.97,Baja,45753.0,Lo Prado,Entregado
504346,10062,20260727,Estándar,15,67.4,Media,100497.0,Renca,Entregado
504347,10473,20260227,Express,11,75.46,Baja,105138.0,Maipú,Entregado
504348,10492,20250728,Programado,1,5.08,Media,31205.0,San Joaquín,Entregado
504349,10361,20250326,Programado,6,30.12,Media,66089.0,La Florida,Entregado
504350,10389,20251014,Express,11,36.43,Alta,119630.0,Recoleta,En preparación
504351,10403,20260917,Estándar,8,63.96,Alta,73489.0,Cerrillos,Entregado
504352,10032,20260824,Estándar,15,53.19,Baja,130380.0,San Ramón,Entregado
504353,10421,20260127,Estándar,4,20.66,Alta,40707.0,Estación Central,Entregado
504354,10448,20261213,Estándar,9,33.7,Baja,43838.0,La Granja,Entregado
504355,10143,20250731,Estándar,6,35.85,Baja,58372.0,San Joaquín,Entregado
504356,10491,20260402,Estándar,12,66.55,Alta,81948.0,Cerrillos,En preparación
504357,10045,20260117,Estándar,7,43.31,Alta,60273.0,Quinta Normal,Entregado
504358,10018,20260801,Estándar,14,45.31,Alta,129779.0,Las Condes,En ruta
504359,10327,20260906,Estándar,10,52.05,Media,62908.0,Peñalolén,Entregado
504360,10092,20260324,Express,7,50.48,Alta,47664.0,La Florida,Pendiente
504361,10176,20261009,Programado,4,4.34,Media,42627.0,Independencia,Cancelado
504362,10339,20260306,Express,10,74.33,Urgente,76856.0,Huechuraba,En preparación
504363,10036,20250422,Estándar,5,5.98,Media,39142.0,Puente Alto,Entregado
504364,10356,20250105,Estándar,14,90.21,Alta,109151.0,Macul,Entregado
504365,10359,20261026,Express,6,29.25,Media,48074.0,San Bernardo,Entregado
504366,10041,20251029,Estándar,3,9.93,Media,45139.0,Cerrillos,Entregado
504367,10023,20260117,Estándar,9,45.44,Baja,86080.0,San Ramón,Cancelado
504368,10184,20250616,Estándar,9,21.64,Alta,61165.0,Lo Espejo,Entregado
504369,10111,20261020,Estándar,10,26.1,Baja,59452.0,Colina,Entregado
504370,10134,20250126,Estándar,1,6.66,Alta,28744.0,Lo Barnechea,En preparación
504371,10426,20260914,Estándar,15,103.34,Urgente,104094.0,Pedro Aguirre Cerda,Entregado
504372,10392,20260528,Estándar,9,11.08,Media,39183.0,Peñalolén,Entregado
504373,10382,20250420,Estándar,9,66.03,Urgente,42839.0,Independencia,En ruta
504374,10149,20250413,Programado,6,19.24,Media,54702.0,San Miguel,Entregado
504375,10035,20250904,Estándar,2,13.0,Baja,16736.0,Quinta Normal,Entregado
504376,10084,20260129,Estándar,11,67.83,Baja,72976.0,Huechuraba,Entregado
504377,10279,20261031,Estándar,15,83.45,Baja,63930.0,Vitacura,En preparación
504378,10056,20260331,Express,13,51.9,Urgente,148847.0,La Granja,En ruta
504379,10267,20260506,Estándar,7,16.08,Baja,44756.0,San Joaquín,Entregado
504380,10305,20260824,Estándar,9,61.55,Baja,58223.0,Santiago,Entregado
504381,10436,20260323,Programado,5,23.92,Media,46913.0,Lampa,Entregado
504382,10003,20251130,Estándar,4,17.02,Media,37156.0,Ñuñoa,Entregado
504383,10162,20251114,Estándar,5,31.25,Media,28663.0,San Miguel,Entregado
504384,10461,20260920,Programado,1,6.97,Baja,24541.0,San Ramón,Entregado
504385,10209,20251107,Estándar,4,4.95,Alta,24506.0,Estación Central,En ruta
504386,10371,20261111,Programado,1,2.32,Baja,18593.0,Estación Central,Entregado
504387,10029,20260908,Estándar,14,104.18,Media,106665.0,Recoleta,Pendiente
504388,10434,20250208,Estándar,15,83.64,Media,130519.0,Maipú,Entregado
504389,10216,20251101,Estándar,5,26.62,Alta,46698.0,La Granja,Pendiente
504390,10172,20260530,Express,1,6.42,Alta,38174.0,Quinta Normal,En ruta
504391,10425,20260415,Estándar,13,96.51,Alta,64598.0,Macul,Entregado
504392,10111,20261202,Express,4,15.55,Alta,74597.0,Santiago,Cancelado
504393,10479,20250912,Express,5,12.01,Alta,36817.0,Colina,Entregado
504394,10323,20250103,Estándar,14,72.9,Media,54062.0,Quinta Normal,Entregado
504395,10069,20260215,Estándar,1,5.69,Media,31453.0,San Joaquín,Entregado
504396,10369,20260919,Estándar,9,46.6,Media,64141.0,Puente Alto,Entregado
504397,10223,20251009,Estándar,5,32.31,Urgente,36026.0,Recoleta,Entregado
504398,10488,20261015,Estándar,12,23.2,Alta,69673.0,Pudahuel,Cancelado
504399,10082,20260716,Express,3,12.97,Alta,33329.0,Renca,Entregado
504400,10049,20250117,Estándar,9,51.1,Media,64636.0,Independencia,Pendiente
504401,10204,20260529,Estándar,2,3.66,Media,40871.0,Pudahuel,En ruta
504402,10207,20261004,Programado,14,32.89,Media,91285.0,Lampa,Entregado
504403,10108,20250503,Express,7,17.69,Media,108514.0,Lo Barnechea,Entregado
504404,10124,20250328,Estándar,9,46.63,Media,70118.0,Buin,Pendiente
504405,10420,20250923,Estándar,8,21.77,Baja,46471.0,San Ramón,Entregado
504406,10498,20260401,Estándar,2,8.59,Media,16743.0,Lo Prado,Entregado
504407,10169,20250131,Estándar,7,53.22,Media,77910.0,Conchalí,Entregado
504408,10358,20261221,Express,3,9.83,Urgente,60137.0,Santiago,Pendiente
504409,10387,20260602,Estándar,1,5.75,Media,28785.0,Peñalolén,En ruta
504410,10310,20250524,Programado,6,12.07,Media,69510.0,El Bosque,Entregado
504411,10149,20260602,Estándar,1,6.1,Baja,14731.0,Santiago,Entregado
504412,10373,20250405,Estándar,3,13.82,Baja,24466.0,Independencia,En ruta
504413,10395,20251204,Estándar,11,69.43,Media,60077.0,Lo Barnechea,En preparación
504414,10446,20260102,Express,13,22.76,Alta,103456.0,Huechuraba,En ruta
504415,10222,20250909,Estándar,3,17.49,Media,38525.0,Renca,En preparación
504416,10429,20251104,Estándar,4,6.62,Alta,45993.0,Vitacura,En ruta
504417,10379,20251013,Estándar,3,22.63,Media,39377.0,San Bernardo,En ruta
504418,10142,20250807,Programado,14,98.0,Media,124788.0,La Reina,Entregado
504419,10112,20250319,Express,5,13.1,Alta,48815.0,Lo Espejo,Entregado
504420,10232,20251002,Programado,3,22.13,Media,41313.0,Buin,Entregado
504421,10375,20260329,Estándar,8,32.04,Baja,34267.0,Pudahuel,Entregado
504422,10469,20260811,Express,7,24.75,Urgente,59285.0,Lo Prado,Entregado
504423,10385,20250901,Programado,10,63.94,Media,65018.0,El Bosque,Entregado
504424,10327,20260917,Estándar,12,58.23,Media,83137.0,San Joaquín,Entregado
504425,10179,20250519,Estándar,7,24.81,Baja,53588.0,Conchalí,Entregado
504426,10111,20261130,Express,13,88.84,Media,93844.0,Macul,En preparación
504427,10200,20260705,Estándar,7,28.15,Urgente,53143.0,Peñalolén,Entregado
504428,10055,20260922,Estándar,12,23.03,Alta,76900.0,Cerrillos,En ruta
504429,10199,20261216,Estándar,11,73.3,Baja,64042.0,Vitacura,Entregado
504430,10156,20260406,Estándar,3,13.43,Baja,43869.0,Lo Espejo,En preparación
504431,10440,20250602,Estándar,5,11.47,Media,55099.0,La Granja,Entregado
504432,10078,20260810,Express,4,23.26,Media,54813.0,San Bernardo,En preparación
504433,10431,20261230,Estándar,7,47.61,Media,31975.0,Colina,Entregado
504434,10018,20250726,Programado,10,66.54,Baja,86280.0,Cerrillos,Entregado
504435,10328,20260512,Express,3,5.21,Urgente,23180.0,La Reina,Entregado
504436,10335,20251013,Programado,5,35.21,Alta,39391.0,Buin,Entregado
504437,10230,20250118,Estándar,1,1.51,Baja,18653.0,El Bosque,Pendiente
504438,10287,20250711,Estándar,10,62.07,Baja,71820.0,Lampa,Entregado
504439,10338,20250810,Estándar,11,73.06,Media,36119.0,Pedro Aguirre Cerda,Entregado
504440,10497,20250310,Express,4,22.48,Urgente,62304.0,La Cisterna,Entregado
504441,10200,20261015,Estándar,12,55.03,Media,95297.0,Renca,Entregado
504442,10133,20260104,Estándar,7,42.79,Media,27117.0,Providencia,Entregado
504443,10368,20260314,Programado,3,7.23,Media,36372.0,Lo Barnechea,Entregado
504444,10086,20260527,Estándar,4,5.43,Baja,19142.0,La Florida,Entregado
504445,10423,20250218,Express,2,13.24,Media,34657.0,San Miguel,Entregado
504446,10373,20250227,Estándar,10,13.34,Alta,80377.0,El Bosque,En preparación
504447,10219,20250309,Estándar,12,71.54,Media,93412.0,Renca,Entregado
504448,10023,20261203,Estándar,13,75.29,Alta,89365.0,Independencia,En preparación
504449,10169,20260117,Estándar,3,20.75,Media,33217.0,La Cisterna,En ruta
504450,10305,20250908,Estándar,5,8.91,Alta,49218.0,Peñalolén,Cancelado
504451,10037,20260321,Estándar,9,69.77,Media,55490.0,Santiago,Entregado
504452,10282,20251225,Estándar,4,7.74,Media,29889.0,La Reina,Entregado
504453,10369,20250721,Express,8,38.05,Alta,107584.0,San Ramón,Entregado
504454,10481,20250708,Estándar,8,24.51,Alta,78546.0,Vitacura,Entregado
504455,10073,20260302,Estándar,14,39.37,Alta,115226.0,La Reina,En preparación
504456,10268,20260329,Estándar,12,89.8,Baja,93237.0,Lo Prado,En preparación
504457,10046,20260917,Programado,15,118.04,Baja,104322.0,Recoleta,Entregado
504458,10212,20260408,Express,8,34.56,Baja,55998.0,Providencia,En preparación
504459,10215,20250513,Express,13,19.64,Media,120577.0,Recoleta,En preparación
504460,10114,20250925,Estándar,14,63.44,Media,68432.0,Cerrillos,Cancelado
504461,10183,20261028,Estándar,11,57.13,Media,78454.0,Independencia,Entregado
504462,10341,20250124,Estándar,13,25.1,Alta,103152.0,San Ramón,En preparación
504463,10346,20250624,Estándar,15,69.73,Baja,95576.0,Ñuñoa,Entregado
504464,10264,20250117,Estándar,3,21.54,Media,38246.0,Recoleta,En preparación
504465,10327,20260306,Estándar,11,86.75,Baja,73289.0,El Bosque,En ruta
504466,10059,20250820,Programado,12,56.5,Media,84016.0,Quilicura,Entregado
504467,10063,20251004,Estándar,7,21.53,Baja,45583.0,Puente Alto,Entregado
504468,10439,20260616,Express,5,36.6,Alta,74272.0,Pedro Aguirre Cerda,Entregado
504469,10285,20251010,Estándar,8,24.84,Media,75495.0,Quilicura,Entregado
504470,10430,20260402,Estándar,9,50.98,Media,32789.0,Lampa,Entregado
504471,10035,20250907,Estándar,9,11.91,Baja,87290.0,Maipú,Entregado
504472,10392,20260117,Programado,2,6.81,Media,17642.0,Conchalí,Entregado
504473,10274,20250105,Estándar,1,5.3,Alta,26986.0,El Bosque,Cancelado
504474,10443,20250528,Estándar,4,25.35,Urgente,44359.0,San Bernardo,Entregado
504475,10242,20250127,Estándar,5,7.05,Media,64746.0,Vitacura,Entregado
504476,10238,20261111,Estándar,12,28.78,Media,59727.0,Quinta Normal,Entregado
504477,10193,20250723,Programado,3,21.34,Baja,38749.0,Independencia,Entregado
504478,10124,20260222,Estándar,9,37.43,Baja,48915.0,Huechuraba,Entregado
504479,10029,20260821,Estándar,12,58.77,Media,64439.0,San Miguel,Entregado
504480,10466,20250219,Express,6,20.83,Urgente,45309.0,Colina,Entregado
504481,10025,20250521,Programado,12,40.64,Media,110070.0,Puente Alto,Entregado
504482,10096,20260624,Estándar,10,33.75,Baja,88789.0,Maipú,Entregado
504483,10496,20250513,Estándar,12,77.8,Media,86112.0,Recoleta,Entregado
504484,10177,20260106,Estándar,5,16.0,Media,41523.0,El Bosque,En ruta
504485,10046,20261030,Estándar,13,69.49,Media,77797.0,Las Condes,Cancelado
504486,10245,20261214,Estándar,3,10.79,Alta,30832.0,Providencia,Entregado
504487,10144,20260101,Express,14,111.11,Urgente,104606.0,Colina,Entregado
504488,10094,20260527,Estándar,15,49.6,Alta,133561.0,Ñuñoa,Pendiente
504489,10442,20250501,Express,12,32.99,Urgente,125437.0,Las Condes,En preparación
504490,10455,20260308,Express,13,100.85,Urgente,137940.0,La Florida,Entregado
504491,10018,20260717,Estándar,1,4.67,Media,33584.0,Pudahuel,En ruta
504492,10058,20260328,Estándar,5,31.0,Media,27399.0,Pedro Aguirre Cerda,Pendiente
504493,10402,20261227,Estándar,6,30.29,Media,68209.0,Colina,Entregado
504494,10135,20260402,Estándar,5,19.78,Baja,39378.0,Lo Barnechea,Pendiente
504495,10246,20250825,Estándar,9,55.58,Media,51742.0,El Bosque,Entregado
504496,10053,20260720,Express,7,54.02,Urgente,83634.0,Providencia,En preparación
504497,10459,20250315,Estándar,4,7.28,Baja,36947.0,El Bosque,Entregado
504498,10072,20261224,Express,11,45.93,Alta,132600.0,Lo Prado,Cancelado
504499,10039,20250714,Estándar,3,13.25,Baja,25893.0,Recoleta,En ruta
504500,10328,20251204,Estándar,12,55.56,Media,37052.0,Conchalí,En ruta
504501,10275,20250221,Estándar,1,4.27,Media,32046.0,La Florida,Entregado
504502,10038,20261108,Estándar,9,34.74,Alta,42493.0,Colina,Entregado
504503,10105,20260618,Estándar,3,9.37,Media,46709.0,Lo Prado,Pendiente
504504,10259,20260202,Estándar,15,28.41,Baja,135815.0,Buin,Entregado
504505,10311,20261129,Programado,7,17.5,Baja,51032.0,La Florida,Entregado
504506,10297,20260409,Estándar,6,16.12,Media,57752.0,Maipú,Entregado
504507,10104,20260326,Estándar,2,7.41,Baja,24535.0,La Florida,Entregado
504508,10395,20250207,Estándar,8,48.67,Alta,77385.0,Maipú,Entregado
504509,10183,20260419,Programado,3,18.52,Media,30980.0,Santiago,Entregado
504510,10248,20260515,Estándar,3,13.69,Alta,41563.0,Renca,En ruta
504511,10395,20250523,Express,13,56.99,Alta,118818.0,Quilicura,Entregado
504512,10141,20260807,Estándar,4,10.46,Media,39974.0,La Granja,En preparación
504513,10345,20250722,Estándar,4,6.58,Media,24476.0,Lo Prado,Entregado
504514,10182,20250325,Estándar,8,9.96,Baja,30945.0,Macul,Entregado
504515,10152,20260803,Estándar,10,31.3,Urgente,72621.0,Quilicura,Entregado
504516,10249,20260818,Express,11,30.99,Urgente,55970.0,Recoleta,Entregado
504517,10368,20251006,Estándar,14,46.46,Alta,45827.0,Ñuñoa,Entregado
504518,10290,20260329,Estándar,11,57.0,Media,99279.0,San Bernardo,Entregado
504519,10249,20261201,Express,5,27.84,Alta,71334.0,San Bernardo,Entregado
504520,10162,20251004,Estándar,6,21.05,Baja,55291.0,Vitacura,Entregado
504521,10084,20250201,Estándar,14,25.65,Baja,104532.0,Maipú,Entregado
504522,10240,20260706,Programado,13,68.19,Baja,60973.0,Macul,En ruta
504523,10053,20250121,Estándar,10,70.57,Alta,77134.0,Pudahuel,Entregado
504524,10371,20251126,Estándar,7,17.29,Baja,40636.0,La Cisterna,Entregado
504525,10274,20260524,Estándar,4,29.31,Urgente,38891.0,Renca,Entregado
504526,10301,20261203,Programado,4,13.68,Baja,33801.0,Renca,Entregado
504527,10358,20250228,Estándar,1,1.5,Alta,30594.0,Colina,Entregado
504528,10251,20260214,Estándar,5,15.43,Media,38336.0,Lo Espejo,Entregado
504529,10428,20250616,Estándar,6,14.99,Media,44311.0,Cerrillos,Entregado
504530,10277,20261210,Express,4,28.89,Alta,61861.0,La Reina,Entregado
504531,10492,20261017,Estándar,7,7.86,Baja,31204.0,El Bosque,Entregado
504532,10115,20261121,Express,7,39.88,Urgente,99791.0,San Ramón,Cancelado
504533,10089,20260315,Estándar,8,46.52,Baja,67059.0,Las Condes,En ruta
504534,10216,20250720,Estándar,13,29.83,Urgente,98019.0,La Reina,Entregado
504535,10062,20260612,Programado,6,40.31,Media,67626.0,Lo Espejo,Entregado
504536,10161,20250603,Estándar,9,35.42,Baja,76436.0,Conchalí,Pendiente
504537,10145,20251230,Estándar,8,21.93,Baja,48549.0,Maipú,Entregado
504538,10423,20260907,Estándar,13,40.94,Media,88064.0,Conchalí,En ruta
504539,10364,20251003,Estándar,14,98.52,Media,117457.0,Buin,Entregado
504540,10033,20251007,Estándar,15,47.0,Media,81146.0,Providencia,En preparación
504541,10296,20251225,Estándar,11,77.64,Urgente,76170.0,San Miguel,En ruta
504542,10240,20260115,Estándar,4,22.5,Alta,40203.0,Buin,Entregado
504543,10273,20250509,Estándar,13,45.64,Baja,120652.0,Huechuraba,Cancelado
504544,10342,20250904,Estándar,3,8.64,Media,22186.0,Lo Barnechea,Cancelado
504545,10455,20250925,Programado,2,11.22,Baja,46904.0,Lampa,En preparación
504546,10176,20250222,Estándar,7,43.4,Alta,31782.0,San Joaquín,Cancelado
504547,10162,20251002,Estándar,1,7.62,Media,31369.0,Puente Alto,Entregado
504548,10137,20250930,Estándar,8,31.44,Media,30700.0,Buin,Entregado
504549,10052,20261227,Express,4,16.3,Media,60618.0,Ñuñoa,Entregado
504550,10422,20250914,Estándar,13,56.02,Media,115065.0,Estación Central,Entregado
504551,10385,20261125,Estándar,14,89.72,Baja,129051.0,Lo Prado,En ruta
504552,10403,20261019,Express,14,63.74,Alta,107190.0,Providencia,Entregado
504553,10008,20251030,Estándar,13,51.81,Alta,112069.0,Pedro Aguirre Cerda,Entregado
504554,10055,20260204,Estándar,15,107.71,Media,95299.0,Lo Espejo,Entregado
504555,10499,20261226,Estándar,3,22.35,Alta,26514.0,Santiago,En preparación
504556,10479,20250121,Programado,4,16.44,Alta,22807.0,San Bernardo,Entregado
504557,10359,20261218,Programado,4,8.79,Baja,46375.0,Colina,Entregado
504558,10258,20260629,Estándar,5,15.98,Urgente,28454.0,Cerrillos,Entregado
504559,10183,20260924,Estándar,2,4.97,Alta,30099.0,La Florida,Entregado
504560,10408,20250720,Estándar,2,7.24,Baja,31469.0,Estación Central,Pendiente
504561,10242,20260909,Programado,1,6.1,Media,22376.0,Vitacura,En preparación
504562,10036,20250407,Estándar,11,18.39,Media,95620.0,La Reina,Entregado
504563,10377,20261210,Express,12,37.29,Urgente,117327.0,Lo Espejo,Entregado
504564,10040,20261021,Estándar,13,77.44,Media,106918.0,La Florida,En ruta
504565,10180,20250223,Express,12,84.33,Media,113704.0,San Ramón,Entregado
504566,10055,20250320,Estándar,9,10.24,Media,39619.0,Lo Espejo,Entregado
504567,10250,20260903,Programado,6,15.7,Baja,38345.0,Lampa,Cancelado
504568,10099,20250804,Estándar,6,28.2,Media,29290.0,Estación Central,Entregado
504569,10203,20261108,Estándar,14,24.18,Baja,70603.0,Recoleta,Entregado
504570,10490,20250304,Estándar,10,39.19,Baja,54440.0,Peñalolén,Entregado
504571,10057,20260607,Estándar,5,16.64,Media,33856.0,San Bernardo,Entregado
504572,10435,20260103,Estándar,14,59.69,Media,110412.0,La Granja,Entregado
504573,10471,20250715,Express,7,15.94,Urgente,49591.0,Conchalí,Entregado
504574,10336,20250914,Programado,3,22.5,Media,29713.0,Cerrillos,Entregado
504575,10115,20251126,Estándar,4,6.19,Baja,54656.0,Lo Barnechea,Entregado
504576,10076,20260903,Express,2,2.73,Urgente,42277.0,San Joaquín,Entregado
504577,10158,20260130,Estándar,14,56.76,Alta,98665.0,El Bosque,Entregado
504578,10084,20251019,Estándar,13,75.99,Media,114647.0,Lo Barnechea,Entregado
504579,10454,20251011,Programado,9,30.23,Baja,52224.0,La Cisterna,Entregado
504580,10228,20250225,Estándar,4,21.1,Baja,26481.0,Estación Central,Entregado
504581,10458,20250927,Programado,10,24.38,Baja,86561.0,Puente Alto,Cancelado
504582,10050,20261127,Estándar,11,21.62,Baja,32899.0,Estación Central,Entregado
504583,10156,20260415,Express,10,72.86,Media,96296.0,Estación Central,Pendiente
504584,10366,20250309,Express,1,1.04,Urgente,19231.0,Providencia,En ruta
504585,10301,20250901,Estándar,14,94.47,Media,105993.0,Lo Espejo,Entregado
504586,10260,20250422,Estándar,8,8.97,Alta,77804.0,Pedro Aguirre Cerda,Entregado
504587,10387,20261001,Express,5,17.42,Alta,59153.0,Lo Espejo,Entregado
504588,10097,20250331,Programado,15,113.54,Baja,138844.0,Quinta Normal,Entregado
504589,10315,20261103,Estándar,12,62.82,Media,60888.0,Recoleta,Pendiente
504590,10257,20260819,Estándar,12,34.03,Baja,44265.0,Quinta Normal,En preparación
504591,10290,20260412,Express,9,44.01,Media,68253.0,Lo Espejo,Entregado
504592,10107,20250512,Estándar,14,54.16,Media,98926.0,La Reina,En ruta
504593,10185,20260810,Express,3,13.21,Urgente,31397.0,La Cisterna,Entregado
504594,10446,20250902,Programado,6,29.15,Urgente,38878.0,La Cisterna,Entregado
504595,10074,20261028,Estándar,12,30.98,Baja,119830.0,La Reina,Entregado
504596,10005,20261225,Estándar,2,13.29,Media,30142.0,Buin,Entregado
504597,10042,20250715,Estándar,2,2.17,Media,34174.0,San Ramón,En ruta
504598,10087,20250704,Express,4,17.56,Media,53965.0,Pedro Aguirre Cerda,En preparación
504599,10259,20261208,Express,9,20.22,Alta,114649.0,Lo Espejo,Entregado
504600,10408,20250518,Estándar,12,68.12,Media,108843.0,Buin,Entregado
504601,10194,20260626,Express,14,107.21,Urgente,104450.0,Peñalolén,Entregado
504602,10106,20260905,Estándar,1,5.9,Media,29014.0,Huechuraba,Entregado
504603,10100,20260530,Express,5,30.88,Alta,62984.0,Lo Prado,En ruta
504604,10125,20251106,Express,12,76.81,Urgente,95110.0,Santiago,Entregado
504605,10387,20260626,Programado,6,12.66,Baja,65904.0,Macul,En ruta
504606,10254,20260706,Estándar,11,42.62,Media,58748.0,Maipú,Entregado
504607,10199,20250131,Estándar,4,17.07,Alta,48025.0,La Florida,En ruta
504608,10171,20251102,Express,2,10.37,Alta,57789.0,San Joaquín,En preparación
504609,10005,20250430,Estándar,3,19.5,Baja,30759.0,Lo Prado,Cancelado
504610,10313,20250910,Estándar,9,62.36,Media,50199.0,Macul,En preparación
504611,10394,20260211,Estándar,1,6.29,Media,14506.0,Maipú,Entregado
504612,10070,20250228,Programado,13,88.26,Media,90313.0,Colina,En ruta
504613,10010,20250410,Estándar,12,82.16,Alta,35252.0,Conchalí,Entregado
504614,10345,20260226,Estándar,12,38.91,Baja,60677.0,Conchalí,Entregado
504615,10362,20260607,Estándar,8,17.24,Media,35854.0,Quilicura,Entregado
504616,10375,20250125,Estándar,1,4.9,Media,22194.0,Lo Prado,Cancelado
504617,10049,20260513,Express,4,8.45,Urgente,44659.0,Buin,En preparación
504618,10249,20260319,Programado,10,62.08,Media,48458.0,Quilicura,Entregado
504619,10273,20261225,Estándar,2,14.98,Alta,29628.0,Puente Alto,En ruta
504620,10163,20260718,Estándar,3,13.15,Alta,27997.0,Puente Alto,En preparación
504621,10126,20261026,Estándar,7,29.34,Alta,48526.0,Vitacura,Entregado
504622,10097,20260726,Estándar,9,24.42,Baja,82407.0,San Bernardo,En preparación
504623,10489,20260601,Estándar,8,63.08,Media,51569.0,La Reina,En ruta
504624,10229,20250408,Estándar,4,21.0,Baja,26446.0,La Granja,Entregado
504625,10057,20250219,Express,7,29.91,Urgente,83063.0,Cerrillos,Entregado
504626,10198,20250712,Estándar,15,101.81,Alta,87929.0,Lampa,Pendiente
504627,10458,20260201,Programado,8,15.62,Media,69125.0,San Miguel,Entregado
504628,10046,20260917,Express,13,98.78,Media,56502.0,Quinta Normal,Entregado
504629,10383,20251129,Estándar,5,12.1,Baja,59291.0,Macul,Entregado
504630,10262,20250827,Estándar,10,50.08,Alta,35455.0,Macul,Entregado
504631,10254,20260101,Programado,4,12.9,Media,44575.0,Cerrillos,En ruta
504632,10247,20260508,Express,10,72.55,Alta,100842.0,Huechuraba,Entregado
504633,10066,20260730,Estándar,1,3.33,Media,28740.0,Vitacura,Entregado
504634,10102,20250316,Estándar,10,61.62,Alta,61023.0,Macul,Entregado
504635,10413,20261119,Express,5,10.81,Media,50757.0,Puente Alto,Entregado
504636,10114,20251009,Estándar,12,60.21,Media,66764.0,El Bosque,En ruta
504637,10043,20251019,Estándar,3,3.14,Baja,36481.0,Lo Barnechea,Entregado
504638,10243,20250515,Estándar,6,9.22,Media,62513.0,Buin,En ruta
504639,10163,20251231,Estándar,8,37.17,Baja,68429.0,Lampa,Entregado
504640,10489,20260702,Express,12,12.75,Urgente,106638.0,La Reina,En ruta
504641,10409,20261007,Programado,10,33.04,Media,49768.0,Estación Central,Entregado
504642,10445,20251009,Express,12,88.13,Urgente,135466.0,La Reina,En preparación
504643,10247,20261230,Estándar,6,18.66,Media,30354.0,Peñalolén,Entregado
504644,10034,20250710,Estándar,6,21.98,Alta,61140.0,Renca,Pendiente
504645,10101,20251220,Programado,12,22.15,Alta,105029.0,San Ramón,En ruta
504646,10127,20250919,Estándar,11,41.85,Media,72280.0,Puente Alto,Entregado
504647,10362,20260716,Estándar,6,25.53,Media,54094.0,Pedro Aguirre Cerda,Cancelado
504648,10418,20260905,Estándar,5,29.66,Media,29931.0,Renca,Entregado
504649,10203,20260517,Programado,6,42.62,Media,54429.0,Maipú,Entregado
504650,10307,20251023,Programado,11,61.48,Media,84568.0,San Ramón,Entregado
504651,10474,20250519,Estándar,10,78.93,Media,102686.0,Peñalolén,Entregado
504652,10143,20250312,Estándar,3,13.67,Media,31320.0,Recoleta,Entregado
504653,10170,20260521,Estándar,3,11.12,Media,29481.0,Macul,En preparación
504654,10367,20260127,Estándar,6,34.5,Media,34000.0,Maipú,Entregado
504655,10432,20250813,Express,1,3.3,Urgente,17975.0,Santiago,Entregado
504656,10018,20260321,Estándar,13,30.58,Media,57389.0,Lo Prado,Entregado
504657,10404,20250818,Express,5,15.52,Urgente,89093.0,Colina,Entregado
504658,10068,20260406,Estándar,3,9.88,Media,30248.0,La Reina,Entregado
504659,10189,20250917,Express,13,28.72,Media,105899.0,Colina,Cancelado
504660,10180,20251001,Express,1,2.81,Urgente,18217.0,Huechuraba,Entregado
504661,10014,20251213,Programado,13,33.11,Baja,88719.0,Quinta Normal,En preparación
504662,10136,20250704,Express,5,37.68,Alta,42478.0,Huechuraba,Entregado
504663,10254,20250212,Estándar,8,52.27,Media,43806.0,Colina,En ruta
504664,10122,20260831,Express,5,25.61,Baja,64893.0,Lampa,Entregado
504665,10074,20250819,Estándar,2,7.05,Media,13369.0,Lo Prado,Entregado
504666,10094,20250918,Programado,6,32.39,Alta,48793.0,Renca,En preparación
504667,10364,20250910,Estándar,5,27.84,Media,40988.0,La Reina,Cancelado
504668,10091,20250416,Estándar,6,21.59,Baja,59458.0,Renca,Entregado
504669,10235,20261220,Estándar,11,40.18,Media,49544.0,Lo Barnechea,En preparación
504670,10385,20261113,Programado,9,32.59,Urgente,78482.0,La Granja,Entregado
504671,10440,20260908,Estándar,5,23.7,Baja,37461.0,Macul,Entregado
504672,10472,20260616,Estándar,8,52.54,Media,42212.0,Renca,Entregado
504673,10180,20251214,Estándar,2,14.88,Baja,24633.0,Huechuraba,Entregado
504674,10049,20261229,Estándar,15,69.24,Baja,73382.0,Las Condes,Cancelado
504675,10226,20261017,Estándar,1,1.61,Media,10506.0,La Cisterna,Entregado
504676,10499,20250727,Estándar,7,19.18,Media,43168.0,Macul,En ruta
504677,10180,20250102,Express,5,37.05,Alta,32835.0,El Bosque,Entregado
504678,10093,20261204,Estándar,11,39.14,Media,92311.0,Buin,Cancelado
504679,10165,20251217,Programado,6,44.78,Media,76669.0,Buin,Entregado
504680,10469,20260717,Estándar,4,4.13,Baja,56107.0,El Bosque,En preparación
504681,10254,20250131,Estándar,9,35.76,Media,68775.0,Peñalolén,Entregado
504682,10284,20250125,Programado,12,18.43,Media,80630.0,La Reina,En ruta
504683,10031,20251217,Estándar,4,28.85,Media,39370.0,San Miguel,Entregado
504684,10246,20260309,Express,15,104.04,Media,142977.0,Pudahuel,Entregado
504685,10016,20250109,Estándar,7,45.27,Media,71976.0,San Ramón,En ruta
504686,10249,20260126,Express,13,34.91,Media,141719.0,San Joaquín,Entregado
504687,10373,20260503,Programado,2,10.49,Media,32258.0,Recoleta,Entregado
504688,10229,20251206,Express,9,45.85,Media,99955.0,Independencia,Entregado
504689,10278,20250707,Estándar,15,47.32,Media,133390.0,Pudahuel,Cancelado
504690,10405,20250521,Estándar,15,17.63,Alta,96153.0,Macul,Entregado
504691,10411,20261113,Express,12,13.83,Baja,115823.0,Independencia,En preparación
504692,10214,20261029,Programado,5,30.45,Baja,43782.0,Buin,En preparación
504693,10409,20260213,Estándar,9,60.95,Alta,48607.0,San Bernardo,En ruta
504694,10163,20260815,Estándar,10,26.13,Media,95090.0,Recoleta,Entregado
504695,10029,20250526,Estándar,12,69.34,Media,58845.0,El Bosque,En ruta
504696,10397,20250325,Estándar,6,44.97,Baja,64698.0,San Bernardo,En preparación
504697,10313,20261212,Estándar,3,22.65,Media,24812.0,Peñalolén,Entregado
504698,10346,20260603,Estándar,12,32.75,Alta,56212.0,San Bernardo,Cancelado
504699,10179,20250119,Estándar,15,20.51,Urgente,142830.0,Independencia,Cancelado
504700,10254,20251109,Estándar,3,7.67,Baja,38097.0,San Miguel,Entregado
504701,10022,20260720,Estándar,13,47.94,Media,66560.0,Pedro Aguirre Cerda,Entregado
504702,10206,20260916,Programado,6,36.2,Alta,67375.0,La Reina,En ruta
504703,10272,20250410,Express,7,26.3,Alta,75697.0,La Florida,Entregado
504704,10411,20260527,Express,10,79.47,Alta,47056.0,Buin,En preparación
504705,10283,20261120,Estándar,4,24.38,Media,41712.0,Quinta Normal,Entregado
504706,10070,20250512,Estándar,3,13.53,Baja,40542.0,San Miguel,En preparación
504707,10373,20260430,Programado,12,88.33,Media,107806.0,San Miguel,Entregado
504708,10082,20261215,Programado,8,35.39,Urgente,91342.0,Recoleta,Entregado
504709,10356,20260521,Estándar,14,61.49,Baja,134137.0,Cerrillos,Entregado
504710,10102,20261107,Estándar,4,16.13,Media,35334.0,El Bosque,Entregado
504711,10216,20261220,Estándar,9,43.35,Media,83363.0,Quilicura,Entregado
504712,10245,20250928,Estándar,8,22.27,Baja,63419.0,Quilicura,Entregado
504713,10192,20260305,Estándar,9,47.16,Baja,76705.0,La Reina,Entregado
504714,10059,20250429,Express,10,28.59,Alta,101169.0,Macul,Entregado
504715,10090,20260408,Express,5,24.22,Media,69368.0,Puente Alto,Entregado
504716,10482,20260325,Estándar,7,34.6,Baja,67088.0,La Cisterna,Entregado
504717,10461,20251125,Estándar,6,10.57,Media,58493.0,San Ramón,En ruta
504718,10257,20260309,Estándar,9,36.92,Baja,58238.0,Quinta Normal,Entregado
504719,10027,20260828,Estándar,6,18.41,Media,68674.0,Cerrillos,Entregado
504720,10413,20260526,Estándar,8,36.47,Media,70950.0,San Joaquín,En preparación
504721,10196,20260509,Estándar,2,3.28,Baja,17240.0,Estación Central,Entregado
504722,10044,20260121,Express,7,46.45,Urgente,83591.0,Vitacura,Entregado
504723,10431,20260723,Estándar,1,7.55,Alta,30210.0,San Ramón,En preparación
504724,10412,20260930,Estándar,1,7.31,Baja,22595.0,Ñuñoa,Entregado
504725,10113,20261102,Express,12,79.87,Alta,86562.0,Colina,Entregado
504726,10038,20250329,Estándar,6,13.46,Alta,45635.0,Lo Prado,Entregado
504727,10395,20250407,Estándar,8,10.26,Media,47419.0,Buin,En ruta
504728,10425,20250409,Programado,13,95.58,Media,102816.0,Macul,Cancelado
504729,10370,20250816,Express,5,12.11,Urgente,42607.0,Estación Central,Entregado
504730,10459,20250407,Estándar,12,84.0,Media,51064.0,Pudahuel,En preparación
504731,10048,20260708,Express,5,35.3,Alta,64604.0,La Reina,Entregado
504732,10367,20250421,Estándar,14,99.27,Alta,100856.0,Pedro Aguirre Cerda,Entregado
504733,10263,20251219,Estándar,11,72.85,Media,60993.0,La Florida,Entregado
504734,10195,20251030,Express,10,30.03,Urgente,98414.0,Maipú,Entregado
504735,10180,20260322,Express,13,64.82,Alta,150472.0,Lampa,Entregado
504736,10376,20260613,Programado,4,10.2,Alta,35639.0,Lo Barnechea,Entregado
504737,10229,20250920,Express,4,23.56,Urgente,29518.0,La Cisterna,Entregado
504738,10225,20261121,Estándar,12,87.43,Alta,40452.0,La Cisterna,Entregado
504739,10097,20261201,Programado,5,37.67,Media,41271.0,San Ramón,En preparación
504740,10147,20250331,Estándar,14,36.18,Urgente,60816.0,Quinta Normal,En preparación
504741,10231,20251016,Programado,11,72.11,Alta,88292.0,Conchalí,Entregado
504742,10235,20251101,Estándar,2,11.89,Media,42438.0,Providencia,Entregado
504743,10222,20260126,Estándar,14,76.84,Media,86725.0,Vitacura,En ruta
504744,10345,20250126,Express,7,32.32,Alta,86139.0,La Reina,Entregado
504745,10291,20260908,Estándar,5,28.59,Alta,51569.0,Vitacura,Cancelado
504746,10041,20250525,Estándar,9,22.29,Baja,78335.0,Colina,Pendiente
504747,10191,20260314,Estándar,4,27.56,Alta,39983.0,Quinta Normal,Entregado
504748,10211,20250616,Programado,13,48.0,Baja,77894.0,Colina,Entregado
504749,10286,20260930,Estándar,1,5.04,Baja,22294.0,San Bernardo,Entregado
504750,10220,20250129,Express,13,19.84,Alta,94724.0,Santiago,En ruta
504751,10031,20260115,Express,2,11.75,Media,48411.0,La Reina,Entregado
504752,10242,20261009,Programado,1,5.74,Baja,29580.0,Pudahuel,Entregado
504753,10097,20260301,Estándar,7,13.53,Alta,54028.0,San Bernardo,En preparación
504754,10417,20261014,Estándar,3,17.86,Media,28576.0,Maipú,Cancelado
504755,10043,20260109,Express,11,79.68,Alta,108247.0,El Bosque,Entregado
504756,10243,20260701,Estándar,9,30.06,Alta,37018.0,Independencia,Entregado
504757,10126,20250102,Express,10,72.48,Urgente,95020.0,Macul,En preparación
504758,10066,20260227,Estándar,11,64.17,Baja,56949.0,Cerrillos,Entregado
504759,10053,20260524,Estándar,13,59.73,Media,94489.0,La Cisterna,Cancelado
504760,10051,20250527,Estándar,13,43.77,Media,108528.0,Recoleta,Entregado
504761,10321,20250524,Express,6,11.43,Media,70601.0,Macul,En ruta
504762,10229,20250821,Estándar,10,76.76,Media,84870.0,Recoleta,Entregado
504763,10218,20250115,Estándar,15,115.49,Baja,57595.0,Santiago,Entregado
504764,10108,20261009,Estándar,13,52.95,Alta,69430.0,Independencia,Entregado
504765,10482,20260618,Express,15,31.91,Alta,131977.0,Providencia,Entregado
504766,10315,20260203,Express,6,21.16,Urgente,48811.0,Quilicura,Entregado
504767,10240,20260113,Estándar,1,6.54,Urgente,34290.0,San Ramón,Entregado
504768,10326,20260718,Estándar,9,26.63,Media,67210.0,San Bernardo,En ruta
504769,10449,20261102,Express,10,54.13,Alta,112832.0,Pudahuel,Entregado
504770,10181,20261208,Estándar,2,12.83,Baja,41812.0,Independencia,Entregado
504771,10159,20260303,Estándar,9,18.46,Alta,35146.0,Buin,Entregado
504772,10180,20250306,Estándar,10,68.0,Media,61451.0,San Joaquín,Entregado
504773,10120,20250129,Express,8,25.98,Alta,76006.0,Providencia,En preparación
504774,10205,20250414,Estándar,7,35.71,Alta,67041.0,Lampa,En preparación
504775,10083,20260829,Estándar,3,4.32,Baja,42979.0,Independencia,Entregado
504776,10098,20250814,Estándar,7,30.84,Baja,62130.0,Estación Central,Entregado
504777,10360,20250815,Express,9,40.34,Media,68822.0,Colina,En ruta
504778,10061,20251018,Estándar,4,12.46,Media,43083.0,Maipú,En preparación
504779,10190,20260213,Estándar,2,3.51,Media,30355.0,Quilicura,En preparación
504780,10171,20250730,Express,3,13.67,Media,61412.0,Recoleta,Entregado
504781,10067,20250209,Estándar,5,21.85,Baja,54140.0,Lo Espejo,Pendiente
504782,10433,20260825,Estándar,3,9.62,Urgente,43189.0,Buin,Entregado
504783,10167,20260614,Express,11,37.07,Urgente,123807.0,San Bernardo,Entregado
504784,10260,20251029,Express,15,118.16,Urgente,171389.0,Cerrillos,Entregado
504785,10039,20260706,Express,14,24.35,Media,93805.0,Pedro Aguirre Cerda,En preparación
504786,10171,20251007,Express,2,5.06,Baja,57659.0,Renca,Entregado
504787,10023,20260317,Estándar,6,30.5,Baja,36826.0,San Bernardo,Cancelado
504788,10029,20260210,Express,6,44.85,Alta,60476.0,La Granja,Entregado
504789,10047,20251211,Programado,2,13.74,Media,34605.0,Conchalí,En preparación
504790,10338,20260405,Programado,9,63.89,Baja,48874.0,Quinta Normal,Entregado
504791,10317,20251104,Express,12,87.2,Alta,71827.0,Peñalolén,Entregado
504792,10049,20251224,Express,13,77.41,Alta,165883.0,Quinta Normal,Entregado
504793,10297,20250919,Estándar,5,6.06,Media,38745.0,Huechuraba,Entregado
504794,10279,20260919,Programado,6,13.8,Baja,60004.0,La Cisterna,En ruta
504795,10229,20261223,Estándar,3,13.81,Media,31825.0,Quilicura,Entregado
504796,10414,20260710,Estándar,1,6.08,Media,12901.0,La Cisterna,Entregado
504797,10495,20260628,Estándar,13,80.68,Alta,113538.0,La Cisterna,Pendiente
504798,10206,20250219,Estándar,2,5.24,Media,16583.0,Vitacura,En ruta
504799,10084,20250512,Express,10,35.99,Urgente,117481.0,Huechuraba,Cancelado
504800,10189,20260411,Estándar,11,66.82,Media,63047.0,Recoleta,Entregado
504801,10356,20251028,Express,6,10.17,Media,97689.0,San Ramón,En ruta
504802,10428,20261126,Estándar,8,20.55,Baja,49237.0,Quilicura,Cancelado
504803,10236,20250915,Estándar,10,25.45,Alta,97335.0,Vitacura,Entregado
504804,10337,20261216,Estándar,8,28.68,Baja,49138.0,San Ramón,Entregado
504805,10262,20250922,Programado,3,8.73,Media,33529.0,Cerrillos,En ruta
504806,10137,20250622,Express,3,11.12,Alta,33765.0,San Joaquín,En preparación
504807,10192,20250712,Estándar,2,6.6,Media,36772.0,San Joaquín,Entregado
504808,10124,20250320,Estándar,14,99.04,Media,108933.0,Buin,Entregado
504809,10438,20260901,Estándar,15,109.38,Baja,123588.0,La Florida,Entregado
504810,10030,20250506,Estándar,7,52.82,Baja,51491.0,Macul,Entregado
504811,10153,20250925,Programado,14,55.24,Media,44891.0,Quinta Normal,Entregado
504812,10275,20250425,Express,6,21.38,Alta,69827.0,Santiago,Entregado
504813,10039,20260614,Programado,11,57.18,Urgente,50972.0,San Joaquín,Entregado
504814,10024,20260921,Programado,1,3.19,Baja,14640.0,Cerrillos,Entregado
504815,10073,20260816,Programado,1,6.94,Media,19978.0,San Miguel,En preparación
504816,10026,20261023,Programado,3,8.24,Baja,43360.0,Quinta Normal,Entregado
504817,10009,20261026,Express,4,24.44,Alta,23466.0,Santiago,Entregado
504818,10444,20250320,Estándar,4,16.74,Baja,47766.0,Ñuñoa,Entregado
504819,10257,20250528,Estándar,13,33.94,Alta,40210.0,La Florida,Entregado
504820,10206,20250715,Estándar,3,5.02,Media,25218.0,Lo Prado,Cancelado
504821,10070,20260123,Express,12,22.82,Baja,94356.0,La Cisterna,Entregado
504822,10244,20250621,Estándar,14,62.52,Media,65660.0,Providencia,Entregado
504823,10142,20250225,Estándar,5,32.23,Alta,60830.0,San Bernardo,Entregado
504824,10309,20260516,Programado,3,19.96,Baja,29967.0,Estación Central,Entregado
504825,10171,20251126,Programado,2,7.5,Media,20516.0,Vitacura,Cancelado
504826,10089,20261026,Express,8,59.28,Alta,88479.0,La Granja,Cancelado
504827,10442,20250127,Express,10,24.17,Urgente,54109.0,Maipú,Entregado
504828,10013,20261022,Estándar,8,34.05,Alta,71552.0,San Miguel,Entregado
504829,10432,20250218,Estándar,15,91.89,Media,137866.0,Puente Alto,Pendiente
504830,10277,20260617,Programado,2,11.96,Urgente,35900.0,La Reina,Entregado
504831,10263,20250624,Estándar,10,50.85,Baja,100208.0,Ñuñoa,En ruta
504832,10178,20260823,Express,1,7.14,Alta,28891.0,Vitacura,Cancelado
504833,10491,20260629,Programado,5,17.64,Media,38723.0,San Bernardo,Entregado
504834,10383,20251108,Programado,8,22.04,Media,43304.0,Quilicura,Entregado
504835,10179,20250126,Programado,11,32.28,Baja,68440.0,Puente Alto,Entregado
504836,10272,20251011,Estándar,2,14.77,Urgente,25519.0,Renca,Entregado
504837,10160,20260815,Estándar,9,40.0,Baja,55598.0,Santiago,En ruta
504838,10464,20250811,Estándar,4,28.49,Urgente,55502.0,La Reina,Entregado
504839,10069,20261024,Estándar,1,1.64,Alta,18493.0,La Granja,Entregado
504840,10478,20250705,Estándar,2,8.97,Media,40139.0,La Cisterna,En preparación
504841,10315,20250223,Programado,11,33.81,Baja,112935.0,El Bosque,En preparación
504842,10446,20250907,Programado,8,31.68,Baja,68864.0,Pedro Aguirre Cerda,Entregado
504843,10174,20260826,Express,5,14.0,Alta,72059.0,Maipú,Entregado
504844,10074,20251214,Express,11,54.92,Alta,77368.0,Ñuñoa,Entregado
504845,10039,20261221,Estándar,4,28.56,Media,50400.0,San Miguel,Cancelado
504846,10473,20250926,Express,13,18.04,Alta,123441.0,Santiago,En preparación
504847,10407,20261221,Estándar,2,10.92,Baja,38357.0,Pudahuel,Entregado
504848,10029,20250826,Express,6,26.36,Alta,37242.0,Lo Barnechea,Entregado
504849,10214,20260325,Estándar,6,42.56,Media,69953.0,Lampa,En ruta
504850,10364,20260613,Express,2,5.97,Alta,38476.0,Maipú,Entregado
504851,10395,20261226,Express,7,16.32,Urgente,57150.0,Quinta Normal,Entregado
504852,10354,20251123,Estándar,11,46.56,Media,95069.0,Santiago,Entregado
504853,10440,20251230,Estándar,13,60.57,Media,129296.0,Lampa,Entregado
504854,10005,20260129,Estándar,13,20.05,Baja,65572.0,San Miguel,Entregado
504855,10203,20260426,Express,11,78.98,Baja,72113.0,Pedro Aguirre Cerda,Entregado
504856,10194,20260910,Programado,15,107.71,Alta,136732.0,San Joaquín,En ruta
504857,10008,20260412,Express,5,18.06,Alta,45646.0,Colina,En ruta
504858,10225,20250628,Programado,12,35.39,Alta,55373.0,Lo Espejo,Entregado
504859,10391,20250703,Express,4,27.28,Urgente,57475.0,Recoleta,En ruta
504860,10353,20251214,Estándar,1,6.14,Alta,17252.0,Vitacura,En preparación
504861,10316,20260713,Express,13,83.93,Media,159324.0,Estación Central,Entregado
504862,10266,20250301,Programado,4,7.99,Alta,41007.0,La Cisterna,Entregado
504863,10187,20261119,Express,13,77.34,Alta,133916.0,Las Condes,Cancelado
504864,10499,20261110,Express,14,88.19,Media,144219.0,San Bernardo,Entregado
504865,10311,20250303,Estándar,4,30.23,Baja,52923.0,Cerrillos,En preparación
504866,10459,20261203,Estándar,7,31.88,Media,65157.0,Quilicura,Entregado
504867,10149,20250517,Estándar,3,4.38,Alta,30266.0,Quilicura,En ruta
504868,10018,20250304,Estándar,9,27.97,Alta,53235.0,Macul,Entregado
504869,10351,20261116,Estándar,9,69.31,Media,73674.0,La Cisterna,Cancelado
504870,10321,20251211,Programado,1,6.44,Media,32656.0,La Granja,Entregado
504871,10025,20260722,Estándar,6,36.92,Urgente,40164.0,Quilicura,Entregado
504872,10437,20260521,Express,7,26.29,Urgente,57560.0,San Joaquín,En ruta
504873,10296,20250819,Estándar,2,10.84,Baja,28364.0,Quinta Normal,Entregado
504874,10335,20250729,Programado,13,84.22,Alta,89151.0,La Cisterna,Entregado
504875,10143,20260806,Estándar,11,59.25,Media,92996.0,Vitacura,Entregado
504876,10026,20250531,Programado,13,98.49,Media,95974.0,Cerrillos,En ruta
504877,10013,20250518,Estándar,14,93.68,Media,98155.0,La Cisterna,En ruta
504878,10133,20260801,Express,4,15.33,Media,55933.0,Providencia,Entregado
504879,10212,20260715,Express,10,17.17,Alta,117912.0,San Joaquín,Entregado
504880,10415,20261021,Programado,9,11.42,Baja,81599.0,El Bosque,Cancelado
504881,10337,20251030,Estándar,14,111.58,Media,99037.0,Vitacura,Entregado
504882,10242,20251128,Estándar,6,47.0,Media,63598.0,Vitacura,Entregado
504883,10273,20261007,Express,5,15.48,Urgente,54080.0,Cerrillos,Entregado
504884,10191,20250327,Express,3,22.1,Media,44806.0,Recoleta,Entregado
504885,10080,20251123,Estándar,9,29.29,Media,89793.0,Vitacura,En ruta
504886,10241,20260404,Estándar,10,47.9,Media,54288.0,San Ramón,Entregado
504887,10315,20260930,Express,11,60.38,Urgente,86959.0,San Miguel,Entregado
504888,10009,20251208,Express,9,65.82,Alta,71018.0,Maipú,En preparación
504889,10367,20261017,Programado,2,13.85,Media,27446.0,La Cisterna,Entregado
504890,10351,20260128,Express,13,61.31,Urgente,131621.0,Lampa,Entregado
504891,10304,20250611,Estándar,4,11.66,Baja,43038.0,Vitacura,Entregado
504892,10352,20261027,Estándar,15,34.06,Media,57238.0,La Reina,Entregado
504893,10311,20260828,Estándar,15,114.55,Baja,58764.0,San Bernardo,En preparación
504894,10385,20250622,Programado,15,24.92,Alta,114342.0,Recoleta,Entregado
504895,10320,20250819,Estándar,7,7.63,Baja,41033.0,Pedro Aguirre Cerda,En ruta
504896,10079,20260529,Express,6,46.4,Media,65202.0,Huechuraba,Entregado
504897,10241,20261031,Estándar,13,82.01,Baja,82282.0,Huechuraba,Entregado
504898,10298,20260702,Programado,13,65.7,Baja,85295.0,Santiago,Entregado
504899,10389,20251013,Estándar,14,91.92,Baja,64963.0,La Granja,Entregado
504900,10202,20260419,Estándar,7,23.53,Media,55598.0,Santiago,Entregado
504901,10046,20250417,Programado,7,19.78,Alta,62318.0,Colina,En ruta
504902,10308,20251218,Estándar,13,103.77,Baja,120090.0,La Reina,Entregado
504903,10390,20260206,Express,9,31.31,Urgente,63086.0,Pudahuel,Entregado
504904,10150,20251024,Express,11,51.87,Media,135501.0,Las Condes,Entregado
504905,10154,20250716,Estándar,11,73.8,Media,58868.0,San Joaquín,En ruta
504906,10220,20260413,Estándar,9,35.86,Media,46582.0,Pudahuel,En ruta
504907,10465,20250808,Estándar,12,18.4,Baja,96395.0,Huechuraba,En ruta
504908,10133,20250927,Programado,12,76.18,Baja,123892.0,Independencia,Entregado
504909,10008,20250716,Estándar,8,57.24,Media,91679.0,Maipú,Entregado
504910,10298,20260409,Estándar,5,17.64,Baja,32587.0,Huechuraba,Entregado
504911,10102,20260620,Estándar,10,76.73,Alta,75044.0,Independencia,En ruta
504912,10214,20250427,Estándar,14,64.62,Media,92896.0,Pedro Aguirre Cerda,En ruta
504913,10118,20251207,Estándar,3,16.23,Media,40396.0,San Bernardo,Entregado
504914,10456,20250712,Estándar,3,21.1,Media,26675.0,San Ramón,Entregado
504915,10343,20250729,Estándar,7,13.5,Baja,49601.0,San Joaquín,Entregado
504916,10367,20260113,Programado,4,19.98,Media,45166.0,Pudahuel,En ruta
504917,10097,20250609,Estándar,8,38.16,Alta,40213.0,San Ramón,En preparación
504918,10045,20261028,Programado,5,32.41,Urgente,31362.0,Renca,Pendiente
504919,10387,20260526,Estándar,15,35.29,Alta,95055.0,Puente Alto,Entregado
504920,10177,20260814,Programado,14,90.87,Baja,115247.0,Quilicura,Entregado
504921,10090,20260626,Express,2,7.05,Alta,42711.0,Santiago,Entregado
504922,10256,20251219,Estándar,6,30.35,Media,55560.0,San Miguel,En preparación
504923,10289,20260702,Programado,5,28.63,Media,69073.0,Maipú,Entregado
504924,10026,20261104,Programado,4,16.5,Media,52147.0,Macul,En preparación
504925,10302,20260226,Programado,8,10.17,Media,64789.0,Las Condes,Entregado
504926,10221,20251206,Express,11,31.35,Urgente,52296.0,San Miguel,Pendiente
504927,10221,20260328,Express,9,65.21,Alta,71096.0,San Miguel,Entregado
504928,10463,20260430,Express,9,16.24,Urgente,68926.0,Lo Espejo,En ruta
504929,10342,20250410,Estándar,5,6.94,Media,34971.0,Pudahuel,En ruta
504930,10368,20260128,Estándar,7,53.63,Baja,43922.0,Renca,En ruta
504931,10455,20250415,Programado,10,74.22,Baja,36529.0,Renca,En ruta
504932,10206,20261118,Estándar,10,31.08,Media,97849.0,Las Condes,En preparación
504933,10066,20250607,Estándar,3,16.98,Alta,31415.0,Peñalolén,Entregado
504934,10447,20260504,Express,8,26.68,Urgente,122345.0,San Miguel,En preparación
504935,10032,20250820,Express,5,13.64,Alta,59786.0,Santiago,Entregado
504936,10304,20260930,Estándar,7,33.17,Baja,46194.0,La Florida,Entregado
504937,10372,20260221,Estándar,12,44.83,Baja,101997.0,San Bernardo,Entregado
504938,10266,20250612,Express,12,83.04,Alta,138505.0,Lo Barnechea,En preparación
504939,10152,20260114,Express,2,10.36,Alta,30740.0,La Reina,Entregado
504940,10449,20260306,Estándar,7,37.5,Alta,32847.0,Colina,Pendiente
504941,10470,20261109,Express,13,103.21,Urgente,136080.0,Ñuñoa,Entregado
504942,10034,20250622,Programado,14,24.91,Baja,60856.0,Pudahuel,Entregado
504943,10456,20250429,Express,15,25.6,Alta,171535.0,San Bernardo,Entregado
504944,10024,20260328,Programado,1,4.03,Baja,30430.0,Huechuraba,En preparación
504945,10060,20261229,Programado,8,17.7,Baja,46987.0,Lampa,Entregado
504946,10103,20251221,Programado,10,16.49,Urgente,108367.0,Puente Alto,Entregado
504947,10204,20260414,Estándar,1,7.87,Media,14430.0,Quilicura,Pendiente
504948,10135,20260730,Programado,13,27.48,Media,54835.0,Estación Central,En preparación
504949,10312,20261027,Express,14,110.9,Media,113249.0,San Miguel,Entregado
504950,10308,20250519,Express,11,73.0,Alta,99360.0,Recoleta,Entregado
504951,10003,20261005,Programado,7,17.26,Media,89159.0,Colina,En preparación
504952,10462,20250522,Express,8,47.64,Media,76060.0,Lo Espejo,Entregado
504953,10264,20260323,Estándar,12,69.02,Media,70940.0,Ñuñoa,Entregado
504954,10481,20260715,Estándar,15,48.2,Baja,99577.0,Las Condes,En preparación
504955,10145,20260313,Express,8,30.25,Urgente,89759.0,Lo Barnechea,Entregado
504956,10483,20261215,Express,6,25.02,Alta,64728.0,Quilicura,Entregado
504957,10198,20260428,Estándar,9,55.65,Media,76130.0,Renca,Entregado
504958,10247,20251222,Express,15,42.15,Urgente,109054.0,Lo Barnechea,Entregado
504959,10002,20261201,Express,10,50.57,Media,132374.0,San Bernardo,En ruta
504960,10127,20250102,Estándar,1,4.32,Media,32445.0,Macul,En preparación
504961,10206,20251221,Express,10,52.18,Media,106994.0,Ñuñoa,Entregado
504962,10106,20260222,Express,7,12.16,Alta,68209.0,Lo Prado,Entregado
504963,10256,20260316,Express,13,63.1,Alta,95954.0,Lo Prado,Entregado
504964,10243,20261101,Estándar,10,70.1,Baja,61425.0,Macul,Entregado
504965,10464,20250114,Programado,1,7.07,Media,28276.0,El Bosque,Entregado
504966,10046,20260312,Estándar,9,22.32,Alta,74659.0,Santiago,Entregado
504967,10401,20250808,Express,4,28.46,Alta,35150.0,La Granja,En preparación
504968,10241,20260731,Estándar,6,31.8,Urgente,40961.0,Lo Espejo,Entregado
504969,10164,20261107,Estándar,5,8.14,Baja,57290.0,Lampa,Entregado
504970,10238,20251220,Estándar,15,37.78,Media,61511.0,Pudahuel,Entregado
504971,10008,20250413,Programado,13,27.13,Media,136996.0,Macul,Pendiente
504972,10438,20260803,Estándar,13,60.13,Media,74235.0,Huechuraba,Entregado
504973,10270,20260402,Express,13,32.39,Baja,175041.0,Lampa,Entregado
504974,10159,20260426,Estándar,6,18.37,Alta,53625.0,San Ramón,Entregado
504975,10108,20260517,Estándar,3,9.17,Media,43143.0,Conchalí,Entregado
504976,10082,20251023,Express,12,40.16,Baja,118998.0,La Florida,Entregado
504977,10419,20251025,Estándar,5,38.59,Urgente,44793.0,Lo Prado,Entregado
504978,10003,20250525,Express,1,7.21,Baja,38295.0,Renca,Cancelado
504979,10065,20260514,Estándar,4,26.7,Media,50510.0,Ñuñoa,Pendiente
504980,10341,20251220,Estándar,1,4.51,Alta,32886.0,Santiago,Entregado
504981,10116,20250921,Estándar,13,27.58,Media,74407.0,Quinta Normal,Entregado
504982,10344,20260619,Programado,4,19.76,Media,35380.0,La Granja,Entregado
504983,10198,20260629,Estándar,12,34.63,Alta,58304.0,San Bernardo,En ruta
504984,10475,20250917,Express,15,33.85,Media,168411.0,San Bernardo,Entregado
504985,10242,20250603,Estándar,14,35.61,Urgente,106498.0,Lampa,En preparación
504986,10414,20250915,Estándar,6,22.73,Media,58041.0,San Miguel,En ruta
504987,10343,20261220,Express,13,94.99,Media,132547.0,Ñuñoa,En ruta
504988,10315,20250318,Estándar,13,103.92,Media,112535.0,Recoleta,Entregado
504989,10344,20251013,Express,13,67.27,Alta,108185.0,La Cisterna,Entregado
504990,10223,20260818,Express,5,27.11,Alta,76175.0,Quinta Normal,Entregado
504991,10037,20251202,Estándar,13,39.41,Media,62432.0,Las Condes,Pendiente
504992,10245,20251224,Express,11,13.61,Alta,96702.0,La Cisterna,Entregado
504993,10231,20251201,Estándar,2,13.04,Media,43125.0,La Granja,En preparación
504994,10154,20260517,Estándar,5,16.5,Alta,29673.0,Pudahuel,Cancelado
504995,10484,20260410,Express,11,74.54,Media,71555.0,El Bosque,Entregado
504996,10386,20261026,Programado,1,1.23,Baja,32911.0,Cerrillos,Entregado
504997,10089,20261022,Estándar,7,45.1,Alta,56887.0,La Granja,Entregado
504998,10272,20260614,Estándar,15,117.25,Alta,120099.0,Renca,En ruta
504999,10339,20250302,Estándar,12,49.11,Media,96276.0,Huechuraba,Entregado
505000,10044,20261016,Estándar,6,14.92,Media,48942.0,Independencia,En preparación
505001,10195,20250520,Programado,6,41.29,Media,46215.0,Quilicura,Entregado
505002,10003,20251025,Estándar,12,73.52,Media,110808.0,Lo Espejo,Entregado
505003,10038,20250912,Programado,8,45.22,Alta,51339.0,Colina,Entregado
505004,10195,20250321,Estándar,7,11.83,Media,37632.0,Quilicura,Entregado
505005,10277,20261226,Programado,6,7.12,Baja,63611.0,Vitacura,Entregado
505006,10376,20251007,Programado,9,56.02,Baja,37532.0,Ñuñoa,Entregado
505007,10104,20250623,Estándar,8,22.76,Media,51253.0,Recoleta,Pendiente
505008,10011,20261217,Estándar,1,7.33,Alta,17463.0,San Bernardo,Entregado
505009,10227,20250322,Estándar,11,82.73,Media,65005.0,Pedro Aguirre Cerda,Entregado
505010,10404,20260911,Estándar,9,57.66,Baja,44843.0,Santiago,Entregado
505011,10134,20250312,Estándar,6,10.28,Media,57761.0,Estación Central,Entregado
505012,10218,20260702,Estándar,5,9.89,Media,27991.0,La Cisterna,En ruta
505013,10226,20250118,Programado,7,55.49,Media,43505.0,La Cisterna,Entregado
505014,10359,20250830,Estándar,7,24.57,Media,80128.0,Puente Alto,Entregado
505015,10401,20261231,Estándar,14,20.22,Media,101883.0,Independencia,Pendiente
505016,10135,20260811,Estándar,6,32.27,Baja,24280.0,Las Condes,Entregado
505017,10178,20260514,Estándar,5,31.42,Baja,58740.0,Independencia,Entregado
505018,10036,20250129,Estándar,11,38.23,Media,61060.0,San Miguel,Entregado
505019,10332,20260901,Estándar,2,13.45,Baja,35380.0,El Bosque,En ruta
505020,10280,20261228,Express,11,80.09,Alta,115939.0,Recoleta,Entregado
505021,10477,20251010,Estándar,9,32.21,Media,37322.0,Independencia,Entregado
505022,10350,20251012,Estándar,10,46.2,Alta,52033.0,Renca,En preparación
505023,10057,20260811,Programado,6,28.03,Media,41240.0,San Joaquín,Entregado
505024,10358,20261126,Estándar,11,67.6,Baja,67441.0,Buin,Entregado
505025,10171,20250330,Estándar,8,46.02,Media,76778.0,Maipú,En ruta
505026,10388,20250922,Estándar,5,10.77,Media,40565.0,Recoleta,En preparación
505027,10009,20251109,Estándar,5,22.34,Baja,60457.0,Independencia,Entregado
505028,10280,20251106,Estándar,15,103.07,Alta,146290.0,Lo Barnechea,Entregado
505029,10376,20260816,Estándar,12,94.11,Media,89724.0,Buin,Entregado
505030,10237,20260305,Estándar,7,13.06,Baja,60280.0,Lo Espejo,Pendiente
505031,10234,20260624,Estándar,14,38.45,Media,73002.0,San Bernardo,En ruta
505032,10135,20251111,Estándar,4,9.62,Media,56734.0,Estación Central,En preparación
505033,10443,20260402,Programado,8,29.43,Media,68510.0,Peñalolén,Entregado
505034,10306,20261129,Estándar,7,25.37,Media,62532.0,Peñalolén,Entregado
505035,10444,20260811,Estándar,7,30.03,Alta,73425.0,Santiago,Entregado
505036,10103,20250217,Express,8,17.9,Alta,95912.0,Cerrillos,Cancelado
505037,10157,20250211,Estándar,1,5.6,Media,24843.0,Vitacura,Entregado
505038,10340,20260917,Estándar,9,20.63,Media,63308.0,Independencia,Entregado
505039,10078,20261023,Express,9,28.04,Alta,77871.0,San Miguel,Entregado
505040,10494,20251010,Estándar,8,33.05,Media,36082.0,La Reina,Entregado
505041,10193,20251211,Estándar,9,57.14,Media,78870.0,Ñuñoa,Entregado
505042,10256,20251119,Programado,12,69.16,Media,77646.0,Puente Alto,Entregado
505043,10402,20250427,Estándar,4,24.51,Alta,25695.0,Lampa,Entregado
505044,10364,20260804,Estándar,6,25.44,Media,47619.0,Huechuraba,Entregado
505045,10417,20250121,Estándar,1,7.64,Media,24707.0,Puente Alto,Entregado
505046,10316,20250716,Estándar,2,6.93,Media,28185.0,Santiago,Entregado
505047,10280,20260829,Estándar,13,86.35,Baja,54289.0,La Cisterna,En ruta
505048,10008,20260914,Programado,14,67.06,Media,108698.0,La Florida,Entregado
505049,10424,20250222,Programado,6,16.27,Media,47876.0,Lo Prado,Entregado
505050,10115,20250626,Estándar,11,34.78,Alta,115612.0,El Bosque,Pendiente
505051,10315,20251206,Express,3,14.76,Media,56890.0,Maipú,Entregado
505052,10217,20260615,Estándar,7,11.58,Baja,31014.0,Santiago,Entregado
505053,10487,20250330,Express,3,6.54,Alta,52646.0,Independencia,Entregado
505054,10204,20261113,Estándar,7,51.44,Baja,42882.0,Estación Central,Entregado
505055,10488,20261229,Programado,12,16.19,Media,87705.0,Puente Alto,Entregado
505056,10131,20260819,Estándar,3,21.97,Media,27093.0,Pudahuel,Cancelado
505057,10297,20250416,Estándar,7,51.05,Media,70540.0,San Ramón,Entregado
505058,10251,20260603,Express,15,62.36,Urgente,113515.0,Maipú,Entregado
505059,10413,20261109,Estándar,11,50.41,Media,56638.0,Pedro Aguirre Cerda,En ruta
505060,10428,20250202,Estándar,4,12.7,Urgente,45794.0,Huechuraba,En preparación
505061,10069,20250809,Estándar,12,19.57,Baja,104256.0,Lampa,Entregado
505062,10434,20250205,Estándar,13,56.05,Media,67855.0,Estación Central,Entregado
505063,10224,20260828,Programado,15,60.23,Baja,132070.0,San Bernardo,Entregado
505064,10310,20250509,Programado,4,5.88,Media,46211.0,San Bernardo,En ruta
505065,10167,20260103,Programado,15,116.0,Media,87688.0,San Joaquín,En ruta
505066,10105,20261210,Estándar,14,63.24,Urgente,68742.0,Pudahuel,Entregado
505067,10333,20250430,Estándar,4,4.45,Media,25154.0,Conchalí,Entregado
505068,10136,20250824,Estándar,8,25.85,Media,71967.0,Independencia,Entregado
505069,10471,20250524,Estándar,5,17.16,Alta,33573.0,Puente Alto,Entregado
505070,10230,20260106,Express,15,31.49,Urgente,90495.0,La Reina,En ruta
505071,10459,20250914,Estándar,15,33.01,Baja,131945.0,Colina,Entregado
505072,10482,20260918,Express,1,7.14,Urgente,20813.0,Lo Barnechea,En ruta
505073,10475,20250425,Estándar,14,100.75,Baja,117229.0,La Cisterna,En preparación
505074,10235,20250320,Estándar,15,40.82,Alta,120035.0,Renca,Entregado
505075,10079,20261001,Estándar,10,62.28,Alta,82116.0,Lo Prado,Entregado
505076,10009,20250619,Estándar,4,25.02,Urgente,35995.0,San Bernardo,Entregado
505077,10420,20250625,Express,6,45.87,Alta,89292.0,Cerrillos,Entregado
505078,10500,20251110,Estándar,15,39.03,Baja,59137.0,Pedro Aguirre Cerda,Entregado
505079,10474,20261120,Estándar,10,34.09,Urgente,88552.0,Colina,En ruta
505080,10369,20261005,Programado,7,39.48,Baja,59291.0,Ñuñoa,Cancelado
505081,10429,20250311,Estándar,11,49.15,Baja,66758.0,Estación Central,Entregado
505082,10044,20260216,Estándar,13,47.25,Baja,76756.0,Buin,Entregado
505083,10423,20260603,Estándar,7,23.28,Baja,61325.0,Peñalolén,Entregado
505084,10499,20260728,Programado,12,40.21,Baja,114012.0,Macul,Entregado
505085,10328,20260707,Estándar,10,60.37,Media,63941.0,Lo Barnechea,Entregado
505086,10211,20251210,Estándar,15,43.87,Media,98624.0,Ñuñoa,Entregado
505087,10026,20250526,Express,6,18.12,Alta,48074.0,Conchalí,Entregado
505088,10356,20260712,Express,11,72.18,Media,132997.0,Vitacura,Entregado
505089,10143,20260626,Estándar,5,5.36,Media,44552.0,Ñuñoa,Entregado
505090,10397,20251025,Estándar,15,81.22,Alta,83170.0,Providencia,Entregado
505091,10492,20260610,Express,14,35.16,Media,185466.0,Macul,Entregado
505092,10087,20260817,Programado,11,80.39,Baja,93690.0,Macul,Entregado
505093,10211,20250130,Express,15,55.29,Alta,176458.0,San Joaquín,En preparación
505094,10426,20260408,Estándar,2,2.67,Baja,18760.0,Lo Espejo,Entregado
505095,10093,20260406,Programado,4,29.45,Media,58727.0,Quinta Normal,Entregado
505096,10206,20260810,Estándar,12,58.17,Baja,90829.0,Cerrillos,En preparación
505097,10138,20261204,Estándar,13,28.36,Media,44430.0,Renca,En preparación
505098,10417,20250625,Estándar,10,75.91,Urgente,90837.0,Macul,En preparación
505099,10177,20251218,Programado,5,22.14,Baja,60551.0,Buin,Cancelado
505100,10423,20250320,Express,5,30.0,Alta,46562.0,Cerrillos,En ruta
505101,10005,20250530,Express,8,61.81,Alta,112932.0,Lo Prado,Entregado
505102,10138,20250108,Programado,8,17.0,Baja,78934.0,Maipú,Entregado
505103,10369,20250720,Estándar,13,44.8,Alta,116662.0,Cerrillos,Pendiente
505104,10028,20250713,Estándar,4,11.53,Baja,40024.0,Lo Barnechea,Entregado
505105,10122,20260823,Estándar,8,45.41,Media,61104.0,Lo Espejo,En preparación
505106,10480,20251008,Express,10,41.47,Urgente,114847.0,Lo Espejo,Entregado
505107,10208,20250716,Express,8,43.89,Media,51442.0,Buin,Entregado
505108,10418,20250903,Estándar,12,16.44,Alta,53092.0,Buin,En preparación
505109,10136,20260413,Estándar,14,86.39,Media,81717.0,Buin,Entregado
505110,10304,20260801,Express,2,4.15,Urgente,46622.0,La Cisterna,En ruta
505111,10431,20250224,Estándar,6,27.34,Media,50553.0,La Granja,Entregado
505112,10397,20260413,Estándar,9,47.26,Alta,55115.0,Maipú,Pendiente
505113,10112,20250802,Express,9,15.58,Urgente,66265.0,El Bosque,Entregado
505114,10231,20260906,Estándar,14,99.02,Media,57801.0,Estación Central,Entregado
505115,10029,20250414,Express,6,29.37,Alta,55226.0,Santiago,Entregado
505116,10382,20251129,Estándar,13,37.5,Media,81565.0,Ñuñoa,En ruta
505117,10369,20261119,Programado,1,5.67,Baja,25989.0,Independencia,Entregado
505118,10179,20250424,Express,8,43.85,Alta,114828.0,Vitacura,Entregado
505119,10271,20250110,Estándar,9,9.05,Media,84902.0,La Cisterna,En preparación
505120,10131,20250402,Estándar,11,81.23,Alta,65040.0,Cerrillos,Entregado
505121,10150,20261016,Programado,2,5.02,Media,18197.0,Recoleta,Cancelado
505122,10341,20260315,Estándar,9,22.02,Media,50876.0,Lo Barnechea,En ruta
505123,10453,20250710,Express,11,58.69,Alta,149554.0,Cerrillos,Entregado
505124,10481,20251124,Estándar,9,59.68,Media,64765.0,Lampa,Entregado
505125,10236,20260527,Programado,1,2.38,Media,25473.0,Quinta Normal,Entregado
505126,10205,20261119,Express,11,61.68,Alta,106951.0,San Joaquín,En ruta
505127,10331,20260324,Programado,13,90.28,Media,105368.0,La Reina,Entregado
505128,10453,20261129,Estándar,9,70.17,Media,54592.0,Estación Central,Entregado
505129,10182,20260914,Estándar,15,94.16,Media,126890.0,Lampa,Entregado
505130,10434,20250225,Express,10,79.86,Urgente,98658.0,La Cisterna,En ruta
505131,10469,20250501,Estándar,10,67.73,Baja,60401.0,San Bernardo,Entregado
505132,10199,20260807,Estándar,8,29.92,Media,65703.0,Renca,Entregado
505133,10294,20250321,Express,4,10.31,Urgente,33394.0,Estación Central,En preparación
505134,10010,20250110,Express,10,59.31,Alta,77084.0,Lampa,En preparación
505135,10003,20250523,Programado,14,24.98,Baja,142857.0,Providencia,Entregado
505136,10225,20261130,Programado,8,48.8,Alta,43099.0,Las Condes,En ruta
505137,10239,20260103,Estándar,10,76.33,Alta,56115.0,Conchalí,En preparación
505138,10311,20251209,Estándar,9,30.21,Baja,54271.0,Colina,En ruta
505139,10402,20261105,Express,13,81.16,Media,82457.0,Pudahuel,Entregado
505140,10363,20250907,Programado,11,87.97,Baja,95701.0,Independencia,Entregado
505141,10013,20261014,Estándar,1,6.34,Media,33115.0,La Reina,Entregado
505142,10001,20251105,Express,10,27.95,Baja,134305.0,Independencia,Entregado
505143,10378,20260302,Estándar,3,10.76,Media,50650.0,Maipú,En ruta
505144,10170,20260120,Estándar,2,14.07,Urgente,25847.0,Macul,Entregado
505145,10081,20250128,Estándar,3,23.0,Baja,32793.0,Lo Barnechea,En ruta
505146,10131,20260711,Estándar,13,68.45,Baja,45842.0,El Bosque,Entregado
505147,10259,20260519,Express,5,14.33,Alta,76529.0,Puente Alto,Entregado
505148,10095,20261224,Estándar,12,86.19,Media,120135.0,La Florida,En preparación
505149,10184,20251213,Estándar,12,90.86,Alta,104112.0,La Reina,Entregado
505150,10387,20261007,Estándar,11,23.52,Baja,99336.0,Macul,Entregado
505151,10116,20260616,Programado,10,28.33,Media,95652.0,Peñalolén,Entregado
505152,10365,20251208,Express,15,57.29,Media,83743.0,Peñalolén,En preparación
505153,10318,20260605,Estándar,3,17.85,Media,33063.0,Puente Alto,En preparación
505154,10107,20260304,Programado,10,52.13,Media,116672.0,La Reina,Entregado
505155,10356,20261023,Express,9,33.09,Alta,70111.0,Recoleta,Entregado
505156,10027,20250514,Express,2,13.13,Urgente,20358.0,Cerrillos,En preparación
505157,10125,20260411,Estándar,12,13.43,Baja,91059.0,Lo Barnechea,En ruta
505158,10454,20260514,Programado,8,30.43,Media,56131.0,La Florida,Entregado
505159,10082,20261116,Express,14,46.66,Baja,172539.0,Estación Central,Entregado
505160,10182,20260111,Estándar,5,29.15,Baja,39971.0,San Ramón,En preparación
505161,10228,20250403,Estándar,2,2.35,Baja,36602.0,Santiago,En preparación
505162,10198,20260524,Estándar,3,18.35,Media,39849.0,Quinta Normal,Entregado
505163,10463,20250705,Estándar,8,63.07,Media,64741.0,La Reina,En ruta
505164,10161,20260710,Programado,1,1.19,Media,25157.0,Puente Alto,Entregado
505165,10339,20250129,Express,5,39.29,Alta,58879.0,La Reina,En ruta
505166,10408,20251129,Estándar,3,6.04,Media,48212.0,Lo Prado,Entregado
505167,10209,20260211,Estándar,2,4.69,Media,27844.0,Lo Espejo,Entregado
505168,10381,20261026,Estándar,8,13.55,Media,67482.0,Pudahuel,Entregado
505169,10287,20250817,Express,6,33.6,Urgente,91168.0,Buin,Entregado
505170,10212,20250423,Estándar,12,81.82,Media,73150.0,Pedro Aguirre Cerda,En preparación
505171,10362,20250715,Estándar,8,35.88,Alta,30364.0,Peñalolén,Entregado
505172,10089,20260528,Programado,9,41.05,Baja,63443.0,Pudahuel,En preparación
505173,10267,20260313,Estándar,15,113.86,Media,70936.0,Peñalolén,Entregado
505174,10345,20261012,Programado,3,23.78,Alta,41105.0,Huechuraba,Entregado
505175,10458,20261002,Estándar,10,74.99,Alta,87257.0,Lampa,Entregado
505176,10353,20260405,Estándar,5,21.63,Urgente,39745.0,Estación Central,Entregado
505177,10152,20250819,Estándar,15,114.63,Baja,126907.0,Independencia,Entregado
505178,10406,20250814,Estándar,11,51.78,Media,58498.0,Independencia,Entregado
505179,10004,20250428,Programado,15,56.82,Baja,54493.0,Lo Barnechea,Entregado
505180,10080,20250202,Estándar,7,28.76,Baja,43937.0,San Miguel,Entregado
505181,10486,20250108,Estándar,5,22.15,Baja,60800.0,Ñuñoa,Entregado
505182,10462,20260204,Programado,7,9.56,Baja,53579.0,Quilicura,Cancelado
505183,10443,20250604,Express,5,31.94,Urgente,46119.0,Providencia,Entregado
505184,10403,20260604,Estándar,2,13.95,Alta,34311.0,La Cisterna,Entregado
505185,10377,20250926,Express,3,21.73,Media,48169.0,Renca,En preparación
505186,10295,20260305,Programado,11,77.33,Baja,100265.0,Cerrillos,Entregado
505187,10070,20261229,Programado,9,10.14,Media,57130.0,Recoleta,Entregado
505188,10096,20260317,Estándar,9,16.47,Media,84746.0,Lampa,Pendiente
505189,10497,20250709,Estándar,4,24.63,Media,32987.0,La Florida,Entregado
505190,10406,20251023,Estándar,10,64.71,Baja,76494.0,Lo Espejo,Entregado
505191,10310,20260110,Express,3,5.84,Media,62069.0,San Miguel,Entregado
505192,10467,20260921,Express,2,4.1,Alta,49456.0,La Cisterna,En preparación
505193,10449,20260213,Express,12,94.65,Alta,79418.0,Santiago,Entregado
505194,10497,20260130,Programado,4,18.02,Media,43288.0,Ñuñoa,En ruta
505195,10187,20260211,Estándar,7,35.25,Alta,52140.0,Lo Espejo,En preparación
505196,10354,20250102,Estándar,4,15.43,Alta,23286.0,Lampa,Entregado
505197,10101,20251019,Estándar,8,30.11,Media,35251.0,Peñalolén,Entregado
505198,10380,20251019,Express,14,72.92,Urgente,118785.0,Lo Espejo,En ruta
505199,10270,20260625,Estándar,9,11.56,Media,92799.0,Santiago,Entregado
505200,10005,20250707,Estándar,8,22.83,Urgente,43456.0,La Florida,Entregado
505201,10052,20260826,Estándar,10,47.39,Media,98002.0,Maipú,En preparación
505202,10332,20251020,Programado,7,49.94,Alta,53250.0,El Bosque,Entregado
505203,10347,20260703,Estándar,13,87.64,Urgente,64749.0,La Reina,En ruta
505204,10097,20251029,Programado,11,37.15,Media,86448.0,Pedro Aguirre Cerda,Entregado
505205,10075,20260213,Estándar,12,67.07,Baja,107512.0,Pudahuel,Cancelado
505206,10244,20250405,Express,10,50.07,Alta,116930.0,San Miguel,Entregado
505207,10299,20250913,Estándar,7,17.79,Media,44919.0,Buin,Pendiente
505208,10047,20250823,Programado,5,10.83,Media,43748.0,La Reina,Entregado
505209,10432,20261018,Estándar,12,35.37,Media,52334.0,La Florida,Entregado
505210,10405,20250225,Estándar,12,87.5,Alta,97450.0,Las Condes,Entregado
505211,10392,20261231,Express,12,25.56,Baja,103856.0,Pedro Aguirre Cerda,En ruta
505212,10417,20260727,Estándar,8,48.77,Baja,82107.0,Lampa,Entregado
505213,10296,20250528,Estándar,4,9.25,Media,41303.0,Independencia,En ruta
505214,10134,20260629,Express,15,91.16,Media,188560.0,San Joaquín,Entregado
505215,10028,20250201,Express,1,7.72,Urgente,33449.0,Peñalolén,Pendiente
505216,10162,20260108,Express,2,4.98,Urgente,35285.0,La Cisterna,Entregado
505217,10110,20260713,Estándar,5,23.84,Media,58596.0,San Miguel,Entregado
505218,10002,20260112,Estándar,4,30.54,Media,40070.0,Peñalolén,Cancelado
505219,10285,20250923,Estándar,13,24.33,Alta,95989.0,Santiago,Cancelado
505220,10288,20250630,Estándar,15,82.13,Media,86695.0,Recoleta,Pendiente
505221,10205,20250213,Estándar,14,58.8,Alta,90165.0,San Bernardo,En preparación
505222,10453,20260627,Estándar,4,15.22,Media,36669.0,Ñuñoa,En preparación
505223,10405,20260605,Programado,9,55.32,Media,75658.0,Quinta Normal,En ruta
505224,10314,20250208,Estándar,1,7.03,Alta,19797.0,San Miguel,Entregado
505225,10205,20260920,Estándar,2,5.0,Alta,44373.0,San Ramón,En preparación
505226,10085,20250824,Express,1,6.6,Urgente,42803.0,Vitacura,En ruta
505227,10200,20250320,Estándar,7,16.97,Baja,52337.0,Macul,Entregado
505228,10314,20250314,Estándar,3,4.55,Baja,34273.0,Independencia,En preparación
505229,10027,20260502,Estándar,4,19.86,Baja,39318.0,Conchalí,En ruta
505230,10341,20251104,Programado,15,66.68,Media,116764.0,Conchalí,Entregado
505231,10247,20250318,Estándar,3,12.86,Baja,50116.0,Macul,Entregado
505232,10006,20250201,Express,10,30.88,Alta,103009.0,Pedro Aguirre Cerda,Entregado
505233,10398,20250318,Estándar,6,9.95,Media,64103.0,Ñuñoa,Entregado
505234,10032,20260202,Express,15,19.65,Media,90963.0,Peñalolén,Entregado
505235,10103,20260421,Programado,4,26.32,Media,38112.0,Quilicura,En ruta
505236,10216,20250812,Express,1,5.6,Urgente,43007.0,El Bosque,Entregado
505237,10163,20260110,Express,11,86.73,Urgente,104024.0,La Reina,Entregado
505238,10139,20251021,Programado,7,34.3,Alta,35567.0,Maipú,Entregado
505239,10432,20261020,Programado,2,11.67,Media,32874.0,Independencia,Cancelado
505240,10178,20250817,Express,13,17.16,Media,118396.0,Providencia,En ruta
505241,10492,20250909,Estándar,8,14.03,Media,32056.0,La Granja,Entregado
505242,10492,20260626,Estándar,5,26.44,Alta,52624.0,Colina,Entregado
505243,10173,20250525,Estándar,2,8.93,Baja,21858.0,Conchalí,Entregado
505244,10159,20250728,Estándar,5,31.48,Media,58329.0,Maipú,En ruta
505245,10022,20250323,Estándar,6,17.93,Media,32067.0,Renca,En preparación
505246,10400,20260817,Express,8,8.84,Baja,100109.0,Quilicura,Cancelado
505247,10098,20260113,Programado,8,42.77,Media,66165.0,Independencia,Entregado
505248,10035,20250120,Estándar,14,54.68,Media,83287.0,Conchalí,En ruta
505249,10401,20250303,Estándar,7,13.45,Media,61806.0,La Cisterna,En ruta
505250,10280,20261208,Programado,15,110.07,Media,68961.0,Recoleta,Entregado
505251,10024,20251027,Express,13,80.67,Media,164556.0,Huechuraba,Entregado
505252,10273,20260528,Programado,10,51.49,Alta,96120.0,Buin,Entregado
505253,10276,20260826,Express,8,14.32,Media,90513.0,La Granja,Cancelado
505254,10061,20260214,Estándar,13,62.65,Alta,95753.0,Pudahuel,Entregado
505255,10044,20250504,Estándar,14,77.83,Urgente,67479.0,Lampa,Entregado
505256,10073,20260219,Express,13,59.16,Alta,104601.0,Conchalí,Entregado
505257,10057,20261202,Estándar,8,31.71,Alta,46033.0,Macul,Entregado
505258,10344,20250301,Express,8,14.99,Urgente,113154.0,Buin,Entregado
505259,10261,20260611,Estándar,3,20.85,Media,30954.0,Ñuñoa,Cancelado
505260,10031,20260109,Programado,8,47.58,Media,49739.0,La Florida,Entregado
505261,10151,20250410,Express,11,41.11,Urgente,69414.0,Macul,Entregado
505262,10192,20260712,Express,2,14.11,Urgente,27848.0,Lo Espejo,Entregado
505263,10308,20250518,Programado,14,97.3,Alta,129752.0,San Ramón,Entregado
505264,10350,20250905,Estándar,13,50.88,Media,72264.0,Independencia,Entregado
505265,10177,20250718,Estándar,7,54.4,Alta,59901.0,San Bernardo,En preparación
505266,10063,20260718,Estándar,4,22.92,Media,38704.0,El Bosque,Entregado
505267,10433,20250821,Programado,6,31.06,Baja,64946.0,Lo Barnechea,Entregado
505268,10106,20260929,Estándar,6,6.93,Baja,57203.0,Maipú,Entregado
505269,10092,20250625,Estándar,2,6.34,Alta,29315.0,San Joaquín,Entregado
505270,10343,20260205,Estándar,5,11.34,Urgente,42810.0,Quinta Normal,Entregado
505271,10206,20260905,Estándar,13,66.74,Alta,78691.0,La Reina,Entregado
505272,10226,20250613,Programado,7,54.97,Media,34248.0,Peñalolén,Pendiente
505273,10140,20250628,Express,6,45.54,Alta,73771.0,Lampa,En ruta
505274,10472,20260409,Express,9,71.96,Urgente,98935.0,Colina,Entregado
505275,10471,20261215,Express,4,6.65,Alta,43142.0,Independencia,Entregado
505276,10300,20260830,Estándar,4,14.98,Media,57165.0,Lo Espejo,Entregado
505277,10433,20250507,Estándar,2,13.43,Media,26686.0,Estación Central,En ruta
505278,10349,20250112,Estándar,6,20.53,Media,53686.0,Quinta Normal,Entregado
505279,10428,20250429,Express,10,75.35,Alta,59933.0,Santiago,En preparación
505280,10321,20261207,Express,15,107.7,Urgente,93041.0,Lo Espejo,En ruta
505281,10118,20261202,Estándar,12,27.56,Media,104473.0,Lo Espejo,Entregado
505282,10302,20250213,Estándar,12,70.32,Media,59920.0,Macul,En preparación
505283,10042,20250419,Express,6,7.62,Alta,39157.0,San Ramón,Entregado
505284,10474,20250509,Estándar,13,32.53,Baja,99836.0,San Joaquín,En preparación
505285,10228,20261128,Estándar,8,34.32,Alta,66207.0,Recoleta,Entregado
505286,10364,20261029,Estándar,3,7.95,Media,50336.0,San Miguel,Entregado
505287,10406,20260912,Programado,10,23.53,Media,79511.0,Lampa,Entregado
505288,10150,20250720,Estándar,2,6.72,Media,15505.0,Santiago,Entregado
505289,10232,20260608,Express,7,13.79,Urgente,71311.0,Pudahuel,Entregado
505290,10112,20260712,Estándar,1,6.08,Media,31726.0,Macul,Entregado
505291,10317,20250729,Express,9,16.7,Media,74398.0,San Miguel,Entregado
505292,10239,20260719,Estándar,5,8.18,Media,50970.0,Quinta Normal,Entregado
505293,10265,20250526,Estándar,2,2.75,Baja,23141.0,Estación Central,Entregado
505294,10383,20250129,Estándar,14,106.23,Media,120616.0,Puente Alto,Entregado
505295,10180,20261115,Express,11,25.17,Alta,120481.0,Independencia,Entregado
505296,10396,20251208,Programado,4,28.68,Baja,46519.0,La Granja,Entregado
505297,10465,20250819,Estándar,6,31.0,Media,60752.0,Huechuraba,Entregado
505298,10233,20250812,Estándar,12,44.2,Alta,82594.0,Maipú,Pendiente
505299,10265,20250414,Estándar,7,30.08,Baja,81941.0,San Miguel,En preparación
505300,10434,20261105,Programado,8,31.02,Baja,51703.0,Independencia,Entregado
505301,10316,20250418,Express,14,24.82,Alta,96054.0,Lo Prado,Pendiente
505302,10469,20260304,Estándar,3,4.02,Baja,33487.0,Maipú,En ruta
505303,10208,20260723,Programado,5,29.32,Alta,46459.0,Colina,En preparación
505304,10046,20260124,Express,3,14.84,Alta,57275.0,Quilicura,Entregado
505305,10275,20260131,Estándar,13,71.08,Baja,61179.0,La Granja,Entregado
505306,10158,20260104,Estándar,10,21.39,Urgente,54127.0,Vitacura,Entregado
505307,10386,20250507,Express,10,29.57,Alta,112617.0,Recoleta,Entregado
505308,10430,20260604,Estándar,5,19.84,Media,41420.0,Macul,Entregado
505309,10484,20250301,Estándar,15,81.77,Media,131866.0,El Bosque,Entregado
505310,10435,20250323,Programado,2,6.97,Alta,36991.0,San Miguel,Entregado
505311,10164,20260213,Estándar,8,42.76,Media,44643.0,Pudahuel,Entregado
505312,10041,20250604,Estándar,6,38.4,Baja,66690.0,Renca,En ruta
505313,10344,20260407,Estándar,7,35.92,Media,70489.0,San Bernardo,Entregado
505314,10168,20260703,Estándar,9,51.38,Baja,50960.0,Vitacura,En ruta
505315,10425,20260113,Estándar,13,102.56,Baja,52938.0,Conchalí,En preparación
505316,10488,20260402,Express,13,52.83,Alta,106809.0,Puente Alto,Entregado
505317,10471,20261005,Estándar,4,14.09,Media,39410.0,Lo Barnechea,En ruta
505318,10108,20250310,Estándar,10,74.95,Baja,60553.0,Pedro Aguirre Cerda,Pendiente
505319,10296,20250328,Express,9,28.99,Alta,41974.0,La Florida,Cancelado
505320,10200,20251225,Programado,1,7.64,Media,22246.0,Colina,Cancelado
505321,10493,20260830,Estándar,11,72.73,Alta,44021.0,La Reina,Pendiente
505322,10336,20250126,Express,5,27.32,Urgente,58070.0,San Joaquín,Entregado
505323,10319,20250821,Express,5,28.87,Media,58594.0,Providencia,Entregado
505324,10147,20260705,Estándar,6,13.82,Alta,45836.0,Las Condes,Entregado
505325,10301,20260725,Express,15,67.97,Media,139780.0,El Bosque,Entregado
505326,10399,20250311,Estándar,14,85.48,Media,60845.0,Buin,Entregado
505327,10132,20261023,Programado,13,77.18,Media,126256.0,Lo Espejo,En ruta
505328,10475,20250808,Estándar,9,59.29,Media,51523.0,Lo Espejo,Entregado
505329,10237,20250121,Express,6,10.42,Alta,52063.0,Puente Alto,Entregado
505330,10178,20251025,Estándar,15,114.44,Alta,132013.0,Macul,Entregado
505331,10082,20250902,Estándar,2,3.6,Urgente,42400.0,La Reina,Entregado
505332,10351,20260812,Programado,5,31.92,Baja,40250.0,Quinta Normal,Entregado
505333,10357,20260206,Estándar,4,16.68,Media,52652.0,Vitacura,Entregado
505334,10053,20250603,Estándar,7,10.71,Media,66988.0,Independencia,Entregado
505335,10239,20261117,Estándar,12,87.5,Alta,78554.0,La Reina,Entregado
505336,10059,20260803,Programado,15,22.72,Baja,106321.0,Colina,Pendiente
505337,10344,20251026,Estándar,3,10.65,Baja,25544.0,Macul,Entregado
505338,10034,20251217,Estándar,10,69.5,Baja,94831.0,Lo Prado,Cancelado
505339,10364,20250430,Express,3,22.46,Alta,42170.0,La Reina,Entregado
505340,10027,20260409,Estándar,2,6.44,Media,19192.0,Lo Prado,Entregado
505341,10077,20250625,Programado,11,76.27,Urgente,100480.0,Vitacura,Entregado
505342,10483,20250815,Estándar,15,114.47,Baja,112307.0,San Bernardo,Cancelado
505343,10464,20261205,Express,6,38.66,Media,55719.0,Peñalolén,Entregado
505344,10446,20250810,Programado,10,73.54,Media,53253.0,Las Condes,En preparación
505345,10429,20260528,Estándar,2,3.22,Media,25437.0,Santiago,Entregado
505346,10193,20251211,Express,12,32.44,Urgente,97170.0,Lo Barnechea,Entregado
505347,10160,20250301,Estándar,6,43.9,Media,51169.0,La Cisterna,En preparación
505348,10200,20250601,Estándar,5,27.78,Media,28747.0,El Bosque,En ruta
505349,10010,20260920,Programado,15,25.0,Media,121176.0,Buin,Entregado
505350,10271,20250505,Estándar,3,4.9,Media,48515.0,Cerrillos,Entregado
505351,10352,20250114,Programado,6,31.16,Baja,65150.0,La Florida,Pendiente
505352,10263,20250322,Estándar,1,2.4,Baja,24800.0,Recoleta,Pendiente
505353,10010,20250623,Express,2,13.18,Urgente,46318.0,Colina,Entregado
505354,10307,20250801,Express,6,43.91,Urgente,52399.0,San Ramón,Pendiente
505355,10317,20251117,Programado,3,6.61,Urgente,50620.0,Santiago,Entregado
505356,10366,20250929,Estándar,3,19.58,Alta,29311.0,La Florida,Entregado
505357,10036,20250124,Express,11,28.28,Alta,81169.0,Pedro Aguirre Cerda,Entregado
505358,10083,20260609,Estándar,1,3.71,Baja,18979.0,Buin,En preparación
505359,10451,20250919,Programado,1,5.2,Baja,27514.0,Puente Alto,Entregado
505360,10470,20251117,Estándar,2,2.73,Media,30905.0,Huechuraba,Entregado
505361,10271,20251012,Estándar,1,2.23,Media,27466.0,Huechuraba,Entregado
505362,10179,20250728,Express,6,22.56,Alta,29723.0,Buin,Entregado
505363,10371,20250303,Estándar,7,26.97,Media,52045.0,Renca,Entregado
505364,10032,20250528,Estándar,7,32.1,Urgente,80401.0,Huechuraba,Entregado
505365,10249,20260101,Express,12,87.49,Media,144129.0,Estación Central,En ruta
505366,10221,20260329,Programado,5,17.93,Baja,51332.0,La Cisterna,Entregado
505367,10094,20261128,Express,3,13.41,Alta,44723.0,San Joaquín,En preparación
505368,10477,20250413,Estándar,1,3.2,Media,31051.0,La Cisterna,Cancelado
505369,10372,20260926,Programado,3,15.16,Urgente,27570.0,Pudahuel,Entregado
505370,10446,20250715,Estándar,6,36.15,Urgente,24321.0,Cerrillos,Pendiente
505371,10474,20261110,Estándar,7,10.83,Urgente,57556.0,Colina,Entregado
505372,10158,20250513,Estándar,13,98.72,Baja,71827.0,San Miguel,Entregado
505373,10060,20250709,Estándar,12,15.73,Baja,55236.0,Ñuñoa,Entregado
505374,10138,20250410,Estándar,13,84.03,Media,126102.0,Renca,Entregado
505375,10222,20260514,Estándar,10,50.13,Alta,52025.0,Quilicura,En preparación
505376,10284,20260808,Estándar,4,7.08,Alta,45334.0,Ñuñoa,Entregado
505377,10196,20260410,Estándar,15,81.33,Alta,129701.0,Lampa,Entregado
505378,10167,20260607,Express,10,43.16,Alta,81838.0,Pudahuel,Entregado
505379,10330,20260102,Estándar,11,72.43,Baja,46066.0,Independencia,Entregado
505380,10254,20261116,Estándar,7,20.14,Baja,72802.0,Estación Central,Entregado
505381,10056,20260820,Express,13,19.3,Alta,139181.0,Cerrillos,Entregado
505382,10164,20250625,Estándar,5,26.88,Media,23401.0,Quilicura,Entregado
505383,10047,20261014,Estándar,1,2.26,Urgente,14589.0,Peñalolén,Entregado
505384,10097,20251219,Estándar,2,15.63,Baja,25204.0,Quilicura,Entregado
505385,10495,20251122,Estándar,11,43.61,Alta,50731.0,Huechuraba,Entregado
505386,10258,20260308,Estándar,7,49.21,Media,63656.0,Estación Central,Entregado
505387,10076,20250104,Estándar,15,25.34,Alta,116603.0,Puente Alto,En ruta
505388,10169,20260126,Express,7,30.84,Urgente,51239.0,La Granja,Entregado
505389,10077,20250813,Estándar,12,89.27,Media,94205.0,Pedro Aguirre Cerda,Entregado
505390,10332,20250907,Express,10,30.48,Alta,46341.0,Huechuraba,En preparación
505391,10031,20260409,Estándar,6,6.1,Media,45578.0,La Cisterna,Entregado
505392,10060,20250622,Express,11,62.06,Urgente,111356.0,Renca,Entregado
505393,10192,20250415,Estándar,12,66.82,Baja,71555.0,Santiago,Entregado
505394,10391,20260817,Estándar,3,4.98,Baja,31914.0,Colina,Pendiente
505395,10373,20261103,Express,4,19.67,Urgente,55285.0,Huechuraba,Entregado
505396,10228,20250522,Estándar,7,38.53,Media,61194.0,Macul,Entregado
505397,10303,20250627,Programado,3,9.12,Baja,36900.0,Colina,Entregado
505398,10391,20261213,Estándar,2,11.82,Baja,18925.0,Quinta Normal,Entregado
505399,10336,20260506,Estándar,9,56.05,Media,86236.0,Lampa,Entregado
505400,10153,20250620,Express,1,1.59,Urgente,30239.0,Huechuraba,Entregado
505401,10403,20250908,Estándar,13,68.92,Alta,104450.0,Lo Espejo,Entregado
505402,10032,20250812,Estándar,8,28.71,Media,43123.0,Puente Alto,En preparación
505403,10250,20251005,Estándar,2,14.1,Alta,20925.0,Cerrillos,En ruta
505404,10247,20250521,Programado,13,72.32,Baja,99794.0,San Miguel,Cancelado
505405,10481,20261119,Estándar,1,1.29,Media,13036.0,Conchalí,En preparación
505406,10215,20260320,Estándar,12,39.17,Baja,83340.0,Vitacura,En ruta
505407,10358,20260705,Programado,7,20.93,Media,42190.0,Peñalolén,Entregado
505408,10164,20260412,Express,15,84.89,Alta,101069.0,Ñuñoa,Entregado
505409,10386,20260412,Estándar,4,23.18,Baja,45368.0,Pedro Aguirre Cerda,Entregado
505410,10384,20250318,Programado,1,3.87,Media,21910.0,Providencia,En preparación
505411,10297,20260506,Express,5,12.99,Alta,42975.0,Cerrillos,Entregado
505412,10418,20260505,Express,5,32.41,Media,55165.0,La Florida,Entregado
505413,10472,20251019,Estándar,15,18.23,Media,111630.0,Maipú,En preparación
505414,10060,20260219,Estándar,1,6.23,Alta,16057.0,Buin,Entregado
505415,10271,20260920,Express,15,23.56,Media,180676.0,La Granja,Entregado
505416,10301,20260923,Express,9,69.0,Media,123885.0,La Reina,En preparación
505417,10148,20250731,Express,6,26.33,Alta,44686.0,San Bernardo,Cancelado
505418,10204,20250610,Estándar,12,29.6,Media,73135.0,Colina,Entregado
505419,10444,20260118,Programado,1,6.76,Baja,18752.0,San Joaquín,Entregado
505420,10061,20260314,Estándar,5,10.05,Media,42915.0,Ñuñoa,En preparación
505421,10266,20260517,Estándar,6,16.8,Urgente,59767.0,Cerrillos,Entregado
505422,10019,20250401,Estándar,13,68.47,Alta,68213.0,Renca,Entregado
505423,10474,20260908,Express,15,112.0,Alta,148003.0,San Ramón,En preparación
505424,10269,20261119,Express,2,15.08,Alta,50028.0,Conchalí,Entregado
505425,10397,20260529,Estándar,15,93.17,Alta,75508.0,Estación Central,Entregado
505426,10001,20250330,Estándar,2,2.61,Media,29298.0,La Granja,Entregado
505427,10397,20250727,Estándar,9,40.83,Alta,59106.0,La Florida,Entregado
505428,10399,20260519,Estándar,8,59.45,Alta,80758.0,Renca,En ruta
505429,10266,20260716,Estándar,7,21.61,Media,57280.0,Quinta Normal,En ruta
505430,10468,20250827,Estándar,5,26.31,Media,42018.0,Buin,Entregado
505431,10266,20250108,Estándar,5,12.36,Alta,36370.0,Pedro Aguirre Cerda,Entregado
505432,10349,20261105,Express,1,6.14,Alta,42559.0,Recoleta,Pendiente
505433,10348,20261121,Estándar,9,62.05,Media,47175.0,Santiago,Entregado
505434,10079,20251017,Express,13,30.68,Alta,92757.0,Pudahuel,En preparación
505435,10283,20250713,Estándar,5,27.53,Media,37979.0,Lo Barnechea,Entregado
505436,10073,20261219,Estándar,14,43.17,Media,120464.0,Cerrillos,Entregado
505437,10420,20250922,Estándar,11,21.24,Media,56361.0,Maipú,Entregado
505438,10301,20250621,Programado,4,12.45,Baja,34185.0,Conchalí,En ruta
505439,10157,20250516,Estándar,9,60.07,Alta,83312.0,Quilicura,Entregado
505440,10425,20261010,Express,9,19.82,Urgente,77456.0,Conchalí,En ruta
505441,10402,20251212,Programado,15,33.57,Baja,96318.0,Pudahuel,Entregado
505442,10392,20251024,Estándar,2,11.08,Media,36593.0,San Ramón,Entregado
505443,10467,20260329,Estándar,8,37.16,Media,53667.0,Vitacura,En ruta
505444,10365,20250101,Estándar,3,4.67,Media,45390.0,Pedro Aguirre Cerda,Entregado
505445,10414,20260405,Express,8,14.69,Alta,77575.0,Ñuñoa,En preparación
505446,10352,20261128,Express,10,38.8,Alta,82930.0,Puente Alto,En ruta
505447,10348,20250719,Express,13,75.28,Media,107216.0,Puente Alto,Entregado
505448,10090,20261130,Estándar,7,51.91,Media,68588.0,Peñalolén,Entregado
505449,10052,20260112,Estándar,3,19.7,Media,28355.0,Vitacura,Entregado
505450,10457,20261215,Estándar,10,39.19,Baja,59907.0,Lo Barnechea,Cancelado
505451,10075,20260808,Programado,2,13.97,Media,44570.0,Vitacura,Entregado
505452,10267,20260314,Estándar,9,54.29,Alta,87975.0,Lo Barnechea,En ruta
505453,10088,20260310,Estándar,11,84.47,Baja,99692.0,Colina,Entregado
505454,10019,20261128,Express,3,14.41,Urgente,43254.0,Maipú,En preparación
505455,10274,20260822,Estándar,1,1.16,Baja,11757.0,Peñalolén,Entregado
505456,10423,20250714,Estándar,2,6.18,Media,34638.0,Pedro Aguirre Cerda,Entregado
505457,10296,20260212,Programado,12,26.92,Baja,123424.0,Puente Alto,En ruta
505458,10361,20260307,Programado,9,45.06,Media,36869.0,San Ramón,En ruta
505459,10058,20260926,Estándar,15,53.65,Media,102953.0,San Ramón,Entregado
505460,10100,20251002,Estándar,4,23.51,Media,48842.0,Recoleta,Entregado
505461,10338,20260920,Express,3,10.29,Media,60318.0,Pudahuel,En preparación
505462,10322,20260522,Estándar,13,41.82,Media,63851.0,Pedro Aguirre Cerda,Entregado
505463,10108,20261013,Express,15,42.83,Alta,81887.0,Pedro Aguirre Cerda,Entregado
505464,10356,20260801,Programado,3,5.69,Alta,41263.0,La Florida,Entregado
505465,10207,20251201,Estándar,5,5.16,Media,65680.0,Vitacura,Entregado
505466,10390,20251007,Estándar,3,10.03,Media,49935.0,Buin,Entregado
505467,10197,20261107,Estándar,2,11.44,Media,22239.0,Macul,Entregado
505468,10042,20261018,Estándar,2,14.95,Media,18083.0,La Cisterna,Entregado
505469,10193,20260120,Estándar,10,60.3,Media,53057.0,Lo Espejo,En ruta
505470,10031,20250303,Programado,9,35.33,Urgente,87558.0,Pedro Aguirre Cerda,En ruta
505471,10085,20251123,Express,9,30.25,Alta,92042.0,Pudahuel,Entregado
505472,10165,20260207,Estándar,2,13.32,Urgente,28171.0,Huechuraba,Entregado
505473,10306,20260806,Estándar,15,68.46,Media,86562.0,Pedro Aguirre Cerda,Entregado
505474,10116,20260208,Express,14,63.28,Media,141425.0,Cerrillos,Cancelado
505475,10472,20260327,Estándar,5,37.73,Media,65858.0,Macul,Entregado
505476,10255,20251024,Estándar,1,4.12,Baja,27571.0,Santiago,Entregado
505477,10144,20261106,Express,12,80.15,Baja,118797.0,Providencia,En ruta
505478,10105,20251222,Estándar,12,45.06,Baja,67589.0,Buin,En preparación
505479,10494,20260914,Estándar,5,37.37,Media,44576.0,Colina,Cancelado
505480,10144,20250513,Programado,8,60.65,Baja,75136.0,Lo Espejo,Entregado
505481,10003,20261025,Express,1,8.0,Alta,22741.0,Pudahuel,Entregado
505482,10241,20251205,Estándar,4,21.6,Media,48626.0,Cerrillos,Entregado
505483,10271,20260301,Estándar,11,58.39,Media,54020.0,San Miguel,Entregado
505484,10282,20250112,Estándar,8,39.49,Media,68547.0,Conchalí,Entregado
505485,10031,20260804,Estándar,13,31.1,Media,103600.0,Colina,En preparación
505486,10086,20260307,Express,9,17.61,Alta,80237.0,Colina,Entregado
505487,10216,20250810,Estándar,9,58.33,Baja,74890.0,Las Condes,Entregado
505488,10417,20260324,Programado,10,25.0,Media,100200.0,La Reina,Entregado
505489,10478,20251116,Estándar,1,1.75,Media,30167.0,Peñalolén,Entregado
505490,10025,20260629,Estándar,9,50.74,Baja,62494.0,Vitacura,Entregado
505491,10439,20261126,Estándar,3,21.88,Baja,36346.0,Maipú,En ruta
505492,10160,20260422,Estándar,10,30.99,Media,64688.0,Lo Prado,Entregado
505493,10408,20251226,Estándar,15,98.86,Media,58515.0,La Florida,Entregado
505494,10119,20251014,Express,5,32.97,Alta,53962.0,Renca,Entregado
505495,10349,20251230,Estándar,10,15.3,Media,76599.0,Cerrillos,Entregado
505496,10126,20251103,Estándar,3,8.4,Media,39081.0,Las Condes,En preparación
505497,10024,20251218,Estándar,5,26.94,Alta,55642.0,Lo Espejo,En ruta
505498,10150,20261220,Express,14,28.67,Urgente,109233.0,San Ramón,Entregado
505499,10023,20250805,Estándar,2,11.44,Media,21805.0,Puente Alto,Entregado
505500,10368,20250519,Estándar,11,77.49,Media,66434.0,Lo Prado,En ruta
505501,10394,20260704,Estándar,5,20.23,Baja,31226.0,La Cisterna,En ruta
505502,10490,20261025,Programado,12,55.06,Media,70848.0,La Cisterna,Entregado
505503,10186,20250420,Express,5,28.39,Alta,75939.0,Santiago,Entregado
505504,10158,20260618,Programado,2,13.76,Baja,27411.0,Peñalolén,Entregado
505505,10476,20251212,Programado,12,67.72,Baja,73434.0,Lo Prado,En preparación
505506,10417,20250514,Estándar,4,19.05,Baja,35785.0,La Cisterna,Cancelado
505507,10211,20260326,Express,7,39.31,Urgente,93890.0,Lo Barnechea,Cancelado
505508,10366,20260407,Programado,14,78.54,Baja,89192.0,Vitacura,Pendiente
505509,10421,20260414,Programado,1,3.87,Baja,24652.0,Pedro Aguirre Cerda,Entregado
505510,10032,20261119,Estándar,3,10.62,Urgente,30199.0,La Granja,En ruta
505511,10264,20250526,Express,6,20.22,Urgente,50428.0,San Miguel,Entregado
505512,10171,20250206,Express,7,30.95,Baja,83200.0,San Miguel,Entregado
505513,10191,20260916,Express,3,4.76,Alta,36723.0,La Reina,Entregado
505514,10377,20251225,Express,1,5.45,Alta,25669.0,Buin,Entregado
505515,10313,20260125,Estándar,9,63.25,Media,68666.0,Pedro Aguirre Cerda,En preparación
505516,10077,20261210,Estándar,6,21.53,Baja,62936.0,Colina,Entregado
505517,10085,20250101,Express,14,16.79,Alta,63890.0,Las Condes,Entregado
505518,10500,20250812,Estándar,5,26.75,Media,43208.0,Huechuraba,En ruta
505519,10291,20260226,Estándar,14,88.66,Baja,96909.0,Quilicura,Entregado
505520,10348,20260415,Estándar,1,2.58,Urgente,26631.0,Conchalí,Entregado
505521,10385,20250922,Express,11,40.12,Media,141589.0,San Joaquín,Entregado
505522,10198,20260920,Estándar,13,91.86,Alta,110253.0,Maipú,Entregado
505523,10395,20251130,Express,4,15.51,Alta,44422.0,Providencia,Entregado
505524,10065,20260922,Programado,6,19.81,Baja,69466.0,Ñuñoa,Entregado
505525,10415,20261027,Programado,10,34.17,Baja,112686.0,Providencia,Entregado
505526,10157,20250201,Estándar,15,88.98,Baja,102609.0,Conchalí,Entregado
505527,10174,20250530,Estándar,10,36.07,Baja,76108.0,Macul,En preparación
505528,10009,20250823,Estándar,13,31.89,Media,59524.0,La Granja,En ruta
505529,10087,20250425,Express,8,28.19,Alta,47551.0,Santiago,Entregado
505530,10392,20250609,Estándar,12,82.68,Alta,90833.0,Lo Espejo,Cancelado
505531,10383,20250910,Estándar,4,27.75,Media,38793.0,San Miguel,Entregado
505532,10185,20260918,Express,2,12.42,Urgente,23126.0,Vitacura,Entregado
505533,10242,20250709,Estándar,12,17.78,Baja,91838.0,Pudahuel,Entregado
505534,10344,20261120,Estándar,12,86.43,Baja,90013.0,Las Condes,Entregado
505535,10482,20251118,Express,5,12.35,Alta,65702.0,Peñalolén,Entregado
505536,10398,20251024,Estándar,7,34.73,Baja,37879.0,La Cisterna,En preparación
505537,10080,20261011,Express,6,43.51,Urgente,63542.0,Independencia,En ruta
505538,10096,20260125,Programado,15,33.48,Media,73351.0,Lo Prado,Entregado
505539,10014,20251012,Estándar,10,54.25,Media,58200.0,San Ramón,Entregado
505540,10325,20260214,Estándar,6,23.99,Media,30824.0,Santiago,Entregado
505541,10296,20260801,Express,8,26.39,Alta,89177.0,Pedro Aguirre Cerda,Entregado
505542,10025,20260320,Estándar,9,29.35,Media,80260.0,Vitacura,Entregado
505543,10485,20260506,Programado,9,31.2,Alta,88301.0,Puente Alto,En ruta
505544,10211,20260725,Estándar,6,44.61,Alta,64280.0,San Miguel,Entregado
505545,10205,20261120,Estándar,13,28.26,Media,90024.0,Santiago,Entregado
505546,10289,20260821,Estándar,5,23.75,Media,53594.0,Quinta Normal,Entregado
505547,10024,20250204,Estándar,15,24.86,Alta,121473.0,Quinta Normal,Entregado
505548,10076,20250707,Programado,5,37.06,Media,62959.0,Macul,Pendiente
505549,10252,20260711,Express,13,73.96,Urgente,89220.0,Buin,Entregado
505550,10216,20260104,Estándar,6,32.73,Alta,56398.0,Ñuñoa,En ruta
505551,10080,20260915,Estándar,1,7.8,Media,23613.0,Cerrillos,En ruta
505552,10493,20250402,Programado,4,10.47,Baja,35925.0,Pedro Aguirre Cerda,Entregado
505553,10352,20260727,Programado,2,10.53,Media,20592.0,La Cisterna,Entregado
505554,10235,20261012,Estándar,13,47.58,Media,61292.0,Santiago,Entregado
505555,10196,20250116,Estándar,13,88.91,Media,85963.0,La Reina,En ruta
505556,10266,20260714,Programado,6,15.35,Baja,58308.0,Lo Barnechea,Entregado
505557,10010,20251216,Estándar,13,55.58,Media,98571.0,Vitacura,Cancelado
505558,10415,20260801,Express,5,6.42,Urgente,60993.0,Lo Espejo,Entregado
505559,10457,20261027,Estándar,3,15.33,Alta,36017.0,Recoleta,En ruta
505560,10301,20251029,Express,13,62.88,Urgente,109314.0,Lo Espejo,Cancelado
505561,10306,20260227,Estándar,4,9.04,Media,52245.0,Vitacura,En ruta
505562,10252,20260816,Express,3,21.04,Urgente,34887.0,Lo Prado,Entregado
505563,10105,20250824,Estándar,1,6.63,Media,31632.0,Colina,En preparación
505564,10318,20260911,Programado,3,7.62,Media,41956.0,Maipú,En preparación
505565,10186,20250816,Estándar,6,45.45,Baja,32640.0,Maipú,Cancelado
505566,10152,20251018,Programado,10,37.38,Media,84127.0,Lo Prado,Entregado
505567,10257,20260310,Programado,1,1.32,Alta,27419.0,Quilicura,Entregado
505568,10288,20260708,Express,5,32.68,Alta,59288.0,Quinta Normal,En ruta
505569,10200,20260921,Estándar,3,13.16,Baja,40448.0,Independencia,En ruta
505570,10250,20251108,Express,6,32.09,Alta,45396.0,Recoleta,Entregado
505571,10027,20260405,Programado,10,73.54,Media,107033.0,Lo Prado,Entregado
505572,10066,20261103,Estándar,14,32.91,Baja,133562.0,Pedro Aguirre Cerda,Entregado
505573,10212,20250413,Estándar,12,21.64,Urgente,112367.0,Quinta Normal,Entregado
505574,10375,20260208,Express,12,83.02,Urgente,95162.0,Las Condes,Entregado
505575,10125,20260618,Estándar,1,4.8,Alta,32406.0,Estación Central,Entregado
505576,10254,20250701,Estándar,4,7.42,Media,21672.0,San Ramón,Entregado
505577,10407,20260622,Estándar,6,11.5,Alta,37518.0,Vitacura,En preparación
505578,10496,20250207,Express,3,3.12,Alta,44345.0,Maipú,En ruta
505579,10350,20250404,Estándar,4,8.9,Alta,53329.0,Renca,En ruta
505580,10372,20250626,Estándar,3,3.39,Media,33712.0,Las Condes,Entregado
505581,10369,20251010,Estándar,7,34.01,Media,35416.0,Ñuñoa,Entregado
505582,10014,20261002,Estándar,4,28.33,Alta,33050.0,San Joaquín,En preparación
505583,10380,20260516,Estándar,13,62.2,Alta,73595.0,Puente Alto,Pendiente
505584,10074,20260708,Programado,6,41.15,Baja,57621.0,Recoleta,Entregado
505585,10214,20260408,Express,13,48.59,Alta,90917.0,Estación Central,Entregado
505586,10199,20260806,Express,7,17.25,Urgente,73761.0,Conchalí,Entregado
505587,10204,20250531,Estándar,9,16.84,Media,81550.0,La Reina,Entregado
505588,10214,20250602,Estándar,2,11.14,Baja,31963.0,Maipú,En ruta
505589,10116,20250102,Express,4,8.87,Urgente,51609.0,Macul,Entregado
505590,10082,20260919,Estándar,10,18.41,Media,71447.0,Buin,Entregado
505591,10351,20260909,Estándar,8,60.1,Media,72202.0,La Reina,Entregado
505592,10470,20250926,Estándar,4,17.08,Media,34807.0,Quilicura,Entregado
505593,10479,20250703,Estándar,14,104.88,Alta,124491.0,Santiago,Entregado
505594,10338,20261224,Estándar,7,51.18,Baja,65803.0,Lo Espejo,Entregado
505595,10470,20250603,Express,8,46.39,Alta,89548.0,Pudahuel,Entregado
505596,10075,20261214,Express,15,119.03,Alta,133352.0,Las Condes,Entregado
505597,10004,20250724,Programado,8,43.45,Baja,79927.0,Quilicura,Entregado
505598,10238,20250803,Estándar,15,54.78,Alta,132000.0,Quinta Normal,Entregado
505599,10411,20250423,Estándar,9,49.67,Alta,54370.0,Pedro Aguirre Cerda,Entregado
505600,10087,20250623,Programado,6,26.0,Alta,32139.0,Providencia,En ruta
505601,10230,20261103,Programado,2,15.19,Alta,33096.0,Vitacura,Entregado
505602,10263,20260227,Express,4,21.8,Media,81012.0,Santiago,Entregado
505603,10324,20260902,Express,5,5.39,Urgente,71847.0,Pudahuel,Pendiente
505604,10425,20250619,Estándar,5,7.93,Alta,46856.0,Colina,Cancelado
505605,10149,20261101,Estándar,7,45.75,Media,57964.0,Peñalolén,Entregado
505606,10043,20260924,Estándar,14,87.98,Alta,71442.0,Providencia,Entregado
505607,10280,20260408,Express,3,3.96,Urgente,46896.0,San Miguel,Entregado
505608,10468,20250212,Estándar,1,7.4,Baja,16391.0,Estación Central,Entregado
505609,10074,20251204,Estándar,12,38.73,Alta,90799.0,Puente Alto,Entregado
505610,10416,20250827,Estándar,10,43.6,Media,81543.0,Cerrillos,En ruta
505611,10414,20260817,Express,11,51.64,Alta,140254.0,Quinta Normal,Entregado
505612,10491,20260101,Programado,5,6.01,Media,55300.0,Lampa,En preparación
505613,10447,20260905,Estándar,5,17.58,Alta,36414.0,Pudahuel,Entregado
505614,10244,20250926,Express,11,39.36,Urgente,58820.0,Cerrillos,Entregado
505615,10070,20261211,Estándar,4,13.85,Media,44200.0,Estación Central,En ruta
505616,10413,20261214,Estándar,15,96.9,Media,62488.0,Puente Alto,Entregado
505617,10068,20250115,Estándar,14,87.92,Media,82123.0,Ñuñoa,En ruta
505618,10002,20260628,Estándar,2,2.43,Baja,31908.0,Lampa,Entregado
505619,10148,20260114,Express,7,28.09,Media,88952.0,Colina,Entregado
505620,10304,20260823,Estándar,7,23.72,Media,63427.0,Cerrillos,Entregado
505621,10315,20261127,Estándar,3,12.68,Media,31971.0,Buin,Entregado
505622,10304,20260413,Estándar,14,68.66,Media,110475.0,San Bernardo,Entregado
505623,10031,20250910,Estándar,8,19.8,Media,71651.0,Independencia,Entregado
505624,10432,20250312,Estándar,10,56.15,Baja,72947.0,Providencia,Entregado
505625,10133,20250715,Express,12,51.3,Urgente,107606.0,Lampa,Entregado
505626,10292,20261210,Programado,2,6.49,Baja,17283.0,Macul,Cancelado
505627,10462,20250921,Estándar,8,11.93,Baja,78019.0,Cerrillos,Entregado
505628,10171,20260718,Express,4,16.09,Urgente,56453.0,El Bosque,Entregado
505629,10069,20260524,Estándar,6,45.86,Media,50845.0,Pedro Aguirre Cerda,En ruta
505630,10105,20260224,Estándar,11,40.23,Media,50488.0,San Bernardo,Pendiente
505631,10265,20260410,Estándar,4,19.9,Baja,46241.0,Lo Barnechea,Entregado
505632,10030,20260411,Express,14,67.59,Media,119008.0,El Bosque,Entregado
505633,10226,20250406,Express,11,76.92,Urgente,67627.0,Conchalí,Entregado
505634,10287,20250825,Estándar,10,69.68,Urgente,60924.0,Conchalí,Entregado
505635,10233,20260701,Estándar,6,45.5,Media,46348.0,La Reina,Entregado
505636,10152,20250610,Express,14,39.28,Alta,121113.0,Ñuñoa,En preparación
505637,10196,20260313,Estándar,7,28.45,Media,66147.0,Independencia,Entregado
505638,10235,20251019,Express,10,22.58,Alta,59208.0,Puente Alto,Entregado
505639,10086,20250925,Estándar,11,22.59,Alta,68787.0,Pudahuel,Cancelado
505640,10030,20261230,Estándar,12,16.78,Alta,68633.0,Vitacura,Entregado
505641,10161,20260323,Programado,6,13.44,Media,43523.0,Las Condes,En ruta
505642,10464,20260814,Estándar,7,30.77,Baja,60597.0,Cerrillos,Entregado
505643,10078,20260201,Programado,11,20.85,Alta,73338.0,Santiago,Entregado
505644,10332,20260917,Express,10,16.8,Alta,98823.0,Las Condes,En preparación
505645,10109,20250706,Estándar,12,13.92,Alta,87909.0,La Granja,Entregado
505646,10178,20250824,Express,7,53.08,Alta,102049.0,La Reina,Entregado
505647,10196,20260424,Estándar,5,21.51,Media,34689.0,San Ramón,Entregado
505648,10341,20250325,Express,5,21.33,Urgente,92807.0,Independencia,Entregado
505649,10137,20261227,Estándar,14,87.91,Media,65613.0,Conchalí,En ruta
505650,10345,20260405,Estándar,12,26.43,Media,113535.0,Huechuraba,Entregado
505651,10075,20251122,Estándar,14,64.93,Media,80213.0,Estación Central,En ruta
505652,10076,20251006,Programado,9,54.37,Alta,93484.0,El Bosque,Entregado
505653,10329,20250607,Estándar,4,12.63,Media,25520.0,Peñalolén,Entregado
505654,10433,20250523,Express,3,20.43,Alta,39963.0,Quilicura,Entregado
505655,10380,20260430,Programado,4,24.26,Baja,23491.0,Ñuñoa,Entregado
505656,10054,20261013,Programado,14,105.88,Baja,82427.0,San Miguel,Entregado
505657,10283,20251126,Programado,12,23.5,Baja,111526.0,Santiago,Entregado
505658,10483,20261025,Estándar,1,3.39,Alta,21674.0,Santiago,Entregado
505659,10421,20260820,Estándar,2,14.31,Media,16944.0,La Reina,En preparación
505660,10499,20261020,Estándar,15,62.16,Media,143631.0,Lampa,En ruta
505661,10384,20260828,Estándar,6,41.54,Baja,33516.0,Puente Alto,Pendiente
505662,10500,20261021,Express,14,92.3,Urgente,162477.0,Lo Barnechea,Entregado
505663,10450,20250814,Estándar,15,92.64,Baja,81134.0,Lo Espejo,Pendiente
505664,10177,20260709,Estándar,5,30.82,Baja,44169.0,Peñalolén,Entregado
505665,10080,20250505,Estándar,2,2.63,Media,22268.0,Maipú,Entregado
505666,10116,20250804,Express,3,11.36,Alta,20704.0,Lo Espejo,Entregado
505667,10085,20260319,Estándar,6,41.33,Media,56869.0,Colina,Entregado
505668,10367,20260331,Estándar,3,18.35,Alta,36388.0,Macul,Entregado
505669,10129,20251223,Estándar,1,5.32,Media,24718.0,Peñalolén,Entregado
505670,10213,20251105,Programado,8,60.98,Alta,47632.0,Recoleta,En ruta
505671,10333,20250215,Express,8,52.48,Media,112639.0,San Miguel,Entregado
505672,10070,20260604,Estándar,4,17.73,Baja,42536.0,Las Condes,Entregado
505673,10224,20251027,Programado,15,45.34,Baja,122924.0,Colina,En preparación
505674,10437,20260224,Programado,4,21.58,Media,36132.0,Santiago,Entregado
505675,10078,20250828,Estándar,5,5.47,Urgente,52586.0,Pedro Aguirre Cerda,Entregado
505676,10426,20251204,Express,6,25.54,Urgente,37067.0,La Florida,Entregado
505677,10377,20250406,Express,2,3.16,Urgente,41332.0,Peñalolén,Entregado
505678,10410,20250725,Estándar,11,46.85,Baja,80953.0,Recoleta,Entregado
505679,10106,20250617,Express,2,9.11,Urgente,40441.0,La Granja,Entregado
505680,10342,20261222,Estándar,15,84.61,Media,99264.0,La Reina,En preparación
505681,10075,20251129,Estándar,1,1.48,Baja,17490.0,Recoleta,Entregado
505682,10288,20260925,Estándar,14,33.34,Media,65243.0,Peñalolén,Entregado
505683,10496,20260113,Estándar,10,78.72,Urgente,73274.0,La Granja,Entregado
505684,10254,20250508,Estándar,10,38.19,Alta,31286.0,Vitacura,En ruta
505685,10305,20260430,Estándar,9,27.87,Urgente,72538.0,La Florida,Pendiente
505686,10049,20250108,Estándar,8,22.96,Media,40522.0,Conchalí,En ruta
505687,10242,20261227,Express,5,39.47,Urgente,51459.0,Conchalí,Entregado
505688,10015,20250515,Express,5,14.79,Urgente,83742.0,San Joaquín,En preparación
505689,10390,20251105,Estándar,3,16.66,Media,31618.0,Recoleta,Entregado
505690,10338,20250521,Programado,11,74.28,Alta,70311.0,Buin,Entregado
505691,10376,20250515,Estándar,10,74.68,Alta,78931.0,Ñuñoa,En ruta
505692,10031,20250328,Estándar,10,66.38,Media,87973.0,Lo Barnechea,Entregado
505693,10459,20250130,Express,12,62.06,Alta,91290.0,Puente Alto,Entregado
505694,10071,20251123,Programado,7,53.7,Baja,62345.0,La Cisterna,En ruta
505695,10261,20260224,Estándar,15,112.45,Media,117264.0,Las Condes,En ruta
505696,10044,20260108,Estándar,1,5.54,Media,32652.0,Huechuraba,Entregado
505697,10162,20260921,Express,3,12.64,Urgente,42073.0,Quilicura,Entregado
505698,10373,20260718,Express,15,34.83,Alta,173583.0,Lo Espejo,Entregado
505699,10498,20260524,Express,8,10.11,Media,61557.0,El Bosque,En preparación
505700,10474,20250513,Express,5,22.06,Urgente,35390.0,La Florida,En ruta
505701,10192,20260930,Estándar,15,88.99,Media,80821.0,San Ramón,En preparación
505702,10252,20260525,Estándar,12,31.09,Alta,91816.0,Peñalolén,En ruta
505703,10107,20250127,Express,4,21.63,Urgente,52730.0,Providencia,Entregado
505704,10459,20250924,Estándar,15,59.12,Baja,68847.0,Quinta Normal,Entregado
505705,10014,20250618,Estándar,5,6.52,Alta,51166.0,Buin,Entregado
505706,10442,20260805,Estándar,4,11.04,Baja,23658.0,Cerrillos,Entregado
505707,10492,20250127,Estándar,3,3.68,Baja,44411.0,Lo Prado,Entregado
505708,10255,20260929,Express,10,53.03,Alta,67415.0,Las Condes,Entregado
505709,10484,20250530,Estándar,5,34.87,Media,29150.0,Las Condes,Entregado
505710,10441,20260901,Programado,14,48.46,Baja,121725.0,Buin,En ruta
505711,10230,20261115,Estándar,13,98.65,Media,105455.0,La Florida,Entregado
505712,10408,20260819,Programado,11,44.8,Media,99677.0,El Bosque,Entregado
505713,10121,20261121,Express,9,29.16,Urgente,86350.0,Lo Espejo,En ruta
505714,10361,20260105,Estándar,6,45.55,Media,41684.0,Peñalolén,Entregado
505715,10087,20250129,Programado,6,6.24,Media,42554.0,Recoleta,Entregado
505716,10169,20251027,Estándar,13,56.17,Alta,112896.0,La Florida,En preparación
505717,10239,20260520,Express,3,4.74,Urgente,45483.0,Puente Alto,Entregado
505718,10208,20250307,Estándar,9,16.07,Media,61949.0,La Cisterna,En ruta
505719,10179,20261004,Programado,2,7.29,Alta,37200.0,Lo Prado,Entregado
505720,10246,20250807,Express,4,6.51,Urgente,62699.0,Providencia,Pendiente
505721,10380,20250106,Estándar,15,108.17,Alta,83128.0,Colina,Cancelado
505722,10090,20250421,Programado,15,56.54,Baja,118723.0,La Granja,Entregado
505723,10132,20250810,Estándar,5,32.39,Baja,32935.0,Conchalí,En preparación
505724,10409,20251013,Estándar,2,6.54,Alta,33058.0,Conchalí,En ruta
505725,10170,20260401,Estándar,1,2.15,Alta,35805.0,Conchalí,En ruta
505726,10392,20250311,Estándar,15,48.05,Media,73978.0,Cerrillos,Entregado
505727,10343,20260724,Express,10,51.84,Alta,76815.0,Providencia,Entregado
505728,10256,20260311,Estándar,3,4.46,Alta,18516.0,Colina,Entregado
505729,10024,20260726,Estándar,9,9.81,Baja,43157.0,Macul,Entregado
505730,10278,20260822,Programado,4,4.72,Media,25818.0,La Florida,Entregado
505731,10004,20250529,Estándar,12,33.56,Urgente,81502.0,Pudahuel,Entregado
505732,10008,20260814,Express,10,60.08,Media,114608.0,Independencia,Entregado
505733,10151,20260812,Programado,3,7.38,Media,35957.0,Lampa,En ruta
505734,10132,20261001,Estándar,5,28.59,Alta,69039.0,Colina,Entregado
505735,10500,20250305,Estándar,8,36.4,Alta,65449.0,Vitacura,Entregado
505736,10453,20260722,Estándar,4,16.44,Media,18213.0,San Miguel,Entregado
505737,10193,20250111,Estándar,2,8.76,Media,30251.0,La Granja,Entregado
505738,10195,20260602,Express,13,26.08,Urgente,133734.0,Pudahuel,En preparación
505739,10159,20260129,Estándar,12,22.86,Baja,105397.0,Quinta Normal,En ruta
505740,10150,20251127,Express,5,23.82,Urgente,74951.0,Lampa,En ruta
505741,10151,20260628,Programado,12,35.39,Media,53830.0,Lampa,Entregado
505742,10389,20250921,Estándar,6,17.4,Alta,52977.0,Lampa,Entregado
505743,10312,20250910,Estándar,4,14.06,Media,30800.0,Santiago,Entregado
505744,10435,20260525,Estándar,6,38.81,Baja,41918.0,San Ramón,En ruta
505745,10045,20260929,Estándar,15,28.44,Alta,103724.0,Puente Alto,Entregado
505746,10356,20250807,Programado,5,16.37,Alta,68328.0,Pedro Aguirre Cerda,En ruta
505747,10176,20251106,Programado,10,63.89,Baja,75474.0,Maipú,Entregado
505748,10156,20250322,Express,2,3.72,Alta,42123.0,Lo Prado,Entregado
505749,10080,20260709,Estándar,4,19.51,Media,48212.0,Lo Barnechea,Entregado
505750,10335,20260626,Estándar,14,37.52,Baja,87474.0,Lo Prado,Pendiente
505751,10103,20250102,Estándar,15,105.32,Media,79102.0,Estación Central,Entregado
505752,10170,20260508,Estándar,12,64.49,Media,82446.0,Colina,Entregado
505753,10120,20251001,Estándar,1,2.46,Alta,31611.0,Lo Prado,Entregado
505754,10138,20260803,Programado,2,11.12,Alta,30722.0,Ñuñoa,En preparación
505755,10171,20260416,Estándar,15,15.43,Baja,91283.0,Lo Prado,En preparación
505756,10266,20260131,Estándar,3,7.52,Media,33695.0,Lo Prado,Entregado
505757,10077,20260427,Estándar,14,94.63,Media,68631.0,La Reina,Cancelado
505758,10248,20250326,Express,11,65.25,Alta,154732.0,Buin,Entregado
505759,10420,20250725,Estándar,7,40.92,Baja,49936.0,Ñuñoa,Entregado
505760,10257,20261226,Estándar,12,12.77,Media,105042.0,La Reina,Entregado
505761,10188,20250201,Programado,12,32.69,Media,100476.0,Recoleta,Entregado
505762,10041,20250823,Express,7,30.18,Urgente,85961.0,Lo Prado,Entregado
505763,10490,20260315,Estándar,2,12.98,Media,32869.0,Quinta Normal,Entregado
505764,10322,20260728,Express,10,17.36,Alta,119435.0,Lampa,Entregado
505765,10028,20250812,Express,2,12.9,Urgente,22943.0,San Joaquín,Entregado
505766,10138,20260208,Estándar,6,10.81,Media,47892.0,Las Condes,En preparación
505767,10224,20260823,Estándar,9,14.73,Media,74478.0,Peñalolén,Entregado
505768,10475,20251227,Estándar,2,14.36,Baja,32021.0,Macul,En ruta
505769,10053,20251110,Programado,10,75.73,Baja,65700.0,Conchalí,En preparación
505770,10345,20251129,Express,15,66.72,Alta,76999.0,San Bernardo,Entregado
505771,10120,20251109,Express,4,4.43,Urgente,33561.0,Vitacura,Entregado
505772,10242,20260530,Estándar,11,32.32,Media,52795.0,Estación Central,Entregado
505773,10426,20261216,Express,3,21.93,Urgente,70690.0,Independencia,En ruta
505774,10441,20250928,Estándar,5,16.54,Media,49537.0,Independencia,Entregado
505775,10474,20250726,Express,3,9.03,Alta,50090.0,Renca,Entregado
505776,10047,20250507,Express,13,54.41,Media,137294.0,San Ramón,En ruta
505777,10223,20260123,Estándar,10,61.55,Baja,100473.0,Buin,Pendiente
505778,10321,20260212,Programado,14,78.28,Media,102258.0,La Reina,Entregado
505779,10475,20250624,Estándar,5,15.45,Media,37475.0,Independencia,En ruta
505780,10302,20261223,Express,1,4.08,Media,36478.0,Lampa,Cancelado
505781,10289,20261204,Estándar,1,7.65,Media,25226.0,Conchalí,Entregado
505782,10086,20260320,Estándar,15,98.55,Baja,103355.0,La Cisterna,En preparación
505783,10009,20250112,Estándar,7,20.02,Media,30747.0,Las Condes,Cancelado
505784,10018,20260206,Express,6,39.81,Alta,74122.0,Conchalí,En ruta
505785,10041,20250823,Estándar,2,6.56,Media,39959.0,Vitacura,Entregado
505786,10408,20250723,Express,1,6.09,Urgente,45766.0,La Cisterna,Entregado
505787,10433,20250511,Estándar,7,41.53,Urgente,47387.0,San Bernardo,En preparación
505788,10201,20261213,Estándar,10,67.26,Baja,50354.0,Pudahuel,Entregado
505789,10311,20260702,Estándar,2,5.65,Media,28029.0,La Reina,Entregado
505790,10050,20250701,Estándar,4,21.95,Alta,29759.0,Peñalolén,Entregado
505791,10070,20250217,Express,13,34.13,Urgente,172125.0,La Reina,En ruta
505792,10378,20250209,Express,2,9.46,Urgente,42674.0,La Cisterna,Entregado
505793,10472,20251201,Express,6,6.36,Alta,35655.0,Cerrillos,En ruta
505794,10350,20251230,Estándar,12,77.23,Media,92615.0,Huechuraba,Pendiente
505795,10390,20250621,Estándar,6,17.59,Media,64751.0,Renca,Entregado
505796,10483,20250215,Estándar,1,5.82,Baja,17422.0,Peñalolén,En ruta
505797,10236,20250424,Programado,7,52.52,Media,51307.0,Quilicura,Entregado
505798,10021,20250412,Express,15,81.01,Baja,102658.0,El Bosque,Entregado
505799,10201,20251030,Express,1,6.78,Alta,33226.0,San Ramón,Entregado
505800,10482,20261231,Programado,5,11.28,Alta,57526.0,Buin,Entregado
505801,10154,20260126,Estándar,3,3.87,Baja,16035.0,Renca,Cancelado
505802,10480,20250102,Express,5,39.31,Alta,46817.0,Buin,Entregado
505803,10162,20260128,Estándar,2,2.01,Media,21104.0,La Cisterna,Entregado
505804,10125,20251019,Programado,13,15.18,Media,114630.0,La Cisterna,En ruta
505805,10363,20250831,Estándar,15,35.1,Media,78648.0,Conchalí,Entregado
505806,10239,20260907,Estándar,4,31.92,Media,43640.0,Vitacura,Entregado
505807,10312,20260613,Estándar,14,75.05,Media,101300.0,Quinta Normal,En ruta
505808,10474,20250804,Estándar,5,23.87,Media,47217.0,La Granja,Pendiente
505809,10429,20250607,Express,14,75.56,Media,153912.0,Las Condes,En ruta
505810,10002,20260202,Estándar,6,45.07,Baja,65126.0,Independencia,Entregado
505811,10125,20251121,Programado,13,22.37,Media,83644.0,Lampa,Entregado
505812,10395,20250906,Estándar,2,2.27,Media,25172.0,Independencia,Entregado
505813,10242,20250211,Estándar,8,52.9,Media,45408.0,Quinta Normal,En ruta
505814,10489,20260201,Estándar,4,26.36,Alta,32445.0,San Miguel,En ruta
505815,10476,20261229,Estándar,15,71.69,Media,127048.0,La Granja,Entregado
505816,10154,20250214,Estándar,12,61.88,Baja,73247.0,Macul,Entregado
505817,10419,20260319,Estándar,5,32.54,Media,40647.0,Puente Alto,Entregado
505818,10145,20251106,Estándar,2,13.38,Media,44583.0,Santiago,Entregado
505819,10231,20251117,Estándar,12,66.85,Media,50083.0,La Reina,Entregado
505820,10428,20260606,Programado,14,46.86,Baja,126507.0,Puente Alto,Entregado
505821,10461,20260418,Express,1,5.38,Alta,44936.0,Lo Espejo,Entregado
505822,10414,20261209,Estándar,14,78.63,Media,62004.0,Colina,Entregado
505823,10074,20250820,Express,3,15.03,Urgente,69540.0,Lo Barnechea,Entregado
505824,10470,20261214,Estándar,11,51.84,Baja,82162.0,Lampa,Entregado
505825,10263,20250808,Estándar,5,24.88,Media,42250.0,Cerrillos,Entregado
505826,10309,20260316,Estándar,15,36.3,Alta,133951.0,Las Condes,En preparación
505827,10282,20250609,Estándar,15,113.65,Baja,110714.0,Independencia,En ruta
505828,10359,20250314,Estándar,13,61.48,Alta,119388.0,Santiago,Entregado
505829,10496,20261014,Estándar,9,56.31,Baja,83412.0,Lampa,En ruta
505830,10102,20261229,Express,3,20.84,Alta,46112.0,Vitacura,En preparación
505831,10351,20251010,Estándar,11,53.28,Media,85546.0,Providencia,Entregado
505832,10341,20261207,Programado,14,26.18,Alta,117604.0,Pudahuel,Entregado
505833,10456,20250616,Estándar,2,8.07,Baja,33718.0,Pedro Aguirre Cerda,Entregado
505834,10259,20260830,Estándar,8,32.86,Media,58455.0,Lo Prado,Entregado
505835,10162,20260415,Estándar,1,2.42,Media,27023.0,Renca,Pendiente
505836,10076,20250126,Estándar,8,19.51,Alta,51246.0,San Ramón,Pendiente
505837,10286,20260131,Estándar,12,71.56,Baja,78569.0,La Cisterna,Entregado
505838,10030,20260521,Estándar,13,37.54,Media,100718.0,La Reina,En preparación
505839,10091,20260929,Estándar,14,58.62,Baja,79132.0,Buin,Entregado
505840,10318,20250311,Express,7,30.16,Media,91441.0,Colina,Entregado
505841,10270,20260811,Estándar,7,41.17,Baja,34597.0,Providencia,Entregado
505842,10143,20250429,Estándar,7,9.6,Media,35767.0,Renca,Entregado
505843,10320,20261129,Estándar,7,51.37,Alta,73033.0,Providencia,En preparación
505844,10023,20260211,Estándar,8,36.68,Media,49730.0,Maipú,Cancelado
505845,10354,20250908,Estándar,1,4.34,Media,24660.0,Estación Central,Entregado
505846,10232,20261203,Estándar,3,22.78,Alta,38991.0,Colina,En ruta
505847,10298,20260704,Estándar,9,25.1,Media,69628.0,La Reina,Entregado
505848,10043,20250709,Express,12,59.34,Media,94991.0,Cerrillos,Entregado
505849,10137,20251223,Programado,2,2.59,Baja,42952.0,Quilicura,Entregado
505850,10364,20250112,Estándar,9,51.82,Baja,49604.0,San Ramón,Entregado
505851,10260,20251227,Programado,13,88.12,Baja,79412.0,Quinta Normal,Entregado
505852,10407,20250416,Estándar,11,27.65,Media,90343.0,San Ramón,Entregado
505853,10269,20260218,Estándar,2,10.1,Media,30734.0,Maipú,Entregado
505854,10478,20251221,Express,11,60.1,Media,63528.0,La Florida,Entregado
505855,10481,20260403,Estándar,1,2.31,Media,34631.0,Lampa,Entregado
505856,10160,20251009,Estándar,5,10.07,Media,45681.0,Quinta Normal,Entregado
505857,10107,20250818,Estándar,13,77.05,Media,111577.0,Lo Espejo,Entregado
505858,10437,20261104,Estándar,9,28.13,Alta,77699.0,Lo Prado,Entregado
505859,10253,20260405,Programado,13,83.47,Media,74484.0,San Bernardo,En ruta
505860,10030,20250705,Estándar,10,63.6,Baja,77432.0,Pudahuel,En ruta
505861,10156,20251103,Programado,12,33.46,Urgente,135527.0,Buin,Entregado
505862,10197,20250729,Programado,10,31.06,Urgente,78877.0,Santiago,Entregado
505863,10388,20260329,Estándar,9,11.62,Alta,65361.0,Conchalí,Entregado
505864,10331,20250317,Estándar,3,19.65,Alta,23213.0,Santiago,Entregado
505865,10172,20251224,Programado,9,48.45,Baja,80094.0,Lo Barnechea,Entregado
505866,10211,20250715,Estándar,11,12.67,Alta,98666.0,Puente Alto,En preparación
505867,10214,20250527,Programado,10,14.05,Alta,38562.0,Estación Central,Entregado
505868,10030,20250618,Estándar,11,22.97,Media,62953.0,Santiago,En preparación
505869,10288,20260218,Estándar,14,43.46,Media,52860.0,Macul,Entregado
505870,10359,20260126,Programado,2,9.81,Baja,28051.0,San Bernardo,Entregado
505871,10284,20250308,Express,12,13.88,Media,88546.0,Puente Alto,Entregado
505872,10120,20250504,Express,7,17.63,Baja,34916.0,Puente Alto,Entregado
505873,10014,20261213,Estándar,13,65.58,Baja,48821.0,Lo Prado,Entregado
505874,10145,20260707,Estándar,5,39.78,Media,41884.0,Vitacura,Entregado
505875,10470,20260510,Express,5,13.89,Media,91411.0,Providencia,Entregado
505876,10158,20260104,Estándar,10,36.05,Baja,85872.0,Quilicura,Entregado
505877,10057,20260315,Estándar,4,4.67,Media,48787.0,El Bosque,Entregado
505878,10291,20250622,Estándar,3,14.95,Media,36756.0,Buin,Entregado
505879,10430,20251114,Express,14,26.39,Media,78200.0,Quilicura,Entregado
505880,10460,20260620,Estándar,4,22.51,Baja,38995.0,Ñuñoa,Entregado
505881,10164,20250419,Estándar,12,59.86,Baja,88871.0,Independencia,Entregado
505882,10011,20261017,Estándar,11,55.58,Baja,39316.0,El Bosque,En ruta
505883,10448,20251105,Estándar,1,7.44,Media,25824.0,Buin,En ruta
505884,10382,20250325,Express,3,5.09,Urgente,47455.0,Lo Barnechea,Entregado
505885,10478,20260618,Express,10,63.9,Alta,83649.0,Buin,Entregado
505886,10475,20260915,Programado,6,35.77,Baja,65708.0,Independencia,Entregado
505887,10266,20260708,Programado,14,104.48,Media,67277.0,San Bernardo,Entregado
505888,10254,20250607,Estándar,3,12.78,Media,29087.0,La Florida,Entregado
505889,10309,20260724,Estándar,13,13.67,Alta,41712.0,Puente Alto,Cancelado
505890,10197,20261007,Estándar,3,15.34,Urgente,33778.0,Cerrillos,En preparación
505891,10293,20251021,Estándar,6,18.35,Media,52647.0,San Miguel,En ruta
505892,10461,20260517,Programado,3,19.18,Alta,17446.0,La Granja,Entregado
505893,10247,20260904,Express,15,88.57,Alta,110479.0,San Ramón,Entregado
505894,10071,20250212,Estándar,8,17.18,Baja,73910.0,Quinta Normal,Cancelado
505895,10100,20260202,Estándar,9,11.69,Media,45840.0,La Florida,Entregado
505896,10449,20260814,Express,15,52.74,Urgente,158370.0,Las Condes,Entregado
505897,10082,20261028,Programado,5,37.07,Baja,54450.0,Puente Alto,Pendiente
505898,10363,20250615,Estándar,2,15.02,Media,31948.0,Lo Barnechea,Entregado
505899,10397,20250622,Programado,14,44.0,Baja,103200.0,La Florida,Entregado
505900,10380,20260523,Express,15,40.47,Urgente,78913.0,Renca,Entregado
505901,10183,20250703,Estándar,3,22.83,Baja,49197.0,El Bosque,Cancelado
505902,10336,20261017,Estándar,3,10.29,Urgente,30467.0,Peñalolén,Entregado
505903,10041,20260911,Estándar,8,28.69,Baja,67410.0,Lo Prado,En ruta
505904,10440,20261219,Estándar,3,9.58,Media,33129.0,Providencia,En ruta
505905,10485,20260912,Express,4,5.13,Alta,81513.0,Lo Espejo,Entregado
505906,10436,20260825,Express,5,11.82,Alta,68598.0,La Reina,En ruta
505907,10454,20260815,Estándar,14,52.59,Alta,52229.0,Lampa,En ruta
505908,10033,20250224,Express,6,33.18,Alta,93281.0,Colina,Entregado
505909,10125,20250102,Estándar,12,49.27,Alta,106904.0,Huechuraba,Entregado
505910,10146,20250325,Programado,6,17.2,Baja,54964.0,Quinta Normal,En preparación
505911,10451,20260625,Express,8,39.67,Urgente,101489.0,Estación Central,Entregado
505912,10169,20261225,Estándar,12,21.26,Baja,106221.0,Colina,Entregado
505913,10217,20260815,Estándar,12,36.45,Alta,106585.0,Cerrillos,Entregado
505914,10223,20260411,Estándar,11,23.94,Baja,106004.0,Santiago,Entregado
505915,10328,20250926,Estándar,15,73.28,Media,117213.0,San Bernardo,Entregado
505916,10201,20250202,Express,10,41.65,Alta,61876.0,Las Condes,Entregado
505917,10179,20250117,Estándar,9,25.32,Media,58198.0,Macul,Entregado
505918,10171,20250212,Estándar,1,2.48,Baja,23348.0,San Joaquín,Entregado
505919,10196,20261013,Estándar,6,30.14,Alta,54210.0,Lo Barnechea,Entregado
505920,10317,20260321,Programado,7,20.51,Media,39621.0,Buin,Entregado
505921,10075,20251217,Estándar,6,26.11,Baja,52777.0,Providencia,Entregado
505922,10456,20260531,Programado,4,5.24,Media,45797.0,Peñalolén,Entregado
505923,10218,20260721,Estándar,8,57.59,Media,43875.0,Colina,Pendiente
505924,10374,20260620,Programado,2,7.61,Media,33472.0,Vitacura,Entregado
505925,10019,20260711,Programado,9,50.04,Urgente,70653.0,La Granja,Entregado
505926,10428,20260514,Programado,7,14.72,Media,50943.0,Renca,En preparación
505927,10361,20260608,Estándar,9,45.86,Alta,66405.0,Independencia,Entregado
505928,10136,20250512,Estándar,6,43.77,Baja,57065.0,Independencia,En ruta
505929,10114,20260217,Estándar,13,67.68,Media,56323.0,Las Condes,Entregado
505930,10399,20250520,Estándar,13,83.13,Media,104076.0,Peñalolén,En ruta
505931,10479,20261206,Estándar,2,10.21,Alta,30051.0,Puente Alto,Entregado
505932,10300,20250312,Express,6,27.88,Alta,65057.0,Lampa,Entregado
505933,10236,20250105,Programado,10,27.77,Media,57907.0,Cerrillos,Cancelado
505934,10245,20261216,Estándar,13,37.82,Media,99841.0,El Bosque,Entregado
505935,10457,20250907,Express,6,30.76,Alta,48175.0,Buin,En ruta
505936,10050,20260131,Estándar,2,15.56,Baja,38381.0,Macul,Entregado
505937,10176,20260830,Express,12,19.07,Alta,113917.0,Las Condes,Entregado
505938,10124,20260928,Estándar,14,29.7,Alta,124273.0,Buin,Entregado
505939,10118,20250225,Estándar,15,78.34,Urgente,137702.0,La Cisterna,Pendiente
505940,10312,20261201,Estándar,10,25.05,Baja,72972.0,Pedro Aguirre Cerda,Pendiente
505941,10236,20250106,Estándar,13,68.84,Media,49824.0,Conchalí,Entregado
505942,10310,20260811,Express,5,19.62,Alta,61744.0,Lo Prado,Entregado
505943,10297,20260523,Estándar,4,28.25,Alta,28124.0,Vitacura,Entregado
505944,10483,20261004,Programado,3,13.09,Media,34952.0,Lo Barnechea,Entregado
505945,10162,20250920,Express,5,28.49,Alta,65722.0,Colina,Entregado
505946,10310,20260212,Programado,13,86.82,Baja,87480.0,San Joaquín,Entregado
505947,10385,20250227,Estándar,12,53.48,Baja,87781.0,Puente Alto,Entregado
505948,10207,20250412,Express,3,23.99,Alta,30555.0,Lo Barnechea,Cancelado
505949,10093,20260222,Estándar,11,65.09,Media,99390.0,Pudahuel,Entregado
505950,10192,20251008,Estándar,13,102.94,Media,94329.0,La Granja,En ruta
505951,10170,20260322,Express,10,48.59,Alta,88749.0,Maipú,Entregado
505952,10371,20260303,Express,3,14.25,Alta,32076.0,Lo Espejo,Entregado
505953,10058,20260220,Express,4,15.98,Alta,39880.0,Maipú,En ruta
505954,10320,20260114,Estándar,3,7.86,Baja,34573.0,Quinta Normal,Entregado
505955,10379,20261129,Estándar,6,24.81,Alta,61631.0,Lo Prado,Entregado
505956,10320,20261027,Estándar,15,89.19,Urgente,79523.0,Quinta Normal,Entregado
505957,10486,20260322,Estándar,8,12.25,Media,38062.0,La Reina,Entregado
505958,10001,20260314,Estándar,14,88.98,Media,67267.0,Recoleta,Entregado
505959,10090,20250520,Estándar,15,102.0,Baja,115767.0,Cerrillos,Entregado
505960,10401,20260510,Estándar,13,16.75,Baja,125190.0,Conchalí,Entregado
505961,10132,20260205,Estándar,8,35.02,Alta,66172.0,Conchalí,Entregado
505962,10233,20260121,Estándar,7,23.59,Baja,54369.0,Lo Espejo,Entregado
505963,10190,20251104,Estándar,5,30.08,Media,45946.0,Vitacura,Entregado
505964,10334,20250531,Express,14,25.17,Alta,131567.0,San Ramón,Entregado
505965,10276,20250112,Estándar,1,7.04,Alta,17283.0,Providencia,En ruta
505966,10310,20250603,Estándar,1,1.72,Urgente,23555.0,El Bosque,En ruta
505967,10191,20250724,Express,11,14.15,Media,80919.0,Renca,Entregado
505968,10317,20260412,Estándar,1,4.18,Media,18198.0,Huechuraba,Entregado
505969,10325,20260915,Programado,11,27.26,Media,109150.0,Buin,Entregado
505970,10302,20250524,Estándar,11,59.81,Media,107662.0,Recoleta,En ruta
505971,10161,20260221,Programado,10,17.68,Media,92352.0,La Granja,En ruta
505972,10481,20250814,Express,1,7.13,Urgente,16899.0,El Bosque,Entregado
505973,10005,20250922,Programado,11,19.24,Media,112702.0,La Florida,Entregado
505974,10287,20250604,Express,8,51.43,Alta,72183.0,San Bernardo,En ruta
505975,10343,20261224,Estándar,5,9.76,Media,35602.0,Maipú,Entregado
505976,10219,20250328,Express,14,91.69,Urgente,171384.0,La Cisterna,Entregado
505977,10300,20260426,Express,15,82.13,Media,59257.0,Macul,Entregado
505978,10005,20250825,Express,12,56.11,Media,119147.0,Conchalí,Cancelado
505979,10133,20261231,Estándar,2,15.76,Media,31092.0,La Reina,Entregado
505980,10229,20260512,Estándar,9,17.08,Media,53085.0,Conchalí,Entregado
505981,10450,20260819,Estándar,1,3.05,Baja,26197.0,Huechuraba,Entregado
505982,10229,20260728,Express,13,38.09,Alta,144829.0,La Cisterna,Entregado
505983,10390,20260605,Estándar,10,34.2,Alta,87339.0,San Bernardo,Entregado
505984,10096,20260803,Estándar,13,87.56,Media,51671.0,Pedro Aguirre Cerda,Entregado
505985,10409,20260120,Express,5,9.89,Alta,48592.0,Pudahuel,Entregado
505986,10392,20260825,Estándar,11,77.21,Baja,69642.0,Puente Alto,Entregado
505987,10005,20250414,Estándar,14,33.53,Baja,102730.0,Vitacura,Entregado
505988,10201,20260613,Estándar,11,25.72,Media,93782.0,San Bernardo,Entregado
505989,10026,20260602,Estándar,3,20.25,Alta,19227.0,Peñalolén,Entregado
505990,10292,20250714,Estándar,12,63.67,Urgente,106646.0,Puente Alto,Entregado
505991,10194,20250403,Estándar,4,14.64,Media,23235.0,Estación Central,Entregado
505992,10336,20260609,Estándar,13,77.22,Alta,83693.0,Lo Espejo,Entregado
505993,10257,20261110,Express,15,94.07,Alta,162672.0,Vitacura,En ruta
505994,10052,20260520,Estándar,14,41.56,Baja,66366.0,Ñuñoa,Entregado
505995,10141,20260210,Express,10,33.56,Media,111474.0,Lo Espejo,Entregado
505996,10378,20251020,Estándar,2,9.98,Media,23133.0,Vitacura,Entregado
505997,10016,20250301,Estándar,9,38.45,Media,93467.0,San Joaquín,Entregado
505998,10082,20250620,Estándar,13,92.95,Urgente,79759.0,La Florida,Entregado
505999,10361,20250513,Express,15,91.02,Urgente,94676.0,Santiago,En ruta
506000,10328,20251017,Express,7,52.04,Alta,56307.0,Peñalolén,Entregado
506001,10026,20261214,Estándar,4,29.49,Media,37169.0,Lampa,Cancelado
506002,10215,20250907,Programado,8,25.32,Baja,72964.0,Conchalí,Entregado
506003,10481,20261204,Programado,3,11.39,Alta,35004.0,Independencia,Entregado
506004,10031,20250202,Express,11,78.09,Media,48707.0,Recoleta,En ruta
506005,10486,20250601,Estándar,10,57.71,Media,74607.0,Lo Barnechea,Pendiente
506006,10271,20250104,Estándar,7,39.52,Media,52459.0,San Joaquín,Entregado
506007,10019,20260224,Programado,7,44.23,Baja,79845.0,Cerrillos,Entregado
506008,10369,20251114,Estándar,2,11.18,Media,36345.0,Lampa,Entregado
506009,10488,20260125,Estándar,15,37.77,Alta,113121.0,Huechuraba,En ruta
506010,10409,20250907,Programado,12,90.16,Media,59560.0,Quilicura,Entregado
506011,10386,20251012,Estándar,4,29.13,Urgente,44466.0,Maipú,Entregado
506012,10242,20250429,Estándar,15,83.59,Media,68785.0,Providencia,En ruta
506013,10222,20260602,Estándar,13,70.01,Urgente,110045.0,La Granja,Entregado
506014,10285,20250612,Express,8,36.32,Urgente,84069.0,San Miguel,Cancelado
506015,10071,20261204,Estándar,14,38.68,Media,85933.0,Macul,Entregado
506016,10173,20260204,Express,7,21.6,Media,96494.0,Quinta Normal,Entregado
506017,10122,20260204,Programado,3,12.84,Media,49314.0,Huechuraba,Entregado
506018,10279,20250111,Express,2,4.07,Alta,31382.0,Buin,Entregado
506019,10297,20261004,Estándar,14,110.38,Alta,106415.0,Buin,Entregado
506020,10178,20250227,Express,2,15.8,Urgente,56411.0,Colina,Entregado
506021,10311,20261225,Estándar,7,45.25,Alta,39362.0,El Bosque,En preparación
506022,10229,20250608,Estándar,15,112.11,Alta,62994.0,Lo Barnechea,Entregado
506023,10269,20250926,Estándar,4,27.42,Media,41808.0,Vitacura,Entregado
506024,10002,20260530,Estándar,9,54.43,Media,64135.0,Estación Central,Entregado
506025,10017,20260716,Programado,13,43.16,Baja,120837.0,San Miguel,Entregado
506026,10378,20261228,Estándar,13,32.53,Alta,130061.0,Recoleta,En ruta
506027,10135,20260416,Express,12,44.99,Alta,115206.0,Peñalolén,Entregado
506028,10373,20250830,Estándar,13,67.29,Media,56446.0,Puente Alto,En ruta
506029,10382,20260731,Estándar,5,5.34,Media,33577.0,La Reina,Entregado
506030,10153,20260407,Programado,8,58.31,Media,55343.0,La Florida,En preparación
506031,10187,20250803,Express,7,17.22,Media,58454.0,Santiago,Entregado
506032,10388,20261120,Estándar,5,37.15,Baja,51150.0,Peñalolén,Entregado
506033,10373,20260925,Estándar,2,14.4,Media,25531.0,Santiago,Entregado
506034,10410,20250929,Express,12,24.37,Alta,124741.0,Recoleta,En ruta
506035,10109,20260322,Estándar,5,28.61,Baja,52403.0,Lo Prado,Entregado
506036,10166,20260501,Estándar,2,9.03,Media,25350.0,Huechuraba,En ruta
506037,10030,20250218,Programado,8,18.48,Media,64692.0,Pudahuel,Entregado
506038,10046,20260207,Estándar,13,26.24,Baja,78088.0,Vitacura,Entregado
506039,10149,20260117,Estándar,11,48.76,Baja,62885.0,Colina,Entregado
506040,10368,20250403,Programado,5,10.16,Alta,42199.0,Lampa,Pendiente
506041,10021,20261113,Programado,15,19.99,Alta,111103.0,Santiago,Pendiente
506042,10121,20260405,Estándar,15,29.74,Alta,133330.0,Recoleta,Entregado
506043,10342,20261004,Programado,15,20.95,Media,138898.0,La Reina,En preparación
506044,10498,20260603,Programado,3,19.82,Media,35289.0,Renca,Entregado
506045,10366,20250905,Express,13,66.27,Alta,57366.0,Ñuñoa,Entregado
506046,10493,20260625,Express,14,86.88,Urgente,165006.0,La Granja,Entregado
506047,10330,20250727,Express,6,6.76,Media,47548.0,Lampa,Entregado
506048,10180,20260205,Express,1,7.73,Alta,43895.0,Pudahuel,Cancelado
506049,10328,20260503,Estándar,8,58.8,Baja,70960.0,Independencia,Pendiente
506050,10339,20260725,Estándar,12,70.12,Media,92998.0,San Joaquín,Entregado
506051,10014,20250704,Estándar,6,20.93,Media,33344.0,Lampa,Cancelado
506052,10260,20250723,Estándar,7,29.74,Media,61047.0,Providencia,Entregado
506053,10164,20260331,Programado,9,12.56,Baja,48484.0,Maipú,Entregado
506054,10379,20251016,Express,13,70.95,Alta,113769.0,Lo Prado,Entregado
506055,10441,20250317,Express,9,23.72,Media,84442.0,Estación Central,Cancelado
506056,10299,20251018,Estándar,12,36.06,Media,83867.0,Maipú,Entregado
506057,10415,20250511,Express,4,13.08,Alta,74525.0,Buin,Entregado
506058,10097,20260810,Estándar,12,37.76,Media,66686.0,Pudahuel,Entregado
506059,10252,20250821,Express,9,13.91,Media,98030.0,Puente Alto,Entregado
506060,10037,20260321,Estándar,12,82.33,Baja,94591.0,Maipú,En ruta
506061,10267,20251018,Express,6,47.2,Media,85680.0,Pedro Aguirre Cerda,En preparación
506062,10274,20250519,Programado,6,47.27,Media,71369.0,El Bosque,En ruta
506063,10069,20250722,Express,4,9.44,Alta,49229.0,Quilicura,Entregado
506064,10264,20260803,Estándar,10,20.22,Urgente,100097.0,Recoleta,En ruta
506065,10433,20260528,Estándar,6,17.0,Baja,46017.0,Lampa,En preparación
506066,10025,20260522,Programado,7,24.82,Media,46166.0,Providencia,Entregado
506067,10300,20260601,Programado,4,4.01,Media,46190.0,Puente Alto,Entregado
506068,10309,20250427,Express,1,4.15,Urgente,27250.0,Ñuñoa,En ruta
506069,10220,20250508,Programado,15,104.03,Baja,91297.0,Colina,En preparación
506070,10072,20250722,Estándar,3,13.31,Media,38519.0,Estación Central,Entregado
506071,10098,20251227,Estándar,10,35.67,Alta,102744.0,Macul,Pendiente
506072,10042,20251008,Estándar,1,4.41,Media,35654.0,Estación Central,En preparación
506073,10242,20250609,Estándar,8,56.66,Baja,63129.0,El Bosque,Entregado
506074,10114,20250222,Express,14,85.62,Alta,150675.0,Santiago,En preparación
506075,10113,20250622,Estándar,15,17.29,Baja,44968.0,La Florida,Entregado
506076,10365,20260129,Estándar,10,75.68,Baja,88752.0,Maipú,Cancelado
506077,10421,20251219,Express,2,4.7,Alta,33336.0,Ñuñoa,En preparación
506078,10468,20260107,Estándar,7,28.43,Media,82915.0,Santiago,Entregado
506079,10072,20260301,Estándar,14,93.03,Alta,66179.0,Pudahuel,Entregado
506080,10311,20260221,Express,7,52.88,Alta,93652.0,Huechuraba,Entregado
506081,10245,20250914,Estándar,10,17.75,Media,52370.0,Santiago,Entregado
506082,10333,20261215,Express,5,25.88,Alta,55985.0,Huechuraba,En ruta
506083,10054,20260809,Estándar,3,10.6,Alta,35080.0,Lo Prado,Entregado
506084,10498,20261225,Express,6,36.39,Media,78575.0,Santiago,Entregado
506085,10092,20251211,Programado,6,38.11,Baja,52520.0,Peñalolén,En ruta
506086,10437,20250427,Estándar,6,31.38,Media,50928.0,La Granja,Entregado
506087,10122,20250726,Estándar,10,49.15,Media,59431.0,San Miguel,Pendiente
506088,10356,20260815,Express,3,4.78,Alta,43659.0,San Bernardo,Cancelado
506089,10204,20260219,Estándar,6,22.3,Baja,56254.0,El Bosque,En preparación
506090,10487,20260112,Estándar,14,97.45,Media,123326.0,Huechuraba,Entregado
506091,10070,20250911,Estándar,9,19.24,Baja,77116.0,Pudahuel,En ruta
506092,10062,20250724,Express,9,39.84,Media,47966.0,Providencia,En preparación
506093,10400,20261029,Express,5,25.36,Media,37577.0,Renca,En ruta
506094,10411,20251110,Express,2,9.54,Alta,58860.0,Lampa,Pendiente
506095,10408,20260318,Express,11,48.54,Alta,61063.0,Lo Prado,Entregado
506096,10108,20250627,Express,14,29.06,Media,106296.0,Buin,Entregado
506097,10379,20250906,Express,6,40.72,Alta,70729.0,San Ramón,En preparación
506098,10085,20251101,Programado,9,39.43,Media,58170.0,Ñuñoa,Pendiente
506099,10475,20260619,Express,13,61.29,Alta,67350.0,San Joaquín,Entregado
506100,10078,20250831,Express,13,29.65,Alta,159534.0,El Bosque,Entregado
506101,10098,20260807,Estándar,3,3.71,Media,45455.0,La Cisterna,Entregado
506102,10087,20261104,Estándar,1,1.65,Media,30211.0,Maipú,Entregado
506103,10212,20260402,Estándar,3,14.54,Baja,18123.0,Cerrillos,En ruta
506104,10279,20260206,Estándar,10,54.05,Alta,47079.0,Conchalí,En ruta
506105,10393,20260516,Estándar,13,85.5,Media,94954.0,Lo Prado,Entregado
506106,10344,20250427,Estándar,6,40.7,Baja,36643.0,La Granja,En ruta
506107,10261,20260807,Estándar,14,49.03,Media,106881.0,Renca,Entregado
506108,10335,20261015,Express,15,104.52,Urgente,178828.0,Pudahuel,En preparación
506109,10158,20260207,Express,6,18.89,Alta,55237.0,Huechuraba,En ruta
506110,10073,20251122,Estándar,10,47.17,Alta,54236.0,Peñalolén,Entregado
506111,10175,20250107,Estándar,8,9.52,Baja,59658.0,Lo Prado,Pendiente
506112,10498,20260222,Estándar,15,119.9,Alta,70683.0,Lampa,Entregado
506113,10279,20260319,Estándar,6,41.9,Urgente,55161.0,San Ramón,Entregado
506114,10368,20250326,Estándar,1,2.49,Media,29557.0,Quinta Normal,En preparación
506115,10436,20250424,Express,9,71.38,Media,71276.0,La Florida,Entregado
506116,10410,20251129,Estándar,5,8.28,Media,52663.0,Puente Alto,Entregado
506117,10207,20261014,Estándar,3,18.72,Alta,26254.0,Renca,Cancelado
506118,10267,20250308,Programado,13,51.6,Baja,51468.0,Puente Alto,Entregado
506119,10377,20250716,Programado,1,4.45,Media,30562.0,Buin,Entregado
506120,10410,20251230,Estándar,4,6.74,Baja,32561.0,Recoleta,Entregado
506121,10201,20260930,Estándar,2,13.82,Media,24645.0,Lo Prado,En preparación
506122,10070,20261207,Estándar,15,103.68,Baja,141766.0,Lo Prado,Entregado
506123,10141,20251116,Estándar,8,40.39,Baja,62590.0,La Granja,Entregado
506124,10407,20250501,Express,14,103.68,Alta,158175.0,Puente Alto,Entregado
506125,10048,20250730,Estándar,9,43.45,Media,57072.0,Renca,Pendiente
506126,10223,20250529,Express,12,86.06,Alta,130066.0,Lo Prado,Entregado
506127,10132,20250414,Estándar,10,13.73,Alta,94882.0,San Miguel,Entregado
506128,10161,20260815,Express,4,8.59,Urgente,37485.0,Las Condes,Entregado
506129,10128,20250228,Estándar,14,105.8,Media,77336.0,Macul,Entregado
506130,10470,20250516,Programado,15,24.96,Media,115339.0,Cerrillos,Entregado
506131,10276,20251225,Estándar,14,53.27,Media,120858.0,Santiago,Cancelado
506132,10409,20260822,Estándar,12,95.3,Media,52408.0,Maipú,Entregado
506133,10182,20250817,Estándar,3,14.58,Media,20591.0,Independencia,En preparación
506134,10117,20261112,Estándar,10,35.36,Baja,73100.0,Colina,Pendiente
506135,10493,20261008,Estándar,9,46.59,Media,85289.0,Colina,En ruta
506136,10154,20260321,Estándar,12,87.89,Baja,102921.0,San Bernardo,Entregado
506137,10353,20260506,Express,15,83.36,Alta,99957.0,Colina,Entregado
506138,10011,20260816,Estándar,7,42.96,Media,57512.0,Pudahuel,Pendiente
506139,10120,20260526,Estándar,6,36.6,Baja,52241.0,La Granja,Entregado
506140,10109,20250227,Express,8,54.43,Media,112181.0,Huechuraba,En preparación
506141,10308,20260409,Programado,9,16.57,Media,66200.0,Peñalolén,Entregado
506142,10281,20251103,Estándar,4,21.24,Media,58858.0,Buin,En ruta
506143,10277,20250605,Express,14,81.16,Urgente,119822.0,San Bernardo,En ruta
506144,10308,20250606,Estándar,6,12.11,Media,28819.0,Recoleta,Entregado
506145,10478,20260421,Estándar,12,55.14,Media,70072.0,Ñuñoa,En preparación
506146,10190,20250910,Programado,12,26.68,Alta,87364.0,Puente Alto,Entregado
506147,10470,20250515,Estándar,10,40.87,Media,61810.0,Huechuraba,Entregado
506148,10137,20250315,Express,9,44.52,Baja,58743.0,Pedro Aguirre Cerda,Entregado
506149,10230,20250824,Estándar,1,1.6,Media,36066.0,Maipú,En preparación
506150,10494,20260802,Programado,7,47.38,Baja,53854.0,La Granja,En preparación
506151,10374,20261229,Estándar,1,1.99,Media,19671.0,Lo Barnechea,Entregado
506152,10355,20250613,Programado,1,5.61,Baja,36831.0,Maipú,En ruta
506153,10137,20261230,Express,2,5.64,Alta,44334.0,Renca,Entregado
506154,10097,20251227,Estándar,4,4.01,Baja,50478.0,Vitacura,Entregado
506155,10172,20251231,Programado,5,8.3,Media,48027.0,Quilicura,Entregado
506156,10317,20250621,Programado,11,43.9,Media,87050.0,Colina,Entregado
506157,10344,20260922,Estándar,7,40.53,Media,40141.0,Huechuraba,Entregado
506158,10486,20250506,Express,13,87.05,Media,141689.0,Peñalolén,Cancelado
506159,10077,20260906,Express,1,2.27,Alta,42035.0,Renca,Entregado
506160,10426,20250830,Express,15,98.32,Alta,92424.0,Cerrillos,Pendiente
506161,10205,20250628,Programado,9,13.22,Baja,52363.0,Santiago,Entregado
506162,10267,20260316,Programado,7,30.74,Media,69577.0,Peñalolén,En ruta
506163,10419,20260710,Estándar,6,29.49,Media,50253.0,Lo Barnechea,Entregado
506164,10196,20260321,Estándar,10,41.63,Baja,63592.0,Quinta Normal,Entregado
506165,10180,20260604,Programado,15,84.79,Baja,134653.0,San Ramón,En ruta
506166,10403,20250810,Estándar,5,16.77,Baja,47293.0,Vitacura,Entregado
506167,10346,20250319,Estándar,9,23.86,Baja,51265.0,Lo Prado,En ruta
506168,10024,20260625,Estándar,15,52.67,Media,94841.0,San Joaquín,En ruta
506169,10192,20260704,Estándar,6,26.3,Baja,35925.0,Ñuñoa,Entregado
506170,10189,20260901,Estándar,15,26.67,Alta,71207.0,Quilicura,En ruta
506171,10016,20251207,Estándar,13,97.06,Baja,119171.0,Lo Barnechea,En ruta
506172,10109,20260309,Estándar,4,11.85,Baja,37294.0,Quilicura,Cancelado
506173,10425,20250512,Estándar,13,44.08,Media,76017.0,Buin,Entregado
506174,10261,20250111,Estándar,10,22.78,Urgente,75058.0,Quinta Normal,Entregado
506175,10399,20260930,Estándar,8,21.77,Baja,43270.0,Independencia,Entregado
506176,10368,20250929,Programado,8,40.61,Baja,72943.0,La Granja,Cancelado
506177,10139,20251129,Estándar,14,42.98,Alta,80969.0,La Granja,En preparación
506178,10072,20260404,Estándar,7,16.38,Media,27188.0,La Cisterna,Entregado
506179,10383,20261222,Estándar,12,20.57,Baja,72011.0,Buin,Entregado
506180,10043,20260515,Express,7,29.64,Alta,73400.0,Lampa,Entregado
506181,10171,20251213,Express,4,15.98,Urgente,61016.0,San Ramón,En preparación
506182,10060,20250903,Estándar,2,6.28,Media,32579.0,Quilicura,Entregado
506183,10389,20260626,Express,10,43.08,Alta,102665.0,Las Condes,Entregado
506184,10463,20260518,Express,5,13.07,Media,42591.0,Pudahuel,Entregado
506185,10496,20260127,Estándar,13,14.95,Urgente,82340.0,Colina,Entregado
506186,10339,20250912,Estándar,10,39.37,Media,47219.0,Pedro Aguirre Cerda,Entregado
506187,10126,20261217,Programado,14,92.06,Media,92984.0,Vitacura,Entregado
506188,10306,20250914,Estándar,7,28.9,Baja,64990.0,Providencia,Entregado
506189,10163,20250729,Express,7,11.7,Urgente,65926.0,La Granja,Entregado
506190,10204,20250226,Estándar,3,8.45,Media,32095.0,San Bernardo,Entregado
506191,10377,20250518,Programado,9,36.6,Media,90256.0,La Cisterna,Entregado
506192,10127,20251021,Estándar,15,63.59,Alta,78315.0,Ñuñoa,Entregado
506193,10393,20260220,Programado,5,29.84,Alta,49224.0,Lo Espejo,Entregado
506194,10484,20251203,Programado,10,69.04,Media,72358.0,San Ramón,En preparación
506195,10041,20260331,Estándar,6,24.12,Media,71984.0,Peñalolén,En preparación
506196,10392,20260816,Estándar,11,26.14,Urgente,69047.0,Renca,Entregado
506197,10203,20251118,Programado,4,13.56,Baja,42994.0,La Granja,Entregado
506198,10415,20260501,Programado,15,50.35,Baja,150555.0,Peñalolén,En ruta
506199,10036,20250903,Programado,9,36.08,Baja,43695.0,San Bernardo,Entregado
506200,10451,20251113,Estándar,2,3.44,Alta,18474.0,La Florida,Entregado
506201,10390,20260115,Programado,12,28.81,Baja,65702.0,Lo Prado,Entregado
506202,10359,20250125,Programado,11,57.3,Baja,40621.0,Colina,En preparación
506203,10387,20250114,Estándar,5,10.53,Media,63943.0,Quilicura,Entregado
506204,10073,20260623,Estándar,10,51.77,Baja,91878.0,Lo Prado,En ruta
506205,10107,20261012,Express,10,76.55,Alta,94663.0,Recoleta,Entregado
506206,10323,20260825,Estándar,6,17.0,Media,41776.0,San Miguel,Entregado
506207,10113,20260302,Programado,1,7.92,Media,28755.0,Puente Alto,Cancelado
506208,10239,20251027,Estándar,8,9.84,Media,40373.0,Pedro Aguirre Cerda,En ruta
506209,10241,20250407,Estándar,4,31.58,Media,46760.0,Lo Barnechea,En ruta
506210,10131,20261022,Express,9,25.67,Alta,128767.0,San Bernardo,Entregado
506211,10466,20251223,Estándar,11,66.15,Baja,59953.0,Recoleta,En preparación
506212,10470,20261003,Estándar,3,7.53,Media,34292.0,La Granja,Entregado
506213,10452,20250612,Estándar,11,62.05,Media,66089.0,Lo Barnechea,Entregado
506214,10247,20260725,Estándar,15,115.1,Baja,67318.0,Renca,Entregado
506215,10002,20250509,Programado,6,28.82,Media,64027.0,Vitacura,Entregado
506216,10207,20260707,Express,11,35.71,Media,147393.0,Colina,En ruta
506217,10062,20260724,Estándar,2,12.5,Media,29610.0,Macul,Entregado
506218,10418,20260427,Express,6,40.18,Urgente,84033.0,Pedro Aguirre Cerda,En preparación
506219,10186,20250729,Estándar,10,66.98,Media,102604.0,Las Condes,Entregado
506220,10263,20260818,Estándar,10,75.7,Baja,45243.0,Quilicura,Entregado
506221,10471,20251201,Estándar,10,55.24,Baja,91349.0,Pedro Aguirre Cerda,Entregado
506222,10085,20250825,Estándar,4,19.55,Alta,31602.0,Macul,En preparación
506223,10055,20251113,Estándar,14,68.97,Baja,105679.0,Ñuñoa,En ruta
506224,10234,20261204,Programado,7,55.8,Baja,68716.0,San Ramón,Entregado
506225,10485,20250724,Estándar,1,2.44,Media,17692.0,Buin,Entregado
506226,10451,20250525,Estándar,9,35.58,Baja,46056.0,San Miguel,Entregado
506227,10208,20250122,Estándar,8,60.83,Media,64328.0,Maipú,En ruta
506228,10024,20260418,Programado,6,25.06,Alta,68814.0,Macul,Entregado
506229,10359,20251205,Estándar,12,32.3,Media,47475.0,El Bosque,Entregado
506230,10456,20260321,Estándar,3,10.29,Media,40384.0,Pedro Aguirre Cerda,Entregado
506231,10380,20260217,Estándar,1,5.5,Alta,19178.0,Lo Espejo,Entregado
506232,10459,20250531,Estándar,6,25.87,Alta,38844.0,San Miguel,En ruta
506233,10128,20250819,Estándar,2,4.97,Media,30977.0,La Reina,Entregado
506234,10358,20260602,Estándar,3,7.91,Media,33366.0,La Cisterna,En preparación
506235,10269,20260603,Estándar,15,104.81,Media,132808.0,Maipú,Entregado
506236,10212,20260419,Estándar,8,44.46,Media,61054.0,Conchalí,Entregado
506237,10209,20251011,Estándar,11,44.22,Baja,101563.0,Huechuraba,Entregado
506238,10107,20250202,Estándar,7,29.16,Baja,57939.0,La Cisterna,Entregado
506239,10201,20261017,Estándar,3,6.87,Media,42662.0,Renca,Entregado
506240,10092,20260320,Estándar,7,50.21,Media,62358.0,San Joaquín,Entregado
506241,10133,20250531,Estándar,15,56.25,Media,127999.0,Quinta Normal,En ruta
506242,10126,20260227,Estándar,3,13.05,Media,43991.0,Peñalolén,Entregado
506243,10231,20251216,Estándar,9,17.48,Media,48094.0,San Joaquín,En ruta
506244,10273,20261204,Programado,5,10.91,Baja,70194.0,Quinta Normal,Entregado
506245,10179,20250418,Estándar,14,108.04,Media,70185.0,San Bernardo,En ruta
506246,10413,20251215,Estándar,11,65.04,Media,94449.0,Santiago,Entregado
506247,10298,20261122,Estándar,4,4.97,Alta,47953.0,La Granja,Entregado
506248,10116,20251111,Estándar,13,15.63,Media,96423.0,Independencia,Cancelado
506249,10344,20250306,Estándar,2,6.49,Urgente,24856.0,Recoleta,En preparación
506250,10278,20260707,Estándar,2,14.55,Alta,21154.0,Macul,Entregado
506251,10426,20260702,Estándar,13,37.95,Alta,65323.0,La Florida,Entregado
506252,10137,20260526,Programado,15,52.9,Media,130800.0,Quinta Normal,Entregado
506253,10107,20260320,Estándar,1,7.96,Media,15119.0,La Granja,En preparación
506254,10339,20251208,Express,9,53.32,Urgente,91079.0,Santiago,Entregado
506255,10398,20261227,Estándar,8,30.72,Media,69994.0,Quinta Normal,Entregado
506256,10259,20250611,Programado,9,41.65,Media,66817.0,Quinta Normal,En preparación
506257,10478,20250225,Programado,4,29.08,Urgente,26044.0,Quinta Normal,Entregado
506258,10381,20250209,Estándar,7,51.4,Baja,37250.0,Quinta Normal,En ruta
506259,10050,20260325,Estándar,10,70.48,Baja,69924.0,San Miguel,Entregado
506260,10255,20250917,Estándar,10,61.46,Media,33299.0,Quilicura,En preparación
506261,10013,20261122,Estándar,15,84.02,Baja,98387.0,Pedro Aguirre Cerda,Entregado
506262,10302,20250519,Estándar,2,5.3,Baja,20675.0,Independencia,Entregado
506263,10015,20250715,Estándar,7,51.51,Media,39109.0,Cerrillos,Entregado
506264,10045,20251119,Express,9,29.57,Media,83619.0,San Miguel,Entregado
506265,10273,20261003,Programado,6,35.9,Baja,80885.0,Buin,Entregado
506266,10156,20250812,Estándar,9,46.26,Media,57917.0,La Granja,Entregado
506267,10182,20250924,Estándar,5,34.44,Alta,57792.0,Quilicura,Entregado
506268,10386,20260830,Estándar,14,89.0,Alta,112300.0,Macul,En preparación
506269,10146,20260123,Estándar,7,13.07,Alta,57285.0,Quilicura,Entregado
506270,10038,20250610,Programado,7,23.56,Baja,72594.0,Conchalí,Entregado
506271,10312,20261019,Express,3,12.71,Alta,33120.0,Lo Espejo,Entregado
506272,10244,20261116,Express,2,11.34,Alta,44681.0,Lo Prado,En preparación
506273,10116,20251217,Express,5,30.23,Alta,80093.0,Huechuraba,Entregado
506274,10016,20250613,Express,1,2.39,Alta,36651.0,La Florida,En preparación
506275,10305,20251223,Estándar,14,93.33,Baja,104612.0,Huechuraba,En preparación
506276,10321,20250711,Estándar,7,28.03,Alta,64806.0,La Reina,Cancelado
506277,10097,20260724,Estándar,12,93.3,Media,110151.0,Ñuñoa,Pendiente
506278,10039,20260311,Estándar,11,14.5,Alta,87834.0,Providencia,Entregado
506279,10040,20261014,Express,10,39.9,Urgente,50772.0,San Bernardo,Entregado
506280,10064,20260526,Express,13,93.55,Urgente,90520.0,Huechuraba,En ruta
506281,10150,20260416,Estándar,9,50.38,Baja,49277.0,Estación Central,En ruta
506282,10155,20250316,Estándar,8,55.73,Alta,50286.0,Providencia,Entregado
506283,10085,20250205,Express,15,28.39,Media,154170.0,Lo Barnechea,Entregado
506284,10116,20251218,Express,13,33.33,Urgente,139082.0,Lo Espejo,Entregado
506285,10374,20260711,Estándar,5,16.14,Media,39071.0,Las Condes,Entregado
506286,10475,20250906,Programado,1,6.48,Media,21028.0,Lo Espejo,Cancelado
506287,10468,20260502,Estándar,2,2.85,Media,14548.0,Peñalolén,En ruta
506288,10115,20260528,Estándar,4,24.98,Baja,38264.0,Santiago,En preparación
506289,10300,20250821,Estándar,6,25.56,Media,68041.0,El Bosque,Pendiente
506290,10403,20250621,Estándar,6,34.28,Media,57564.0,Lo Prado,En preparación
506291,10209,20251222,Estándar,11,23.28,Baja,86161.0,Huechuraba,Entregado
506292,10394,20260617,Express,8,12.56,Alta,92583.0,Vitacura,Cancelado
506293,10361,20250301,Estándar,7,11.39,Media,73157.0,Macul,Cancelado
506294,10348,20250115,Express,1,5.32,Baja,20161.0,San Ramón,Entregado
506295,10145,20260701,Estándar,5,36.07,Media,34070.0,Pudahuel,En ruta
506296,10262,20260707,Estándar,9,30.42,Urgente,87001.0,Estación Central,Entregado
506297,10164,20260213,Express,3,19.78,Media,56349.0,Quinta Normal,Entregado
506298,10163,20260127,Express,8,39.99,Media,98275.0,San Bernardo,En preparación
506299,10426,20250730,Estándar,10,41.32,Media,97932.0,Maipú,Entregado
506300,10396,20260127,Express,6,41.16,Alta,60049.0,Lo Espejo,Entregado
506301,10086,20260210,Estándar,15,24.7,Media,129989.0,Pedro Aguirre Cerda,Entregado
506302,10024,20261011,Estándar,11,70.43,Media,74498.0,Santiago,Entregado
506303,10015,20250225,Estándar,6,21.28,Media,58396.0,Puente Alto,Entregado
506304,10334,20250311,Estándar,13,45.19,Media,65296.0,Pudahuel,Entregado
506305,10358,20250310,Estándar,2,8.24,Alta,26624.0,Quilicura,Entregado
506306,10283,20261004,Express,1,2.2,Urgente,21245.0,Cerrillos,Pendiente
506307,10281,20260403,Estándar,15,93.13,Media,69275.0,Colina,Pendiente
506308,10279,20250509,Express,13,84.71,Urgente,153827.0,Puente Alto,Entregado
506309,10181,20250319,Express,15,55.67,Alta,172479.0,La Reina,Entregado
506310,10146,20260401,Estándar,8,39.92,Baja,62345.0,Pudahuel,Entregado
506311,10492,20260327,Estándar,9,18.1,Media,41455.0,Peñalolén,Entregado
506312,10341,20260106,Estándar,1,7.31,Media,36284.0,Ñuñoa,Entregado
506313,10367,20251019,Estándar,6,45.52,Alta,41335.0,Providencia,En ruta
506314,10140,20251031,Estándar,12,78.05,Media,70810.0,Lo Barnechea,Cancelado
506315,10339,20261017,Programado,7,46.71,Baja,66092.0,Conchalí,Entregado
506316,10396,20261222,Estándar,2,11.35,Alta,22148.0,Pedro Aguirre Cerda,Entregado
506317,10334,20260909,Estándar,5,8.39,Media,66290.0,La Florida,Entregado
506318,10294,20261025,Estándar,2,10.23,Media,35351.0,San Ramón,En ruta
506319,10046,20261123,Estándar,9,59.03,Urgente,51663.0,Pedro Aguirre Cerda,Entregado
506320,10157,20250316,Estándar,14,48.86,Media,126843.0,La Reina,En ruta
506321,10365,20251118,Estándar,7,36.6,Media,40094.0,Renca,Entregado
506322,10180,20260718,Express,9,48.85,Alta,123408.0,Maipú,En ruta
506323,10325,20260204,Estándar,13,31.29,Media,67927.0,Pedro Aguirre Cerda,Entregado
506324,10045,20250813,Estándar,14,45.88,Media,69705.0,Santiago,Entregado
506325,10230,20250720,Estándar,13,99.71,Media,118347.0,Puente Alto,Entregado
506326,10186,20260714,Programado,5,30.41,Baja,45464.0,Lo Barnechea,Entregado
506327,10414,20260930,Estándar,12,44.34,Media,100044.0,Peñalolén,Entregado
506328,10391,20260413,Estándar,8,17.45,Baja,63600.0,Recoleta,En ruta
506329,10114,20261214,Estándar,6,35.21,Baja,51012.0,Quinta Normal,Entregado
506330,10385,20260123,Estándar,6,18.62,Baja,34411.0,Maipú,Entregado
506331,10159,20250726,Estándar,2,12.4,Baja,27317.0,Lo Espejo,Entregado
506332,10077,20260118,Express,6,10.4,Baja,44153.0,Recoleta,En ruta
506333,10450,20260617,Estándar,6,8.32,Urgente,58857.0,Macul,Entregado
506334,10347,20260826,Estándar,8,57.72,Media,38407.0,San Miguel,En ruta
506335,10083,20260309,Express,5,10.6,Urgente,66366.0,Maipú,En ruta
506336,10279,20250616,Estándar,14,31.93,Baja,128258.0,Pudahuel,En preparación
506337,10462,20260510,Express,6,34.05,Urgente,84699.0,Estación Central,Entregado
506338,10272,20251117,Estándar,9,56.89,Media,49982.0,San Miguel,Entregado
506339,10395,20251211,Estándar,13,99.51,Media,89774.0,Pudahuel,En ruta
506340,10352,20250408,Estándar,15,16.21,Alta,96275.0,Puente Alto,En preparación
506341,10415,20261112,Estándar,8,16.88,Baja,45118.0,Independencia,En preparación
506342,10359,20250428,Express,2,14.08,Alta,27946.0,Puente Alto,Entregado
506343,10175,20251015,Express,7,41.87,Baja,77080.0,Pedro Aguirre Cerda,Entregado
506344,10093,20260403,Estándar,9,53.96,Baja,79041.0,Lo Prado,Entregado
506345,10325,20250227,Estándar,8,21.54,Media,70131.0,Conchalí,Entregado
506346,10453,20250512,Express,9,59.73,Urgente,61503.0,Colina,Entregado
506347,10023,20260220,Estándar,2,4.02,Alta,33633.0,Cerrillos,En ruta
506348,10347,20250925,Express,1,7.65,Urgente,27396.0,Peñalolén,Entregado
506349,10466,20260107,Programado,9,13.92,Alta,75356.0,Quilicura,En preparación
506350,10237,20260111,Programado,6,39.4,Baja,41054.0,La Granja,Entregado
506351,10182,20250822,Estándar,5,6.83,Media,28824.0,La Reina,Entregado
506352,10192,20250518,Estándar,14,32.8,Media,53531.0,Santiago,Entregado
506353,10140,20250405,Estándar,8,18.35,Baja,58851.0,Lo Barnechea,Pendiente
506354,10308,20251015,Estándar,11,67.53,Media,96222.0,Buin,En ruta
506355,10219,20251116,Estándar,9,62.07,Media,89419.0,San Bernardo,Entregado
506356,10413,20251211,Express,11,30.39,Urgente,86349.0,Lo Espejo,Entregado
506357,10474,20260105,Express,1,2.7,Media,35200.0,Quilicura,En ruta
506358,10391,20261207,Express,10,37.48,Media,67443.0,Huechuraba,Entregado
506359,10033,20251022,Estándar,9,56.12,Media,60154.0,San Joaquín,Entregado
506360,10422,20260515,Estándar,6,37.64,Alta,38213.0,Santiago,Entregado
506361,10082,20250706,Estándar,14,43.46,Media,62558.0,Lo Espejo,Pendiente
506362,10344,20250712,Express,8,16.78,Media,93861.0,Pedro Aguirre Cerda,Entregado
506363,10188,20260813,Estándar,1,3.72,Baja,12366.0,Independencia,Entregado
506364,10399,20261218,Estándar,1,5.62,Media,31783.0,Lampa,En ruta
506365,10063,20250807,Estándar,1,3.9,Media,16419.0,Lo Espejo,Pendiente
506366,10424,20251225,Programado,14,65.49,Media,76164.0,La Reina,Entregado
506367,10246,20250303,Estándar,13,56.45,Alta,66690.0,Quilicura,Entregado
506368,10110,20250912,Estándar,15,29.49,Alta,115055.0,Pedro Aguirre Cerda,Entregado
506369,10202,20260113,Estándar,6,26.12,Alta,40902.0,Conchalí,Entregado
506370,10236,20260606,Estándar,11,41.49,Media,70863.0,La Reina,Entregado
506371,10374,20250322,Express,5,11.99,Media,87414.0,Lo Espejo,En ruta
506372,10395,20250313,Express,9,17.49,Urgente,106740.0,Lo Espejo,Entregado
506373,10454,20260821,Programado,5,33.84,Media,58777.0,Pudahuel,En ruta
506374,10464,20260116,Express,4,31.75,Alta,57271.0,Renca,Entregado
506375,10362,20261007,Estándar,7,45.77,Media,43975.0,Peñalolén,En ruta
506376,10033,20260513,Programado,7,39.65,Media,48758.0,Buin,Entregado
506377,10211,20261120,Estándar,9,69.28,Alta,56967.0,Independencia,Entregado
506378,10374,20260403,Express,2,10.33,Urgente,38669.0,Peñalolén,Cancelado
506379,10157,20250707,Estándar,1,7.97,Alta,26189.0,Pedro Aguirre Cerda,Entregado
506380,10142,20261215,Express,1,1.29,Urgente,25136.0,La Florida,En ruta
506381,10305,20251023,Express,5,17.36,Media,42636.0,Las Condes,En preparación
506382,10034,20260807,Estándar,11,37.77,Baja,87621.0,Pudahuel,Entregado
506383,10329,20260809,Estándar,1,4.05,Alta,32591.0,Las Condes,Entregado
506384,10467,20251229,Estándar,12,69.57,Media,86165.0,La Granja,En preparación
506385,10073,20260501,Estándar,9,10.33,Baja,52767.0,Quilicura,En ruta
506386,10108,20260708,Estándar,10,32.38,Media,77108.0,Independencia,En ruta
506387,10010,20260912,Estándar,15,85.41,Media,49113.0,Estación Central,En ruta
506388,10077,20250402,Express,11,24.71,Alta,83547.0,Peñalolén,En preparación
506389,10183,20260315,Programado,1,7.87,Alta,30969.0,San Bernardo,En ruta
506390,10061,20250318,Estándar,15,45.65,Media,127525.0,Quinta Normal,Entregado
506391,10186,20261005,Estándar,15,43.26,Media,65329.0,Providencia,En preparación
506392,10103,20260813,Express,5,32.26,Baja,58663.0,Independencia,Entregado
506393,10024,20260828,Estándar,4,19.01,Alta,49181.0,Lo Barnechea,Entregado
506394,10265,20261019,Estándar,5,39.68,Baja,54240.0,Recoleta,Entregado
506395,10160,20260217,Programado,3,14.83,Media,32060.0,Macul,Entregado
506396,10283,20250325,Express,8,17.82,Urgente,101141.0,Estación Central,Entregado
506397,10149,20260122,Estándar,3,17.69,Media,29369.0,Recoleta,Entregado
506398,10247,20260618,Estándar,7,33.79,Alta,42109.0,Santiago,Entregado
506399,10423,20260303,Estándar,3,18.76,Media,18809.0,Huechuraba,Entregado
506400,10223,20251005,Estándar,13,42.83,Media,80346.0,Huechuraba,Entregado
506401,10435,20260218,Estándar,1,3.5,Media,14974.0,San Ramón,Entregado
506402,10104,20251112,Estándar,12,53.57,Alta,59731.0,Puente Alto,Entregado
506403,10452,20260906,Express,5,22.36,Urgente,53217.0,San Miguel,Entregado
506404,10316,20250303,Estándar,11,17.12,Media,64319.0,Renca,En ruta
506405,10356,20250413,Estándar,13,20.03,Baja,83280.0,Pedro Aguirre Cerda,Entregado
506406,10161,20250704,Estándar,9,55.79,Media,62486.0,Independencia,Entregado
506407,10441,20250810,Estándar,11,23.61,Media,69404.0,Quilicura,Entregado
506408,10276,20250625,Estándar,5,9.78,Baja,31312.0,Conchalí,Entregado
506409,10278,20260613,Programado,11,76.89,Baja,39510.0,San Bernardo,Entregado
506410,10249,20250320,Express,10,69.5,Alta,93536.0,San Ramón,En preparación
506411,10034,20250106,Estándar,8,16.31,Media,40357.0,Macul,Entregado
506412,10103,20260426,Programado,9,14.63,Baja,66745.0,San Bernardo,En preparación
506413,10288,20250915,Express,11,12.78,Urgente,72382.0,Lo Espejo,Entregado
506414,10203,20251005,Express,13,69.05,Alta,142771.0,Buin,Entregado
506415,10402,20260812,Estándar,5,24.42,Media,36245.0,San Bernardo,Entregado
506416,10318,20260512,Estándar,5,15.1,Media,52051.0,La Granja,Cancelado
506417,10073,20251219,Express,7,43.84,Urgente,88202.0,Lo Prado,Entregado
506418,10384,20251209,Express,15,19.29,Media,81512.0,Providencia,En preparación
506419,10202,20260301,Programado,9,48.37,Baja,61490.0,Pedro Aguirre Cerda,En preparación
506420,10248,20260622,Programado,6,24.98,Media,64757.0,Macul,En ruta
506421,10088,20250813,Estándar,8,37.65,Media,65990.0,San Miguel,Entregado
506422,10208,20261213,Estándar,8,34.98,Media,39062.0,Vitacura,Entregado
506423,10008,20250122,Estándar,8,10.23,Media,70498.0,Pedro Aguirre Cerda,Pendiente
506424,10363,20251011,Programado,9,49.35,Media,66075.0,Recoleta,En ruta
506425,10293,20260209,Estándar,5,24.67,Media,58367.0,Lo Prado,Entregado
506426,10483,20250623,Estándar,12,88.17,Alta,70039.0,La Florida,En ruta
506427,10271,20260914,Estándar,6,27.19,Baja,53154.0,Pudahuel,En preparación
506428,10154,20260805,Express,5,10.4,Urgente,73094.0,Providencia,En ruta
506429,10034,20261224,Express,15,104.63,Alta,154763.0,Lo Espejo,Entregado
506430,10020,20260316,Programado,4,31.14,Baja,39657.0,Lo Prado,Entregado
506431,10142,20260312,Programado,11,29.45,Baja,45742.0,Recoleta,En ruta
506432,10089,20260612,Express,13,103.81,Urgente,152616.0,Estación Central,Entregado
506433,10202,20261216,Express,2,9.36,Media,40129.0,Colina,En ruta
506434,10136,20260311,Estándar,8,43.46,Baja,33104.0,Lo Prado,Entregado
506435,10039,20261202,Estándar,6,38.57,Baja,25577.0,Las Condes,En ruta
506436,10356,20260126,Estándar,6,20.76,Baja,40386.0,Cerrillos,En ruta
506437,10326,20250830,Estándar,7,30.83,Media,38806.0,Quilicura,Entregado
506438,10037,20260708,Express,14,92.85,Urgente,122652.0,Pedro Aguirre Cerda,Entregado
506439,10104,20260107,Programado,5,18.12,Baja,47660.0,Cerrillos,Entregado
506440,10132,20261002,Estándar,11,63.7,Media,93123.0,Lo Espejo,Entregado
506441,10144,20250919,Estándar,1,3.97,Urgente,25468.0,Lampa,Entregado
506442,10379,20260804,Estándar,8,30.65,Media,46200.0,Conchalí,Entregado
506443,10065,20260224,Programado,8,33.33,Alta,79009.0,Providencia,En ruta
506444,10194,20260222,Estándar,12,52.93,Media,77357.0,San Joaquín,En preparación
506445,10375,20260811,Programado,5,34.24,Media,29236.0,Pedro Aguirre Cerda,Entregado
506446,10044,20260908,Estándar,9,20.94,Media,40012.0,Peñalolén,Entregado
506447,10367,20251106,Express,6,31.83,Media,93154.0,Lampa,En preparación
506448,10416,20250720,Estándar,13,86.07,Media,88595.0,Peñalolén,Entregado
506449,10348,20250627,Estándar,7,8.32,Media,62311.0,Ñuñoa,Entregado
506450,10091,20250419,Estándar,1,4.35,Media,24306.0,La Reina,Entregado
506451,10012,20260508,Programado,15,33.16,Media,79805.0,Peñalolén,Entregado
506452,10097,20250519,Estándar,8,36.94,Media,82231.0,Recoleta,En ruta
506453,10239,20251226,Estándar,8,37.36,Media,40452.0,Lampa,En preparación
506454,10331,20261222,Estándar,5,10.68,Media,60067.0,Pedro Aguirre Cerda,Entregado
506455,10053,20250919,Estándar,9,28.61,Media,45269.0,Colina,Pendiente
506456,10049,20260527,Programado,4,18.24,Urgente,41589.0,La Granja,Entregado
506457,10230,20250827,Estándar,8,23.45,Baja,70622.0,Buin,Entregado
506458,10474,20260903,Estándar,12,57.44,Alta,86078.0,Peñalolén,Cancelado
506459,10064,20250608,Estándar,3,9.78,Urgente,42894.0,San Miguel,Entregado
506460,10486,20261109,Express,15,31.31,Alta,86797.0,Independencia,Entregado
506461,10370,20251225,Express,15,52.99,Media,168057.0,Pudahuel,Entregado
506462,10014,20261013,Estándar,15,90.56,Baja,52944.0,Puente Alto,Entregado
506463,10212,20250917,Estándar,11,85.11,Media,80875.0,Peñalolén,Entregado
506464,10056,20251218,Express,15,71.79,Urgente,144241.0,Vitacura,En preparación
506465,10013,20250726,Estándar,11,25.92,Urgente,104850.0,Lampa,En preparación
506466,10024,20260807,Programado,14,21.26,Baja,62681.0,La Florida,Entregado
506467,10413,20260718,Estándar,5,18.97,Media,49446.0,San Bernardo,En ruta
506468,10010,20250612,Estándar,9,60.99,Media,91303.0,Providencia,Entregado
506469,10269,20250906,Estándar,5,36.07,Media,39165.0,Cerrillos,Entregado
506470,10428,20260604,Estándar,7,44.06,Media,59747.0,San Joaquín,Entregado
506471,10405,20250501,Express,7,49.74,Alta,93543.0,Quinta Normal,Entregado
506472,10186,20250707,Estándar,12,18.97,Baja,58274.0,Maipú,Entregado
506473,10223,20250614,Estándar,12,29.32,Media,64463.0,Lampa,Entregado
506474,10309,20250910,Estándar,13,62.39,Media,50563.0,Quilicura,Entregado
506475,10254,20250621,Estándar,12,27.28,Baja,112464.0,San Bernardo,Entregado
506476,10327,20260730,Estándar,5,30.81,Media,52216.0,Estación Central,Pendiente
506477,10390,20250816,Express,11,80.16,Alta,132322.0,San Ramón,Entregado
506478,10002,20260525,Estándar,10,78.93,Media,69541.0,Santiago,Entregado
506479,10037,20261016,Estándar,1,6.87,Baja,26192.0,Cerrillos,En preparación
506480,10117,20261211,Estándar,10,10.95,Media,54126.0,San Joaquín,En preparación
506481,10489,20260523,Estándar,6,19.97,Alta,65224.0,La Cisterna,Entregado
506482,10433,20251018,Programado,6,14.86,Media,46684.0,Recoleta,Entregado
506483,10281,20261122,Estándar,2,13.25,Media,27206.0,La Cisterna,Entregado
506484,10491,20250626,Express,2,6.32,Alta,41630.0,Estación Central,Entregado
506485,10323,20260905,Estándar,7,31.16,Media,63772.0,Maipú,Entregado
506486,10457,20251106,Estándar,5,17.93,Alta,37861.0,Quilicura,Entregado
506487,10095,20260613,Express,2,3.12,Urgente,24409.0,El Bosque,Entregado
506488,10350,20260606,Estándar,15,45.32,Baja,62788.0,Lo Espejo,Entregado
506489,10024,20260104,Estándar,12,92.4,Media,71225.0,Las Condes,Entregado
506490,10308,20260808,Estándar,5,16.05,Baja,46988.0,Lo Barnechea,Entregado
506491,10107,20250605,Estándar,2,8.93,Alta,17857.0,La Reina,En preparación
506492,10434,20250226,Estándar,12,16.37,Baja,56364.0,La Cisterna,Entregado
506493,10432,20250508,Estándar,1,3.55,Baja,18779.0,San Ramón,En preparación
506494,10452,20260910,Programado,9,68.14,Media,74411.0,Quilicura,Entregado
506495,10300,20250505,Estándar,8,27.1,Media,41428.0,Puente Alto,Entregado
506496,10316,20251012,Express,12,27.54,Alta,78932.0,Huechuraba,Pendiente
506497,10055,20250426,Estándar,5,18.3,Media,45671.0,San Joaquín,Entregado
506498,10064,20250818,Express,10,19.68,Urgente,78760.0,Lo Espejo,Entregado
506499,10461,20250923,Estándar,3,7.85,Media,24129.0,Macul,Entregado
506500,10066,20250418,Estándar,12,89.9,Media,121906.0,Santiago,En preparación
506501,10070,20250416,Estándar,14,29.66,Media,44343.0,La Reina,Entregado
506502,10267,20260523,Express,14,45.74,Urgente,64997.0,Macul,Entregado
506503,10307,20260314,Express,13,47.22,Media,149411.0,Vitacura,Entregado
506504,10466,20251203,Estándar,8,56.96,Media,81841.0,La Granja,Entregado
506505,10006,20251002,Estándar,11,50.88,Alta,41538.0,La Cisterna,Entregado
506506,10160,20261212,Programado,6,19.2,Baja,56004.0,La Cisterna,Entregado
506507,10423,20260618,Estándar,6,39.28,Baja,32407.0,Lo Barnechea,Entregado
506508,10068,20260622,Express,10,13.64,Alta,122560.0,Providencia,Cancelado
506509,10491,20260525,Estándar,14,108.01,Baja,76253.0,Las Condes,En ruta
506510,10154,20260803,Estándar,1,6.98,Media,35686.0,Independencia,Pendiente
506511,10267,20250303,Estándar,6,9.38,Media,69210.0,Providencia,Entregado
506512,10057,20260814,Estándar,5,22.83,Alta,45516.0,San Ramón,Entregado
506513,10057,20260508,Estándar,1,3.82,Baja,11729.0,Lo Barnechea,Entregado
506514,10322,20250718,Programado,2,6.86,Baja,34219.0,Lo Barnechea,Entregado
506515,10084,20261028,Express,11,46.46,Urgente,85528.0,Quinta Normal,En preparación
506516,10027,20251122,Express,11,35.91,Urgente,147672.0,Maipú,Entregado
506517,10151,20260522,Estándar,9,21.49,Baja,43542.0,San Ramón,Entregado
506518,10110,20250504,Express,4,30.65,Alta,50150.0,Puente Alto,En ruta
506519,10324,20260815,Estándar,6,39.09,Alta,44288.0,Macul,En ruta
506520,10229,20250912,Estándar,7,35.02,Media,46273.0,Conchalí,Entregado
506521,10392,20250523,Estándar,11,67.68,Media,86854.0,Pedro Aguirre Cerda,Entregado
506522,10242,20260202,Express,13,69.05,Alta,132156.0,Pedro Aguirre Cerda,Entregado
506523,10379,20250616,Express,8,8.89,Urgente,65995.0,Ñuñoa,Entregado
506524,10198,20250402,Estándar,8,50.51,Alta,30253.0,La Reina,Cancelado
506525,10301,20261025,Estándar,13,49.55,Baja,113390.0,La Granja,Entregado
506526,10084,20261225,Estándar,12,34.72,Alta,52996.0,Maipú,Entregado
506527,10456,20250526,Estándar,10,56.62,Media,87722.0,La Cisterna,Entregado
506528,10053,20260316,Estándar,10,60.19,Baja,98100.0,Independencia,Entregado
506529,10385,20260228,Programado,14,56.59,Media,51161.0,Maipú,En preparación
506530,10165,20260105,Express,9,36.51,Alta,108274.0,Estación Central,Entregado
506531,10277,20250307,Express,8,22.42,Urgente,108753.0,Santiago,Entregado
506532,10073,20250304,Express,7,30.31,Media,75830.0,Estación Central,Pendiente
506533,10246,20260412,Express,14,72.83,Alta,85779.0,Quinta Normal,En preparación
506534,10471,20260222,Estándar,5,8.45,Media,55144.0,Recoleta,En ruta
506535,10161,20250904,Programado,3,17.32,Media,21707.0,Lo Barnechea,Entregado
506536,10281,20260811,Estándar,8,38.92,Alta,85861.0,Lo Prado,Entregado
506537,10494,20250712,Estándar,11,54.92,Media,74189.0,Vitacura,Entregado
506538,10381,20260415,Estándar,11,63.68,Alta,73589.0,Macul,Entregado
506539,10292,20250131,Express,7,51.23,Alta,89359.0,Recoleta,Entregado
506540,10123,20251122,Programado,2,13.23,Media,36842.0,Providencia,En ruta
506541,10342,20260402,Estándar,11,64.4,Media,103473.0,Cerrillos,Entregado
506542,10172,20260922,Programado,14,50.53,Baja,105844.0,Colina,Entregado
506543,10250,20251221,Estándar,1,2.36,Media,33321.0,San Bernardo,Entregado
506544,10381,20260720,Estándar,10,38.29,Media,53632.0,Huechuraba,En ruta
506545,10355,20251210,Express,6,10.0,Urgente,74790.0,La Cisterna,Entregado
506546,10390,20250601,Estándar,13,53.87,Media,85062.0,Lo Barnechea,En preparación
506547,10039,20250328,Estándar,8,57.19,Media,29057.0,Buin,Entregado
506548,10082,20250814,Express,10,79.63,Urgente,96759.0,La Cisterna,Entregado
506549,10224,20261024,Estándar,8,37.13,Baja,72840.0,Huechuraba,En ruta
506550,10065,20260531,Estándar,8,9.94,Alta,46205.0,La Cisterna,Entregado
506551,10275,20251215,Estándar,11,41.17,Media,38339.0,La Florida,Entregado
506552,10153,20250530,Programado,8,64.0,Media,61438.0,Recoleta,Entregado
506553,10300,20251211,Estándar,13,47.39,Alta,93014.0,Pedro Aguirre Cerda,Entregado
506554,10388,20251209,Estándar,8,60.94,Alta,53418.0,Santiago,Entregado
506555,10320,20251125,Express,9,17.36,Alta,83988.0,El Bosque,Entregado
506556,10029,20261106,Estándar,10,59.09,Media,87919.0,Recoleta,Entregado
506557,10057,20250226,Express,7,25.42,Urgente,59854.0,La Florida,Entregado
506558,10394,20250326,Estándar,14,67.65,Alta,79781.0,Lampa,Entregado
506559,10102,20260426,Estándar,7,17.86,Media,52196.0,La Florida,En ruta
506560,10399,20250705,Estándar,8,14.7,Media,46201.0,San Bernardo,Entregado
506561,10109,20250516,Estándar,3,17.1,Media,28063.0,Independencia,Entregado
506562,10472,20260418,Estándar,9,17.09,Baja,65571.0,La Reina,Entregado
506563,10421,20250305,Estándar,10,79.0,Baja,104303.0,Puente Alto,Entregado
506564,10160,20260606,Express,7,21.55,Urgente,91419.0,Conchalí,Entregado
506565,10499,20261221,Express,5,34.62,Alta,62888.0,San Ramón,En preparación
506566,10222,20260324,Estándar,12,28.9,Baja,95001.0,Pudahuel,Entregado
506567,10213,20250801,Estándar,1,1.76,Alta,29038.0,Santiago,Entregado
506568,10085,20251219,Estándar,5,31.25,Baja,54018.0,Lo Prado,Entregado
506569,10100,20260313,Programado,2,14.15,Alta,44114.0,Cerrillos,Entregado
506570,10406,20260823,Express,10,13.55,Alta,126409.0,San Bernardo,Entregado
506571,10386,20250121,Estándar,12,33.58,Baja,66355.0,Quinta Normal,Entregado
506572,10197,20250504,Programado,9,67.1,Baja,58055.0,Santiago,En preparación
506573,10170,20250113,Estándar,3,6.55,Media,32785.0,Buin,Entregado
506574,10292,20260819,Estándar,4,18.71,Media,29394.0,Providencia,Entregado
506575,10395,20260101,Estándar,6,47.0,Baja,36139.0,La Cisterna,Entregado
506576,10146,20250723,Estándar,13,49.69,Baja,72213.0,El Bosque,En preparación
506577,10222,20250513,Estándar,2,5.42,Baja,24664.0,Lampa,Entregado
506578,10436,20260623,Estándar,2,10.14,Baja,39406.0,Conchalí,Entregado
506579,10186,20260428,Programado,2,10.31,Media,26486.0,Buin,En ruta
506580,10469,20260218,Estándar,9,37.61,Media,43556.0,Estación Central,En ruta
506581,10178,20260528,Estándar,6,26.47,Baja,34576.0,Providencia,En ruta
506582,10112,20261113,Express,5,22.06,Urgente,54960.0,Lampa,En preparación
506583,10411,20261026,Programado,3,16.1,Alta,45789.0,Puente Alto,En ruta
506584,10383,20260615,Estándar,7,30.64,Media,64984.0,Lo Barnechea,Entregado
506585,10094,20250313,Estándar,8,22.05,Media,41079.0,Lo Espejo,Entregado
506586,10259,20250519,Estándar,9,65.65,Media,77625.0,Ñuñoa,Entregado
506587,10288,20260130,Programado,10,36.9,Media,52624.0,Huechuraba,En preparación
506588,10418,20260424,Programado,12,33.63,Media,73626.0,Ñuñoa,En ruta
506589,10022,20260503,Programado,6,44.03,Baja,77420.0,La Cisterna,Entregado
506590,10183,20260629,Estándar,11,65.01,Baja,89533.0,Lampa,Entregado
506591,10145,20261117,Express,4,21.85,Alta,62270.0,Colina,Entregado
506592,10331,20260408,Estándar,11,49.72,Alta,90366.0,Peñalolén,Entregado
506593,10176,20250724,Estándar,6,40.63,Baja,55365.0,Quilicura,Cancelado
506594,10497,20261231,Estándar,2,15.83,Urgente,30647.0,Providencia,Entregado
506595,10495,20250820,Estándar,5,38.39,Alta,49620.0,Huechuraba,Pendiente
506596,10120,20250419,Estándar,15,79.54,Baja,116239.0,La Florida,Entregado
506597,10363,20250828,Express,13,58.58,Urgente,89770.0,Buin,Entregado
506598,10364,20251117,Estándar,12,48.75,Media,103000.0,La Florida,En preparación
506599,10005,20260425,Estándar,3,16.84,Media,43091.0,La Reina,En ruta
506600,10435,20250521,Programado,4,27.36,Baja,37187.0,Huechuraba,Entregado
506601,10281,20261019,Express,5,13.79,Urgente,73818.0,Quilicura,En preparación
506602,10163,20260605,Estándar,5,16.54,Alta,40692.0,San Joaquín,Entregado
506603,10465,20260810,Estándar,12,93.91,Media,112105.0,Lo Barnechea,Entregado
506604,10280,20250619,Express,1,2.78,Alta,33550.0,Maipú,Entregado
506605,10208,20260417,Programado,4,10.05,Media,39612.0,Quinta Normal,Entregado
506606,10254,20260129,Programado,6,21.49,Baja,44807.0,Macul,Entregado
506607,10442,20260930,Programado,12,46.51,Alta,79440.0,Recoleta,Pendiente
506608,10107,20260510,Estándar,3,15.05,Media,43247.0,El Bosque,En ruta
506609,10372,20260508,Express,1,2.08,Alta,40759.0,Puente Alto,En ruta
506610,10485,20261116,Estándar,2,12.47,Baja,31117.0,Puente Alto,Entregado
506611,10057,20261004,Programado,15,86.34,Alta,74229.0,San Bernardo,Entregado
506612,10281,20250824,Express,11,65.41,Alta,137998.0,Renca,Entregado
506613,10104,20261030,Estándar,6,22.81,Baja,23136.0,Estación Central,En ruta
506614,10313,20251109,Express,9,67.34,Urgente,120392.0,Colina,En ruta
506615,10231,20260914,Programado,2,10.19,Baja,33663.0,Lo Espejo,Entregado
506616,10292,20260829,Programado,6,30.67,Urgente,60900.0,Providencia,Entregado
506617,10343,20261210,Estándar,6,45.9,Alta,34689.0,Quilicura,Entregado
506618,10407,20260311,Programado,7,28.59,Baja,81354.0,El Bosque,Entregado
506619,10129,20261021,Express,15,40.82,Urgente,175882.0,Las Condes,Entregado
506620,10104,20250510,Estándar,5,14.05,Media,27526.0,Lo Barnechea,En ruta
506621,10035,20260516,Estándar,7,35.17,Media,84112.0,Recoleta,Entregado
506622,10237,20261108,Estándar,13,30.12,Media,70346.0,Renca,Entregado
506623,10458,20260622,Estándar,11,29.77,Baja,97408.0,La Granja,Entregado
506624,10076,20260420,Programado,4,22.88,Baja,38185.0,Vitacura,En ruta
506625,10102,20260726,Estándar,12,51.81,Baja,103233.0,Independencia,Cancelado
506626,10293,20260403,Estándar,10,26.91,Media,49176.0,La Florida,Entregado
506627,10364,20261014,Estándar,4,10.73,Alta,37409.0,Lo Prado,En preparación
506628,10121,20260515,Programado,9,54.3,Media,97220.0,La Reina,Entregado
506629,10152,20250307,Estándar,2,12.44,Media,25287.0,Buin,En ruta
506630,10194,20260110,Estándar,9,13.84,Baja,86908.0,Lampa,Entregado
506631,10285,20260726,Estándar,14,47.74,Media,78604.0,Quilicura,Entregado
506632,10202,20250814,Estándar,4,7.34,Media,44563.0,Vitacura,Pendiente
506633,10034,20260528,Estándar,1,4.57,Baja,26970.0,San Miguel,Entregado
506634,10289,20250802,Estándar,11,32.75,Media,42540.0,San Ramón,Entregado
506635,10258,20261215,Estándar,5,8.12,Media,54691.0,Vitacura,Entregado
506636,10390,20251201,Express,7,13.42,Media,67269.0,San Ramón,Entregado
506637,10267,20260718,Estándar,11,37.77,Baja,47655.0,Buin,Entregado
506638,10200,20261119,Programado,15,28.22,Media,156347.0,Estación Central,Pendiente
506639,10010,20250601,Estándar,11,56.41,Media,56604.0,Quinta Normal,En preparación
506640,10100,20261004,Express,12,48.37,Media,94276.0,Quilicura,En ruta
506641,10157,20260918,Express,2,4.25,Urgente,49419.0,Renca,En ruta
506642,10246,20251115,Express,14,76.89,Alta,112161.0,Renca,Pendiente
506643,10378,20260323,Express,5,30.52,Alta,44574.0,Quilicura,Entregado
506644,10085,20251220,Programado,12,85.45,Media,127357.0,Las Condes,Entregado
506645,10489,20250820,Estándar,8,49.74,Media,52977.0,Lampa,Entregado
506646,10276,20250218,Estándar,9,58.02,Media,67028.0,Independencia,Entregado
506647,10274,20260205,Estándar,7,25.53,Baja,54982.0,San Bernardo,Entregado
506648,10020,20260213,Estándar,6,13.93,Media,54851.0,Estación Central,Entregado
506649,10027,20260421,Programado,3,13.24,Urgente,36756.0,Macul,Entregado
506650,10239,20261107,Estándar,12,29.24,Baja,59945.0,La Granja,Entregado
506651,10432,20260404,Estándar,8,47.44,Media,39175.0,Puente Alto,En preparación
506652,10025,20260709,Estándar,7,20.36,Media,48988.0,Pudahuel,En preparación
506653,10425,20250316,Express,15,106.92,Alta,161865.0,San Ramón,Entregado
506654,10395,20250511,Express,8,49.67,Alta,77331.0,Quilicura,Entregado
506655,10003,20251014,Express,9,32.5,Urgente,115397.0,Lo Prado,Entregado
506656,10109,20250809,Programado,11,41.34,Media,106713.0,Buin,Entregado
506657,10105,20260326,Estándar,6,7.53,Baja,69286.0,La Florida,Entregado
506658,10102,20251017,Express,7,39.4,Urgente,101012.0,Vitacura,Cancelado
506659,10130,20260616,Estándar,12,68.08,Media,57113.0,Providencia,Entregado
506660,10473,20260602,Estándar,14,99.36,Alta,88091.0,San Miguel,Entregado
506661,10112,20260302,Estándar,3,19.37,Alta,36445.0,Maipú,Entregado
506662,10128,20261122,Estándar,15,86.58,Media,106181.0,Buin,Entregado
506663,10298,20261231,Estándar,6,19.8,Media,58381.0,Quinta Normal,Entregado
506664,10408,20250403,Express,3,13.75,Alta,57737.0,Pudahuel,En ruta
506665,10314,20260714,Estándar,10,25.48,Media,53798.0,La Florida,En ruta
506666,10068,20251116,Express,15,76.25,Alta,99222.0,La Cisterna,Entregado
506667,10419,20260821,Programado,14,58.64,Media,71632.0,Lo Prado,Entregado
506668,10228,20251211,Express,3,13.44,Urgente,43139.0,San Joaquín,Entregado
506669,10013,20250607,Express,1,1.16,Alta,48377.0,Quinta Normal,Entregado
506670,10413,20251230,Estándar,15,112.83,Media,108488.0,San Joaquín,Entregado
506671,10208,20260621,Estándar,12,73.97,Baja,85717.0,El Bosque,Entregado
506672,10292,20260731,Estándar,5,38.48,Alta,56752.0,La Granja,En ruta
506673,10341,20251004,Estándar,4,30.66,Alta,52352.0,Puente Alto,Entregado
506674,10325,20250101,Estándar,6,47.23,Alta,37092.0,Lo Prado,Entregado
506675,10166,20261015,Estándar,4,7.1,Urgente,40265.0,San Bernardo,En ruta
506676,10065,20260811,Estándar,3,5.91,Baja,22536.0,Quinta Normal,Entregado
506677,10075,20250218,Express,9,41.79,Urgente,126371.0,San Miguel,Pendiente
506678,10224,20260905,Estándar,3,14.17,Media,31699.0,Conchalí,En ruta
506679,10186,20261027,Estándar,15,42.15,Urgente,93267.0,La Reina,Entregado
506680,10446,20250809,Estándar,12,58.93,Baja,110225.0,San Miguel,Cancelado
506681,10080,20251127,Express,6,17.94,Urgente,56221.0,Macul,Entregado
506682,10147,20250319,Express,9,17.97,Alta,57244.0,Recoleta,En preparación
506683,10465,20250513,Estándar,11,50.61,Media,63695.0,La Florida,Entregado
506684,10274,20250120,Express,6,22.31,Alta,42592.0,Santiago,Entregado
506685,10286,20250705,Estándar,11,70.68,Urgente,99476.0,Cerrillos,En ruta
506686,10494,20250106,Estándar,8,41.56,Alta,63044.0,Lo Prado,En preparación
506687,10491,20260613,Estándar,14,106.62,Alta,134917.0,Lo Espejo,Entregado
506688,10001,20260710,Express,8,62.23,Urgente,64652.0,Estación Central,En ruta
506689,10034,20251006,Estándar,2,8.61,Media,34677.0,Quinta Normal,En preparación
506690,10088,20260527,Estándar,3,15.09,Media,35579.0,Quinta Normal,En preparación
506691,10154,20250715,Estándar,1,1.34,Media,18423.0,Maipú,En ruta
506692,10240,20260930,Estándar,6,41.09,Media,53369.0,La Reina,En ruta
506693,10343,20260828,Estándar,15,113.05,Media,61155.0,La Florida,Entregado
506694,10282,20260727,Programado,9,39.31,Baja,37489.0,San Miguel,Entregado
506695,10185,20251026,Programado,11,17.36,Baja,37866.0,Lo Prado,En ruta
506696,10443,20260702,Estándar,10,10.12,Baja,76003.0,Recoleta,En ruta
506697,10369,20260723,Express,4,19.75,Alta,57596.0,Lo Espejo,Entregado
506698,10481,20260822,Estándar,5,17.37,Alta,30007.0,Conchalí,Pendiente
506699,10290,20250411,Estándar,1,7.13,Media,32900.0,Cerrillos,Entregado
506700,10155,20260915,Express,6,13.08,Media,54903.0,Lo Prado,Entregado
506701,10173,20250404,Express,13,76.23,Alta,100813.0,Ñuñoa,Cancelado
506702,10040,20250527,Programado,14,90.58,Baja,107527.0,Vitacura,En ruta
506703,10075,20251016,Estándar,10,56.48,Baja,46997.0,Pedro Aguirre Cerda,Entregado
506704,10141,20261129,Estándar,5,16.81,Alta,50318.0,Puente Alto,Cancelado
506705,10348,20250226,Estándar,14,59.96,Media,102412.0,La Granja,Cancelado
506706,10154,20250222,Estándar,9,19.73,Alta,60555.0,Las Condes,Entregado
506707,10333,20260201,Estándar,14,99.42,Alta,136958.0,Pudahuel,Entregado
506708,10032,20251112,Estándar,2,11.72,Media,23237.0,San Miguel,En ruta
506709,10287,20250813,Programado,4,11.19,Media,37884.0,La Granja,Entregado
506710,10139,20260430,Estándar,15,23.56,Media,84727.0,Huechuraba,En ruta
506711,10013,20250212,Programado,1,4.17,Media,22967.0,Santiago,Entregado
506712,10292,20260609,Express,6,25.0,Alta,32453.0,Colina,Entregado
506713,10045,20250313,Express,15,90.21,Alta,114638.0,Peñalolén,Entregado
506714,10231,20260716,Express,12,78.87,Urgente,156469.0,Recoleta,Cancelado
506715,10025,20260813,Estándar,5,32.38,Media,27153.0,La Cisterna,Cancelado
506716,10178,20260616,Express,11,55.86,Urgente,95872.0,Renca,Entregado
506717,10384,20260602,Estándar,8,62.99,Media,68961.0,Providencia,En ruta
506718,10093,20261010,Estándar,15,56.91,Alta,102563.0,San Joaquín,Entregado
506719,10449,20250315,Express,14,53.92,Urgente,126907.0,Puente Alto,En ruta
506720,10361,20250702,Express,5,11.86,Alta,37467.0,San Miguel,Entregado
506721,10327,20260128,Express,5,38.3,Media,41522.0,Colina,Cancelado
506722,10241,20260201,Estándar,11,37.43,Baja,101603.0,Peñalolén,Entregado
506723,10407,20260528,Express,1,4.12,Urgente,24122.0,Puente Alto,Entregado
506724,10009,20260529,Estándar,6,20.5,Media,69428.0,Buin,En ruta
506725,10291,20261128,Estándar,9,67.2,Media,36631.0,La Florida,Entregado
506726,10461,20250910,Programado,6,22.52,Media,57603.0,Peñalolén,Entregado
506727,10145,20250226,Programado,5,38.09,Media,40577.0,Macul,En ruta
506728,10070,20251104,Estándar,1,6.06,Media,16514.0,Quilicura,Entregado
506729,10111,20250706,Estándar,1,1.33,Baja,34124.0,Lo Barnechea,En ruta
506730,10306,20260423,Estándar,8,28.14,Alta,75749.0,Pudahuel,En ruta
506731,10354,20260324,Estándar,13,72.36,Media,87559.0,Quinta Normal,Entregado
506732,10371,20260121,Programado,6,45.4,Media,31116.0,Peñalolén,Entregado
506733,10407,20250704,Estándar,8,36.26,Urgente,44029.0,Independencia,Pendiente
506734,10495,20261230,Estándar,7,48.86,Urgente,60585.0,Ñuñoa,En ruta
506735,10047,20260413,Express,15,20.38,Media,130626.0,La Florida,Pendiente
506736,10467,20251223,Estándar,10,76.88,Alta,68902.0,Macul,Entregado
506737,10388,20260910,Estándar,10,57.98,Baja,65227.0,Puente Alto,Pendiente
506738,10301,20250226,Express,7,32.68,Urgente,37546.0,Maipú,Entregado
506739,10142,20250424,Estándar,4,16.79,Alta,48067.0,Maipú,Entregado
506740,10169,20260807,Programado,12,70.38,Media,81459.0,San Joaquín,Entregado
506741,10117,20250522,Estándar,13,14.46,Baja,106606.0,La Reina,Entregado
506742,10374,20250626,Programado,15,23.96,Alta,84224.0,San Miguel,Entregado
506743,10100,20250131,Programado,7,9.54,Baja,47777.0,Macul,Cancelado
506744,10017,20261201,Estándar,8,62.03,Urgente,34538.0,Renca,Entregado
506745,10055,20260522,Express,8,48.09,Media,50323.0,Buin,Entregado
506746,10377,20260227,Express,8,63.9,Media,87060.0,Cerrillos,Entregado
506747,10340,20260320,Programado,7,43.42,Baja,68470.0,San Joaquín,Entregado
506748,10421,20261115,Express,6,10.29,Urgente,63245.0,Macul,Entregado
506749,10320,20250426,Estándar,7,13.47,Urgente,56406.0,Santiago,En ruta
506750,10298,20251027,Express,15,61.01,Alta,121932.0,Independencia,Pendiente
506751,10032,20251216,Programado,11,18.48,Alta,53903.0,Quilicura,Entregado
506752,10307,20261226,Estándar,8,42.81,Media,30949.0,Providencia,En ruta
506753,10151,20260611,Programado,14,88.81,Baja,56528.0,La Granja,Pendiente
506754,10391,20250121,Estándar,14,97.46,Media,94956.0,Vitacura,Pendiente
506755,10412,20260212,Estándar,2,4.28,Baja,18337.0,Quilicura,Entregado
506756,10453,20250721,Estándar,15,69.79,Media,83810.0,Vitacura,Entregado
506757,10472,20260209,Express,6,34.47,Alta,48168.0,Lampa,Entregado
506758,10085,20260719,Estándar,4,21.09,Urgente,43758.0,Estación Central,En ruta
506759,10138,20250309,Estándar,7,45.97,Baja,46551.0,Pudahuel,Entregado
506760,10497,20250207,Estándar,15,94.15,Media,89993.0,Santiago,Entregado
506761,10422,20260320,Programado,13,66.72,Baja,142205.0,Lo Barnechea,En ruta
506762,10184,20250410,Estándar,7,28.01,Alta,30453.0,Vitacura,Pendiente
506763,10069,20250525,Estándar,14,26.28,Baja,100361.0,Vitacura,Entregado
506764,10006,20261009,Estándar,7,46.52,Baja,41421.0,Vitacura,Entregado
506765,10453,20260124,Estándar,15,51.54,Media,94530.0,La Granja,En ruta
506766,10245,20250527,Estándar,8,43.48,Media,47361.0,Lo Barnechea,Entregado
506767,10012,20261112,Estándar,4,22.07,Alta,30127.0,La Florida,Cancelado
506768,10007,20250513,Express,8,53.3,Urgente,112703.0,Lampa,Entregado
506769,10293,20260531,Express,2,2.26,Media,34980.0,San Miguel,En preparación
506770,10230,20250707,Express,11,79.23,Urgente,139423.0,San Joaquín,En preparación
506771,10367,20251112,Estándar,1,3.42,Alta,17373.0,San Joaquín,Entregado
506772,10117,20251127,Estándar,4,12.49,Baja,57057.0,El Bosque,Pendiente
506773,10396,20250917,Estándar,1,4.12,Baja,33405.0,Pedro Aguirre Cerda,Entregado
506774,10166,20261230,Programado,14,71.82,Media,78730.0,San Ramón,Entregado
506775,10142,20260314,Estándar,6,22.53,Media,51081.0,Colina,Cancelado
506776,10388,20260128,Estándar,10,60.43,Baja,70284.0,Renca,Entregado
506777,10218,20260508,Estándar,3,3.49,Alta,29693.0,Cerrillos,Entregado
506778,10239,20250325,Estándar,12,39.16,Media,53048.0,Ñuñoa,En ruta
506779,10328,20250710,Programado,4,12.0,Baja,29585.0,Conchalí,Entregado
506780,10204,20251030,Estándar,2,11.29,Media,18278.0,Pudahuel,Entregado
506781,10446,20260704,Express,8,18.31,Urgente,88958.0,Macul,Pendiente
506782,10295,20260418,Estándar,1,5.34,Alta,15542.0,Providencia,Entregado
506783,10070,20261230,Estándar,14,43.5,Media,54389.0,Buin,Entregado
506784,10040,20250905,Estándar,15,57.72,Media,82587.0,La Granja,Pendiente
506785,10351,20251217,Estándar,8,26.45,Baja,61176.0,La Granja,Entregado
506786,10091,20260110,Express,13,59.87,Urgente,64970.0,Peñalolén,En ruta
506787,10090,20251127,Express,4,11.98,Urgente,43562.0,San Miguel,Cancelado
506788,10276,20251121,Estándar,14,18.27,Baja,68881.0,Lo Espejo,En ruta
506789,10293,20250303,Programado,6,12.85,Baja,55451.0,Estación Central,Entregado
506790,10472,20250624,Estándar,1,1.83,Alta,25991.0,Ñuñoa,Entregado
506791,10399,20260122,Express,3,19.71,Alta,37603.0,San Ramón,Entregado
506792,10221,20251118,Estándar,11,27.87,Media,72590.0,San Miguel,Entregado
506793,10430,20250609,Programado,4,7.95,Baja,52605.0,Lo Espejo,En ruta
506794,10125,20260113,Express,6,18.51,Alta,64484.0,Providencia,En preparación
506795,10491,20250204,Estándar,11,72.98,Urgente,93132.0,Lo Prado,Cancelado
506796,10047,20250327,Express,14,80.68,Urgente,164237.0,Maipú,Entregado
506797,10449,20260528,Estándar,14,58.4,Baja,107817.0,La Cisterna,Entregado
506798,10238,20250709,Estándar,8,39.99,Urgente,54817.0,Independencia,Entregado
506799,10433,20260704,Estándar,1,6.73,Baja,11312.0,La Reina,Entregado
506800,10007,20260406,Estándar,3,10.92,Media,42634.0,Independencia,Entregado
506801,10269,20261004,Estándar,12,30.38,Baja,85124.0,Las Condes,Pendiente
506802,10127,20251005,Estándar,6,41.28,Media,41605.0,Quilicura,Entregado
506803,10234,20261231,Programado,10,71.98,Media,71784.0,Lo Barnechea,Entregado
506804,10112,20250411,Estándar,9,24.02,Media,79187.0,La Florida,En preparación
506805,10297,20250129,Estándar,3,4.14,Media,38437.0,Buin,Entregado
506806,10429,20261111,Estándar,13,90.41,Alta,61286.0,Cerrillos,En ruta
506807,10209,20251104,Estándar,7,26.05,Media,22243.0,Lo Prado,Entregado
506808,10390,20250826,Programado,12,90.3,Media,110223.0,Independencia,Entregado
506809,10373,20261227,Estándar,13,18.99,Alta,78079.0,Pedro Aguirre Cerda,Entregado
506810,10150,20251122,Express,9,23.04,Media,74079.0,San Joaquín,En ruta
506811,10143,20250307,Estándar,6,18.34,Media,64526.0,Buin,Entregado
506812,10161,20250822,Estándar,12,69.73,Alta,74642.0,Recoleta,En ruta
506813,10158,20260722,Estándar,7,26.84,Baja,62750.0,Huechuraba,En ruta
506814,10260,20260903,Programado,15,68.33,Alta,122294.0,Santiago,Entregado
506815,10489,20260927,Estándar,2,13.26,Alta,25519.0,El Bosque,Entregado
506816,10037,20260519,Express,10,73.65,Baja,93891.0,Lo Espejo,En preparación
506817,10108,20260611,Estándar,2,7.21,Media,26112.0,Ñuñoa,En preparación
506818,10440,20250919,Estándar,14,54.37,Media,47402.0,El Bosque,En ruta
506819,10144,20261211,Estándar,11,22.09,Baja,89604.0,Pudahuel,Entregado
506820,10352,20260610,Estándar,9,71.43,Media,52605.0,La Granja,En ruta
506821,10189,20250605,Express,14,45.65,Baja,67329.0,Quilicura,Entregado
506822,10462,20250704,Express,15,46.69,Alta,163704.0,Quilicura,Entregado
506823,10312,20250708,Estándar,5,38.04,Baja,33897.0,Huechuraba,En ruta
506824,10132,20260708,Estándar,8,50.64,Alta,37106.0,Quinta Normal,En ruta
506825,10122,20260428,Programado,9,14.04,Baja,85816.0,San Ramón,Entregado
506826,10214,20260517,Estándar,3,16.2,Media,25745.0,Maipú,Entregado
506827,10079,20251223,Estándar,10,66.94,Alta,75326.0,Quinta Normal,En preparación
506828,10360,20260208,Estándar,8,13.19,Media,77521.0,Huechuraba,Cancelado
506829,10310,20260801,Estándar,7,16.7,Media,54609.0,Lo Espejo,Pendiente
506830,10170,20260215,Express,15,37.45,Urgente,87214.0,La Florida,Entregado
506831,10469,20250312,Estándar,2,4.93,Baja,28358.0,Pedro Aguirre Cerda,Entregado
506832,10254,20261029,Estándar,15,94.57,Urgente,82858.0,Lo Espejo,Entregado
506833,10216,20250316,Programado,11,83.28,Media,88450.0,Independencia,Pendiente
506834,10390,20250717,Programado,7,44.21,Baja,53874.0,San Bernardo,Entregado
506835,10012,20261217,Estándar,7,31.75,Baja,61003.0,Quilicura,Entregado
506836,10067,20250208,Estándar,7,35.92,Baja,25791.0,Peñalolén,Entregado
506837,10402,20260207,Express,6,24.66,Urgente,80572.0,Independencia,Entregado
506838,10388,20260903,Estándar,14,59.53,Baja,124666.0,Independencia,Pendiente
506839,10173,20250109,Express,14,20.73,Alta,132941.0,Colina,Pendiente
506840,10307,20261223,Programado,10,44.96,Media,52342.0,Colina,Entregado
506841,10199,20250320,Programado,15,64.58,Baja,107840.0,Puente Alto,Entregado
506842,10445,20250211,Express,1,4.91,Alta,21981.0,Renca,Entregado
506843,10358,20261007,Express,3,10.42,Urgente,36110.0,Estación Central,Entregado
506844,10366,20260204,Programado,14,65.92,Baja,60809.0,Colina,En ruta
506845,10071,20260721,Estándar,5,35.51,Media,28355.0,Lampa,Entregado
506846,10174,20250831,Express,12,64.14,Urgente,111841.0,Lampa,Entregado
506847,10220,20250919,Estándar,4,24.54,Alta,35018.0,Buin,Entregado
506848,10316,20251225,Express,8,24.93,Urgente,62674.0,Recoleta,Entregado
506849,10040,20251002,Estándar,8,42.27,Alta,75462.0,Buin,En ruta
506850,10145,20250321,Estándar,6,47.45,Alta,59137.0,Providencia,En ruta
506851,10225,20260729,Estándar,3,8.56,Media,34889.0,Recoleta,Entregado
506852,10389,20260807,Estándar,2,10.6,Baja,22848.0,Huechuraba,Entregado
506853,10316,20260613,Programado,8,52.76,Baja,34692.0,Providencia,Entregado
506854,10454,20251029,Estándar,12,74.53,Media,107920.0,Maipú,Entregado
506855,10193,20260107,Estándar,10,26.78,Media,93731.0,Estación Central,Pendiente
506856,10302,20251002,Estándar,4,4.68,Media,24679.0,Independencia,Entregado
506857,10398,20260221,Express,8,41.21,Media,81182.0,Providencia,En ruta
506858,10419,20261017,Express,9,38.49,Alta,86893.0,Quinta Normal,En preparación
506859,10210,20260418,Programado,8,45.08,Alta,59414.0,La Cisterna,En preparación
506860,10196,20251124,Estándar,9,29.42,Baja,43211.0,Buin,Entregado
506861,10267,20261017,Estándar,2,13.47,Media,21404.0,Lo Prado,En preparación
506862,10326,20250320,Estándar,4,11.8,Media,48580.0,El Bosque,Entregado
506863,10387,20260501,Express,11,63.41,Urgente,103240.0,Las Condes,Entregado
506864,10335,20250921,Express,12,88.15,Alta,141318.0,Ñuñoa,Entregado
506865,10115,20260125,Express,13,65.52,Media,132562.0,Lo Barnechea,Entregado
506866,10341,20261009,Estándar,9,22.49,Urgente,44232.0,Independencia,Entregado
506867,10430,20250710,Estándar,4,14.7,Media,55137.0,Pedro Aguirre Cerda,Cancelado
506868,10221,20260506,Estándar,14,31.59,Media,116948.0,La Reina,Entregado
506869,10059,20260301,Estándar,14,35.07,Media,46330.0,Independencia,Entregado
506870,10409,20261110,Express,11,64.06,Media,47131.0,San Joaquín,Entregado
506871,10162,20260701,Express,2,10.24,Urgente,35513.0,San Ramón,Entregado
506872,10173,20261024,Programado,7,45.19,Media,48491.0,Pudahuel,Entregado
506873,10427,20250422,Estándar,5,5.36,Baja,52885.0,Vitacura,Pendiente
506874,10385,20250527,Estándar,14,37.42,Baja,43353.0,Conchalí,En preparación
506875,10495,20251214,Estándar,14,102.68,Baja,61074.0,San Joaquín,En ruta
506876,10179,20260226,Express,1,2.65,Alta,24565.0,Providencia,En ruta
506877,10139,20261218,Programado,2,10.62,Media,27855.0,Estación Central,Entregado
506878,10106,20251007,Estándar,14,67.18,Media,66059.0,Macul,Cancelado
506879,10010,20250121,Express,8,13.86,Alta,64591.0,La Reina,Pendiente
506880,10101,20260409,Estándar,14,28.42,Media,61677.0,Santiago,Entregado
506881,10341,20251115,Express,8,35.41,Urgente,73378.0,La Cisterna,Entregado
506882,10047,20250404,Estándar,7,48.27,Baja,63305.0,Lo Prado,Entregado
506883,10252,20250219,Express,6,31.5,Alta,88927.0,Vitacura,Pendiente
506884,10119,20260612,Programado,10,52.42,Baja,46859.0,Independencia,Entregado
506885,10265,20250813,Express,7,33.17,Alta,84799.0,Conchalí,Entregado
506886,10446,20260515,Express,14,34.33,Alta,169737.0,Huechuraba,Entregado
506887,10222,20261129,Express,3,5.93,Urgente,42671.0,San Joaquín,Entregado
506888,10152,20260718,Estándar,12,54.42,Media,67697.0,La Granja,En ruta
506889,10016,20250308,Estándar,14,61.61,Alta,70357.0,La Florida,Entregado
506890,10208,20260522,Express,15,117.11,Media,89394.0,Santiago,Entregado
506891,10251,20260826,Estándar,2,14.02,Alta,18639.0,Independencia,Entregado
506892,10075,20251201,Express,9,65.2,Alta,65983.0,Lo Barnechea,Entregado
506893,10012,20251023,Express,3,14.81,Alta,37467.0,San Bernardo,Entregado
506894,10248,20250424,Estándar,5,27.34,Media,61000.0,Vitacura,En preparación
506895,10078,20260916,Estándar,13,14.48,Media,90834.0,Santiago,Entregado
506896,10060,20260622,Estándar,3,15.98,Media,18839.0,Estación Central,Entregado
506897,10179,20260722,Programado,6,20.7,Baja,67188.0,El Bosque,Entregado
506898,10443,20261221,Estándar,3,11.2,Urgente,33531.0,Maipú,Entregado
506899,10199,20260912,Estándar,2,6.7,Alta,38134.0,Lo Prado,En ruta
506900,10166,20251124,Express,1,5.51,Alta,41400.0,Santiago,Entregado
506901,10297,20261023,Estándar,14,61.98,Urgente,103437.0,Renca,Entregado
506902,10386,20250209,Estándar,12,74.59,Baja,61662.0,Lo Prado,Entregado
506903,10141,20251206,Programado,8,24.15,Baja,54204.0,Vitacura,Entregado
506904,10195,20250118,Estándar,11,19.55,Media,108147.0,El Bosque,Entregado
506905,10349,20250212,Estándar,2,7.7,Alta,32652.0,Conchalí,Entregado
506906,10145,20250123,Programado,15,32.2,Alta,130471.0,La Reina,Entregado
506907,10107,20250626,Express,12,51.34,Urgente,86077.0,San Ramón,Entregado
506908,10094,20260311,Express,5,5.09,Alta,50994.0,La Florida,Entregado
506909,10099,20260629,Estándar,4,20.86,Urgente,33220.0,Lampa,Entregado
506910,10141,20260803,Express,11,73.36,Alta,73331.0,San Miguel,Entregado
506911,10096,20260924,Express,8,22.57,Alta,71442.0,Santiago,Cancelado
506912,10284,20261023,Estándar,13,89.78,Media,66983.0,Estación Central,Entregado
506913,10283,20260503,Estándar,9,51.61,Media,41810.0,San Joaquín,En preparación
506914,10425,20260210,Estándar,14,38.06,Media,93960.0,La Florida,Entregado
506915,10354,20250606,Programado,11,65.17,Baja,74556.0,La Reina,En preparación
506916,10134,20250227,Estándar,3,13.33,Media,43031.0,Colina,En preparación
506917,10014,20260910,Express,4,13.19,Media,42996.0,Quilicura,Entregado
506918,10252,20250526,Estándar,15,17.25,Media,62816.0,Independencia,Entregado
506919,10089,20260830,Estándar,14,100.7,Alta,101956.0,Lo Prado,Entregado
506920,10097,20260702,Programado,13,32.42,Media,52633.0,Renca,Pendiente
506921,10244,20250103,Estándar,3,10.99,Baja,40098.0,Independencia,Entregado
506922,10155,20260616,Estándar,10,72.7,Baja,67960.0,Pedro Aguirre Cerda,Pendiente
506923,10199,20260404,Express,12,39.3,Alta,87187.0,Vitacura,Cancelado
506924,10079,20250129,Express,14,53.89,Urgente,63489.0,Santiago,Entregado
506925,10491,20261003,Estándar,15,89.06,Media,67005.0,La Florida,Entregado
506926,10318,20250708,Estándar,5,12.83,Baja,52528.0,Providencia,En ruta
506927,10331,20250415,Programado,1,7.04,Urgente,40264.0,La Reina,En ruta
506928,10201,20250721,Programado,10,27.18,Alta,35608.0,Providencia,En preparación
506929,10173,20260629,Programado,9,16.37,Alta,58908.0,Pedro Aguirre Cerda,En preparación
506930,10131,20260728,Estándar,6,12.83,Baja,37636.0,San Joaquín,Entregado
506931,10112,20260206,Programado,4,30.21,Alta,37193.0,Pedro Aguirre Cerda,Entregado
506932,10063,20260302,Express,7,23.56,Alta,51735.0,Recoleta,Entregado
506933,10485,20250728,Estándar,1,4.54,Alta,24075.0,La Cisterna,Entregado
506934,10374,20260714,Estándar,8,42.42,Urgente,67898.0,Pudahuel,En ruta
506935,10240,20250611,Estándar,14,45.62,Media,67913.0,Pedro Aguirre Cerda,Cancelado
506936,10308,20251109,Programado,4,12.42,Media,51064.0,Macul,En ruta
506937,10070,20251229,Express,2,7.29,Media,34880.0,Las Condes,Cancelado
506938,10484,20260410,Express,1,3.01,Urgente,15236.0,Pudahuel,En ruta
506939,10213,20261105,Estándar,13,77.52,Media,88200.0,Santiago,Entregado
506940,10421,20250612,Estándar,1,5.1,Baja,24536.0,Colina,Entregado
506941,10031,20260920,Estándar,11,61.89,Media,51453.0,Macul,Entregado
506942,10499,20261210,Programado,1,4.56,Alta,19306.0,Lo Espejo,En ruta
506943,10474,20251125,Express,10,34.23,Alta,108637.0,Huechuraba,Entregado
506944,10161,20250215,Estándar,9,34.61,Media,30987.0,Recoleta,Entregado
506945,10325,20260602,Estándar,7,30.52,Baja,61660.0,Colina,Cancelado
506946,10001,20250709,Estándar,15,16.77,Media,79200.0,Santiago,En ruta
506947,10344,20260519,Estándar,6,21.77,Media,54309.0,Lo Barnechea,Entregado
506948,10201,20260902,Programado,4,15.63,Alta,38794.0,Providencia,En ruta
506949,10296,20260723,Estándar,7,33.71,Media,72564.0,Buin,En ruta
506950,10305,20250528,Estándar,2,12.92,Alta,33719.0,San Ramón,En ruta
506951,10093,20260704,Express,4,21.68,Alta,44457.0,Pudahuel,Pendiente
506952,10078,20260304,Estándar,9,49.12,Media,27337.0,Santiago,Entregado
506953,10048,20250909,Programado,13,52.29,Alta,126355.0,Lo Espejo,Entregado
506954,10478,20260722,Estándar,3,20.22,Media,32478.0,Macul,Entregado
506955,10296,20260408,Express,11,24.42,Alta,114940.0,San Ramón,Entregado
506956,10061,20251007,Estándar,14,33.32,Baja,63220.0,La Granja,Cancelado
506957,10105,20251007,Programado,6,22.54,Baja,60270.0,Vitacura,Cancelado
506958,10411,20260310,Programado,7,26.74,Baja,34080.0,San Joaquín,Entregado
506959,10078,20260212,Express,6,11.58,Urgente,63343.0,Quilicura,Entregado
506960,10156,20250806,Estándar,3,12.83,Media,32328.0,Quilicura,Entregado
506961,10219,20260321,Programado,1,3.41,Baja,21282.0,El Bosque,Entregado
506962,10323,20260622,Programado,6,40.61,Media,44383.0,San Bernardo,Entregado
506963,10229,20260625,Estándar,2,13.7,Baja,37153.0,Quilicura,Entregado
506964,10362,20260718,Estándar,13,42.28,Urgente,107985.0,La Cisterna,Entregado
506965,10298,20250204,Programado,7,55.26,Urgente,46006.0,Santiago,En ruta
506966,10220,20261208,Programado,14,87.9,Alta,147123.0,Lo Espejo,En ruta
506967,10135,20250322,Estándar,10,69.14,Media,94500.0,Renca,Entregado
506968,10389,20260917,Estándar,14,77.71,Baja,120448.0,La Granja,Entregado
506969,10250,20260210,Estándar,15,96.24,Baja,129088.0,Macul,Entregado
506970,10144,20250518,Programado,8,60.62,Alta,58014.0,Cerrillos,Entregado
506971,10436,20260210,Programado,7,35.5,Baja,46771.0,Renca,En ruta
506972,10225,20261203,Estándar,9,67.63,Media,51466.0,Lo Espejo,Pendiente
506973,10329,20250622,Programado,11,84.02,Baja,37770.0,Lampa,Entregado
506974,10394,20250427,Estándar,1,5.64,Alta,31005.0,Conchalí,Entregado
506975,10020,20260503,Programado,11,16.17,Media,122862.0,Renca,Entregado
506976,10009,20250806,Estándar,8,50.11,Urgente,76019.0,Huechuraba,Entregado
506977,10399,20251217,Estándar,5,32.07,Alta,54879.0,Pudahuel,En ruta
506978,10064,20250420,Estándar,13,25.1,Baja,62154.0,Recoleta,Entregado
506979,10073,20250909,Estándar,10,54.48,Baja,49725.0,La Florida,Entregado
506980,10075,20251102,Estándar,14,62.8,Urgente,81997.0,Buin,Entregado
506981,10390,20260505,Estándar,14,74.15,Media,91190.0,Ñuñoa,En ruta
506982,10088,20250624,Express,13,54.61,Alta,98061.0,San Joaquín,En ruta
506983,10430,20260130,Estándar,15,37.64,Media,134066.0,Buin,Entregado
506984,10220,20260212,Estándar,8,53.19,Media,89354.0,Independencia,Entregado
506985,10007,20251009,Estándar,3,8.91,Baja,38967.0,Recoleta,En preparación
506986,10213,20260331,Express,9,71.47,Urgente,123741.0,Lampa,Cancelado
506987,10417,20260624,Express,2,6.24,Urgente,46684.0,Puente Alto,En ruta
506988,10159,20250618,Estándar,4,31.95,Media,18227.0,La Granja,Entregado
506989,10302,20260126,Express,1,6.27,Urgente,42125.0,Santiago,En preparación
506990,10216,20250922,Express,5,19.09,Urgente,29738.0,Lo Barnechea,Entregado
506991,10133,20261125,Express,1,5.74,Urgente,23232.0,Lo Barnechea,Entregado
506992,10094,20260619,Programado,5,25.16,Baja,48736.0,Providencia,Entregado
506993,10005,20250627,Estándar,1,4.17,Media,28831.0,Independencia,En preparación
506994,10495,20260506,Estándar,13,84.85,Media,71462.0,Vitacura,En ruta
506995,10419,20250520,Estándar,15,91.07,Baja,123476.0,Colina,En ruta
506996,10476,20251226,Estándar,10,70.17,Media,53528.0,San Miguel,Entregado
506997,10126,20261120,Express,9,65.74,Alta,108396.0,Independencia,Entregado
506998,10078,20250401,Express,10,37.88,Urgente,72205.0,Lo Barnechea,Entregado
506999,10275,20261017,Estándar,4,4.53,Media,35378.0,Las Condes,Entregado
507000,10314,20250209,Express,7,55.2,Urgente,80048.0,Peñalolén,Cancelado
507001,10419,20251023,Estándar,12,90.03,Media,45863.0,Maipú,Entregado
507002,10032,20260929,Estándar,15,48.75,Media,110759.0,Estación Central,Entregado
507003,10169,20250828,Estándar,4,5.03,Baja,50883.0,Huechuraba,Entregado
507004,10045,20250410,Estándar,1,6.33,Baja,23368.0,La Cisterna,En preparación
507005,10402,20260910,Estándar,6,27.88,Alta,67964.0,El Bosque,En ruta
507006,10036,20251015,Estándar,14,64.15,Media,70891.0,Buin,En ruta
507007,10163,20260509,Estándar,4,13.81,Media,29016.0,Las Condes,Entregado
507008,10058,20250912,Estándar,13,51.07,Media,109871.0,Renca,Entregado
507009,10094,20251024,Estándar,7,16.67,Media,63525.0,Providencia,En ruta
507010,10398,20260625,Express,13,80.84,Media,93525.0,Vitacura,En preparación
507011,10339,20250810,Programado,15,103.24,Baja,76107.0,La Reina,En preparación
507012,10386,20250916,Estándar,11,45.88,Alta,55164.0,Estación Central,Entregado
507013,10312,20250624,Estándar,7,27.86,Media,56523.0,Estación Central,Entregado
507014,10003,20261008,Estándar,6,7.59,Media,50098.0,Renca,Entregado
507015,10105,20251022,Programado,15,64.08,Alta,148550.0,Puente Alto,Cancelado
507016,10006,20260330,Programado,14,88.63,Media,116069.0,Conchalí,Entregado
507017,10175,20260616,Express,14,70.01,Alta,135900.0,Ñuñoa,Entregado
507018,10261,20260717,Programado,14,73.77,Baja,101433.0,Macul,Entregado
507019,10166,20260206,Express,4,21.25,Alta,60666.0,Pudahuel,Entregado
507020,10146,20260316,Estándar,13,72.71,Alta,85861.0,Lo Espejo,Entregado
507021,10413,20260323,Express,15,99.99,Alta,71231.0,Quilicura,En ruta
507022,10156,20260903,Estándar,14,24.66,Alta,91905.0,San Bernardo,Entregado
507023,10288,20250218,Estándar,10,31.16,Baja,49721.0,Recoleta,Entregado
507024,10184,20250302,Estándar,6,6.91,Baja,42956.0,Quilicura,En ruta
507025,10034,20250721,Estándar,6,38.02,Urgente,58661.0,Pedro Aguirre Cerda,Entregado
507026,10387,20250818,Estándar,7,41.32,Media,50436.0,La Cisterna,Entregado
507027,10137,20260225,Estándar,3,17.2,Alta,20482.0,Ñuñoa,En preparación
507028,10436,20250206,Programado,7,39.02,Media,65899.0,La Cisterna,Entregado
507029,10241,20260110,Estándar,6,37.78,Media,35167.0,Vitacura,Entregado
507030,10026,20251129,Estándar,6,18.04,Baja,50082.0,Macul,En ruta
507031,10300,20251109,Express,8,46.45,Media,39303.0,San Joaquín,Cancelado
507032,10335,20260217,Estándar,4,28.58,Media,45919.0,Lo Barnechea,Entregado
507033,10249,20261201,Express,14,54.64,Alta,61503.0,San Bernardo,Entregado
507034,10166,20250312,Estándar,6,45.58,Alta,33899.0,Lampa,En ruta
507035,10022,20250822,Express,13,14.48,Urgente,55250.0,Independencia,Cancelado
507036,10339,20251205,Estándar,12,65.0,Media,62684.0,Lo Espejo,Entregado
507037,10163,20260104,Express,13,76.78,Alta,138146.0,Pudahuel,En ruta
507038,10009,20250906,Estándar,5,17.75,Alta,39692.0,La Cisterna,Entregado
507039,10326,20250919,Programado,9,69.92,Alta,51879.0,Santiago,Entregado
507040,10107,20260919,Estándar,7,32.55,Baja,44439.0,Independencia,Entregado
507041,10027,20251003,Estándar,1,4.86,Media,14970.0,La Florida,En ruta
507042,10128,20260205,Programado,2,12.44,Baja,42206.0,Lo Barnechea,Entregado
507043,10075,20260217,Estándar,11,82.28,Baja,95888.0,Lo Espejo,Pendiente
507044,10452,20260321,Estándar,1,5.98,Media,31078.0,Quinta Normal,En ruta
507045,10106,20260321,Express,9,33.41,Urgente,100381.0,Providencia,Entregado
507046,10459,20250204,Estándar,10,55.06,Alta,96716.0,Pedro Aguirre Cerda,Entregado
507047,10218,20260801,Estándar,11,21.37,Media,95496.0,Renca,Entregado
507048,10026,20261216,Estándar,5,35.31,Alta,47315.0,Huechuraba,Entregado
507049,10060,20260326,Estándar,6,26.59,Media,29540.0,San Ramón,Entregado
507050,10144,20250909,Estándar,13,34.65,Urgente,73405.0,Quinta Normal,Entregado
507051,10293,20250611,Estándar,7,42.94,Baja,63780.0,Providencia,En ruta
507052,10356,20260507,Estándar,14,58.6,Media,67294.0,Estación Central,Cancelado
507053,10488,20250131,Express,11,58.85,Alta,111197.0,Lo Prado,Entregado
507054,10003,20250218,Estándar,3,15.51,Media,25843.0,Estación Central,Entregado
507055,10422,20260828,Programado,15,17.19,Alta,117652.0,Lampa,Entregado
507056,10286,20260122,Estándar,8,18.95,Alta,68943.0,Renca,En preparación
507057,10481,20251231,Estándar,3,16.04,Baja,31557.0,La Cisterna,Pendiente
507058,10122,20250207,Programado,7,18.9,Media,52122.0,Estación Central,Entregado
507059,10093,20260612,Programado,8,49.67,Baja,98715.0,Renca,En preparación
507060,10186,20250410,Programado,2,4.21,Baja,37751.0,Recoleta,En ruta
507061,10248,20260425,Programado,4,8.67,Alta,41032.0,Conchalí,Entregado
507062,10259,20250214,Programado,1,3.55,Baja,39503.0,Lampa,Entregado
507063,10126,20260206,Express,1,3.56,Urgente,24431.0,Pedro Aguirre Cerda,Cancelado
507064,10326,20260222,Estándar,13,31.24,Media,93806.0,Ñuñoa,Entregado
507065,10112,20260126,Estándar,9,9.23,Alta,67163.0,San Ramón,En ruta
507066,10163,20250128,Estándar,10,25.27,Media,45228.0,Puente Alto,Entregado
507067,10358,20250402,Express,7,35.12,Alta,87734.0,La Reina,Entregado
507068,10119,20250324,Estándar,13,57.65,Media,78303.0,Colina,En preparación
507069,10183,20250727,Estándar,5,31.93,Alta,39637.0,Pedro Aguirre Cerda,Entregado
507070,10184,20251017,Estándar,11,25.95,Alta,85722.0,Lo Espejo,Entregado
507071,10070,20261006,Estándar,14,21.01,Media,135049.0,Pudahuel,Entregado
507072,10215,20251007,Estándar,11,47.43,Alta,63115.0,Quilicura,En preparación
507073,10133,20250528,Estándar,14,45.64,Media,119899.0,La Florida,Cancelado
507074,10319,20250712,Express,5,17.26,Urgente,54747.0,Pedro Aguirre Cerda,Entregado
507075,10415,20260213,Estándar,5,23.43,Alta,39484.0,Renca,Pendiente
507076,10400,20250303,Estándar,12,32.93,Media,64447.0,San Miguel,En preparación
507077,10084,20260914,Programado,4,4.16,Baja,55777.0,Independencia,En ruta
507078,10469,20250926,Programado,5,22.93,Baja,30867.0,Providencia,Entregado
507079,10363,20261009,Express,1,5.21,Baja,34023.0,Huechuraba,En ruta
507080,10183,20250401,Estándar,12,56.3,Media,74019.0,Macul,Entregado
507081,10414,20250419,Programado,15,30.03,Media,147719.0,El Bosque,Entregado
507082,10291,20260217,Estándar,10,19.98,Media,46529.0,Conchalí,Entregado
507083,10483,20260510,Estándar,4,15.67,Urgente,53829.0,Conchalí,Entregado
507084,10017,20250222,Estándar,9,34.03,Alta,50240.0,Quinta Normal,Entregado
507085,10185,20260722,Programado,15,93.02,Media,145589.0,Quilicura,Entregado
507086,10094,20251022,Estándar,7,53.7,Alta,49427.0,Maipú,En ruta
507087,10324,20260330,Estándar,8,54.32,Baja,30636.0,Lo Barnechea,Entregado
507088,10326,20260510,Estándar,8,29.04,Baja,68172.0,Macul,Entregado
507089,10366,20260608,Express,3,18.2,Urgente,58687.0,Macul,En preparación
507090,10128,20250713,Estándar,4,9.77,Alta,47702.0,Renca,Entregado
507091,10373,20250812,Estándar,15,57.78,Baja,86365.0,Buin,Entregado
507092,10333,20261008,Estándar,8,13.93,Media,35578.0,Huechuraba,Entregado
507093,10132,20251025,Express,2,6.4,Media,22949.0,La Reina,Entregado
507094,10096,20260119,Express,9,34.95,Alta,74718.0,Huechuraba,Entregado
507095,10063,20260315,Express,12,55.02,Baja,130318.0,Las Condes,Entregado
507096,10336,20260516,Express,10,58.0,Alta,127282.0,Santiago,Entregado
507097,10095,20250701,Programado,11,21.64,Media,106037.0,Huechuraba,Pendiente
507098,10065,20250105,Programado,14,89.41,Baja,46981.0,Las Condes,Cancelado
507099,10275,20250714,Programado,14,91.42,Baja,106794.0,Pedro Aguirre Cerda,En ruta
507100,10322,20261213,Programado,8,51.56,Alta,59690.0,Buin,Cancelado
507101,10117,20250222,Express,15,78.77,Alta,84023.0,La Reina,Entregado
507102,10428,20260302,Programado,14,73.07,Media,108467.0,San Ramón,Entregado
507103,10482,20260324,Express,14,45.87,Media,116236.0,Quinta Normal,Entregado
507104,10022,20260303,Express,4,24.01,Alta,60707.0,La Florida,Entregado
507105,10396,20250611,Estándar,7,38.85,Baja,42180.0,Ñuñoa,Entregado
507106,10443,20251028,Express,4,17.19,Media,60278.0,Ñuñoa,En ruta
507107,10346,20251207,Express,11,49.95,Urgente,121875.0,La Florida,En preparación
507108,10095,20251228,Estándar,5,8.22,Baja,69095.0,Quinta Normal,En ruta
507109,10141,20250720,Estándar,3,22.26,Baja,23174.0,Recoleta,Entregado
507110,10497,20250216,Estándar,6,33.45,Media,45077.0,El Bosque,Entregado
507111,10051,20260120,Estándar,10,37.61,Baja,53996.0,La Cisterna,Entregado
507112,10451,20250630,Estándar,7,21.22,Baja,31026.0,Lo Barnechea,Entregado
507113,10473,20261012,Estándar,11,13.45,Baja,68818.0,Ñuñoa,Entregado
507114,10094,20250216,Estándar,6,37.22,Alta,57989.0,Vitacura,Cancelado
507115,10496,20250830,Estándar,10,61.76,Media,65562.0,Quinta Normal,Entregado
507116,10197,20260928,Programado,8,50.97,Alta,77107.0,Lo Espejo,Entregado
507117,10017,20260913,Estándar,4,8.07,Baja,34255.0,Las Condes,Entregado
507118,10273,20261115,Estándar,7,23.38,Media,55011.0,San Ramón,Entregado
507119,10109,20260720,Estándar,13,57.73,Baja,63835.0,Quilicura,Entregado
507120,10088,20261117,Estándar,11,80.82,Media,56278.0,Maipú,Entregado
507121,10395,20251101,Express,11,67.84,Alta,105693.0,Independencia,Entregado
507122,10156,20251106,Estándar,15,17.95,Baja,141854.0,Huechuraba,Entregado
507123,10144,20260920,Express,8,38.71,Alta,82597.0,Renca,Entregado
507124,10137,20260911,Express,4,30.65,Urgente,30197.0,Quinta Normal,En preparación
507125,10426,20250321,Estándar,9,24.55,Media,47837.0,Estación Central,Entregado
507126,10242,20260413,Express,3,14.69,Alta,51959.0,Ñuñoa,Entregado
507127,10378,20250703,Estándar,11,57.17,Media,56756.0,Huechuraba,Entregado
507128,10034,20250607,Estándar,4,13.7,Alta,43278.0,Recoleta,En ruta
507129,10282,20250124,Estándar,5,28.8,Alta,36147.0,Providencia,Entregado
507130,10200,20260701,Express,11,40.76,Alta,121697.0,Pedro Aguirre Cerda,Entregado
507131,10140,20250625,Express,8,39.16,Media,34348.0,Las Condes,En preparación
507132,10188,20251210,Estándar,1,4.13,Alta,29693.0,Quilicura,Entregado
507133,10358,20260523,Express,10,13.98,Alta,78272.0,Recoleta,Entregado
507134,10397,20251121,Estándar,6,36.38,Baja,53919.0,La Florida,Entregado
507135,10437,20250224,Express,15,97.08,Alta,176395.0,La Reina,Entregado
507136,10038,20261230,Programado,3,17.67,Media,32155.0,Conchalí,Entregado
507137,10268,20260226,Estándar,12,49.54,Urgente,110460.0,San Ramón,Entregado
507138,10178,20260825,Programado,13,38.08,Media,53283.0,La Cisterna,Cancelado
507139,10328,20260720,Programado,9,25.59,Baja,76977.0,Maipú,Entregado
507140,10043,20250202,Estándar,1,4.95,Media,35113.0,Lo Barnechea,Entregado
507141,10117,20260904,Estándar,5,16.83,Media,44528.0,Pudahuel,Cancelado
507142,10087,20251219,Express,7,25.38,Alta,84395.0,San Joaquín,Entregado
507143,10285,20250828,Estándar,11,76.27,Alta,74708.0,Pudahuel,Entregado
507144,10460,20261122,Estándar,2,11.83,Urgente,42198.0,Renca,En preparación
507145,10437,20260802,Estándar,3,21.66,Alta,34924.0,Puente Alto,Entregado
507146,10292,20250915,Express,14,97.15,Urgente,104093.0,La Florida,Entregado
507147,10092,20250724,Express,6,25.42,Media,89791.0,Quilicura,Entregado
507148,10339,20250719,Estándar,8,37.33,Alta,37132.0,Ñuñoa,Cancelado
507149,10298,20260918,Estándar,6,44.78,Baja,41581.0,Lo Barnechea,En ruta
507150,10398,20251007,Estándar,13,48.37,Media,87781.0,Pudahuel,Entregado
507151,10490,20260120,Express,1,5.33,Urgente,43833.0,Lo Barnechea,Entregado
507152,10490,20250428,Programado,15,27.66,Baja,128506.0,Providencia,En ruta
507153,10032,20260521,Estándar,6,14.95,Baja,43433.0,Quilicura,Entregado
507154,10352,20260511,Estándar,15,20.44,Media,138607.0,Cerrillos,Entregado
507155,10460,20261003,Estándar,15,79.59,Alta,114200.0,Huechuraba,En ruta
507156,10468,20251014,Estándar,4,24.88,Baja,31557.0,Macul,Entregado
507157,10205,20261102,Estándar,10,26.13,Alta,85223.0,Quinta Normal,Pendiente
507158,10030,20261025,Estándar,2,2.41,Baja,30507.0,San Joaquín,En preparación
507159,10118,20250211,Estándar,2,14.8,Media,24997.0,San Joaquín,En preparación
507160,10168,20260225,Programado,13,80.96,Alta,42299.0,Quilicura,Entregado
507161,10341,20250330,Express,3,7.66,Urgente,62860.0,Conchalí,Entregado
507162,10315,20260703,Express,5,39.4,Alta,32871.0,San Bernardo,Entregado
507163,10352,20251018,Estándar,10,46.9,Media,43047.0,El Bosque,Entregado
507164,10359,20250316,Estándar,13,20.86,Baja,77628.0,La Reina,En preparación
507165,10485,20250403,Estándar,2,15.92,Baja,26079.0,Maipú,Entregado
507166,10284,20250607,Estándar,5,35.8,Media,46018.0,San Bernardo,Entregado
507167,10139,20251221,Estándar,11,38.91,Alta,49980.0,Pedro Aguirre Cerda,Entregado
507168,10420,20260516,Express,14,33.7,Media,98815.0,Puente Alto,En preparación
507169,10475,20260313,Estándar,9,21.18,Baja,72138.0,Vitacura,Cancelado
507170,10489,20260604,Estándar,2,7.86,Media,21107.0,Cerrillos,Entregado
507171,10191,20251105,Express,5,8.79,Alta,63293.0,Lampa,Entregado
507172,10271,20250204,Estándar,9,17.65,Alta,34734.0,Pedro Aguirre Cerda,En ruta
507173,10204,20250928,Estándar,4,20.33,Media,39149.0,Colina,Entregado
507174,10133,20250807,Express,11,16.77,Alta,82656.0,Providencia,En ruta
507175,10328,20250917,Estándar,13,64.36,Media,84179.0,Lo Prado,En ruta
507176,10465,20250821,Programado,4,19.3,Baja,49522.0,Macul,Entregado
507177,10368,20260605,Express,14,99.23,Baja,76968.0,Lo Prado,Entregado
507178,10459,20260911,Estándar,2,7.58,Media,17805.0,Peñalolén,En ruta
507179,10314,20250528,Estándar,2,12.94,Media,18224.0,Lampa,Entregado
507180,10303,20251020,Express,5,19.64,Alta,92611.0,Lampa,Cancelado
507181,10014,20260121,Express,7,45.2,Alta,59666.0,San Bernardo,En ruta
507182,10148,20260802,Express,5,31.36,Alta,46610.0,Quinta Normal,Entregado
507183,10273,20250118,Express,14,26.87,Alta,101120.0,Lo Barnechea,Cancelado
507184,10010,20260305,Estándar,11,35.47,Alta,51599.0,Renca,Entregado
507185,10038,20260818,Programado,6,45.84,Alta,30216.0,La Cisterna,En ruta
507186,10088,20250529,Estándar,4,20.84,Urgente,46004.0,Peñalolén,Entregado
507187,10480,20260318,Programado,7,45.46,Media,52302.0,San Joaquín,Entregado
507188,10103,20250918,Estándar,5,31.4,Media,48089.0,Colina,En ruta
507189,10123,20250212,Programado,2,10.67,Media,25780.0,San Miguel,Entregado
507190,10467,20250302,Estándar,9,68.62,Media,60895.0,Recoleta,Entregado
507191,10287,20260611,Estándar,3,12.08,Alta,21601.0,Recoleta,Entregado
507192,10043,20250718,Express,3,15.1,Urgente,43901.0,La Florida,Entregado
507193,10360,20250414,Express,4,20.51,Alta,64161.0,Macul,Entregado
507194,10175,20261222,Estándar,3,20.44,Baja,30778.0,San Miguel,En ruta
507195,10036,20260915,Estándar,2,11.66,Media,32715.0,Macul,En ruta
507196,10302,20250813,Express,8,52.88,Urgente,111831.0,Quilicura,En ruta
507197,10109,20261025,Estándar,2,15.92,Urgente,41595.0,Puente Alto,Entregado
507198,10097,20260104,Estándar,2,15.23,Baja,15995.0,La Granja,En preparación
507199,10482,20250323,Estándar,8,10.83,Urgente,43225.0,Colina,Entregado
507200,10104,20261222,Estándar,4,23.49,Baja,23605.0,Providencia,Entregado
507201,10462,20260430,Estándar,7,55.71,Media,45166.0,Quilicura,En ruta
507202,10076,20250608,Estándar,6,41.79,Media,52449.0,Cerrillos,Entregado
507203,10190,20250529,Express,12,19.66,Alta,101300.0,Estación Central,Entregado
507204,10097,20251211,Estándar,14,61.43,Alta,50928.0,Pudahuel,Entregado
507205,10265,20250507,Express,14,42.46,Alta,71395.0,Lo Barnechea,Entregado
507206,10383,20260619,Programado,1,5.59,Media,36223.0,Quilicura,En ruta
507207,10422,20261022,Programado,4,4.78,Media,40534.0,La Reina,En ruta
507208,10410,20251127,Estándar,7,22.68,Media,53333.0,Providencia,En ruta
507209,10397,20260430,Estándar,14,32.52,Media,98139.0,La Reina,En ruta
507210,10353,20251027,Estándar,5,11.87,Alta,34550.0,El Bosque,Entregado
507211,10497,20250906,Programado,4,8.97,Baja,43387.0,Pedro Aguirre Cerda,Entregado
507212,10039,20250702,Estándar,3,14.96,Media,39829.0,Quilicura,Pendiente
507213,10293,20261229,Estándar,4,15.68,Baja,46770.0,San Ramón,Entregado
507214,10224,20250423,Express,9,70.52,Alta,88428.0,La Granja,Entregado
507215,10311,20261210,Express,15,60.27,Urgente,79689.0,San Miguel,Entregado
507216,10014,20250418,Programado,3,12.33,Media,32126.0,Quinta Normal,Entregado
507217,10270,20250226,Estándar,14,80.61,Media,59857.0,Puente Alto,Entregado
507218,10459,20251110,Estándar,2,3.41,Baja,26915.0,La Florida,Entregado
507219,10450,20260310,Estándar,2,14.43,Baja,43654.0,Recoleta,Entregado
507220,10376,20250916,Express,5,14.37,Media,40046.0,Macul,Entregado
507221,10344,20250829,Estándar,9,68.51,Baja,48458.0,Puente Alto,Entregado
507222,10373,20260721,Estándar,15,58.16,Media,106135.0,La Granja,En ruta
507223,10482,20250511,Express,10,30.86,Alta,78305.0,Vitacura,En preparación
507224,10490,20250227,Estándar,11,52.88,Alta,38711.0,Cerrillos,En ruta
507225,10098,20260616,Express,15,28.01,Media,76214.0,Pudahuel,Entregado
507226,10322,20261021,Estándar,8,8.08,Media,41767.0,Las Condes,Entregado
507227,10414,20251210,Express,14,70.26,Baja,86374.0,Peñalolén,Entregado
507228,10277,20250102,Programado,3,14.27,Media,52073.0,San Miguel,En ruta
507229,10001,20260124,Express,10,65.5,Alta,134679.0,La Florida,Entregado
507230,10096,20250421,Estándar,11,25.61,Media,89187.0,Lo Prado,Entregado
507231,10027,20251226,Programado,10,41.26,Media,96546.0,Buin,Entregado
507232,10197,20260611,Estándar,7,20.28,Media,60330.0,Puente Alto,Entregado
507233,10074,20250812,Programado,15,101.97,Baja,90719.0,San Miguel,En ruta
507234,10221,20260502,Estándar,3,4.81,Media,15017.0,Maipú,Entregado
507235,10138,20250202,Estándar,13,88.15,Media,64731.0,San Ramón,En ruta
507236,10347,20260623,Estándar,7,49.32,Alta,44289.0,La Reina,Entregado
507237,10242,20250203,Express,1,7.67,Alta,39724.0,Conchalí,En ruta
507238,10045,20250625,Express,3,11.98,Alta,45460.0,Lo Espejo,Entregado
507239,10148,20261014,Estándar,13,60.63,Alta,79345.0,Estación Central,En ruta
507240,10186,20250425,Estándar,10,64.94,Media,81349.0,Estación Central,Entregado
507241,10032,20251002,Programado,2,11.91,Baja,41163.0,La Reina,En ruta
507242,10467,20261109,Estándar,9,25.42,Baja,80377.0,La Reina,Entregado
507243,10097,20250915,Estándar,12,83.8,Media,74359.0,San Bernardo,Entregado
507244,10491,20250215,Estándar,2,10.39,Media,29306.0,Estación Central,Entregado
507245,10035,20260529,Estándar,11,44.78,Media,81151.0,Pedro Aguirre Cerda,Entregado
507246,10487,20250317,Estándar,6,13.72,Baja,36500.0,Buin,En ruta
507247,10227,20260114,Express,5,33.52,Media,70339.0,Quilicura,En preparación
507248,10364,20250411,Estándar,3,3.35,Alta,41304.0,Maipú,Entregado
507249,10369,20260711,Estándar,15,106.81,Media,102830.0,Quinta Normal,En ruta
507250,10047,20260810,Estándar,14,50.35,Media,122904.0,Lampa,En preparación
507251,10085,20251016,Estándar,11,55.59,Baja,56354.0,San Ramón,Entregado
507252,10440,20261110,Express,4,25.96,Alta,48153.0,Las Condes,Cancelado
507253,10464,20250918,Estándar,9,61.86,Alta,33380.0,La Cisterna,En ruta
507254,10246,20250801,Express,8,38.83,Urgente,73556.0,Quinta Normal,Entregado
507255,10210,20250609,Express,2,4.02,Alta,30915.0,Recoleta,Entregado
507256,10177,20260323,Estándar,4,19.78,Media,37747.0,San Miguel,En preparación
507257,10352,20260211,Express,6,43.66,Urgente,78245.0,Cerrillos,En ruta
507258,10044,20261104,Estándar,11,47.9,Media,43574.0,Lo Barnechea,Entregado
507259,10223,20250523,Estándar,1,4.54,Media,20139.0,Pedro Aguirre Cerda,Entregado
507260,10302,20260201,Express,15,68.92,Media,105281.0,Lo Espejo,En ruta
507261,10048,20260518,Programado,7,11.76,Alta,58009.0,San Bernardo,En ruta
507262,10126,20260822,Estándar,12,80.8,Urgente,80043.0,Conchalí,En ruta
507263,10013,20260817,Estándar,12,62.8,Media,62547.0,Vitacura,Entregado
507264,10110,20260911,Estándar,3,5.77,Media,30688.0,Colina,Pendiente
507265,10396,20250602,Estándar,13,32.47,Media,112511.0,Independencia,Entregado
507266,10464,20260211,Estándar,1,3.45,Media,27596.0,Huechuraba,Entregado
507267,10243,20250202,Express,9,12.48,Urgente,75989.0,Buin,Entregado
507268,10453,20250811,Express,10,79.71,Media,63484.0,Macul,Pendiente
507269,10278,20261029,Estándar,14,67.56,Baja,122961.0,Lo Barnechea,En ruta
507270,10026,20250122,Programado,10,36.54,Media,90585.0,Quinta Normal,Entregado
507271,10237,20250829,Estándar,6,44.82,Alta,69405.0,San Miguel,Entregado
507272,10403,20251008,Express,4,15.83,Alta,39456.0,Pudahuel,Entregado
507273,10281,20260114,Estándar,11,59.05,Alta,82981.0,Providencia,Entregado
507274,10490,20261204,Express,5,6.3,Urgente,62424.0,Conchalí,Entregado
507275,10297,20260226,Estándar,7,18.33,Baja,62913.0,San Miguel,Entregado
507276,10163,20260416,Programado,10,61.87,Media,103645.0,Puente Alto,Entregado
507277,10276,20261022,Estándar,13,23.22,Media,64116.0,Providencia,Pendiente
507278,10233,20260806,Estándar,14,27.94,Baja,54391.0,Conchalí,Entregado
507279,10021,20250530,Estándar,3,15.36,Media,44335.0,Puente Alto,Entregado
507280,10171,20261119,Programado,14,69.18,Media,126447.0,Ñuñoa,Entregado
507281,10277,20260809,Estándar,9,31.53,Media,45368.0,Quilicura,Entregado
507282,10118,20260105,Estándar,7,42.28,Media,68560.0,La Granja,Entregado
507283,10109,20260412,Express,3,3.62,Urgente,22426.0,Pedro Aguirre Cerda,Entregado
507284,10264,20260906,Express,11,61.9,Media,115571.0,San Joaquín,Entregado
507285,10431,20260531,Estándar,2,6.47,Media,29324.0,Quilicura,Pendiente
507286,10068,20261122,Express,13,32.31,Media,109600.0,Providencia,Entregado
507287,10119,20250301,Express,7,24.03,Alta,55631.0,Cerrillos,Cancelado
507288,10284,20250201,Express,1,3.53,Alta,32231.0,Pudahuel,Entregado
507289,10379,20250408,Estándar,10,76.12,Media,52561.0,Conchalí,Entregado
507290,10148,20250226,Estándar,5,22.65,Media,40600.0,Colina,Entregado
507291,10276,20251111,Estándar,14,102.65,Baja,99173.0,Ñuñoa,Cancelado
507292,10187,20251002,Estándar,7,7.34,Media,74616.0,Providencia,Entregado
507293,10105,20251112,Express,11,11.93,Alta,122117.0,Maipú,Entregado
507294,10255,20261016,Estándar,10,48.32,Alta,106277.0,Providencia,En ruta
507295,10324,20251216,Estándar,6,14.75,Alta,58385.0,Estación Central,Entregado
507296,10210,20260707,Estándar,9,37.92,Media,73062.0,El Bosque,Entregado
507297,10153,20250801,Estándar,2,4.61,Alta,29850.0,Colina,Entregado
507298,10185,20260316,Estándar,13,68.15,Baja,64631.0,San Joaquín,En preparación
507299,10362,20250616,Estándar,3,19.58,Media,29642.0,Providencia,Entregado
507300,10307,20260302,Express,7,18.36,Alta,80284.0,San Bernardo,Entregado
507301,10280,20260828,Estándar,8,27.82,Baja,41855.0,Puente Alto,Cancelado
507302,10473,20250905,Programado,14,101.88,Media,124108.0,San Ramón,Entregado
507303,10369,20250611,Express,11,53.47,Alta,73736.0,Colina,Entregado
507304,10164,20251208,Estándar,5,38.39,Media,43659.0,Santiago,Cancelado
507305,10406,20251222,Estándar,1,4.11,Baja,27662.0,Santiago,Entregado
507306,10066,20261020,Programado,13,79.94,Baja,112682.0,Buin,Entregado
507307,10345,20250113,Estándar,12,75.04,Alta,55665.0,Lo Espejo,Cancelado
507308,10189,20250527,Estándar,12,26.67,Baja,53830.0,Estación Central,Entregado
507309,10437,20261228,Express,13,25.45,Urgente,100799.0,Puente Alto,Entregado
507310,10280,20250820,Estándar,10,49.82,Baja,68772.0,Peñalolén,Entregado
507311,10232,20250415,Estándar,15,38.53,Media,108679.0,San Ramón,Entregado
507312,10019,20260104,Estándar,9,31.01,Media,49153.0,Las Condes,En preparación
507313,10082,20250209,Estándar,13,52.03,Media,109481.0,Independencia,Entregado
507314,10337,20251218,Estándar,10,33.79,Media,98731.0,Colina,Entregado
507315,10209,20250528,Express,2,8.6,Urgente,32882.0,La Granja,Pendiente
507316,10020,20250618,Estándar,14,48.79,Media,129921.0,La Cisterna,En ruta
507317,10106,20260817,Express,13,50.25,Urgente,61385.0,Santiago,Entregado
507318,10016,20250201,Estándar,1,4.71,Baja,13606.0,La Granja,En ruta
507319,10315,20260612,Express,12,79.13,Alta,55534.0,Pudahuel,Entregado
507320,10441,20250303,Programado,4,28.19,Media,38174.0,Recoleta,Entregado
507321,10414,20260727,Express,6,35.47,Baja,69729.0,San Bernardo,Entregado
507322,10331,20260125,Programado,14,24.21,Media,119380.0,Pudahuel,Entregado
507323,10311,20251211,Estándar,2,4.06,Media,18164.0,San Ramón,Entregado
507324,10400,20250527,Express,13,16.09,Media,143666.0,Lo Barnechea,Entregado
507325,10028,20260823,Estándar,13,17.26,Media,39595.0,Ñuñoa,Entregado
507326,10192,20260219,Estándar,10,26.7,Baja,97185.0,San Miguel,En ruta
507327,10182,20250219,Estándar,10,37.72,Baja,52052.0,Puente Alto,Pendiente
507328,10221,20260216,Express,1,7.4,Urgente,23016.0,La Reina,Entregado
507329,10149,20260912,Estándar,14,34.3,Media,86896.0,Lampa,Entregado
507330,10073,20250306,Programado,12,92.72,Baja,92663.0,Conchalí,Entregado
507331,10496,20250615,Express,4,4.82,Urgente,47176.0,Estación Central,Entregado
507332,10040,20260202,Programado,6,37.63,Baja,72070.0,Providencia,Entregado
507333,10084,20251102,Programado,15,109.03,Media,152562.0,Lampa,Entregado
507334,10120,20250727,Estándar,13,56.89,Media,91404.0,Lo Barnechea,Entregado
507335,10231,20250909,Estándar,8,11.72,Media,72786.0,Independencia,Entregado
507336,10361,20251023,Express,2,2.41,Urgente,55331.0,Ñuñoa,Entregado
507337,10177,20250901,Estándar,9,64.44,Alta,86768.0,Pudahuel,En preparación
507338,10013,20260201,Express,13,98.93,Alta,142717.0,San Miguel,En ruta
507339,10006,20250314,Estándar,8,19.86,Media,32751.0,Quilicura,Entregado
507340,10089,20251009,Estándar,2,8.45,Media,23999.0,Renca,Pendiente
507341,10474,20250209,Estándar,12,70.94,Media,58520.0,Cerrillos,Entregado
507342,10474,20260328,Estándar,10,77.48,Baja,77493.0,Las Condes,Entregado
507343,10331,20250417,Express,14,105.75,Media,149687.0,Estación Central,Entregado
507344,10371,20260412,Estándar,3,19.26,Baja,43300.0,Vitacura,En ruta
507345,10455,20260920,Estándar,2,3.7,Alta,32636.0,La Cisterna,Pendiente
507346,10163,20261112,Estándar,13,71.74,Urgente,56889.0,El Bosque,Cancelado
507347,10278,20250810,Estándar,13,73.83,Media,113839.0,Puente Alto,Entregado
507348,10126,20261226,Estándar,1,1.8,Baja,24024.0,La Reina,Entregado
507349,10463,20261017,Estándar,3,23.26,Media,29456.0,Macul,Pendiente
507350,10095,20260711,Express,5,21.51,Urgente,51725.0,Conchalí,En ruta
507351,10468,20260807,Estándar,6,18.04,Media,74338.0,Estación Central,Entregado
507352,10045,20250111,Estándar,2,11.0,Alta,30647.0,Maipú,Entregado
507353,10459,20250527,Estándar,13,35.81,Baja,45781.0,Las Condes,Entregado
507354,10232,20260413,Express,3,11.27,Media,54547.0,Vitacura,Entregado
507355,10440,20251230,Express,7,54.77,Alta,56186.0,La Cisterna,Entregado
507356,10086,20250112,Estándar,3,21.68,Baja,37122.0,San Bernardo,En preparación
507357,10167,20261002,Estándar,10,65.52,Media,89695.0,Vitacura,Entregado
507358,10449,20260605,Programado,10,40.02,Baja,88711.0,Estación Central,Entregado
507359,10169,20261029,Express,8,56.64,Alta,113871.0,Las Condes,Entregado
507360,10404,20260520,Express,7,9.93,Alta,84687.0,San Miguel,Entregado
507361,10441,20260101,Express,11,71.72,Baja,91822.0,Macul,Entregado
507362,10215,20260820,Estándar,2,3.72,Media,29596.0,Renca,Entregado
507363,10387,20261023,Estándar,12,57.34,Media,57783.0,Quinta Normal,Pendiente
507364,10228,20250610,Estándar,9,46.4,Urgente,78851.0,San Miguel,Entregado
507365,10273,20260809,Estándar,15,76.96,Media,120206.0,Recoleta,Entregado
507366,10467,20261202,Estándar,11,69.84,Baja,87266.0,Quinta Normal,En ruta
507367,10075,20251212,Express,7,29.36,Urgente,60691.0,Providencia,En preparación
507368,10349,20250630,Estándar,11,86.08,Alta,93497.0,Providencia,Entregado
507369,10351,20250806,Express,2,15.96,Media,45450.0,Pudahuel,Cancelado
507370,10137,20251205,Estándar,11,65.47,Baja,101739.0,Peñalolén,En ruta
507371,10139,20250622,Estándar,2,8.15,Alta,33786.0,Las Condes,En ruta
507372,10293,20250516,Estándar,14,86.17,Urgente,100870.0,La Cisterna,En preparación
507373,10334,20250313,Express,5,13.19,Urgente,28755.0,Conchalí,Entregado
507374,10205,20261013,Estándar,4,21.87,Media,37803.0,Buin,Entregado
507375,10075,20260517,Estándar,15,69.77,Alta,98362.0,Quinta Normal,Entregado
507376,10024,20250919,Programado,14,76.78,Media,107393.0,Maipú,Entregado
507377,10321,20260805,Express,6,43.23,Alta,74079.0,Lampa,Entregado
507378,10127,20261012,Express,12,49.26,Alta,111000.0,La Cisterna,Entregado
507379,10243,20250811,Estándar,9,20.17,Media,49071.0,Ñuñoa,Entregado
507380,10057,20250906,Estándar,14,110.78,Baja,76110.0,Lo Espejo,Entregado
507381,10277,20260124,Estándar,4,6.84,Media,31358.0,Las Condes,Entregado
507382,10354,20250827,Programado,5,13.83,Baja,43129.0,El Bosque,Entregado
507383,10012,20260128,Estándar,14,108.01,Media,55311.0,Lo Espejo,En ruta
507384,10215,20251213,Programado,9,54.63,Urgente,66174.0,El Bosque,Entregado
507385,10204,20250319,Express,6,38.38,Alta,52354.0,Peñalolén,En preparación
507386,10441,20250901,Estándar,10,52.54,Baja,77842.0,Recoleta,Entregado
507387,10474,20260422,Estándar,2,5.8,Media,34861.0,Renca,Entregado
507388,10216,20261021,Estándar,2,4.06,Baja,28132.0,Lo Espejo,Entregado
507389,10278,20250609,Estándar,1,6.68,Media,25660.0,Quinta Normal,Entregado
507390,10440,20260217,Estándar,13,17.27,Media,57431.0,Providencia,En ruta
507391,10295,20250315,Estándar,14,67.88,Media,82852.0,La Cisterna,Entregado
507392,10280,20250422,Express,11,27.28,Media,104309.0,Conchalí,Entregado
507393,10402,20250504,Programado,6,31.92,Urgente,51176.0,Quinta Normal,Entregado
507394,10239,20250523,Estándar,1,5.1,Baja,33326.0,Cerrillos,Entregado
507395,10497,20250113,Estándar,10,47.07,Alta,83438.0,Lo Barnechea,Entregado
507396,10425,20250302,Express,11,61.83,Alta,128110.0,Vitacura,Entregado
507397,10340,20251021,Estándar,3,7.58,Media,37702.0,Quilicura,Entregado
507398,10260,20260226,Programado,8,24.09,Baja,72164.0,Peñalolén,Entregado
507399,10095,20250825,Estándar,1,2.73,Baja,15917.0,Lo Espejo,Entregado
507400,10040,20261225,Express,11,65.8,Urgente,88684.0,Buin,En ruta
507401,10133,20260816,Express,5,36.65,Urgente,39861.0,San Miguel,Entregado
507402,10168,20260112,Estándar,13,16.21,Media,62035.0,Lo Prado,Cancelado
507403,10423,20260407,Estándar,11,27.84,Baja,79954.0,Independencia,En preparación
507404,10146,20250227,Estándar,6,35.49,Media,42775.0,Vitacura,Entregado
507405,10467,20250601,Estándar,14,109.82,Media,77846.0,Macul,Entregado
507406,10223,20260826,Express,3,4.67,Alta,49764.0,San Joaquín,Entregado
507407,10155,20261211,Estándar,12,74.41,Media,67106.0,Santiago,Entregado
507408,10256,20250824,Programado,2,15.23,Media,19033.0,La Granja,En ruta
507409,10327,20260603,Express,1,1.81,Alta,28760.0,Lo Prado,Entregado
507410,10078,20250324,Estándar,12,27.35,Media,74966.0,Huechuraba,Entregado
507411,10074,20250101,Estándar,11,28.86,Media,52536.0,Macul,En ruta
507412,10303,20260606,Estándar,3,14.33,Baja,44792.0,El Bosque,En ruta
507413,10330,20261117,Estándar,3,7.55,Media,36817.0,Ñuñoa,Entregado
507414,10426,20250916,Estándar,10,28.27,Baja,81189.0,San Bernardo,Entregado
507415,10190,20250606,Estándar,9,63.16,Media,43530.0,San Miguel,Entregado
507416,10276,20260829,Programado,14,39.9,Baja,81731.0,Lo Prado,Cancelado
507417,10235,20260425,Express,9,35.61,Alta,69499.0,Maipú,Entregado
507418,10397,20260920,Estándar,12,21.72,Media,65089.0,Lampa,Entregado
507419,10399,20260725,Estándar,2,7.25,Media,26019.0,Peñalolén,Entregado
507420,10494,20250731,Estándar,1,7.88,Baja,36127.0,La Reina,En preparación
507421,10198,20260715,Express,4,5.02,Urgente,72627.0,Colina,En ruta
507422,10481,20250617,Estándar,5,24.62,Media,34620.0,Ñuñoa,Entregado
507423,10363,20260222,Express,14,52.44,Alta,141786.0,La Granja,Entregado
507424,10264,20261021,Estándar,11,66.39,Media,93490.0,Pedro Aguirre Cerda,Entregado
507425,10013,20260913,Estándar,8,25.01,Media,35075.0,Huechuraba,Entregado
507426,10437,20260726,Estándar,4,18.42,Baja,52175.0,Buin,En ruta
507427,10469,20260625,Estándar,15,85.64,Urgente,55549.0,San Miguel,En ruta
507428,10106,20250531,Programado,14,21.22,Baja,62370.0,San Ramón,Entregado
507429,10460,20260723,Express,5,19.77,Media,58120.0,Lo Espejo,Entregado
507430,10124,20260322,Programado,14,23.54,Baja,107584.0,San Miguel,Entregado
507431,10189,20260705,Estándar,7,34.33,Media,42474.0,Recoleta,Entregado
507432,10385,20260410,Estándar,12,84.58,Media,99431.0,Conchalí,Entregado
507433,10270,20250130,Estándar,13,64.74,Alta,101776.0,Santiago,En ruta
507434,10325,20260915,Estándar,1,3.6,Alta,19919.0,Buin,Entregado
507435,10192,20250914,Programado,2,12.25,Baja,27811.0,Estación Central,Entregado
507436,10261,20261031,Estándar,13,49.13,Alta,120325.0,Colina,Entregado
507437,10356,20260905,Express,11,15.84,Baja,120494.0,La Cisterna,Entregado
507438,10497,20250226,Programado,9,55.21,Media,73473.0,Estación Central,En ruta
507439,10087,20260222,Express,2,10.47,Urgente,49005.0,Huechuraba,En preparación
507440,10494,20250806,Estándar,15,112.56,Media,89961.0,Macul,En preparación
507441,10349,20260404,Estándar,3,13.38,Alta,29471.0,Santiago,En preparación
507442,10414,20250610,Programado,3,7.36,Baja,38387.0,Pedro Aguirre Cerda,Entregado
507443,10226,20250525,Estándar,11,21.85,Media,53666.0,Santiago,En preparación
507444,10382,20261227,Programado,3,20.58,Media,16950.0,Huechuraba,Cancelado
507445,10347,20260331,Estándar,4,8.82,Media,29126.0,San Joaquín,Entregado
507446,10250,20250130,Programado,1,7.84,Media,31196.0,San Ramón,Entregado
507447,10430,20260715,Programado,10,23.75,Media,88654.0,Conchalí,Entregado
507448,10477,20260503,Express,5,18.16,Alta,52967.0,Vitacura,Pendiente
507449,10221,20260906,Programado,9,32.75,Media,91303.0,Huechuraba,En ruta
507450,10420,20260511,Express,13,90.86,Media,122079.0,Puente Alto,En preparación
507451,10243,20260114,Programado,4,28.18,Baja,45940.0,La Cisterna,Cancelado
507452,10205,20251022,Express,8,31.76,Media,66825.0,San Miguel,Entregado
507453,10305,20260512,Estándar,10,18.32,Media,105777.0,Cerrillos,Entregado
507454,10040,20250519,Estándar,3,13.09,Media,25038.0,La Cisterna,En ruta
507455,10121,20251218,Estándar,2,15.26,Media,36754.0,San Ramón,Entregado
507456,10097,20250728,Express,12,35.11,Urgente,91102.0,Pedro Aguirre Cerda,Entregado
507457,10283,20250619,Estándar,15,64.15,Baja,104637.0,Vitacura,En preparación
507458,10465,20250323,Estándar,7,55.4,Media,48470.0,La Reina,Pendiente
507459,10256,20260527,Express,10,76.9,Alta,71693.0,Lo Prado,En ruta
507460,10035,20261218,Programado,1,1.39,Baja,22210.0,Quinta Normal,Entregado
507461,10084,20250810,Estándar,14,96.08,Alta,135394.0,Peñalolén,Entregado
507462,10105,20260719,Estándar,12,64.79,Media,51626.0,La Granja,Entregado
507463,10228,20251108,Estándar,7,44.67,Media,49916.0,Independencia,Entregado
507464,10427,20260317,Programado,5,37.19,Baja,44717.0,San Joaquín,Entregado
507465,10244,20260616,Programado,14,111.8,Baja,127078.0,Independencia,En preparación
507466,10114,20250606,Estándar,11,82.18,Alta,105109.0,San Ramón,Entregado
507467,10214,20250304,Estándar,8,37.75,Baja,70467.0,Estación Central,Entregado
507468,10061,20250407,Estándar,2,10.71,Alta,23294.0,Recoleta,Entregado
507469,10048,20260405,Estándar,3,15.73,Media,37755.0,Renca,Cancelado
507470,10477,20251107,Estándar,6,37.64,Alta,38515.0,San Bernardo,Pendiente
507471,10199,20260330,Estándar,12,74.01,Media,89823.0,Quinta Normal,En ruta
507472,10427,20260917,Estándar,9,43.4,Baja,88086.0,Las Condes,En ruta
507473,10277,20260313,Express,7,19.63,Media,37255.0,Huechuraba,Entregado
507474,10054,20261104,Estándar,8,40.04,Baja,56117.0,Macul,Entregado
507475,10354,20260427,Estándar,15,25.08,Media,88108.0,Pudahuel,Entregado
507476,10067,20250925,Estándar,1,5.67,Baja,16935.0,Lo Prado,Entregado
507477,10079,20260726,Estándar,7,25.45,Baja,70695.0,Lo Prado,Cancelado
507478,10244,20260428,Estándar,15,113.98,Media,144189.0,Macul,Entregado
507479,10382,20251108,Programado,9,71.77,Media,88498.0,Providencia,Entregado
507480,10373,20250221,Estándar,12,88.96,Media,43057.0,Quinta Normal,Entregado
507481,10379,20260922,Express,8,43.89,Alta,71948.0,Ñuñoa,Entregado
507482,10450,20250115,Estándar,15,78.0,Baja,122983.0,La Florida,En preparación
507483,10136,20250621,Estándar,6,6.96,Alta,59619.0,Recoleta,Cancelado
507484,10285,20260212,Estándar,5,19.61,Media,58158.0,La Reina,En ruta
507485,10167,20261005,Express,1,5.71,Media,40580.0,La Granja,En ruta
507486,10436,20250505,Estándar,5,17.59,Media,63677.0,La Cisterna,Entregado
507487,10352,20250309,Express,12,91.94,Alta,87368.0,San Ramón,Entregado
507488,10226,20250617,Estándar,2,8.48,Urgente,28377.0,Ñuñoa,Entregado
507489,10216,20250318,Estándar,9,51.24,Baja,73971.0,El Bosque,Entregado
507490,10138,20260612,Estándar,14,103.05,Baja,121351.0,Las Condes,Entregado
507491,10085,20260709,Express,3,22.91,Alta,46302.0,La Reina,En ruta
507492,10339,20251009,Programado,6,12.37,Media,30150.0,Quilicura,En ruta
507493,10306,20260824,Express,14,49.13,Alta,135948.0,Estación Central,Entregado
507494,10291,20260405,Estándar,7,28.03,Baja,69342.0,Lo Espejo,Entregado
507495,10072,20260903,Estándar,1,5.14,Media,16760.0,Vitacura,En ruta
507496,10230,20260318,Estándar,12,31.18,Alta,77648.0,La Cisterna,En ruta
507497,10338,20260303,Estándar,14,54.48,Alta,93481.0,La Cisterna,Entregado
507498,10329,20250902,Estándar,5,9.7,Media,51680.0,Maipú,En preparación
507499,10079,20260822,Programado,15,15.64,Media,150789.0,Lo Prado,Pendiente
507500,10116,20250212,Estándar,13,97.28,Alta,84360.0,San Joaquín,Entregado
507501,10042,20250214,Estándar,15,29.33,Baja,121928.0,Lampa,Entregado
507502,10228,20250727,Express,14,44.65,Alta,165244.0,La Florida,Entregado
507503,10012,20250827,Estándar,15,65.53,Baja,85299.0,La Cisterna,En ruta
507504,10306,20250612,Programado,6,30.37,Baja,47774.0,Cerrillos,En ruta
507505,10397,20260303,Express,8,8.15,Urgente,62429.0,Pedro Aguirre Cerda,Entregado
507506,10433,20251229,Estándar,11,18.94,Media,111475.0,Lampa,Entregado
507507,10178,20250616,Express,15,17.6,Alta,161344.0,Las Condes,En ruta
507508,10473,20260131,Estándar,12,36.66,Alta,74328.0,Cerrillos,Entregado
507509,10450,20250801,Express,11,22.97,Alta,66389.0,Ñuñoa,En ruta
507510,10157,20250526,Estándar,2,3.71,Media,37985.0,Vitacura,Entregado
507511,10414,20260115,Estándar,3,11.35,Baja,34039.0,Quilicura,En preparación
507512,10143,20261218,Estándar,7,30.98,Alta,56940.0,La Reina,En ruta
507513,10289,20251231,Estándar,1,1.14,Media,24784.0,Vitacura,Entregado
507514,10388,20261110,Estándar,10,47.53,Media,59958.0,Independencia,Entregado
507515,10267,20250820,Estándar,12,42.71,Media,66051.0,Renca,Entregado
507516,10452,20250323,Programado,5,10.88,Alta,45863.0,Macul,Entregado
507517,10154,20250514,Estándar,8,25.26,Media,46212.0,San Bernardo,En ruta
507518,10152,20250925,Estándar,7,44.09,Baja,39562.0,Conchalí,En ruta
507519,10028,20250709,Estándar,4,20.39,Alta,38404.0,Macul,Entregado
507520,10418,20260405,Estándar,12,38.0,Baja,93751.0,Lo Prado,Entregado
507521,10194,20260224,Estándar,6,41.26,Media,47228.0,El Bosque,Entregado
507522,10237,20260612,Programado,13,94.57,Media,120006.0,San Miguel,Entregado
507523,10021,20260726,Estándar,13,88.5,Baja,64327.0,Pedro Aguirre Cerda,Entregado
507524,10479,20250828,Estándar,2,10.68,Alta,44382.0,Quilicura,Entregado
507525,10174,20260420,Express,7,35.34,Alta,93417.0,Puente Alto,Entregado
507526,10143,20260407,Estándar,5,38.88,Baja,51801.0,Renca,Entregado
507527,10110,20261102,Estándar,14,103.1,Alta,77540.0,El Bosque,Cancelado
507528,10216,20250812,Estándar,14,91.51,Media,94647.0,El Bosque,Entregado
507529,10449,20260701,Estándar,4,19.02,Baja,42636.0,Lo Prado,Entregado
507530,10098,20260515,Estándar,1,2.75,Media,34085.0,Conchalí,Entregado
507531,10371,20260320,Estándar,15,23.2,Media,97503.0,Lo Barnechea,Entregado
507532,10084,20260525,Estándar,1,6.3,Media,24931.0,San Ramón,Entregado
507533,10294,20261206,Express,12,54.52,Alta,115756.0,Conchalí,Entregado
507534,10109,20251121,Express,5,8.62,Urgente,72889.0,Quilicura,En preparación
507535,10384,20250617,Express,4,24.01,Urgente,52182.0,Peñalolén,En preparación
507536,10213,20250910,Programado,7,21.55,Media,73327.0,Maipú,Entregado
507537,10302,20251008,Estándar,11,34.16,Alta,55603.0,Colina,Entregado
507538,10275,20261223,Estándar,6,16.78,Media,39576.0,Peñalolén,En ruta
507539,10420,20261008,Estándar,3,17.59,Alta,36827.0,Huechuraba,Entregado
507540,10105,20260517,Estándar,14,81.73,Media,62287.0,Ñuñoa,Entregado
507541,10330,20260921,Estándar,10,13.19,Alta,58975.0,Conchalí,Entregado
507542,10009,20260102,Estándar,14,110.35,Media,65823.0,Huechuraba,Entregado
507543,10323,20250820,Express,15,78.16,Alta,110304.0,San Ramón,Entregado
507544,10124,20260724,Estándar,6,33.36,Baja,35435.0,San Ramón,Entregado
507545,10106,20250619,Estándar,9,38.56,Alta,77578.0,Independencia,Pendiente
507546,10161,20261113,Estándar,6,35.6,Media,58126.0,San Ramón,Entregado
507547,10388,20250320,Express,12,39.22,Alta,79715.0,Independencia,En preparación
507548,10495,20250714,Express,5,19.67,Alta,68834.0,Santiago,Entregado
507549,10495,20260106,Estándar,15,88.3,Baja,125423.0,Lo Prado,Entregado
507550,10137,20250402,Estándar,12,42.61,Baja,49898.0,Las Condes,Entregado
507551,10059,20250220,Express,13,85.66,Alta,137956.0,Quinta Normal,Entregado
507552,10042,20260404,Express,4,12.23,Alta,59493.0,La Florida,Entregado
507553,10224,20250116,Express,11,62.1,Urgente,118305.0,Recoleta,Entregado
507554,10190,20250614,Express,10,67.18,Alta,111062.0,San Miguel,Entregado
507555,10003,20250221,Estándar,5,19.77,Alta,35395.0,Providencia,Entregado
507556,10146,20250519,Estándar,12,51.25,Urgente,105159.0,Vitacura,Entregado
507557,10303,20260402,Estándar,11,73.71,Media,88206.0,Huechuraba,Entregado
507558,10278,20250424,Estándar,12,23.03,Urgente,59509.0,Puente Alto,Entregado
507559,10365,20250403,Express,4,13.64,Urgente,56130.0,Providencia,En ruta
507560,10396,20260330,Programado,11,72.41,Media,87328.0,Puente Alto,Cancelado
507561,10404,20250715,Programado,4,31.42,Media,57097.0,Vitacura,Entregado
507562,10344,20260208,Programado,9,28.34,Baja,51726.0,Lo Prado,Entregado
507563,10318,20250112,Estándar,12,66.97,Media,67653.0,La Florida,En ruta
507564,10029,20260621,Programado,14,70.52,Media,136831.0,La Florida,Entregado
507565,10397,20250505,Estándar,9,11.82,Alta,47234.0,Lo Prado,Entregado
507566,10253,20260716,Programado,15,84.36,Media,109439.0,Estación Central,En ruta
507567,10290,20260226,Express,15,108.63,Alta,97456.0,Vitacura,Entregado
507568,10410,20251005,Estándar,8,62.43,Alta,36447.0,Cerrillos,Entregado
507569,10241,20260907,Estándar,13,51.51,Baja,126430.0,San Joaquín,Entregado
507570,10191,20260513,Estándar,15,38.72,Media,107904.0,El Bosque,Entregado
507571,10208,20260303,Express,6,33.3,Alta,83823.0,Maipú,Entregado
507572,10002,20260425,Estándar,9,48.25,Alta,67319.0,Lo Barnechea,Entregado
507573,10274,20260622,Estándar,8,60.93,Alta,71573.0,Recoleta,Entregado
507574,10454,20251020,Estándar,1,5.1,Media,13582.0,Quinta Normal,Entregado
507575,10029,20250923,Estándar,11,39.2,Baja,37093.0,Ñuñoa,Entregado
507576,10005,20251209,Estándar,13,25.32,Alta,93435.0,Las Condes,Entregado
507577,10189,20250826,Estándar,13,37.78,Alta,87394.0,Ñuñoa,En preparación
507578,10108,20261024,Express,1,2.04,Alta,21248.0,Peñalolén,En preparación
507579,10074,20260201,Programado,15,112.65,Baja,148614.0,Puente Alto,En ruta
507580,10443,20250430,Estándar,10,34.56,Urgente,71661.0,Huechuraba,Entregado
507581,10071,20260823,Estándar,12,64.78,Baja,75309.0,El Bosque,Entregado
507582,10241,20250817,Programado,9,38.03,Alta,103577.0,Peñalolén,Entregado
507583,10384,20260322,Programado,7,25.04,Alta,47201.0,San Joaquín,Entregado
507584,10037,20250326,Programado,9,27.7,Media,70718.0,La Florida,Entregado
507585,10139,20250324,Express,11,68.33,Alta,47924.0,Huechuraba,En ruta
507586,10330,20250502,Estándar,11,86.02,Media,47644.0,Providencia,Entregado
507587,10385,20260704,Estándar,1,5.92,Alta,19438.0,La Florida,En preparación
507588,10114,20260413,Estándar,9,47.3,Alta,73759.0,Quinta Normal,Entregado
507589,10010,20260615,Programado,12,21.77,Baja,108499.0,Peñalolén,En preparación
507590,10316,20251109,Estándar,13,90.5,Alta,71852.0,La Cisterna,Cancelado
507591,10120,20250612,Estándar,3,5.57,Media,29056.0,Estación Central,Entregado
507592,10458,20260501,Estándar,4,17.81,Media,49217.0,San Miguel,En ruta
507593,10032,20250407,Express,6,37.07,Alta,34366.0,La Reina,Entregado
507594,10017,20250710,Express,14,68.61,Alta,90809.0,Peñalolén,En ruta
507595,10398,20250409,Estándar,4,6.79,Media,31539.0,Las Condes,Entregado
507596,10005,20260205,Estándar,13,33.0,Media,83631.0,Recoleta,En ruta
507597,10249,20261108,Express,8,26.65,Urgente,74835.0,El Bosque,En ruta
507598,10379,20260924,Express,3,6.78,Media,52369.0,San Bernardo,Entregado
507599,10223,20250910,Programado,5,29.2,Alta,30796.0,Vitacura,Entregado
507600,10063,20260119,Estándar,9,24.2,Media,68393.0,Vitacura,Entregado
507601,10051,20250822,Estándar,13,78.5,Media,72084.0,Colina,Entregado
507602,10292,20261108,Estándar,7,12.77,Baja,57050.0,Santiago,Entregado
507603,10482,20260520,Programado,10,59.05,Media,63181.0,Cerrillos,Entregado
507604,10020,20250223,Express,8,52.48,Urgente,38274.0,Recoleta,Entregado
507605,10004,20251128,Estándar,11,77.83,Baja,73080.0,Lo Espejo,Entregado
507606,10286,20261218,Estándar,1,4.86,Baja,25819.0,La Reina,Entregado
507607,10222,20261001,Estándar,1,6.7,Alta,16857.0,Cerrillos,Entregado
507608,10440,20250205,Express,7,28.73,Alta,46927.0,La Reina,Entregado
507609,10037,20250110,Express,14,73.14,Urgente,152747.0,Quilicura,En ruta
507610,10184,20260526,Estándar,8,18.5,Alta,71580.0,San Miguel,En ruta
507611,10079,20260424,Estándar,1,3.75,Media,32680.0,La Florida,En preparación
507612,10178,20261026,Estándar,9,50.91,Alta,36667.0,Quilicura,Entregado
507613,10434,20260909,Programado,15,102.88,Urgente,106380.0,Vitacura,En preparación
507614,10215,20250604,Estándar,13,18.2,Baja,108415.0,La Florida,Pendiente
507615,10364,20251002,Estándar,4,12.2,Media,32410.0,San Joaquín,Entregado
507616,10155,20260915,Estándar,15,83.52,Media,92111.0,Lo Barnechea,Entregado
507617,10029,20251207,Estándar,8,49.82,Alta,55973.0,Puente Alto,En preparación
507618,10094,20261101,Programado,10,22.5,Baja,51013.0,La Reina,En ruta
507619,10408,20250905,Estándar,12,38.48,Media,89111.0,La Reina,Entregado
507620,10479,20260926,Estándar,8,15.14,Baja,54416.0,Vitacura,Entregado
507621,10220,20250605,Estándar,8,14.83,Urgente,47596.0,Macul,Entregado
507622,10139,20260102,Programado,2,10.91,Urgente,34913.0,Las Condes,Entregado
507623,10318,20250522,Estándar,8,13.99,Baja,62035.0,La Cisterna,Entregado
507624,10409,20250727,Programado,11,31.82,Alta,46721.0,Huechuraba,En preparación
507625,10082,20260617,Estándar,3,7.71,Media,43634.0,La Granja,En preparación
507626,10321,20250322,Estándar,12,52.04,Media,103976.0,Estación Central,Entregado
507627,10303,20260803,Programado,4,9.27,Media,29689.0,San Joaquín,Entregado
507628,10332,20261201,Estándar,4,25.78,Media,56914.0,La Cisterna,Entregado
507629,10242,20250910,Programado,2,13.7,Alta,24356.0,Lo Espejo,Entregado
507630,10075,20260919,Programado,7,26.81,Baja,58743.0,Lo Espejo,En ruta
507631,10487,20250723,Express,8,12.12,Alta,72471.0,Recoleta,En preparación
507632,10047,20250616,Express,14,23.76,Alta,88904.0,Providencia,En ruta
507633,10455,20251009,Estándar,8,36.82,Media,53975.0,Estación Central,Entregado
507634,10191,20260130,Estándar,6,35.53,Media,66710.0,La Cisterna,En preparación
507635,10113,20260706,Programado,15,97.87,Baja,62330.0,Colina,Entregado
507636,10395,20250315,Estándar,1,2.1,Media,24333.0,San Joaquín,Entregado
507637,10313,20250905,Estándar,7,51.5,Media,67290.0,La Granja,Entregado
507638,10212,20261010,Express,15,98.85,Alta,122981.0,Conchalí,Pendiente
507639,10457,20260927,Estándar,13,76.78,Baja,93170.0,San Bernardo,En preparación
507640,10004,20250830,Programado,11,47.96,Baja,102017.0,San Ramón,Entregado
507641,10467,20250306,Estándar,1,6.22,Baja,21724.0,San Bernardo,En ruta
507642,10076,20261227,Estándar,12,80.89,Baja,100442.0,San Miguel,Entregado
507643,10282,20250330,Estándar,6,25.12,Baja,53700.0,Pudahuel,Entregado
507644,10371,20260403,Estándar,3,7.61,Media,43744.0,Lo Prado,Pendiente
507645,10181,20251211,Estándar,5,6.09,Alta,46041.0,Lo Espejo,Entregado
507646,10140,20250926,Estándar,11,62.91,Media,88077.0,San Joaquín,Entregado
507647,10443,20250120,Express,4,24.92,Alta,46329.0,Quilicura,Entregado
507648,10299,20260718,Estándar,10,63.68,Media,89976.0,Providencia,Entregado
507649,10461,20260830,Estándar,2,5.0,Alta,23501.0,Maipú,En ruta
507650,10280,20251001,Express,13,84.38,Media,157912.0,Puente Alto,Entregado
507651,10274,20260827,Express,3,23.01,Alta,46155.0,Lo Barnechea,En preparación
507652,10398,20251107,Estándar,2,15.37,Baja,28478.0,Puente Alto,Entregado
507653,10274,20250820,Express,11,17.3,Alta,144442.0,Recoleta,Entregado
507654,10189,20250502,Estándar,6,41.31,Media,36028.0,Quilicura,En preparación
507655,10133,20260809,Estándar,12,89.03,Media,69957.0,Huechuraba,Entregado
507656,10097,20250328,Estándar,6,18.75,Media,36517.0,Quilicura,Entregado
507657,10301,20251125,Estándar,8,38.38,Media,61459.0,Colina,En ruta
507658,10237,20260429,Programado,7,7.26,Media,36734.0,La Florida,En preparación
507659,10095,20260829,Estándar,14,51.63,Media,101745.0,Independencia,Entregado
507660,10191,20260924,Estándar,3,3.6,Media,24754.0,Estación Central,Entregado
507661,10082,20260414,Estándar,15,81.3,Alta,128151.0,San Miguel,En preparación
507662,10452,20260301,Estándar,1,2.32,Baja,30337.0,San Miguel,Entregado
507663,10324,20261023,Programado,2,10.4,Baja,26678.0,San Joaquín,En ruta
507664,10169,20250704,Estándar,15,57.13,Media,90498.0,Colina,Entregado
507665,10221,20260118,Estándar,7,24.68,Baja,45690.0,Peñalolén,Entregado
507666,10436,20260325,Estándar,11,18.2,Baja,91448.0,La Cisterna,Entregado
507667,10399,20260914,Estándar,15,90.12,Media,90067.0,San Bernardo,Entregado
507668,10401,20250105,Estándar,15,91.27,Urgente,125737.0,Conchalí,Entregado
507669,10020,20251028,Programado,1,3.71,Alta,30358.0,Lo Espejo,Entregado
507670,10280,20250722,Programado,3,15.76,Alta,47386.0,San Joaquín,Entregado
507671,10006,20250821,Estándar,10,23.62,Baja,66527.0,Macul,En ruta
507672,10150,20260716,Estándar,14,83.6,Media,119938.0,Lampa,Pendiente
507673,10145,20250525,Estándar,4,29.83,Media,46189.0,La Florida,Entregado
507674,10400,20260301,Estándar,15,106.8,Urgente,82859.0,Huechuraba,Entregado
507675,10226,20260108,Estándar,6,24.03,Media,40770.0,El Bosque,Entregado
507676,10404,20250616,Estándar,12,43.28,Baja,96643.0,Las Condes,Pendiente
507677,10378,20250201,Estándar,3,17.07,Media,40802.0,Independencia,En ruta
507678,10382,20250503,Estándar,5,32.43,Baja,49729.0,Ñuñoa,Pendiente
507679,10086,20250706,Estándar,12,55.47,Alta,83696.0,Recoleta,Entregado
507680,10282,20250806,Estándar,12,41.11,Baja,47608.0,La Florida,Entregado
507681,10108,20261107,Express,8,49.85,Alta,88125.0,Ñuñoa,Entregado
507682,10063,20260630,Programado,11,87.31,Baja,71372.0,Lo Barnechea,En ruta
507683,10025,20260220,Programado,5,20.7,Baja,39653.0,San Bernardo,Entregado
507684,10449,20260129,Express,5,35.0,Baja,56063.0,San Bernardo,Entregado
507685,10285,20261105,Express,2,2.92,Alta,39906.0,Independencia,Entregado
507686,10192,20251106,Estándar,4,19.03,Media,35243.0,La Reina,Entregado
507687,10112,20261004,Estándar,3,23.79,Media,39837.0,Huechuraba,Entregado
507688,10455,20250116,Programado,2,13.72,Alta,38613.0,Pedro Aguirre Cerda,En ruta
507689,10273,20250621,Estándar,8,40.32,Alta,57586.0,San Miguel,En preparación
507690,10463,20260413,Estándar,15,80.04,Media,64387.0,Renca,Entregado
507691,10017,20250909,Estándar,5,7.84,Media,28538.0,Ñuñoa,Entregado
507692,10259,20260226,Programado,1,4.98,Baja,36364.0,San Bernardo,En ruta
507693,10459,20260820,Estándar,10,53.68,Baja,79654.0,Buin,En preparación
507694,10080,20250120,Estándar,14,97.86,Media,91597.0,Macul,Entregado
507695,10051,20250408,Programado,11,82.5,Baja,37474.0,Vitacura,Cancelado
507696,10349,20261213,Express,9,52.37,Alta,57974.0,Quinta Normal,Entregado
507697,10485,20260126,Express,6,8.16,Alta,56214.0,Independencia,Entregado
507698,10038,20260106,Estándar,8,17.13,Media,85402.0,Huechuraba,En ruta
507699,10457,20260311,Programado,5,20.31,Baja,51814.0,Ñuñoa,En ruta
507700,10155,20261207,Estándar,6,39.53,Baja,57492.0,Macul,Pendiente
507701,10336,20260131,Express,1,3.35,Alta,26098.0,Lo Espejo,Cancelado
507702,10311,20250311,Estándar,2,11.33,Baja,24688.0,San Miguel,Cancelado
507703,10319,20250720,Estándar,13,63.03,Media,109630.0,Lo Barnechea,Entregado
507704,10212,20250606,Estándar,10,11.03,Media,96837.0,Providencia,Entregado
507705,10015,20260312,Estándar,7,32.45,Urgente,54164.0,Ñuñoa,En ruta
507706,10489,20251003,Express,11,78.37,Baja,81948.0,San Joaquín,Entregado
507707,10412,20260421,Estándar,12,62.38,Baja,89703.0,La Florida,Cancelado
507708,10063,20260213,Express,7,32.23,Media,41152.0,Conchalí,Entregado
507709,10400,20260127,Estándar,3,9.59,Baja,22835.0,El Bosque,Entregado
507710,10005,20251215,Estándar,6,7.73,Media,27484.0,La Cisterna,Entregado
507711,10029,20261012,Estándar,9,40.52,Media,45554.0,San Bernardo,En ruta
507712,10046,20250530,Express,6,22.59,Alta,82975.0,Colina,En preparación
507713,10406,20260808,Estándar,1,3.88,Alta,27162.0,Lo Barnechea,Entregado
507714,10114,20251201,Estándar,4,14.07,Media,45026.0,La Granja,En ruta
507715,10218,20250320,Express,6,34.91,Alta,82575.0,Huechuraba,Entregado
507716,10260,20260419,Estándar,5,6.55,Urgente,43724.0,Renca,Entregado
507717,10073,20261215,Estándar,7,27.51,Baja,63965.0,Providencia,Entregado
507718,10209,20260129,Programado,13,21.15,Media,115266.0,Vitacura,Entregado
507719,10340,20260316,Express,11,28.84,Alta,120049.0,La Granja,Entregado
507720,10474,20250512,Express,3,5.34,Alta,67719.0,Huechuraba,Entregado
507721,10423,20261106,Estándar,10,62.34,Media,71925.0,Vitacura,Cancelado
507722,10459,20260228,Programado,7,27.46,Baja,67509.0,Lampa,Entregado
507723,10268,20250902,Estándar,11,56.39,Media,92998.0,Maipú,Entregado
507724,10450,20260930,Programado,7,28.61,Baja,67072.0,La Florida,En preparación
507725,10102,20250325,Programado,6,32.4,Urgente,53275.0,Lo Espejo,Entregado
507726,10449,20260103,Estándar,9,37.78,Media,62367.0,San Joaquín,Entregado
507727,10148,20261102,Estándar,2,6.45,Baja,33524.0,Estación Central,En preparación
507728,10424,20250408,Express,13,80.66,Alta,103905.0,Huechuraba,Entregado
507729,10197,20261202,Estándar,5,29.06,Media,51326.0,Lo Barnechea,Pendiente
507730,10287,20261026,Estándar,15,44.47,Media,59333.0,Colina,Entregado
507731,10341,20250509,Express,3,14.15,Urgente,34125.0,Quinta Normal,En preparación
507732,10204,20251102,Programado,1,5.07,Media,37595.0,Estación Central,Entregado
507733,10064,20260405,Estándar,14,87.73,Media,57552.0,Cerrillos,Cancelado
507734,10257,20260515,Programado,7,17.7,Alta,63940.0,Puente Alto,Entregado
507735,10238,20261016,Express,15,70.47,Alta,160034.0,Lo Espejo,Entregado
507736,10479,20260717,Estándar,13,13.13,Alta,72778.0,Puente Alto,Entregado
507737,10155,20250528,Estándar,4,31.27,Media,25908.0,Ñuñoa,Entregado
507738,10122,20261130,Estándar,3,3.2,Media,36494.0,San Joaquín,Entregado
507739,10443,20260505,Estándar,8,54.03,Media,68303.0,La Granja,Entregado
507740,10166,20250530,Estándar,6,25.51,Baja,57035.0,Cerrillos,Entregado
507741,10008,20260705,Express,5,6.44,Alta,55809.0,Santiago,Entregado
507742,10434,20251127,Estándar,7,15.29,Baja,59839.0,La Granja,Entregado
507743,10413,20260121,Programado,3,15.06,Alta,33579.0,El Bosque,Entregado
507744,10193,20260429,Estándar,15,89.16,Alta,125293.0,La Granja,Entregado
507745,10338,20260621,Express,8,21.61,Alta,104904.0,La Cisterna,En ruta
507746,10063,20250217,Express,13,23.79,Alta,77524.0,Estación Central,Entregado
507747,10064,20250611,Express,6,13.15,Urgente,95117.0,Quinta Normal,Entregado
507748,10014,20250316,Estándar,9,15.06,Media,61793.0,San Bernardo,En ruta
507749,10426,20250907,Estándar,9,48.63,Media,87421.0,Independencia,Entregado
507750,10303,20250531,Estándar,2,13.75,Alta,33479.0,Peñalolén,En ruta
507751,10182,20260311,Estándar,7,31.11,Urgente,56480.0,Macul,Entregado
507752,10096,20260430,Programado,4,29.76,Baja,23871.0,Santiago,Entregado
507753,10418,20251028,Estándar,14,33.5,Baja,65485.0,Independencia,Entregado
507754,10455,20250614,Estándar,3,7.93,Baja,23513.0,Renca,En ruta
507755,10400,20260625,Estándar,13,82.85,Urgente,101117.0,Estación Central,Entregado
507756,10405,20250811,Programado,14,47.73,Alta,126218.0,Estación Central,Entregado
507757,10406,20260130,Estándar,6,32.98,Media,39577.0,La Cisterna,Pendiente
507758,10495,20260124,Express,8,51.04,Urgente,75512.0,Ñuñoa,Pendiente
507759,10112,20260920,Estándar,7,49.55,Alta,73653.0,La Reina,En ruta
507760,10062,20260503,Express,11,69.15,Alta,81803.0,Maipú,Entregado
507761,10435,20250817,Express,8,59.74,Media,78157.0,La Granja,Entregado
507762,10218,20261028,Estándar,2,2.44,Baja,27061.0,Conchalí,En ruta
507763,10157,20260128,Programado,14,76.25,Baja,87652.0,Vitacura,Entregado
507764,10216,20250925,Estándar,9,35.39,Media,83013.0,Renca,Cancelado
507765,10241,20260116,Express,14,103.84,Urgente,144727.0,La Florida,Cancelado
507766,10405,20251222,Estándar,7,39.86,Alta,29020.0,Lampa,En ruta
507767,10447,20251208,Estándar,2,7.14,Media,20678.0,Ñuñoa,Entregado
507768,10168,20250825,Estándar,14,49.72,Baja,124326.0,Lo Barnechea,Entregado
507769,10255,20260813,Express,10,41.93,Alta,142895.0,El Bosque,Entregado
507770,10276,20260405,Estándar,14,36.26,Media,113831.0,Ñuñoa,Entregado
507771,10035,20260729,Estándar,5,14.87,Media,31495.0,Estación Central,Entregado
507772,10035,20251204,Estándar,8,63.59,Media,56985.0,Renca,Entregado
507773,10186,20251019,Estándar,2,13.64,Media,23098.0,Maipú,En ruta
507774,10070,20260610,Estándar,4,19.0,Baja,35161.0,Peñalolén,Entregado
507775,10454,20260825,Estándar,12,94.88,Media,73704.0,Lo Prado,Entregado
507776,10105,20251110,Programado,8,25.69,Baja,46473.0,La Granja,Entregado
507777,10496,20250422,Programado,14,89.76,Baja,80677.0,Peñalolén,Entregado
507778,10413,20250602,Estándar,15,29.3,Baja,47448.0,El Bosque,Entregado
507779,10334,20260304,Estándar,5,12.55,Urgente,26564.0,San Joaquín,Pendiente
507780,10073,20250428,Estándar,9,16.49,Media,81118.0,Pedro Aguirre Cerda,En preparación
507781,10171,20251118,Estándar,6,29.39,Baja,38297.0,Macul,En preparación
507782,10026,20250331,Estándar,3,19.43,Urgente,41763.0,Buin,Entregado
507783,10079,20261016,Estándar,2,13.04,Baja,16766.0,Renca,Entregado
507784,10232,20250711,Estándar,4,28.34,Baja,47235.0,Conchalí,Entregado
507785,10471,20260409,Estándar,10,51.19,Alta,94786.0,Puente Alto,Entregado
507786,10030,20251110,Estándar,15,33.78,Media,83161.0,El Bosque,En preparación
507787,10464,20261127,Estándar,6,30.3,Baja,51044.0,Las Condes,En ruta
507788,10363,20260329,Estándar,13,88.2,Media,87265.0,La Reina,En preparación
507789,10244,20260930,Express,14,85.22,Urgente,73868.0,Colina,Entregado
507790,10258,20260423,Estándar,11,86.92,Baja,61307.0,Conchalí,En preparación
507791,10384,20250519,Estándar,9,51.17,Media,71654.0,Colina,En ruta
507792,10298,20260417,Estándar,4,17.12,Baja,30957.0,Quilicura,En preparación
507793,10356,20260427,Estándar,4,20.24,Media,33469.0,Lo Barnechea,Entregado
507794,10429,20250401,Estándar,13,19.25,Media,116703.0,Huechuraba,Entregado
507795,10225,20251021,Estándar,14,35.79,Media,124600.0,Conchalí,En ruta
507796,10264,20260307,Estándar,3,18.86,Alta,27722.0,San Miguel,Pendiente
507797,10050,20250313,Programado,5,8.34,Media,29867.0,Quinta Normal,Entregado
507798,10463,20250613,Estándar,10,47.04,Alta,56923.0,Recoleta,Entregado
507799,10078,20250408,Estándar,13,25.31,Alta,71976.0,La Florida,Entregado
507800,10270,20260530,Estándar,12,48.5,Baja,89969.0,Pedro Aguirre Cerda,Entregado
507801,10030,20250601,Express,6,28.79,Alta,45480.0,Maipú,Entregado
507802,10419,20261210,Programado,1,6.9,Baja,33463.0,Huechuraba,Entregado
507803,10421,20250927,Programado,6,38.25,Media,57256.0,Lampa,Entregado
507804,10044,20251114,Express,3,13.35,Alta,66177.0,Lo Espejo,Entregado
507805,10360,20260427,Estándar,3,16.68,Baja,25862.0,La Florida,Entregado
507806,10179,20260401,Programado,9,44.75,Media,51325.0,Pudahuel,Entregado
507807,10142,20261124,Estándar,5,25.38,Baja,50109.0,Lo Espejo,Pendiente
507808,10495,20261016,Estándar,15,36.24,Baja,65543.0,Lo Espejo,Pendiente
507809,10332,20260624,Estándar,7,53.0,Media,79671.0,Peñalolén,Entregado
507810,10300,20260611,Estándar,5,10.43,Baja,35138.0,Providencia,Entregado
507811,10083,20260124,Estándar,2,6.75,Alta,30836.0,Vitacura,En preparación
507812,10111,20250520,Estándar,12,28.25,Media,103248.0,Independencia,Entregado
507813,10370,20250307,Express,8,21.11,Baja,58894.0,San Ramón,Entregado
507814,10271,20260620,Express,6,31.69,Media,75661.0,Huechuraba,Entregado
507815,10288,20260513,Express,12,65.51,Media,72680.0,Renca,En preparación
507816,10093,20250822,Estándar,14,111.2,Media,92614.0,Ñuñoa,Entregado
507817,10108,20251215,Express,15,34.32,Baja,163108.0,Independencia,Entregado
507818,10343,20250907,Estándar,12,73.09,Baja,84484.0,Lo Barnechea,Cancelado
507819,10260,20260504,Estándar,14,58.07,Baja,58090.0,Las Condes,Entregado
507820,10447,20250425,Programado,7,23.5,Media,66972.0,San Bernardo,Entregado
507821,10068,20260208,Express,8,43.36,Alta,94439.0,Peñalolén,En ruta
507822,10033,20250722,Express,13,65.62,Alta,68903.0,San Ramón,Entregado
507823,10262,20251103,Estándar,2,6.86,Baja,21095.0,Conchalí,Entregado
507824,10380,20260629,Estándar,4,16.52,Alta,52032.0,Recoleta,Entregado
507825,10111,20250519,Estándar,4,9.78,Baja,49041.0,La Reina,En ruta
507826,10016,20250618,Estándar,10,25.95,Baja,101054.0,Buin,Entregado
507827,10109,20260524,Estándar,14,28.02,Alta,83707.0,Independencia,En ruta
507828,10444,20261025,Express,14,15.29,Media,146602.0,San Joaquín,Entregado
507829,10430,20250827,Estándar,14,94.48,Media,97763.0,Renca,Entregado
507830,10491,20260813,Estándar,11,67.22,Media,83990.0,Lo Prado,En preparación
507831,10104,20251218,Express,10,16.34,Media,109130.0,Maipú,Entregado
507832,10215,20250403,Estándar,1,2.48,Media,17974.0,Maipú,En preparación
507833,10405,20251202,Estándar,8,41.37,Alta,48127.0,Quinta Normal,Entregado
507834,10422,20260120,Estándar,3,9.1,Media,27659.0,Lo Espejo,Entregado
507835,10348,20250702,Programado,7,21.29,Media,68781.0,Ñuñoa,Entregado
507836,10083,20251014,Estándar,4,8.69,Baja,38940.0,Colina,En preparación
507837,10371,20260906,Estándar,1,7.25,Media,22019.0,Cerrillos,Entregado
507838,10138,20250820,Estándar,10,36.62,Media,66753.0,Ñuñoa,Entregado
507839,10439,20261102,Express,5,28.89,Media,71973.0,Providencia,Entregado
507840,10225,20250414,Estándar,1,4.3,Baja,23127.0,Puente Alto,Entregado
507841,10241,20250421,Estándar,7,13.39,Media,58437.0,Estación Central,Cancelado
507842,10098,20251112,Estándar,8,58.09,Media,36610.0,Macul,Entregado
507843,10305,20250209,Estándar,4,8.85,Media,47085.0,Pedro Aguirre Cerda,Entregado
507844,10445,20251204,Estándar,5,22.83,Alta,47049.0,Santiago,Entregado
507845,10343,20250119,Estándar,4,31.65,Alta,16733.0,La Reina,Entregado
507846,10497,20250501,Express,2,5.6,Media,48389.0,Lo Barnechea,Entregado
507847,10074,20250713,Estándar,6,43.1,Media,34378.0,Santiago,Entregado
507848,10134,20251022,Express,8,21.74,Alta,61401.0,Colina,En preparación
507849,10119,20250129,Estándar,11,77.04,Baja,86490.0,Santiago,Entregado
507850,10160,20260615,Estándar,4,23.27,Media,29267.0,La Cisterna,Entregado
507851,10159,20260616,Estándar,12,38.29,Media,53101.0,Providencia,Entregado
507852,10449,20260720,Estándar,14,51.1,Baja,90509.0,San Miguel,En preparación
507853,10494,20250511,Estándar,8,53.58,Baja,36494.0,Las Condes,En preparación
507854,10149,20260316,Programado,11,86.43,Media,62719.0,La Granja,En ruta
507855,10456,20261013,Estándar,13,62.4,Media,69873.0,San Miguel,Entregado
507856,10368,20260404,Programado,6,35.55,Baja,37544.0,San Ramón,Entregado
507857,10186,20260801,Estándar,1,4.19,Media,16551.0,Independencia,En ruta
507858,10205,20251116,Estándar,4,27.83,Urgente,35190.0,Quilicura,Entregado
507859,10419,20251118,Estándar,2,6.25,Media,24462.0,Conchalí,Entregado
507860,10452,20250505,Estándar,3,8.19,Media,39668.0,Lampa,Cancelado
507861,10319,20250504,Estándar,10,27.35,Urgente,93726.0,La Reina,Entregado
507862,10500,20260511,Estándar,11,11.58,Urgente,49386.0,Macul,Pendiente
507863,10019,20250425,Express,1,6.89,Media,22918.0,Pedro Aguirre Cerda,Entregado
507864,10269,20250313,Programado,8,48.9,Baja,67173.0,Estación Central,Entregado
507865,10424,20260528,Programado,2,8.94,Alta,37784.0,San Bernardo,Entregado
507866,10432,20250823,Express,11,81.42,Alta,120802.0,Estación Central,Entregado
507867,10001,20250928,Estándar,14,83.9,Alta,113713.0,Providencia,Cancelado
507868,10143,20261028,Programado,12,34.69,Urgente,117597.0,Peñalolén,En ruta
507869,10109,20260927,Express,4,9.08,Urgente,48080.0,Colina,En ruta
507870,10079,20260203,Programado,14,75.58,Alta,76880.0,Pedro Aguirre Cerda,Entregado
507871,10360,20250918,Estándar,12,92.26,Media,85269.0,Lo Barnechea,Pendiente
507872,10444,20250901,Estándar,5,24.43,Alta,63081.0,Vitacura,En ruta
507873,10108,20260922,Estándar,1,6.85,Baja,27463.0,Quinta Normal,Entregado
507874,10120,20260710,Express,11,50.37,Media,116246.0,Quilicura,Entregado
507875,10281,20261211,Estándar,3,11.35,Alta,42757.0,Macul,En preparación
507876,10480,20260907,Estándar,1,7.33,Media,16469.0,Lampa,Cancelado
507877,10456,20260710,Express,1,2.47,Media,24019.0,Lo Barnechea,Entregado
507878,10183,20260505,Express,15,86.0,Alta,98893.0,Independencia,Entregado
507879,10063,20251207,Estándar,15,71.45,Media,104105.0,Providencia,En ruta
507880,10234,20250722,Programado,14,24.74,Baja,49004.0,Ñuñoa,Entregado
507881,10480,20260207,Express,14,22.7,Baja,79530.0,San Joaquín,En ruta
507882,10320,20251129,Estándar,12,59.41,Baja,54044.0,Lampa,Entregado
507883,10154,20260221,Estándar,13,77.04,Media,123967.0,Renca,Entregado
507884,10158,20250505,Programado,8,63.77,Alta,99351.0,Colina,Entregado
507885,10077,20260811,Express,11,84.22,Alta,108332.0,El Bosque,Entregado
507886,10083,20260707,Estándar,3,16.91,Media,35896.0,La Granja,Entregado
507887,10189,20250416,Programado,8,29.92,Media,78269.0,Renca,En ruta
507888,10491,20250911,Express,1,5.94,Urgente,25990.0,Pudahuel,Entregado
507889,10066,20250503,Express,6,25.89,Alta,35170.0,Colina,Pendiente
507890,10478,20261214,Programado,10,43.22,Baja,65900.0,La Florida,Entregado
507891,10085,20250424,Programado,5,20.66,Baja,43578.0,Pedro Aguirre Cerda,Entregado
507892,10094,20250826,Estándar,3,7.52,Alta,37371.0,La Reina,Entregado
507893,10150,20260714,Estándar,8,49.98,Media,74127.0,Quinta Normal,Entregado
507894,10206,20261230,Estándar,11,85.07,Media,52261.0,Conchalí,Cancelado
507895,10122,20260328,Express,12,81.65,Media,93682.0,Huechuraba,Entregado
507896,10117,20250920,Express,14,50.4,Urgente,116405.0,San Bernardo,Entregado
507897,10207,20251123,Programado,13,51.87,Media,87927.0,Pudahuel,En ruta
507898,10350,20250711,Estándar,6,7.86,Urgente,55443.0,Puente Alto,En ruta
507899,10497,20260405,Estándar,14,14.47,Media,117211.0,La Granja,Entregado
507900,10326,20250617,Express,11,44.18,Urgente,119538.0,Lo Prado,Entregado
507901,10361,20260808,Estándar,11,29.32,Media,90930.0,Lo Espejo,Entregado
507902,10147,20250710,Programado,8,23.81,Media,84982.0,Renca,Entregado
507903,10008,20251231,Estándar,2,15.98,Media,29494.0,Pedro Aguirre Cerda,En preparación
507904,10112,20250831,Programado,14,50.7,Media,112008.0,La Cisterna,Entregado
507905,10015,20250827,Estándar,2,13.63,Media,23550.0,Providencia,Entregado
507906,10460,20260121,Estándar,5,8.74,Alta,45556.0,Maipú,Entregado
507907,10050,20250924,Estándar,7,49.2,Media,74952.0,San Ramón,Entregado
507908,10405,20260324,Express,7,18.45,Media,112663.0,Peñalolén,Entregado
507909,10267,20250611,Estándar,15,19.5,Media,116383.0,Ñuñoa,Entregado
507910,10008,20260331,Estándar,11,46.35,Media,57316.0,Macul,En ruta
507911,10323,20260807,Programado,4,17.02,Media,43284.0,Puente Alto,En ruta
507912,10126,20250609,Express,5,26.58,Alta,70806.0,La Florida,Entregado
507913,10393,20250314,Programado,14,58.37,Baja,111859.0,Cerrillos,Entregado
507914,10370,20250111,Estándar,9,40.47,Media,47957.0,Las Condes,Entregado
507915,10456,20250916,Estándar,3,21.96,Media,34865.0,Pedro Aguirre Cerda,En ruta
507916,10331,20250924,Express,6,19.32,Alta,36762.0,Cerrillos,Entregado
507917,10006,20260903,Programado,4,11.9,Baja,44388.0,San Joaquín,Entregado
507918,10428,20260504,Programado,5,29.31,Media,43158.0,Pudahuel,Entregado
507919,10274,20260303,Express,15,81.63,Urgente,57785.0,La Granja,En ruta
507920,10127,20250915,Estándar,5,8.76,Alta,46440.0,El Bosque,Entregado
507921,10115,20260426,Estándar,5,32.01,Urgente,40297.0,Buin,Entregado
507922,10336,20250809,Programado,4,28.37,Urgente,57124.0,La Cisterna,Pendiente
507923,10471,20250520,Estándar,6,23.43,Media,47422.0,Vitacura,Entregado
507924,10003,20260619,Estándar,5,13.66,Alta,49190.0,La Cisterna,En preparación
507925,10303,20261120,Estándar,11,86.4,Media,60367.0,La Granja,Entregado
507926,10467,20250424,Estándar,11,57.2,Baja,61994.0,Las Condes,Cancelado
507927,10141,20260621,Estándar,4,26.96,Media,35485.0,Cerrillos,En ruta
507928,10034,20251008,Programado,13,74.05,Baja,68708.0,Buin,Entregado
507929,10063,20250326,Express,6,47.46,Urgente,77013.0,Estación Central,Entregado
507930,10455,20250808,Programado,9,30.1,Baja,79575.0,San Bernardo,Pendiente
507931,10182,20250811,Estándar,13,58.14,Baja,54009.0,Lo Barnechea,Entregado
507932,10215,20260210,Estándar,4,14.61,Media,36108.0,Providencia,Entregado
507933,10160,20261114,Estándar,3,20.87,Media,28123.0,Vitacura,En ruta
507934,10140,20250426,Estándar,3,14.11,Alta,26950.0,Peñalolén,Entregado
507935,10413,20261122,Estándar,14,78.32,Baja,116173.0,El Bosque,Entregado
507936,10464,20261025,Express,6,7.55,Alta,86613.0,Maipú,En preparación
507937,10008,20260213,Programado,2,9.0,Media,23943.0,Pudahuel,Entregado
507938,10441,20261008,Express,11,67.1,Urgente,82308.0,La Reina,Entregado
507939,10190,20261001,Programado,12,63.11,Media,115057.0,Maipú,Pendiente
507940,10154,20250114,Programado,8,58.45,Baja,53920.0,Lo Prado,En ruta
507941,10046,20261016,Estándar,1,5.13,Media,16069.0,Vitacura,En ruta
507942,10456,20250911,Estándar,1,6.36,Alta,31702.0,Huechuraba,En preparación
507943,10251,20261217,Estándar,13,15.12,Media,67320.0,Providencia,Pendiente
507944,10119,20251118,Programado,11,19.69,Media,109985.0,El Bosque,En preparación
507945,10120,20250724,Estándar,3,20.11,Alta,51587.0,Maipú,Pendiente
507946,10164,20250302,Estándar,10,71.26,Media,72004.0,El Bosque,Entregado
507947,10071,20251228,Estándar,12,44.95,Alta,60205.0,Vitacura,En ruta
507948,10435,20250525,Estándar,13,33.05,Media,65012.0,Buin,Entregado
507949,10040,20250707,Programado,15,109.82,Media,95527.0,Peñalolén,Entregado
507950,10156,20260221,Programado,15,15.13,Media,89345.0,San Miguel,En ruta
507951,10208,20260609,Estándar,14,27.94,Alta,48923.0,La Florida,Cancelado
507952,10423,20261025,Express,13,26.52,Alta,122658.0,Maipú,Entregado
507953,10484,20250705,Express,14,15.4,Alta,89464.0,Puente Alto,En ruta
507954,10196,20261115,Estándar,1,7.68,Media,30319.0,San Miguel,Entregado
507955,10121,20250402,Estándar,11,20.93,Media,45813.0,Renca,En preparación
507956,10405,20260925,Programado,10,74.64,Media,52723.0,Quilicura,Entregado
507957,10318,20250927,Estándar,13,42.02,Alta,55522.0,La Granja,Entregado
507958,10160,20261001,Estándar,10,25.38,Alta,47972.0,La Reina,Pendiente
507959,10162,20260528,Estándar,15,112.4,Media,78861.0,Lo Espejo,Entregado
507960,10492,20260524,Estándar,3,18.72,Alta,25346.0,Colina,Cancelado
507961,10263,20260614,Estándar,12,76.44,Alta,80065.0,Quilicura,Entregado
507962,10280,20251001,Estándar,9,25.15,Baja,54326.0,Cerrillos,En ruta
507963,10091,20250804,Express,6,45.42,Urgente,92799.0,San Bernardo,En preparación
507964,10415,20251224,Estándar,13,16.84,Media,57647.0,Independencia,Entregado
507965,10089,20260826,Express,6,35.11,Alta,82928.0,San Bernardo,Entregado
507966,10184,20260929,Programado,2,11.64,Baja,27354.0,Lo Prado,Entregado
507967,10078,20251115,Estándar,8,48.45,Media,36805.0,Colina,Cancelado
507968,10205,20250319,Estándar,4,21.53,Alta,48787.0,La Florida,Entregado
507969,10195,20260419,Estándar,15,17.6,Urgente,72588.0,San Joaquín,Entregado
507970,10236,20260618,Express,4,29.91,Media,43524.0,Maipú,Cancelado
507971,10190,20260206,Express,13,18.34,Media,123587.0,Vitacura,Entregado
507972,10154,20260526,Estándar,13,75.73,Media,61332.0,Pedro Aguirre Cerda,Entregado
507973,10053,20250318,Estándar,1,1.97,Media,15920.0,La Florida,En preparación
507974,10399,20250824,Estándar,12,31.03,Media,89112.0,Lampa,Entregado
507975,10171,20250204,Estándar,13,54.63,Media,121057.0,La Reina,Entregado
507976,10487,20260402,Estándar,4,27.01,Media,40428.0,El Bosque,Entregado
507977,10293,20260101,Estándar,5,10.15,Media,60644.0,Pudahuel,Entregado
507978,10070,20260715,Express,8,13.29,Alta,73761.0,Huechuraba,Entregado
507979,10178,20260703,Express,7,51.21,Urgente,85007.0,Providencia,Entregado
507980,10020,20260731,Estándar,2,5.89,Media,21430.0,San Bernardo,Entregado
507981,10087,20260824,Estándar,13,91.34,Media,55782.0,Peñalolén,Entregado
507982,10077,20250405,Estándar,12,47.67,Baja,58444.0,Quilicura,Entregado
507983,10354,20260723,Programado,4,13.11,Urgente,45968.0,Independencia,Entregado
507984,10104,20261109,Programado,4,18.32,Media,19332.0,Conchalí,Entregado
507985,10404,20261228,Estándar,6,41.15,Alta,54287.0,Las Condes,Entregado
507986,10381,20261028,Estándar,13,63.04,Baja,66489.0,Pudahuel,En ruta
507987,10013,20250923,Estándar,5,12.53,Baja,41809.0,Renca,Entregado
507988,10169,20250223,Express,8,63.04,Urgente,108896.0,Independencia,Entregado
507989,10201,20260706,Estándar,2,13.9,Alta,30732.0,Estación Central,En ruta
507990,10392,20261116,Express,3,10.23,Baja,50745.0,La Reina,En ruta
507991,10205,20250323,Estándar,1,5.78,Media,32636.0,Quilicura,Entregado
507992,10291,20260519,Estándar,2,7.53,Baja,36277.0,Independencia,Pendiente
507993,10200,20250623,Programado,15,100.58,Baja,130269.0,Vitacura,En preparación
507994,10312,20250211,Programado,4,23.99,Media,59850.0,Independencia,Entregado
507995,10427,20250124,Estándar,2,7.71,Baja,36078.0,Puente Alto,Cancelado
507996,10217,20260519,Programado,13,84.32,Media,104336.0,Lo Espejo,Entregado
507997,10383,20250903,Estándar,2,7.14,Baja,25734.0,Quilicura,Entregado
507998,10462,20260101,Estándar,7,27.36,Media,65001.0,La Florida,Entregado
507999,10271,20261022,Estándar,15,44.23,Baja,75327.0,Vitacura,En ruta
508000,10362,20251115,Estándar,3,16.61,Media,32333.0,El Bosque,Entregado
508001,10340,20260814,Estándar,13,16.69,Baja,70603.0,Lo Barnechea,Entregado
508002,10354,20251004,Estándar,14,52.08,Baja,128767.0,Huechuraba,En ruta
508003,10376,20260930,Estándar,15,85.34,Media,108299.0,Lo Barnechea,Entregado
508004,10393,20250813,Estándar,8,48.07,Media,57824.0,Peñalolén,En ruta
508005,10004,20250830,Estándar,1,7.95,Media,35998.0,Recoleta,Entregado
508006,10290,20251211,Estándar,12,45.49,Media,56128.0,Quinta Normal,Entregado
508007,10434,20260601,Estándar,6,14.55,Baja,61720.0,Buin,Entregado
508008,10207,20250424,Express,15,94.32,Urgente,180834.0,Ñuñoa,En preparación
508009,10487,20261219,Express,4,9.04,Urgente,60854.0,Vitacura,Entregado
508010,10349,20260122,Programado,8,29.87,Alta,89037.0,El Bosque,Entregado
508011,10013,20260617,Estándar,3,13.55,Alta,36668.0,Providencia,Entregado
508012,10174,20260610,Estándar,11,42.67,Media,73979.0,Independencia,Entregado
508013,10362,20260905,Express,13,70.77,Urgente,139240.0,San Bernardo,Entregado
508014,10417,20251121,Estándar,1,7.53,Alta,32491.0,La Florida,Entregado
508015,10146,20260210,Programado,5,38.84,Media,45695.0,Santiago,Entregado
508016,10137,20250706,Estándar,4,5.43,Baja,36320.0,Conchalí,En preparación
508017,10123,20260527,Programado,1,4.24,Baja,35632.0,Quilicura,Entregado
508018,10142,20260309,Express,9,20.73,Media,76322.0,La Reina,Entregado
508019,10084,20251003,Estándar,4,18.73,Baja,39167.0,Maipú,En ruta
508020,10482,20260910,Estándar,9,46.77,Media,47986.0,Buin,Entregado
508021,10046,20260620,Estándar,4,23.18,Baja,36144.0,Ñuñoa,Entregado
508022,10325,20260318,Estándar,10,78.32,Baja,85113.0,Huechuraba,Entregado
508023,10148,20250722,Estándar,4,30.53,Media,38770.0,Conchalí,Entregado
508024,10369,20250605,Estándar,7,21.48,Media,53413.0,Quilicura,Entregado
508025,10407,20260323,Estándar,11,48.2,Media,62329.0,Recoleta,Entregado
508026,10250,20260317,Programado,7,39.46,Alta,60200.0,Colina,En ruta
508027,10069,20251014,Express,8,22.75,Alta,89664.0,La Cisterna,Entregado
508028,10315,20260607,Express,10,43.69,Alta,74821.0,San Bernardo,Entregado
508029,10298,20250416,Estándar,1,5.43,Media,31256.0,Lampa,Entregado
508030,10133,20261122,Estándar,4,11.61,Media,35487.0,El Bosque,En ruta
508031,10272,20260808,Express,14,35.39,Media,114499.0,Peñalolén,Entregado
508032,10089,20250308,Express,2,14.15,Media,36916.0,Cerrillos,Cancelado
508033,10447,20250510,Estándar,3,7.61,Media,30568.0,La Florida,En ruta
508034,10167,20250328,Express,8,53.07,Urgente,110036.0,La Florida,En ruta
508035,10255,20260908,Estándar,9,59.57,Baja,66956.0,Vitacura,Entregado
508036,10076,20260710,Express,10,79.96,Alta,91087.0,Lo Prado,En preparación
508037,10303,20260302,Estándar,10,24.65,Baja,65063.0,El Bosque,Entregado
508038,10189,20261013,Estándar,6,10.56,Baja,70912.0,Macul,Cancelado
508039,10054,20260824,Express,9,43.54,Urgente,55693.0,Estación Central,En preparación
508040,10246,20250530,Express,11,60.85,Urgente,137755.0,San Joaquín,Pendiente
508041,10083,20250320,Estándar,13,27.24,Baja,69215.0,Peñalolén,En preparación
508042,10200,20260922,Express,10,20.91,Alta,118885.0,La Granja,Entregado
508043,10120,20250511,Express,10,21.28,Alta,67603.0,Pedro Aguirre Cerda,Entregado
508044,10373,20251022,Estándar,5,37.69,Alta,44882.0,Conchalí,Entregado
508045,10244,20260906,Estándar,6,31.17,Media,73127.0,Puente Alto,En ruta
508046,10057,20260701,Programado,10,44.06,Media,91114.0,La Cisterna,En ruta
508047,10397,20251018,Estándar,15,26.19,Media,70715.0,San Joaquín,Entregado
508048,10450,20251112,Express,14,71.88,Urgente,142457.0,Huechuraba,Entregado
508049,10356,20250901,Express,5,37.39,Alta,85508.0,Lo Prado,Entregado
508050,10103,20260104,Estándar,11,49.29,Media,114364.0,Vitacura,Entregado
508051,10382,20250921,Estándar,2,15.97,Alta,37490.0,Huechuraba,Entregado
508052,10056,20261213,Programado,8,24.47,Media,93418.0,Lampa,Entregado
508053,10052,20260713,Estándar,11,41.09,Alta,51681.0,La Florida,Pendiente
508054,10429,20260708,Estándar,8,45.91,Alta,30937.0,Estación Central,Entregado
508055,10178,20261120,Express,2,11.69,Urgente,33318.0,Lo Prado,En ruta
508056,10149,20250224,Programado,4,25.01,Media,46262.0,La Granja,Entregado
508057,10268,20260814,Estándar,5,13.75,Media,48098.0,San Bernardo,Cancelado
508058,10411,20250817,Programado,13,77.0,Baja,79837.0,La Granja,En preparación
508059,10285,20250312,Express,13,103.91,Media,88733.0,Independencia,En preparación
508060,10120,20250220,Estándar,7,32.95,Media,75974.0,Quinta Normal,Entregado
508061,10408,20260422,Estándar,6,22.52,Baja,51794.0,Vitacura,Entregado
508062,10269,20260413,Programado,15,38.17,Media,136082.0,San Bernardo,Entregado
508063,10429,20260429,Estándar,14,37.16,Baja,115918.0,Cerrillos,Entregado
508064,10396,20251124,Estándar,1,5.79,Media,23026.0,San Miguel,En ruta
508065,10021,20250213,Estándar,12,91.32,Media,57271.0,Santiago,Entregado
508066,10296,20260514,Estándar,6,43.52,Media,51975.0,La Reina,Entregado
508067,10496,20250810,Express,4,7.34,Alta,63005.0,Maipú,Entregado
508068,10440,20260417,Estándar,13,28.91,Alta,89818.0,Conchalí,Entregado
508069,10279,20251224,Estándar,5,34.9,Alta,61908.0,Quinta Normal,Cancelado
508070,10431,20260303,Estándar,9,12.71,Media,86852.0,La Reina,Entregado
508071,10195,20261027,Express,3,9.93,Alta,59985.0,Huechuraba,Pendiente
508072,10335,20260805,Express,13,70.49,Alta,86304.0,Pedro Aguirre Cerda,En ruta
508073,10421,20251116,Estándar,15,44.87,Media,118735.0,Colina,En ruta
508074,10355,20250309,Estándar,5,35.0,Media,30008.0,Peñalolén,Entregado
508075,10203,20260820,Programado,10,18.7,Baja,86253.0,San Bernardo,Cancelado
508076,10065,20260521,Estándar,3,3.26,Alta,44636.0,Pudahuel,Pendiente
508077,10228,20261031,Estándar,6,14.94,Baja,58434.0,Providencia,Entregado
508078,10141,20260122,Programado,5,25.61,Media,51801.0,Ñuñoa,En preparación
508079,10173,20261124,Estándar,1,1.19,Baja,19887.0,Cerrillos,Entregado
508080,10147,20250613,Express,8,21.77,Alta,92914.0,San Ramón,Entregado
508081,10137,20250111,Estándar,9,44.63,Media,65192.0,Buin,Entregado
508082,10134,20250910,Estándar,1,1.54,Alta,30099.0,Cerrillos,Entregado
508083,10195,20250901,Estándar,10,31.39,Baja,46308.0,Renca,En preparación
508084,10140,20250311,Estándar,7,10.87,Alta,60456.0,Colina,Entregado
508085,10147,20260210,Estándar,10,25.64,Media,64452.0,San Miguel,Entregado
508086,10201,20260720,Estándar,4,24.93,Media,37436.0,Buin,Entregado
508087,10070,20261115,Estándar,11,43.6,Media,60056.0,Vitacura,Entregado
508088,10469,20250323,Express,8,15.68,Urgente,88137.0,Lo Barnechea,Entregado
508089,10217,20250825,Express,6,23.97,Media,81414.0,Providencia,Entregado
508090,10126,20261226,Estándar,9,58.3,Alta,58366.0,San Miguel,En ruta
508091,10478,20261029,Express,12,61.54,Urgente,123863.0,Lo Prado,Cancelado
508092,10018,20260107,Estándar,4,29.17,Media,44176.0,San Bernardo,Entregado
508093,10312,20260522,Express,2,8.32,Alta,47825.0,San Miguel,Pendiente
508094,10455,20250519,Programado,8,23.33,Baja,85545.0,Conchalí,En ruta
508095,10395,20261025,Estándar,9,21.03,Baja,81584.0,La Florida,Entregado
508096,10402,20250923,Express,3,3.79,Urgente,64683.0,Puente Alto,Cancelado
508097,10484,20260821,Estándar,2,11.48,Baja,23670.0,San Miguel,Entregado
508098,10138,20250406,Estándar,9,37.81,Baja,44590.0,Independencia,En preparación
508099,10277,20251130,Estándar,7,27.48,Media,48028.0,El Bosque,Entregado
508100,10403,20251205,Estándar,10,59.08,Alta,43512.0,San Joaquín,En preparación
508101,10171,20260218,Estándar,11,72.95,Media,85953.0,Vitacura,Entregado
508102,10437,20260907,Programado,12,54.02,Alta,95853.0,Lo Prado,Entregado
508103,10145,20261028,Estándar,11,67.47,Media,63115.0,Vitacura,Pendiente
508104,10306,20250508,Estándar,11,65.02,Media,108734.0,Buin,Entregado
508105,10195,20260111,Estándar,2,6.5,Media,17596.0,Providencia,En preparación
508106,10133,20250727,Estándar,10,79.57,Baja,86002.0,Santiago,Entregado
508107,10070,20250921,Programado,9,61.98,Baja,86316.0,La Reina,Entregado
508108,10131,20250816,Express,8,57.85,Alta,72571.0,San Ramón,Entregado
508109,10449,20250311,Express,6,15.94,Urgente,89012.0,La Granja,Entregado
508110,10491,20250502,Estándar,6,31.77,Baja,48886.0,Lo Barnechea,Entregado
508111,10141,20261210,Estándar,10,26.96,Media,70014.0,San Bernardo,Entregado
508112,10143,20250701,Estándar,2,13.22,Media,32594.0,Peñalolén,Entregado
508113,10361,20260804,Express,13,48.91,Alta,153253.0,Santiago,Entregado
508114,10411,20251123,Programado,3,15.93,Baja,30851.0,Lo Prado,En ruta
508115,10102,20250328,Estándar,2,15.98,Alta,38912.0,Maipú,En ruta
508116,10429,20260130,Estándar,11,25.91,Media,88413.0,La Cisterna,Entregado
508117,10331,20250826,Express,2,4.5,Alta,33458.0,Recoleta,Entregado
508118,10121,20260505,Estándar,6,13.13,Media,39495.0,Lo Barnechea,Pendiente
508119,10161,20260219,Express,3,15.78,Alta,53179.0,La Florida,Entregado
508120,10305,20260119,Programado,14,75.62,Media,115320.0,San Bernardo,Entregado
508121,10412,20250717,Programado,11,57.23,Media,125248.0,Puente Alto,En ruta
508122,10115,20260925,Estándar,4,14.92,Media,54715.0,San Miguel,Entregado
508123,10462,20251202,Programado,6,29.17,Media,42449.0,Quinta Normal,Entregado
508124,10189,20260610,Estándar,14,48.68,Baja,65735.0,Recoleta,Entregado
508125,10180,20250821,Estándar,12,37.98,Media,99858.0,El Bosque,Cancelado
508126,10066,20261214,Estándar,5,17.27,Baja,45571.0,El Bosque,Entregado
508127,10159,20250902,Express,15,82.15,Urgente,119175.0,Lo Espejo,Entregado
508128,10034,20260317,Programado,7,26.4,Baja,60448.0,Recoleta,Cancelado
508129,10169,20260123,Programado,3,15.35,Media,40204.0,San Joaquín,En preparación
508130,10127,20250112,Estándar,11,84.54,Media,48714.0,Lo Barnechea,Entregado
508131,10392,20261130,Estándar,12,54.46,Media,92490.0,Pedro Aguirre Cerda,En ruta
508132,10255,20250804,Estándar,2,2.5,Urgente,35663.0,Maipú,Entregado
508133,10107,20250315,Express,6,27.21,Urgente,60315.0,Ñuñoa,Entregado
508134,10473,20261022,Estándar,1,3.77,Baja,20493.0,Estación Central,Entregado
508135,10160,20260828,Express,11,32.7,Urgente,75708.0,Lo Espejo,Entregado
508136,10269,20260904,Estándar,2,9.13,Alta,26506.0,La Granja,Entregado
508137,10053,20260902,Estándar,15,92.68,Alta,116967.0,San Miguel,Entregado
508138,10293,20260413,Programado,3,6.22,Baja,20703.0,Independencia,Entregado
508139,10318,20260906,Estándar,2,14.13,Media,36206.0,Peñalolén,Cancelado
508140,10138,20260518,Estándar,7,45.72,Media,30525.0,Recoleta,Entregado
508141,10439,20260814,Express,14,110.54,Urgente,142507.0,Providencia,Entregado
508142,10363,20250320,Programado,8,22.04,Media,61598.0,Huechuraba,Entregado
508143,10246,20251216,Programado,7,15.92,Baja,79532.0,El Bosque,Entregado
508144,10462,20260929,Estándar,1,3.32,Media,27511.0,San Miguel,En ruta
508145,10270,20261231,Express,4,23.49,Alta,44751.0,Quilicura,Entregado
508146,10128,20251018,Estándar,11,52.26,Baja,91895.0,Cerrillos,En preparación
508147,10366,20260405,Estándar,2,8.25,Alta,25098.0,Cerrillos,Entregado
508148,10006,20250531,Express,4,29.96,Media,43628.0,San Joaquín,Entregado
508149,10370,20250203,Estándar,2,8.06,Baja,25049.0,Huechuraba,Entregado
508150,10201,20250213,Programado,1,4.47,Baja,35081.0,Lampa,En ruta
508151,10030,20260714,Estándar,9,27.98,Baja,68504.0,Independencia,Entregado
508152,10156,20251002,Estándar,3,7.86,Baja,25793.0,Ñuñoa,Pendiente
508153,10197,20250419,Estándar,8,13.74,Baja,37839.0,Maipú,En preparación
508154,10249,20260928,Estándar,14,73.76,Alta,47535.0,Peñalolén,Entregado
508155,10009,20251112,Express,4,16.9,Alta,32827.0,Lo Prado,Entregado
508156,10076,20250123,Express,10,72.53,Urgente,67324.0,El Bosque,Entregado
508157,10229,20250503,Express,10,20.04,Alta,87710.0,Recoleta,Entregado
508158,10062,20250728,Express,11,52.21,Alta,118016.0,Independencia,Pendiente
508159,10032,20260124,Express,15,53.23,Media,66802.0,Quilicura,Entregado
508160,10042,20250513,Express,13,60.53,Alta,88737.0,Estación Central,Cancelado
508161,10331,20260603,Programado,13,26.32,Urgente,111498.0,Recoleta,En preparación
508162,10286,20251118,Programado,6,25.85,Media,64472.0,Santiago,Entregado
508163,10448,20250515,Estándar,7,24.95,Baja,76908.0,Recoleta,Entregado
508164,10186,20250726,Programado,7,51.71,Baja,40818.0,Independencia,En ruta
508165,10464,20260328,Estándar,7,22.96,Media,76189.0,Maipú,Entregado
508166,10365,20251123,Estándar,4,27.33,Media,55291.0,Conchalí,En ruta
508167,10220,20250531,Express,3,12.78,Urgente,34247.0,Maipú,Entregado
508168,10317,20250501,Estándar,15,40.57,Media,110230.0,Recoleta,Pendiente
508169,10055,20250312,Programado,13,22.09,Baja,74544.0,Lo Espejo,Entregado
508170,10335,20250405,Express,8,14.98,Alta,65779.0,Lampa,Entregado
508171,10025,20250823,Estándar,4,16.23,Media,19741.0,La Granja,Entregado
508172,10115,20250909,Programado,1,5.67,Media,16117.0,Santiago,Entregado
508173,10460,20250617,Estándar,15,73.26,Urgente,95443.0,Macul,En ruta
508174,10301,20250616,Estándar,11,29.8,Alta,45622.0,Cerrillos,Entregado
508175,10357,20250928,Programado,12,64.91,Alta,59825.0,La Reina,Entregado
508176,10443,20260325,Estándar,5,37.56,Media,52664.0,Pedro Aguirre Cerda,Entregado
508177,10453,20261001,Estándar,2,12.32,Media,25886.0,Maipú,Entregado
508178,10046,20260701,Estándar,4,14.51,Media,53005.0,La Granja,Pendiente
508179,10263,20260624,Estándar,13,88.54,Baja,121877.0,Santiago,Entregado
508180,10106,20260429,Express,12,91.08,Alta,72986.0,Peñalolén,Entregado
508181,10356,20260613,Programado,12,95.39,Urgente,84650.0,San Ramón,Entregado
508182,10370,20250124,Estándar,3,6.66,Media,25118.0,Renca,Entregado
508183,10184,20260708,Estándar,12,64.91,Baja,63348.0,Macul,Entregado
508184,10163,20261118,Estándar,5,23.64,Media,20671.0,Maipú,En preparación
508185,10360,20260516,Express,4,6.06,Urgente,37591.0,Lo Barnechea,Entregado
508186,10067,20250217,Estándar,2,12.33,Alta,30263.0,Las Condes,Entregado
508187,10186,20251215,Programado,8,13.17,Baja,70798.0,Lo Barnechea,Entregado
508188,10305,20260108,Estándar,6,15.22,Baja,38982.0,Vitacura,Entregado
508189,10250,20251012,Estándar,3,15.77,Media,35056.0,Quinta Normal,En ruta
508190,10134,20261221,Estándar,11,61.2,Media,91683.0,Recoleta,En ruta
508191,10495,20250313,Estándar,4,25.31,Media,43099.0,Lo Prado,Pendiente
508192,10430,20261101,Estándar,12,58.63,Media,101514.0,La Cisterna,Entregado
508193,10450,20260414,Estándar,8,32.25,Baja,77463.0,Santiago,Entregado
508194,10282,20260119,Estándar,3,19.89,Media,43560.0,Puente Alto,En ruta
508195,10056,20250923,Estándar,1,5.72,Baja,31318.0,Lo Barnechea,Entregado
508196,10314,20260630,Express,5,13.27,Baja,77601.0,La Granja,En ruta
508197,10202,20261024,Estándar,3,17.09,Media,24314.0,San Bernardo,Cancelado
508198,10318,20260328,Estándar,4,20.21,Baja,43456.0,Pedro Aguirre Cerda,En preparación
508199,10416,20260526,Estándar,1,2.44,Alta,30660.0,Quinta Normal,En ruta
508200,10220,20250205,Estándar,6,36.87,Media,63738.0,Maipú,En preparación
508201,10043,20261210,Express,9,68.07,Alta,105293.0,Conchalí,En preparación
508202,10180,20260328,Express,5,18.55,Urgente,69378.0,La Reina,En preparación
508203,10400,20251221,Express,4,10.24,Urgente,46013.0,La Cisterna,Entregado
508204,10191,20250422,Estándar,10,20.55,Media,50225.0,Macul,Entregado
508205,10262,20250516,Estándar,1,4.18,Baja,21323.0,Lampa,En preparación
508206,10051,20250522,Express,4,15.42,Alta,28544.0,Lo Espejo,En preparación
508207,10249,20261025,Programado,5,24.54,Media,37091.0,San Joaquín,Pendiente
508208,10155,20261101,Estándar,8,10.89,Media,50812.0,Peñalolén,Entregado
508209,10329,20251207,Estándar,14,40.05,Media,44095.0,Recoleta,Entregado
508210,10457,20250522,Estándar,3,9.89,Baja,27084.0,Lampa,Entregado
508211,10382,20260505,Programado,11,19.84,Baja,49117.0,Vitacura,Entregado
508212,10405,20261024,Estándar,14,32.79,Media,121610.0,Puente Alto,Entregado
508213,10344,20260308,Estándar,15,86.89,Media,120705.0,Buin,Entregado
508214,10263,20250517,Estándar,9,31.1,Media,64549.0,Las Condes,Entregado
508215,10466,20250304,Estándar,4,29.31,Alta,40952.0,La Granja,Entregado
508216,10034,20260829,Estándar,2,10.32,Urgente,34729.0,La Reina,Entregado
508217,10496,20250105,Estándar,4,23.57,Media,45034.0,Estación Central,Entregado
508218,10234,20251016,Programado,8,49.21,Media,78626.0,Quinta Normal,En preparación
508219,10164,20260203,Estándar,4,7.88,Urgente,45197.0,Pedro Aguirre Cerda,Entregado
508220,10027,20250108,Programado,13,25.66,Baja,116656.0,Lo Espejo,Entregado
508221,10095,20250915,Express,15,66.42,Media,125591.0,Lo Espejo,Entregado
508222,10463,20261011,Estándar,12,43.82,Media,85533.0,Lo Prado,En preparación
508223,10043,20251130,Estándar,4,21.98,Baja,34229.0,Lo Barnechea,En preparación
508224,10001,20250609,Estándar,1,2.85,Baja,26253.0,La Cisterna,En ruta
508225,10300,20250315,Estándar,7,34.86,Baja,32346.0,Peñalolén,Entregado
508226,10187,20251201,Estándar,9,43.98,Media,43358.0,Conchalí,Pendiente
508227,10230,20261204,Estándar,4,5.73,Alta,32581.0,San Miguel,Entregado
508228,10406,20251010,Estándar,8,39.72,Media,41367.0,Conchalí,Entregado
508229,10009,20250605,Express,6,37.52,Media,85188.0,San Ramón,Entregado
508230,10222,20260809,Estándar,4,8.58,Urgente,43694.0,Lo Barnechea,En ruta
508231,10333,20250903,Programado,1,3.1,Baja,14956.0,Providencia,En ruta
508232,10279,20250929,Express,13,22.52,Urgente,70682.0,La Florida,Entregado
508233,10420,20251021,Express,8,62.28,Urgente,101142.0,La Florida,Pendiente
508234,10306,20250506,Estándar,9,53.39,Alta,63332.0,Providencia,Entregado
508235,10117,20260128,Estándar,6,10.47,Media,42529.0,El Bosque,Pendiente
508236,10011,20261219,Estándar,5,25.27,Media,45144.0,Conchalí,En ruta
508237,10498,20260512,Estándar,1,3.69,Alta,32419.0,Pedro Aguirre Cerda,Entregado
508238,10338,20250812,Estándar,14,52.5,Urgente,100501.0,Peñalolén,Entregado
508239,10026,20250422,Estándar,13,29.32,Media,74111.0,San Ramón,Entregado
508240,10384,20261110,Express,6,12.06,Urgente,58216.0,Colina,Entregado
508241,10452,20250930,Estándar,3,20.21,Alta,29309.0,San Miguel,Entregado
508242,10446,20250504,Express,6,33.34,Media,88181.0,San Joaquín,En ruta
508243,10221,20261120,Estándar,9,39.86,Media,35550.0,Lo Espejo,Entregado
508244,10191,20250302,Estándar,1,1.49,Alta,29097.0,Lo Prado,Cancelado
508245,10229,20261102,Estándar,6,9.83,Alta,44820.0,Providencia,Entregado
508246,10087,20260914,Estándar,15,36.93,Alta,80887.0,Lo Espejo,Entregado
508247,10493,20261221,Express,6,40.6,Alta,76195.0,Cerrillos,Entregado
508248,10403,20261028,Estándar,8,17.86,Alta,63220.0,La Reina,Entregado
508249,10016,20250318,Programado,1,5.43,Baja,28388.0,Pudahuel,Entregado
508250,10378,20261108,Estándar,13,59.85,Media,110570.0,Renca,Entregado
508251,10474,20261016,Estándar,8,27.64,Media,76312.0,Lampa,Entregado
508252,10094,20250127,Estándar,7,12.53,Media,41839.0,Estación Central,Entregado
508253,10420,20260623,Programado,3,14.58,Baja,55309.0,Quilicura,En ruta
508254,10435,20250206,Express,10,47.72,Alta,61956.0,Cerrillos,Entregado
508255,10133,20250319,Express,8,8.72,Urgente,94843.0,San Miguel,En ruta
508256,10337,20260919,Estándar,6,44.36,Media,34060.0,Independencia,En ruta
508257,10378,20250317,Estándar,10,33.27,Media,88149.0,Lo Barnechea,Entregado
508258,10003,20250617,Estándar,11,47.12,Baja,56766.0,Pedro Aguirre Cerda,Cancelado
508259,10055,20250802,Estándar,2,14.68,Media,35446.0,Recoleta,En preparación
508260,10421,20251030,Estándar,4,23.44,Media,41052.0,Recoleta,Entregado
508261,10303,20261007,Programado,10,65.33,Alta,100125.0,San Joaquín,Entregado
508262,10079,20260709,Estándar,1,3.25,Urgente,32438.0,Colina,En ruta
508263,10032,20250525,Programado,13,41.12,Baja,72698.0,El Bosque,Entregado
508264,10142,20250408,Express,10,72.33,Baja,87595.0,Lampa,Entregado
508265,10066,20250208,Estándar,8,32.18,Alta,52842.0,Maipú,Entregado
508266,10187,20260822,Programado,9,68.86,Media,85533.0,Cerrillos,Entregado
508267,10437,20260502,Estándar,12,57.57,Alta,78907.0,Estación Central,En ruta
508268,10313,20250520,Programado,1,7.77,Baja,12022.0,Huechuraba,Entregado
508269,10356,20260217,Express,13,41.06,Alta,67029.0,Lampa,Entregado
508270,10166,20250901,Express,3,22.66,Alta,42350.0,Ñuñoa,En ruta
508271,10401,20260213,Estándar,5,28.3,Media,39866.0,San Ramón,En ruta
508272,10141,20250412,Estándar,7,7.77,Media,44768.0,San Ramón,Entregado
508273,10256,20251015,Estándar,10,11.42,Media,40700.0,Peñalolén,Entregado
508274,10060,20260211,Express,12,41.09,Media,76642.0,Lo Prado,En ruta
508275,10199,20260602,Estándar,2,3.69,Alta,33225.0,Conchalí,Entregado
508276,10061,20250908,Estándar,14,111.34,Media,101766.0,Las Condes,Entregado
508277,10202,20251022,Estándar,2,8.93,Media,25304.0,Pedro Aguirre Cerda,Pendiente
508278,10479,20251005,Estándar,2,6.87,Media,38474.0,Buin,Entregado
508279,10386,20260602,Estándar,6,8.98,Media,44471.0,Puente Alto,Entregado
508280,10114,20261101,Programado,8,18.28,Baja,83680.0,San Joaquín,Entregado
508281,10476,20261110,Estándar,7,44.58,Media,48418.0,Santiago,Entregado
508282,10468,20250203,Express,11,58.75,Alta,97577.0,Lampa,Entregado
508283,10381,20250104,Programado,11,85.18,Baja,117184.0,Las Condes,En ruta
508284,10011,20250619,Estándar,11,11.56,Media,50124.0,La Florida,Cancelado
508285,10064,20260922,Express,13,67.54,Urgente,82424.0,Lo Espejo,Entregado
508286,10157,20260812,Express,5,12.52,Urgente,67964.0,Colina,Entregado
508287,10475,20261120,Estándar,9,53.46,Media,44927.0,Macul,Entregado
508288,10184,20250506,Estándar,13,72.79,Media,108120.0,Maipú,Entregado
508289,10120,20260614,Express,7,55.75,Urgente,65255.0,La Reina,En preparación
508290,10273,20250710,Estándar,11,30.81,Alta,63919.0,Ñuñoa,Entregado
508291,10440,20251104,Estándar,1,1.56,Alta,28339.0,Lo Prado,Entregado
508292,10409,20250530,Estándar,13,14.16,Baja,92575.0,Puente Alto,En preparación
508293,10325,20250111,Estándar,12,92.99,Media,59510.0,Quilicura,Entregado
508294,10295,20250530,Express,8,45.33,Alta,99125.0,San Joaquín,Entregado
508295,10116,20250826,Estándar,7,7.59,Alta,66958.0,Pudahuel,Entregado
508296,10373,20261029,Programado,6,14.94,Alta,57699.0,Peñalolén,En preparación
508297,10350,20260819,Programado,6,17.41,Media,68957.0,Renca,Entregado
508298,10449,20250917,Estándar,7,16.14,Alta,48177.0,Buin,En ruta
508299,10408,20250401,Express,13,54.91,Alta,74930.0,Pedro Aguirre Cerda,En ruta
508300,10107,20250314,Programado,1,6.16,Baja,35918.0,San Joaquín,Entregado
508301,10289,20251019,Programado,8,22.31,Media,34486.0,Pudahuel,Entregado
508302,10067,20250624,Estándar,10,29.3,Media,43576.0,Lampa,Entregado
508303,10304,20250810,Programado,8,58.25,Media,65398.0,Renca,En ruta
508304,10087,20260518,Estándar,12,41.37,Baja,91015.0,San Ramón,Entregado
508305,10474,20251115,Programado,13,72.44,Media,67553.0,Lo Prado,Entregado
508306,10444,20260711,Estándar,12,14.55,Media,90487.0,Santiago,En preparación
508307,10077,20261204,Programado,8,55.26,Baja,90708.0,La Cisterna,Entregado
508308,10008,20250222,Programado,10,53.79,Alta,101519.0,Huechuraba,Entregado
508309,10310,20260505,Estándar,15,93.43,Baja,102908.0,Huechuraba,En ruta
508310,10500,20250820,Programado,14,29.43,Media,50459.0,Providencia,Entregado
508311,10338,20250316,Estándar,4,7.39,Media,42388.0,Quinta Normal,En ruta
508312,10107,20260426,Estándar,2,6.47,Alta,37441.0,La Granja,En ruta
508313,10410,20250102,Programado,5,38.52,Baja,51434.0,Conchalí,Entregado
508314,10373,20260809,Estándar,14,111.39,Media,80623.0,Macul,En preparación
508315,10116,20250331,Programado,6,15.87,Media,49596.0,San Ramón,Pendiente
508316,10440,20251013,Estándar,12,68.11,Alta,72084.0,Quinta Normal,Entregado
508317,10400,20250716,Express,11,38.45,Media,125665.0,Quilicura,En preparación
508318,10402,20250202,Programado,5,13.65,Baja,53913.0,Cerrillos,Pendiente
508319,10290,20260514,Estándar,15,22.01,Urgente,43156.0,Colina,Entregado
508320,10144,20260723,Estándar,2,6.91,Alta,17032.0,La Cisterna,En ruta
508321,10427,20260219,Estándar,15,110.94,Media,66740.0,Lo Espejo,En ruta
508322,10038,20250825,Estándar,12,24.26,Alta,80413.0,Pedro Aguirre Cerda,En preparación
508323,10206,20260716,Estándar,10,21.75,Media,58925.0,La Florida,Entregado
508324,10455,20261003,Express,11,11.26,Media,94296.0,El Bosque,Entregado
508325,10161,20250525,Estándar,2,3.38,Baja,34108.0,La Florida,En ruta
508326,10046,20260710,Express,10,49.27,Media,125501.0,Pedro Aguirre Cerda,En ruta
508327,10043,20260721,Estándar,7,46.91,Alta,52736.0,San Joaquín,Cancelado
508328,10329,20260512,Estándar,5,18.49,Baja,45981.0,Ñuñoa,En preparación
508329,10478,20260713,Estándar,3,14.26,Media,33760.0,San Joaquín,En ruta
508330,10060,20260731,Estándar,11,34.74,Media,35302.0,Peñalolén,En ruta
508331,10071,20260216,Estándar,1,4.69,Alta,12617.0,Puente Alto,Entregado
508332,10018,20260305,Estándar,8,57.34,Baja,58255.0,Ñuñoa,Entregado
508333,10055,20250929,Estándar,10,58.54,Baja,62462.0,Lampa,Entregado
508334,10042,20260426,Express,14,30.58,Urgente,165209.0,La Reina,En preparación
508335,10293,20250924,Express,14,47.62,Media,137178.0,Pudahuel,Entregado
508336,10147,20260919,Programado,12,38.6,Media,64393.0,Conchalí,Cancelado
508337,10436,20260413,Estándar,2,10.05,Urgente,37781.0,Renca,Entregado
508338,10388,20260211,Estándar,3,5.2,Alta,39733.0,San Ramón,Cancelado
508339,10165,20260408,Estándar,4,13.31,Media,31093.0,San Joaquín,Entregado
508340,10454,20250224,Programado,10,33.98,Media,69310.0,Buin,Entregado
508341,10129,20250128,Estándar,8,34.87,Baja,84061.0,Recoleta,En ruta
508342,10177,20251009,Estándar,1,2.52,Media,11801.0,El Bosque,En ruta
508343,10418,20250826,Estándar,12,88.01,Media,108450.0,Recoleta,En ruta
508344,10374,20260706,Estándar,9,53.54,Alta,62058.0,Maipú,Entregado
508345,10313,20250406,Express,12,93.18,Alta,122850.0,Puente Alto,Entregado
508346,10005,20250823,Programado,4,23.52,Media,34824.0,Santiago,Pendiente
508347,10341,20260811,Estándar,12,87.38,Media,57746.0,Cerrillos,Entregado
508348,10428,20251206,Estándar,6,8.49,Media,60906.0,Ñuñoa,Cancelado
508349,10092,20250719,Estándar,5,27.76,Media,34200.0,Estación Central,Entregado
508350,10245,20261231,Express,7,14.24,Urgente,54286.0,San Bernardo,Entregado
508351,10423,20260806,Estándar,12,63.24,Media,105821.0,Quilicura,Cancelado
508352,10214,20260712,Programado,9,12.65,Baja,94556.0,Quilicura,En preparación
508353,10322,20260617,Estándar,11,22.84,Media,39163.0,Vitacura,Entregado
508354,10139,20261215,Programado,1,5.39,Baja,25123.0,Macul,Entregado
508355,10037,20260215,Express,4,5.07,Alta,45363.0,El Bosque,Entregado
508356,10399,20260515,Express,12,13.84,Media,137159.0,Las Condes,Pendiente
508357,10056,20251002,Estándar,14,46.14,Baja,76020.0,Macul,Entregado
508358,10267,20251011,Estándar,12,24.52,Baja,69237.0,Macul,Pendiente
508359,10112,20251028,Express,1,6.58,Media,39057.0,Huechuraba,Entregado
508360,10294,20251128,Express,3,3.63,Alta,51476.0,La Florida,En ruta
508361,10374,20260412,Estándar,9,63.71,Baja,36873.0,Ñuñoa,Cancelado
508362,10186,20260225,Estándar,7,31.36,Media,64540.0,La Granja,En ruta
508363,10240,20260826,Estándar,14,87.37,Urgente,126875.0,El Bosque,En preparación
508364,10339,20251004,Estándar,15,104.42,Urgente,96368.0,Pedro Aguirre Cerda,Entregado
508365,10269,20260805,Estándar,7,27.32,Alta,66576.0,San Bernardo,Cancelado
508366,10216,20260314,Estándar,11,66.79,Alta,102967.0,La Granja,Entregado
508367,10464,20250912,Estándar,2,8.65,Baja,38545.0,Lo Prado,Pendiente
508368,10438,20260706,Estándar,13,84.63,Urgente,67284.0,San Bernardo,Entregado
508369,10492,20260806,Estándar,12,81.49,Baja,69268.0,Lo Barnechea,Entregado
508370,10096,20250417,Estándar,3,3.86,Media,27224.0,Cerrillos,Entregado
508371,10119,20261129,Estándar,3,17.54,Baja,44581.0,Peñalolén,Entregado
508372,10248,20250707,Express,5,14.27,Alta,54774.0,Maipú,Entregado
508373,10185,20260626,Estándar,5,15.4,Media,52487.0,Pudahuel,Entregado
508374,10230,20260422,Estándar,15,65.11,Media,84114.0,Lo Prado,Entregado
508375,10419,20260707,Express,10,53.64,Alta,87832.0,Huechuraba,En preparación
508376,10430,20250319,Programado,4,14.41,Media,39342.0,Lo Prado,Entregado
508377,10015,20250822,Estándar,1,3.34,Media,18788.0,Independencia,Entregado
508378,10393,20260329,Express,15,30.77,Urgente,130559.0,Peñalolén,Entregado
508379,10095,20251124,Express,13,13.92,Urgente,91743.0,Las Condes,En ruta
508380,10153,20260506,Programado,9,34.03,Baja,55853.0,Pedro Aguirre Cerda,Entregado
508381,10244,20260106,Estándar,14,86.16,Baja,79676.0,Ñuñoa,Cancelado
508382,10225,20251124,Estándar,1,4.1,Media,22009.0,San Joaquín,Entregado
508383,10435,20260420,Programado,1,2.0,Alta,39207.0,Pudahuel,En ruta
508384,10096,20260730,Express,3,8.25,Urgente,31832.0,Lo Prado,Entregado
508385,10434,20251214,Estándar,12,28.78,Baja,47072.0,Cerrillos,En ruta
508386,10223,20251005,Programado,9,54.34,Baja,83086.0,Santiago,Entregado
508387,10230,20261226,Estándar,9,69.04,Baja,40095.0,Quilicura,Entregado
508388,10222,20250801,Estándar,14,67.09,Media,102817.0,Ñuñoa,En ruta
508389,10336,20260509,Estándar,2,2.02,Alta,33845.0,Lampa,Entregado
508390,10172,20250311,Programado,3,14.86,Baja,49829.0,Huechuraba,Entregado
508391,10042,20260203,Estándar,12,57.86,Alta,52500.0,Cerrillos,En preparación
508392,10350,20260125,Estándar,8,38.1,Baja,59146.0,Renca,En preparación
508393,10059,20251122,Express,13,100.26,Media,130853.0,Cerrillos,Entregado
508394,10304,20251228,Estándar,1,7.68,Media,16010.0,Recoleta,Entregado
508395,10100,20260422,Programado,6,39.2,Media,62889.0,Macul,Entregado
508396,10240,20250804,Express,12,38.63,Alta,104751.0,Ñuñoa,Entregado
508397,10424,20250525,Express,11,25.81,Alta,117835.0,Peñalolén,Entregado
508398,10313,20250405,Estándar,8,44.22,Alta,47104.0,Huechuraba,En ruta
508399,10367,20251012,Express,7,19.76,Media,56128.0,Lo Prado,Pendiente
508400,10480,20250128,Estándar,15,53.19,Alta,109613.0,Cerrillos,En preparación
508401,10464,20251127,Estándar,2,2.8,Media,35952.0,Quinta Normal,Entregado
508402,10038,20261011,Express,8,16.95,Urgente,59921.0,Independencia,En ruta
508403,10073,20260220,Estándar,3,3.09,Baja,37554.0,Vitacura,Pendiente
508404,10031,20260404,Programado,11,34.41,Media,58167.0,La Florida,Entregado
508405,10019,20250806,Express,4,20.36,Media,44647.0,San Ramón,Entregado
508406,10135,20260708,Programado,1,2.23,Baja,24593.0,Huechuraba,En preparación
508407,10174,20250206,Estándar,13,33.24,Media,46479.0,Quilicura,En preparación
508408,10053,20260108,Programado,5,16.21,Baja,52170.0,Lo Prado,Entregado
508409,10077,20251013,Programado,2,7.0,Media,40264.0,El Bosque,Entregado
508410,10098,20250413,Estándar,7,19.78,Media,73318.0,Cerrillos,En ruta
508411,10008,20260822,Estándar,10,28.67,Media,82508.0,Conchalí,Entregado
508412,10079,20260714,Programado,15,85.66,Baja,115504.0,Conchalí,En preparación
508413,10297,20260413,Estándar,12,41.11,Alta,85902.0,Lo Espejo,Entregado
508414,10498,20250715,Estándar,14,71.73,Media,41979.0,Puente Alto,Entregado
508415,10069,20251023,Estándar,13,37.18,Media,119810.0,Renca,En ruta
508416,10104,20260724,Estándar,3,20.64,Media,48801.0,San Bernardo,Entregado
508417,10156,20260125,Express,3,6.09,Urgente,23109.0,Pedro Aguirre Cerda,Entregado
508418,10076,20260308,Estándar,8,33.79,Media,56379.0,El Bosque,Cancelado
508419,10444,20250215,Estándar,13,22.68,Media,107973.0,Buin,En ruta
508420,10339,20251107,Express,2,6.95,Urgente,36716.0,San Ramón,Entregado
508421,10284,20260519,Express,4,13.32,Alta,55624.0,Huechuraba,Entregado
508422,10102,20250222,Estándar,5,34.64,Media,37833.0,Puente Alto,Entregado
508423,10424,20261222,Programado,6,25.16,Urgente,55948.0,Puente Alto,Entregado
508424,10382,20261025,Express,6,44.32,Urgente,94736.0,Lo Espejo,Entregado
508425,10351,20250504,Estándar,2,7.15,Alta,36154.0,Lo Prado,En ruta
508426,10424,20250304,Express,8,55.49,Urgente,82555.0,Las Condes,Entregado
508427,10234,20260723,Estándar,1,1.93,Urgente,22661.0,Lo Espejo,Pendiente
508428,10415,20261218,Estándar,6,35.78,Alta,53132.0,Recoleta,Cancelado
508429,10251,20250623,Estándar,10,45.5,Media,97512.0,Lampa,Entregado
508430,10192,20260103,Estándar,9,17.6,Media,47916.0,Providencia,Entregado
508431,10318,20261124,Estándar,3,13.78,Media,33459.0,San Ramón,Entregado
508432,10039,20260525,Express,5,26.71,Alta,50695.0,San Miguel,Entregado
508433,10121,20250316,Programado,7,13.06,Alta,45386.0,Buin,Entregado
508434,10148,20260516,Estándar,8,21.0,Alta,43399.0,San Bernardo,Entregado
508435,10404,20260814,Estándar,15,84.36,Alta,100304.0,Lo Espejo,Entregado
508436,10415,20250211,Estándar,14,36.69,Baja,108305.0,Quilicura,Entregado
508437,10148,20260926,Express,14,107.42,Urgente,150443.0,Independencia,Entregado
508438,10287,20250728,Estándar,14,38.75,Alta,102246.0,Santiago,Entregado
508439,10469,20250307,Estándar,10,75.75,Media,90958.0,Santiago,En ruta
508440,10119,20250812,Express,2,14.45,Alta,44100.0,San Joaquín,En preparación
508441,10481,20261018,Estándar,2,12.09,Baja,35762.0,Providencia,Cancelado
508442,10228,20251014,Estándar,5,7.49,Alta,50765.0,Buin,Entregado
508443,10014,20251101,Express,10,50.22,Urgente,67478.0,El Bosque,En ruta
508444,10269,20260609,Estándar,6,10.47,Media,25538.0,Providencia,Entregado
508445,10062,20250209,Estándar,10,18.3,Media,87764.0,San Miguel,Entregado
508446,10388,20250808,Estándar,10,29.62,Baja,77533.0,San Miguel,Entregado
508447,10363,20251115,Estándar,11,72.75,Alta,70906.0,Lo Espejo,Entregado
508448,10101,20261015,Estándar,7,39.14,Media,46898.0,Renca,Entregado
508449,10097,20260523,Programado,14,71.37,Alta,98562.0,Lo Espejo,En ruta
508450,10415,20260430,Estándar,12,31.97,Media,109839.0,Puente Alto,Pendiente
508451,10019,20260623,Programado,14,52.06,Media,92007.0,San Joaquín,En ruta
508452,10319,20261026,Estándar,14,18.84,Media,132128.0,Renca,Entregado
508453,10361,20260719,Estándar,13,75.11,Alta,83105.0,Peñalolén,En preparación
508454,10466,20260415,Express,9,53.08,Alta,96723.0,Renca,Entregado
508455,10237,20260601,Express,12,69.67,Alta,80798.0,Lo Espejo,Entregado
508456,10363,20260828,Estándar,4,5.17,Media,27574.0,Recoleta,Entregado
508457,10440,20250324,Programado,13,33.64,Media,55212.0,San Joaquín,Entregado
508458,10038,20260422,Estándar,5,13.96,Alta,40968.0,Ñuñoa,Entregado
508459,10297,20250319,Estándar,3,5.72,Baja,35561.0,San Joaquín,Entregado
508460,10458,20250329,Estándar,12,54.08,Alta,108200.0,El Bosque,Entregado
508461,10179,20250529,Estándar,3,12.29,Alta,26794.0,Conchalí,Entregado
508462,10299,20261201,Estándar,2,2.01,Media,30768.0,Pudahuel,En preparación
508463,10129,20261117,Express,8,47.12,Media,105605.0,Lampa,Cancelado
508464,10197,20250515,Estándar,13,23.78,Media,85388.0,Puente Alto,Cancelado
508465,10347,20251215,Express,7,19.94,Alta,54863.0,Cerrillos,Entregado
508466,10425,20250830,Estándar,13,65.47,Alta,125691.0,Cerrillos,En ruta
508467,10230,20250423,Estándar,5,36.95,Media,32127.0,Providencia,En ruta
508468,10076,20260725,Express,8,55.42,Urgente,59759.0,Ñuñoa,Entregado
508469,10237,20250401,Estándar,4,15.19,Baja,27473.0,Maipú,Entregado
508470,10241,20260102,Estándar,3,9.6,Media,26221.0,Lo Espejo,Entregado
508471,10232,20261024,Express,8,28.02,Alta,59960.0,San Bernardo,Entregado
508472,10490,20250414,Estándar,14,19.64,Alta,116449.0,Ñuñoa,Entregado
508473,10310,20261127,Express,2,11.42,Media,56442.0,La Cisterna,Pendiente
508474,10281,20251123,Programado,11,66.52,Media,73066.0,Buin,Entregado
508475,10095,20260330,Estándar,3,16.54,Alta,38255.0,Quinta Normal,En preparación
508476,10171,20260421,Estándar,7,21.95,Baja,45229.0,Macul,Entregado
508477,10030,20250214,Estándar,1,4.08,Media,27134.0,El Bosque,Entregado
508478,10380,20250117,Express,14,69.62,Media,142208.0,Huechuraba,Entregado
508479,10386,20260927,Estándar,14,56.58,Baja,76708.0,Huechuraba,Entregado
508480,10409,20251024,Estándar,8,34.41,Baja,64688.0,Recoleta,En ruta
508481,10018,20250316,Estándar,10,42.69,Baja,48577.0,Santiago,Entregado
508482,10226,20260912,Express,3,12.63,Baja,44670.0,Buin,Entregado
508483,10402,20251012,Express,14,109.3,Baja,59987.0,Lo Espejo,Entregado
508484,10213,20260602,Express,14,17.64,Alta,158740.0,San Miguel,Entregado
508485,10252,20250114,Express,10,50.77,Urgente,60984.0,Buin,En ruta
508486,10355,20260821,Programado,7,49.67,Baja,42087.0,Buin,Entregado
508487,10390,20251026,Programado,14,27.67,Baja,73670.0,Buin,Entregado
508488,10422,20260826,Estándar,14,78.02,Baja,125207.0,Santiago,Entregado
508489,10206,20250322,Estándar,4,12.62,Alta,55339.0,Pedro Aguirre Cerda,Entregado
508490,10071,20261127,Express,13,27.24,Alta,107916.0,Conchalí,Entregado
508491,10065,20250818,Estándar,3,21.09,Alta,39895.0,Lo Prado,En preparación
508492,10041,20260325,Express,8,47.33,Alta,70670.0,Pedro Aguirre Cerda,Cancelado
508493,10234,20260515,Estándar,15,110.62,Media,105639.0,Maipú,Entregado
508494,10204,20260109,Estándar,1,3.16,Baja,25116.0,Pedro Aguirre Cerda,En ruta
508495,10074,20250614,Estándar,13,14.77,Baja,65115.0,Colina,Pendiente
508496,10177,20260923,Programado,3,10.5,Media,39176.0,Lampa,Entregado
508497,10217,20260609,Estándar,5,6.64,Baja,50702.0,El Bosque,Entregado
508498,10043,20250112,Estándar,10,70.68,Media,92885.0,Renca,Entregado
508499,10281,20250518,Programado,8,52.72,Alta,83710.0,Puente Alto,En ruta
508500,10117,20250831,Estándar,7,24.69,Media,65737.0,Independencia,Entregado
508501,10438,20250530,Estándar,5,17.59,Baja,47424.0,Estación Central,Entregado
508502,10018,20260501,Express,11,64.63,Alta,124803.0,Recoleta,Entregado
508503,10294,20250114,Estándar,4,28.38,Alta,25597.0,Santiago,En ruta
508504,10129,20261101,Express,15,73.32,Alta,175319.0,Lampa,Pendiente
508505,10112,20251213,Estándar,14,61.46,Urgente,59319.0,La Cisterna,Pendiente
508506,10457,20260309,Estándar,4,27.71,Media,34914.0,Cerrillos,Entregado
508507,10011,20250629,Estándar,7,51.58,Media,69853.0,La Cisterna,Entregado
508508,10285,20250709,Express,3,3.21,Alta,52873.0,Recoleta,En ruta
508509,10412,20260313,Estándar,6,36.02,Alta,38144.0,San Ramón,Entregado
508510,10312,20251008,Express,4,9.11,Urgente,58232.0,La Reina,Entregado
508511,10403,20250126,Estándar,4,7.3,Baja,36486.0,Lampa,Entregado
508512,10135,20261230,Estándar,8,57.35,Media,62119.0,Lo Prado,Entregado
508513,10138,20250412,Programado,2,5.35,Baja,26842.0,San Joaquín,Entregado
508514,10333,20250119,Estándar,9,35.31,Media,69433.0,San Ramón,Entregado
508515,10053,20250530,Express,7,8.56,Media,68240.0,Lo Barnechea,Pendiente
508516,10017,20251202,Programado,8,39.26,Baja,84814.0,Lo Barnechea,Entregado
508517,10196,20250323,Estándar,12,78.06,Media,107616.0,Recoleta,Entregado
508518,10105,20260225,Express,3,20.34,Media,21952.0,Huechuraba,Entregado
508519,10178,20250401,Express,11,65.03,Alta,135742.0,El Bosque,Pendiente
508520,10065,20261202,Estándar,1,3.36,Media,18225.0,San Ramón,Pendiente
508521,10174,20250502,Programado,5,30.48,Media,51246.0,Providencia,En ruta
508522,10176,20260623,Estándar,12,31.4,Media,80818.0,Peñalolén,Entregado
508523,10434,20250628,Express,15,102.48,Alta,102080.0,Estación Central,Entregado
508524,10284,20260112,Programado,12,88.56,Alta,95461.0,San Joaquín,Entregado
508525,10350,20250703,Programado,7,37.66,Baja,88827.0,La Reina,Entregado
508526,10465,20260928,Estándar,1,2.48,Media,23146.0,Lo Espejo,En preparación
508527,10412,20250905,Estándar,2,3.57,Baja,27261.0,Pudahuel,Entregado
508528,10425,20260812,Programado,4,7.95,Urgente,48246.0,Lo Barnechea,En ruta
508529,10116,20260312,Estándar,7,52.09,Baja,69557.0,Las Condes,Entregado
508530,10263,20260718,Express,13,98.1,Media,94990.0,San Ramón,Cancelado
508531,10234,20260207,Estándar,4,19.32,Media,55077.0,Buin,En preparación
508532,10379,20260703,Estándar,1,3.5,Media,13452.0,Lo Barnechea,Entregado
508533,10148,20261214,Estándar,8,9.01,Baja,68695.0,Maipú,En ruta
508534,10400,20250829,Estándar,13,100.02,Media,86625.0,Huechuraba,En ruta
508535,10451,20260419,Estándar,7,19.72,Baja,58232.0,Recoleta,En ruta
508536,10083,20250213,Express,14,75.22,Alta,141984.0,Puente Alto,Entregado
508537,10358,20260714,Estándar,3,17.26,Urgente,47622.0,El Bosque,Entregado
508538,10105,20250210,Estándar,14,31.12,Baja,99972.0,Lo Barnechea,En preparación
508539,10166,20251114,Estándar,15,110.4,Media,121198.0,La Florida,Entregado
508540,10110,20250703,Estándar,13,88.65,Media,52454.0,Quilicura,En ruta
508541,10118,20250412,Express,1,2.59,Alta,28463.0,La Cisterna,En preparación
508542,10182,20260618,Estándar,7,7.45,Alta,67987.0,San Ramón,Entregado
508543,10291,20251014,Programado,4,30.88,Media,35875.0,Las Condes,En ruta
508544,10368,20261022,Express,1,2.15,Media,16891.0,Lo Espejo,Entregado
508545,10241,20261123,Estándar,6,27.56,Alta,76225.0,Independencia,En ruta
508546,10250,20250104,Estándar,7,22.58,Media,51172.0,Colina,En preparación
508547,10265,20250618,Express,6,37.51,Media,39282.0,Lo Prado,Entregado
508548,10057,20260531,Programado,1,3.87,Baja,22375.0,Pudahuel,Entregado
508549,10154,20251108,Estándar,15,56.85,Alta,85197.0,Quinta Normal,En preparación
508550,10323,20261225,Estándar,6,12.26,Media,64708.0,Providencia,Entregado
508551,10168,20250924,Programado,7,31.31,Baja,50721.0,Las Condes,En ruta
508552,10094,20251105,Estándar,1,3.6,Alta,20409.0,Maipú,Entregado
508553,10365,20250106,Estándar,2,2.33,Media,27361.0,La Granja,Entregado
508554,10052,20260106,Estándar,10,39.69,Baja,91048.0,Quinta Normal,Entregado
508555,10157,20260804,Express,11,38.62,Alta,79608.0,El Bosque,Entregado
508556,10281,20260412,Express,2,8.85,Alta,29996.0,Las Condes,Entregado
508557,10076,20260629,Express,5,39.36,Alta,56988.0,San Joaquín,Entregado
508558,10428,20250525,Estándar,12,84.0,Media,90872.0,La Florida,En preparación
508559,10095,20250925,Express,3,20.63,Media,37603.0,Santiago,Entregado
508560,10394,20261123,Estándar,9,39.09,Media,65695.0,Estación Central,Entregado
508561,10292,20250119,Estándar,6,45.26,Media,46196.0,Estación Central,Cancelado
508562,10222,20260613,Express,7,31.59,Alta,99652.0,Cerrillos,En preparación
508563,10386,20260528,Express,9,38.01,Media,87165.0,Lo Espejo,En ruta
508564,10087,20260609,Estándar,2,12.52,Media,36950.0,Quinta Normal,Entregado
508565,10058,20250329,Programado,4,22.79,Alta,27083.0,Vitacura,Entregado
508566,10489,20260304,Express,5,13.12,Alta,83894.0,Puente Alto,En ruta
508567,10275,20260123,Express,1,7.08,Alta,46709.0,Independencia,Entregado
508568,10162,20260618,Estándar,7,21.54,Media,64955.0,La Cisterna,En ruta
508569,10435,20260514,Express,5,10.41,Urgente,30341.0,Recoleta,Entregado
508570,10222,20260531,Express,2,2.84,Media,30444.0,Huechuraba,En preparación
508571,10380,20251123,Estándar,3,17.19,Baja,33302.0,Lo Espejo,En ruta
508572,10176,20260818,Estándar,5,14.08,Baja,54454.0,Santiago,Entregado
508573,10469,20260727,Express,6,22.01,Alta,45345.0,La Granja,Entregado
508574,10454,20251112,Express,13,93.37,Media,103457.0,Huechuraba,En ruta
508575,10050,20260702,Express,8,63.7,Alta,60533.0,Buin,Entregado
508576,10241,20260927,Express,7,34.44,Media,94057.0,Quilicura,Entregado
508577,10291,20260428,Programado,11,85.14,Baja,97329.0,Santiago,Entregado
508578,10289,20260506,Programado,10,29.81,Urgente,61776.0,Vitacura,Entregado
508579,10406,20250629,Express,1,5.39,Media,23202.0,La Reina,Entregado
508580,10397,20251218,Express,2,6.32,Alta,38235.0,Quinta Normal,Entregado
508581,10414,20251129,Estándar,9,11.46,Alta,59859.0,Lampa,Cancelado
508582,10337,20250912,Estándar,9,9.02,Media,88412.0,Recoleta,Entregado
508583,10071,20260520,Estándar,12,70.68,Media,55694.0,Macul,Entregado
508584,10169,20250610,Express,13,61.28,Media,121461.0,Renca,Entregado
508585,10152,20250809,Express,10,36.08,Media,86547.0,Colina,Entregado
508586,10449,20260330,Estándar,15,115.15,Baja,76983.0,Lo Espejo,Entregado
508587,10108,20260812,Estándar,13,65.86,Alta,91659.0,Buin,Entregado
508588,10129,20250520,Estándar,2,8.93,Alta,18310.0,Independencia,Entregado
508589,10124,20250507,Estándar,1,4.03,Alta,20190.0,Macul,Entregado
508590,10482,20251108,Estándar,12,90.08,Media,78079.0,Lo Barnechea,Entregado
508591,10383,20250402,Express,14,27.4,Media,109893.0,Colina,En ruta
508592,10162,20250225,Express,8,54.45,Urgente,72337.0,Santiago,En preparación
508593,10378,20261107,Express,15,87.0,Alta,107756.0,El Bosque,En preparación
508594,10386,20251104,Estándar,1,3.2,Media,30444.0,Lo Espejo,Entregado
508595,10448,20260414,Estándar,1,4.72,Baja,32273.0,Huechuraba,En preparación
508596,10123,20260908,Estándar,13,73.7,Urgente,62385.0,San Miguel,Entregado
508597,10454,20250429,Estándar,9,29.09,Media,62457.0,Renca,Entregado
508598,10148,20260620,Express,6,17.91,Urgente,93035.0,Maipú,Entregado
508599,10188,20260822,Programado,4,29.47,Baja,27132.0,La Cisterna,En ruta
508600,10104,20251214,Express,8,58.25,Urgente,88048.0,Quilicura,En preparación
508601,10434,20250408,Estándar,11,77.52,Media,35112.0,Pudahuel,Cancelado
508602,10441,20250604,Estándar,1,7.49,Media,21599.0,Independencia,Entregado
508603,10180,20251102,Estándar,3,20.18,Alta,50146.0,San Joaquín,Pendiente
508604,10250,20250813,Express,13,87.78,Alta,100610.0,La Reina,Entregado
508605,10068,20251111,Express,2,6.36,Alta,26737.0,San Bernardo,Entregado
508606,10479,20261211,Estándar,8,10.19,Media,43961.0,Colina,Entregado
508607,10131,20260103,Estándar,12,81.33,Media,86164.0,Recoleta,En preparación
508608,10223,20251128,Estándar,14,34.5,Urgente,107656.0,Renca,Entregado
508609,10219,20251002,Estándar,2,6.78,Media,32136.0,Quilicura,Entregado
508610,10098,20260410,Estándar,14,108.8,Media,98764.0,Quinta Normal,Entregado
508611,10429,20250117,Express,10,63.8,Media,111206.0,La Cisterna,En ruta
508612,10305,20261107,Express,12,58.51,Alta,101882.0,Santiago,Cancelado
508613,10271,20250624,Programado,2,11.51,Baja,42489.0,Independencia,En ruta
508614,10342,20260128,Programado,12,87.53,Baja,51329.0,La Florida,Entregado
508615,10382,20260401,Estándar,7,44.97,Media,56782.0,El Bosque,Entregado
508616,10282,20260718,Express,8,52.27,Alta,124157.0,Las Condes,Entregado
508617,10037,20250409,Estándar,11,36.45,Baja,43996.0,Lo Espejo,En ruta
508618,10482,20260423,Express,7,43.03,Media,101142.0,San Bernardo,Entregado
508619,10143,20260713,Estándar,12,71.65,Baja,64756.0,Santiago,Entregado
508620,10316,20260222,Express,10,60.16,Urgente,87743.0,Lo Espejo,Entregado
508621,10198,20250128,Estándar,15,57.74,Urgente,105325.0,Lampa,Entregado
508622,10354,20250823,Estándar,8,48.5,Media,59658.0,Lo Espejo,Entregado
508623,10148,20250921,Programado,8,39.3,Alta,77932.0,Lo Espejo,En ruta
508624,10413,20250807,Estándar,8,37.86,Media,79469.0,Maipú,Entregado
508625,10026,20260323,Estándar,15,23.13,Alta,90741.0,San Bernardo,Entregado
508626,10162,20260510,Estándar,12,79.29,Baja,59999.0,Puente Alto,Entregado
508627,10086,20250223,Estándar,6,14.37,Media,48884.0,Vitacura,En preparación
508628,10324,20260715,Estándar,9,59.98,Baja,68355.0,San Miguel,Entregado
508629,10043,20250704,Express,2,12.21,Alta,35937.0,Lampa,Entregado
508630,10097,20250708,Estándar,14,75.41,Urgente,57660.0,Macul,Entregado
508631,10482,20261014,Programado,4,14.61,Baja,42708.0,Buin,Entregado
508632,10010,20260813,Express,13,30.47,Media,125133.0,Independencia,Entregado
508633,10334,20250315,Estándar,1,3.27,Baja,28021.0,Conchalí,En ruta
508634,10123,20260611,Express,4,8.88,Alta,61873.0,Quinta Normal,Entregado
508635,10276,20250218,Estándar,7,29.23,Media,67729.0,Santiago,Entregado
508636,10457,20261019,Estándar,3,22.25,Media,18297.0,La Cisterna,Entregado
508637,10422,20251030,Programado,3,23.93,Media,31764.0,Lo Barnechea,Cancelado
508638,10410,20261017,Estándar,15,109.55,Media,119724.0,Ñuñoa,En preparación
508639,10263,20260120,Estándar,5,37.17,Media,27883.0,Ñuñoa,Entregado
508640,10214,20261202,Estándar,4,16.45,Media,45110.0,Quinta Normal,Entregado
508641,10287,20260311,Estándar,7,23.81,Baja,53654.0,Estación Central,Entregado
508642,10305,20250729,Express,14,44.45,Alta,92837.0,Estación Central,Entregado
508643,10034,20250821,Estándar,13,40.83,Media,130121.0,Conchalí,Entregado
508644,10035,20261209,Express,2,3.05,Urgente,42796.0,Vitacura,Entregado
508645,10268,20261125,Estándar,14,74.08,Media,82038.0,Quinta Normal,Entregado
508646,10489,20260929,Programado,11,62.26,Baja,94970.0,Las Condes,Entregado
508647,10341,20250509,Estándar,3,5.72,Media,15596.0,Pedro Aguirre Cerda,Entregado
508648,10413,20251013,Estándar,4,24.96,Media,38228.0,Lo Espejo,Entregado
508649,10033,20250324,Estándar,1,7.54,Media,30244.0,Pedro Aguirre Cerda,En ruta
508650,10427,20251125,Programado,7,55.13,Media,49832.0,Huechuraba,Entregado
508651,10352,20251215,Express,5,36.05,Alta,79597.0,San Bernardo,En ruta
508652,10153,20250808,Estándar,3,11.97,Baja,40733.0,Macul,Entregado
508653,10211,20261226,Express,15,30.56,Media,124378.0,Colina,Entregado
508654,10201,20260620,Express,15,25.39,Alta,85262.0,La Granja,Entregado
508655,10341,20260928,Programado,14,54.57,Media,86677.0,Lo Prado,En ruta
508656,10183,20251108,Estándar,7,13.81,Media,38514.0,Renca,En ruta
508657,10138,20261115,Estándar,14,75.3,Media,127643.0,Buin,Entregado
508658,10400,20260609,Programado,5,18.95,Baja,33538.0,Las Condes,Entregado
508659,10193,20261213,Estándar,3,7.26,Media,37318.0,Estación Central,Entregado
508660,10424,20250904,Estándar,15,64.26,Urgente,93169.0,Vitacura,Entregado
508661,10290,20250419,Express,15,93.15,Urgente,163736.0,Las Condes,En ruta
508662,10404,20261229,Estándar,14,19.55,Alta,94787.0,San Joaquín,En ruta
508663,10054,20260202,Estándar,6,14.35,Media,29477.0,La Reina,En ruta
508664,10211,20250404,Estándar,14,76.67,Media,138281.0,Lampa,Entregado
508665,10454,20260403,Programado,5,22.0,Media,31735.0,La Reina,Entregado
508666,10199,20260918,Express,13,54.54,Urgente,76861.0,Lo Barnechea,Entregado
508667,10230,20250602,Programado,5,27.35,Media,45816.0,Pedro Aguirre Cerda,Entregado
508668,10149,20260607,Estándar,15,119.01,Baja,64521.0,Peñalolén,Entregado
508669,10084,20250916,Estándar,2,3.24,Baja,19611.0,Puente Alto,Entregado
508670,10359,20250603,Express,11,52.0,Media,86268.0,Quinta Normal,En ruta
508671,10410,20261005,Estándar,5,8.83,Media,59812.0,Ñuñoa,En ruta
508672,10063,20260313,Estándar,7,7.65,Baja,73930.0,Macul,Entregado
508673,10485,20251018,Express,1,6.53,Baja,29068.0,San Joaquín,Entregado
508674,10091,20260517,Estándar,9,53.08,Media,59285.0,Vitacura,Entregado
508675,10102,20251102,Estándar,6,33.89,Media,28669.0,Pedro Aguirre Cerda,Entregado
508676,10388,20250509,Express,15,22.29,Alta,156331.0,San Miguel,Entregado
508677,10333,20260225,Estándar,7,32.73,Baja,73445.0,Buin,Pendiente
508678,10309,20260504,Estándar,3,20.61,Alta,37204.0,Quilicura,En ruta
508679,10495,20260123,Programado,3,21.58,Baja,35800.0,Maipú,Entregado
508680,10062,20260729,Express,14,61.9,Alta,117800.0,Conchalí,Entregado
508681,10159,20250706,Express,6,9.94,Alta,63266.0,Las Condes,Entregado
508682,10208,20251212,Programado,4,29.14,Baja,44169.0,Estación Central,En ruta
508683,10162,20261223,Estándar,13,100.07,Baja,87105.0,Macul,Entregado
508684,10140,20250217,Estándar,15,116.41,Alta,42370.0,Providencia,Entregado
508685,10374,20250711,Programado,2,12.85,Baja,37160.0,Santiago,Entregado
508686,10383,20250807,Express,13,66.18,Alta,141669.0,Conchalí,Cancelado
508687,10143,20261002,Express,12,91.52,Alta,128115.0,Las Condes,Entregado
508688,10326,20250601,Estándar,2,15.37,Media,36488.0,La Florida,Entregado
508689,10435,20251017,Estándar,13,14.36,Media,50816.0,El Bosque,Entregado
508690,10017,20250719,Programado,15,119.81,Media,130985.0,La Granja,Entregado
508691,10180,20251027,Estándar,8,34.67,Baja,75642.0,San Ramón,Entregado
508692,10175,20250212,Programado,1,5.53,Baja,40352.0,Renca,Entregado
508693,10359,20250117,Estándar,13,64.09,Media,68663.0,Macul,Entregado
508694,10240,20260315,Estándar,14,106.96,Media,67287.0,Renca,Entregado
508695,10149,20260905,Estándar,15,75.95,Baja,73811.0,Pudahuel,Entregado
508696,10422,20261016,Estándar,15,117.28,Alta,116743.0,Pedro Aguirre Cerda,Entregado
508697,10495,20250710,Express,9,62.99,Media,121412.0,Lo Espejo,Entregado
508698,10286,20260512,Estándar,3,10.71,Media,36758.0,Ñuñoa,Entregado
508699,10386,20261022,Estándar,13,66.37,Media,56789.0,Providencia,Entregado
508700,10193,20250708,Express,5,9.54,Media,39660.0,Pudahuel,En preparación
508701,10311,20250807,Express,14,18.02,Alta,131725.0,San Ramón,Entregado
508702,10120,20250101,Estándar,11,12.89,Alta,65268.0,San Miguel,En preparación
508703,10107,20260804,Programado,4,7.19,Media,38816.0,Estación Central,En ruta
508704,10258,20250822,Express,12,90.78,Media,108308.0,Recoleta,Entregado
508705,10394,20251025,Estándar,11,65.06,Media,77960.0,Pedro Aguirre Cerda,Entregado
508706,10232,20260410,Programado,6,21.93,Media,59719.0,Buin,Entregado
508707,10088,20251116,Estándar,7,36.74,Media,58527.0,La Granja,Entregado
508708,10063,20250526,Programado,2,12.75,Baja,19480.0,Cerrillos,En preparación
508709,10085,20260320,Estándar,3,8.53,Media,16827.0,Colina,Entregado
508710,10430,20260603,Estándar,5,8.97,Alta,39048.0,La Reina,En preparación
508711,10402,20260522,Estándar,5,19.75,Media,43615.0,Renca,Entregado
508712,10271,20250608,Estándar,8,51.94,Baja,54860.0,Buin,En preparación
508713,10213,20260321,Programado,12,72.51,Baja,60522.0,Independencia,En ruta
508714,10194,20250504,Estándar,6,17.0,Media,60025.0,Recoleta,En ruta
508715,10416,20260625,Express,10,70.57,Urgente,119698.0,Las Condes,Entregado
508716,10399,20251210,Estándar,7,18.02,Urgente,68500.0,Huechuraba,Entregado
508717,10102,20250628,Estándar,4,7.63,Alta,28521.0,Vitacura,En ruta
508718,10167,20260628,Estándar,9,12.45,Baja,56413.0,El Bosque,Entregado
508719,10457,20250315,Estándar,3,4.16,Baja,39496.0,Colina,Entregado
508720,10115,20260830,Estándar,7,44.83,Media,60910.0,Pudahuel,Entregado
508721,10360,20250712,Estándar,14,43.9,Media,92361.0,Peñalolén,Entregado
508722,10171,20260309,Estándar,9,69.84,Baja,66976.0,San Miguel,Entregado
508723,10048,20250104,Express,2,10.72,Urgente,38881.0,Lo Espejo,Entregado
508724,10173,20261225,Express,13,20.88,Urgente,162015.0,La Cisterna,Entregado
508725,10114,20260123,Express,11,18.32,Media,119848.0,San Ramón,Entregado
508726,10447,20250828,Estándar,1,6.75,Media,33308.0,Vitacura,Entregado
508727,10499,20250327,Express,14,21.4,Media,134228.0,Lampa,En ruta
508728,10123,20250514,Estándar,14,87.57,Media,123044.0,Ñuñoa,Entregado
508729,10186,20250405,Programado,6,10.05,Baja,54473.0,Huechuraba,Entregado
508730,10086,20261025,Estándar,6,19.9,Media,68236.0,Lampa,En preparación
508731,10098,20250529,Express,6,19.05,Urgente,100283.0,Independencia,En ruta
508732,10070,20250907,Express,3,18.71,Alta,33768.0,Vitacura,Entregado
508733,10174,20260309,Estándar,11,26.59,Media,47930.0,Santiago,Entregado
508734,10465,20260916,Estándar,5,23.4,Media,52146.0,San Ramón,En ruta
508735,10024,20250228,Estándar,12,21.13,Media,120266.0,Colina,Entregado
508736,10468,20250919,Estándar,6,41.67,Media,27602.0,San Ramón,Entregado
508737,10217,20260206,Express,6,37.0,Media,69571.0,Quinta Normal,Entregado
508738,10273,20260504,Estándar,5,12.31,Media,38504.0,Puente Alto,Entregado
508739,10424,20251102,Estándar,4,7.56,Media,50032.0,Ñuñoa,Cancelado
508740,10455,20260126,Estándar,13,68.69,Alta,99037.0,Pudahuel,Entregado
508741,10453,20250415,Express,14,108.39,Urgente,127194.0,Recoleta,Entregado
508742,10220,20250612,Express,10,46.97,Alta,40735.0,San Joaquín,Entregado
508743,10186,20250215,Estándar,15,100.72,Alta,106579.0,Estación Central,Entregado
508744,10025,20261227,Estándar,4,7.11,Alta,35136.0,San Bernardo,Entregado
508745,10395,20260923,Estándar,9,53.05,Alta,67005.0,Estación Central,Entregado
508746,10173,20261007,Express,10,34.44,Baja,124230.0,Macul,Entregado
508747,10463,20261110,Estándar,11,87.19,Alta,67360.0,Renca,Entregado
508748,10114,20260424,Express,12,85.5,Alta,131570.0,San Miguel,Entregado
508749,10264,20260401,Estándar,2,5.86,Media,29229.0,San Joaquín,Entregado
508750,10143,20260128,Programado,11,79.55,Media,63628.0,San Joaquín,Entregado
508751,10256,20251202,Estándar,6,39.85,Media,48975.0,La Cisterna,Entregado
508752,10018,20260725,Programado,6,13.33,Media,57871.0,Colina,En ruta
508753,10450,20250123,Estándar,11,69.96,Media,86428.0,Lo Prado,En ruta
508754,10161,20261001,Express,14,58.97,Alta,104116.0,Quilicura,Entregado
508755,10096,20250423,Estándar,2,6.29,Baja,40794.0,Quinta Normal,En preparación
508756,10192,20250819,Estándar,10,55.74,Media,55174.0,Pedro Aguirre Cerda,Cancelado
508757,10359,20260131,Express,15,26.03,Urgente,78681.0,Peñalolén,Entregado
508758,10122,20251224,Estándar,2,9.53,Alta,18356.0,Cerrillos,Entregado
508759,10029,20250616,Estándar,4,18.51,Media,43376.0,Macul,En preparación
508760,10465,20251109,Estándar,1,3.02,Media,30690.0,Colina,En preparación
508761,10002,20250627,Express,3,21.79,Alta,51878.0,Conchalí,Entregado
508762,10453,20250328,Estándar,7,28.63,Media,51248.0,Puente Alto,Entregado
508763,10276,20260812,Programado,7,14.72,Baja,79710.0,Colina,Entregado
508764,10182,20250502,Estándar,12,72.93,Media,95516.0,Providencia,Pendiente
508765,10413,20250508,Estándar,4,21.12,Alta,30935.0,Pudahuel,Entregado
508766,10296,20250303,Express,8,22.24,Alta,107020.0,Quinta Normal,En ruta
508767,10414,20250718,Estándar,8,53.18,Media,43490.0,Providencia,Entregado
508768,10210,20250404,Express,15,31.88,Alta,136150.0,La Cisterna,Entregado
508769,10103,20250528,Estándar,10,52.84,Media,42753.0,Las Condes,Entregado
508770,10080,20251016,Programado,14,109.13,Baja,103094.0,Pudahuel,Entregado
508771,10321,20260917,Estándar,12,72.21,Baja,80771.0,La Cisterna,Entregado
508772,10056,20250506,Estándar,11,68.58,Baja,62173.0,San Miguel,Entregado
508773,10167,20250928,Estándar,8,46.84,Media,36825.0,San Bernardo,Entregado
508774,10284,20251116,Express,12,76.46,Baja,125631.0,La Florida,Entregado
508775,10257,20260118,Programado,2,12.29,Baja,22584.0,La Florida,Cancelado
508776,10448,20260825,Estándar,11,72.14,Alta,90751.0,San Ramón,Entregado
508777,10351,20250816,Estándar,4,5.36,Alta,48296.0,Pudahuel,Entregado
508778,10358,20251008,Estándar,3,18.24,Media,37645.0,Colina,Entregado
508779,10025,20251014,Express,11,68.69,Alta,135933.0,Vitacura,Entregado
508780,10385,20250619,Estándar,12,81.58,Urgente,88270.0,Vitacura,En ruta
508781,10134,20260413,Estándar,8,20.1,Alta,48825.0,Lampa,Entregado
508782,10127,20250421,Express,4,6.9,Urgente,40207.0,San Ramón,Entregado
508783,10111,20250822,Estándar,14,86.96,Media,59278.0,Lo Espejo,En ruta
508784,10015,20250225,Express,4,12.47,Alta,68716.0,Macul,Cancelado
508785,10442,20260904,Estándar,5,25.79,Baja,45026.0,Buin,Entregado
508786,10455,20260804,Estándar,2,3.48,Media,24722.0,Pudahuel,Entregado
508787,10318,20251011,Estándar,6,45.39,Media,59653.0,Puente Alto,En ruta
508788,10231,20260508,Estándar,5,37.4,Baja,39835.0,Recoleta,Entregado
508789,10294,20250420,Estándar,3,11.38,Alta,25870.0,La Granja,En ruta
508790,10446,20261015,Estándar,13,70.41,Media,69316.0,Providencia,Cancelado
508791,10363,20260902,Estándar,15,43.97,Media,109565.0,Lo Prado,En preparación
508792,10346,20260705,Express,12,65.06,Alta,145313.0,Lo Barnechea,Entregado
508793,10379,20250602,Estándar,6,10.28,Urgente,58626.0,Lo Barnechea,Entregado
508794,10237,20260908,Express,9,59.4,Urgente,83632.0,Cerrillos,Entregado
508795,10301,20260409,Programado,1,1.71,Baja,35604.0,Lo Prado,Entregado
508796,10274,20250422,Programado,14,80.27,Baja,107328.0,Independencia,Entregado
508797,10192,20250821,Estándar,4,31.86,Media,46714.0,San Miguel,Entregado
508798,10485,20250101,Programado,12,20.49,Media,53702.0,San Bernardo,Entregado
508799,10211,20250918,Programado,8,27.42,Baja,33442.0,Pedro Aguirre Cerda,Entregado
508800,10457,20250307,Programado,3,20.23,Alta,29024.0,Buin,Entregado
508801,10393,20260118,Estándar,13,44.57,Alta,123385.0,Colina,Entregado
508802,10407,20260628,Estándar,1,2.2,Media,15836.0,Quilicura,Entregado
508803,10332,20250629,Estándar,1,3.16,Baja,33238.0,Macul,Entregado
508804,10174,20260322,Express,12,47.24,Urgente,146950.0,San Bernardo,En preparación
508805,10454,20260805,Estándar,13,18.72,Baja,111525.0,Macul,Entregado
508806,10013,20251208,Programado,6,29.85,Media,60484.0,Lampa,Entregado
508807,10130,20251123,Estándar,7,52.5,Baja,39598.0,Renca,Entregado
508808,10177,20260412,Estándar,6,30.34,Baja,69705.0,Lo Espejo,En preparación
508809,10399,20261015,Express,11,50.77,Alta,109373.0,Ñuñoa,Entregado
508810,10365,20251017,Express,2,8.74,Alta,18122.0,Buin,En preparación
508811,10499,20250116,Estándar,7,8.23,Media,48873.0,Puente Alto,Entregado
508812,10246,20250816,Estándar,10,71.44,Alta,81794.0,Independencia,En ruta
508813,10171,20250422,Programado,11,80.5,Media,73931.0,Cerrillos,Entregado
508814,10110,20250521,Estándar,8,49.62,Media,77312.0,San Ramón,En ruta
508815,10163,20251208,Estándar,15,57.75,Baja,96341.0,Conchalí,Entregado
508816,10205,20261226,Estándar,2,8.14,Baja,30128.0,San Ramón,Entregado
508817,10087,20260401,Estándar,1,6.72,Media,30063.0,Pedro Aguirre Cerda,Entregado
508818,10369,20261217,Estándar,6,41.35,Baja,43964.0,La Florida,Pendiente
508819,10026,20261203,Express,3,8.64,Urgente,47525.0,Recoleta,Entregado
508820,10058,20250630,Express,9,32.8,Alta,100130.0,Colina,En preparación
508821,10462,20261105,Estándar,12,67.17,Media,108180.0,La Florida,En ruta
508822,10306,20260513,Express,10,65.73,Media,118237.0,Buin,En ruta
508823,10188,20250721,Estándar,13,89.82,Media,62904.0,Conchalí,En ruta
508824,10282,20260923,Estándar,6,29.36,Media,49722.0,Lo Prado,Pendiente
508825,10036,20260123,Estándar,7,55.01,Alta,55240.0,Colina,En ruta
508826,10150,20260212,Estándar,13,75.92,Media,99913.0,Colina,Entregado
508827,10106,20250327,Programado,7,44.2,Alta,87030.0,Macul,Entregado
508828,10454,20260609,Estándar,9,60.61,Urgente,53878.0,Huechuraba,Entregado
508829,10021,20250318,Express,4,14.48,Baja,33700.0,La Granja,Pendiente
508830,10411,20250810,Estándar,5,9.47,Urgente,64409.0,Cerrillos,Entregado
508831,10021,20250811,Express,10,78.46,Urgente,90616.0,Quinta Normal,Entregado
508832,10400,20260115,Programado,12,50.88,Alta,95732.0,Lo Espejo,En ruta
508833,10476,20250507,Express,5,13.92,Urgente,78621.0,Lo Barnechea,Entregado
508834,10051,20261205,Estándar,10,53.58,Alta,84750.0,Ñuñoa,Entregado
508835,10043,20251113,Estándar,7,16.43,Baja,62052.0,Pedro Aguirre Cerda,Entregado
508836,10065,20250411,Express,11,56.38,Alta,58328.0,Pedro Aguirre Cerda,En preparación
508837,10146,20250120,Estándar,10,73.27,Alta,66002.0,El Bosque,Cancelado
508838,10226,20250813,Estándar,10,71.83,Alta,71104.0,Providencia,En preparación
508839,10310,20260824,Estándar,6,20.78,Baja,47171.0,Lampa,Cancelado
508840,10227,20260922,Estándar,4,6.28,Media,45754.0,Lampa,Entregado
508841,10096,20251204,Programado,9,41.16,Alta,78067.0,Recoleta,Entregado
508842,10062,20260806,Programado,12,60.42,Media,65305.0,La Granja,Entregado
508843,10275,20260414,Estándar,11,60.41,Media,112693.0,Peñalolén,Entregado
508844,10203,20260805,Estándar,10,56.9,Alta,36981.0,San Miguel,En ruta
508845,10292,20251025,Estándar,11,11.59,Media,76713.0,Lo Barnechea,Pendiente
508846,10141,20260210,Estándar,9,43.54,Media,35851.0,San Ramón,Entregado
508847,10361,20261125,Estándar,12,71.31,Media,76968.0,San Ramón,Entregado
508848,10135,20250405,Estándar,1,2.89,Media,19578.0,Renca,Entregado
508849,10298,20251105,Programado,5,20.21,Alta,33664.0,Recoleta,Entregado
508850,10299,20250724,Express,1,2.5,Urgente,31051.0,Maipú,Entregado
508851,10469,20250724,Estándar,15,71.65,Media,116086.0,Cerrillos,En preparación
508852,10483,20250130,Express,13,85.92,Media,86222.0,Providencia,Cancelado
508853,10395,20251209,Estándar,13,100.13,Media,100219.0,Quinta Normal,En ruta
508854,10357,20260715,Estándar,1,2.86,Media,32084.0,La Reina,Pendiente
508855,10250,20260924,Programado,5,26.54,Baja,37117.0,Cerrillos,En ruta
508856,10191,20250523,Programado,10,51.62,Baja,102561.0,Las Condes,Entregado
508857,10132,20251008,Estándar,12,81.03,Baja,105447.0,Renca,Entregado
508858,10102,20260401,Estándar,3,18.04,Urgente,27481.0,San Miguel,En preparación
508859,10035,20260923,Estándar,2,6.27,Alta,42818.0,Huechuraba,En ruta
508860,10015,20250107,Express,6,32.88,Media,67036.0,San Miguel,Entregado
508861,10183,20250906,Estándar,11,77.45,Alta,65049.0,Colina,Entregado
508862,10117,20250205,Estándar,12,35.43,Alta,89630.0,San Miguel,Entregado
508863,10152,20250830,Estándar,2,8.3,Baja,16099.0,Independencia,En preparación
508864,10353,20260907,Express,3,5.71,Alta,28065.0,Macul,En ruta
508865,10463,20250510,Programado,9,60.55,Media,77904.0,Estación Central,Entregado
508866,10402,20260111,Programado,7,21.7,Alta,50270.0,La Cisterna,Entregado
508867,10348,20260126,Express,12,87.95,Urgente,115756.0,Puente Alto,Entregado
508868,10083,20250716,Estándar,7,33.28,Media,52478.0,San Bernardo,Entregado
508869,10446,20250820,Estándar,6,47.8,Media,39334.0,La Reina,Cancelado
508870,10389,20251026,Programado,8,61.82,Urgente,36059.0,Ñuñoa,En ruta
508871,10445,20250622,Estándar,3,19.06,Media,32757.0,Conchalí,Cancelado
508872,10272,20251117,Estándar,15,19.11,Media,114933.0,Maipú,Entregado
508873,10335,20261101,Estándar,8,24.98,Media,42210.0,Macul,Entregado
508874,10205,20260121,Estándar,13,17.26,Alta,54403.0,Ñuñoa,En ruta
508875,10231,20250207,Express,7,15.26,Urgente,102798.0,Huechuraba,Entregado
508876,10107,20260710,Express,2,4.96,Alta,43089.0,La Florida,Entregado
508877,10189,20250803,Express,14,35.03,Urgente,125435.0,Macul,Entregado
508878,10304,20260228,Estándar,5,16.94,Baja,44711.0,Maipú,Entregado
508879,10142,20250816,Express,14,107.25,Urgente,154813.0,Cerrillos,Entregado
508880,10105,20250212,Estándar,7,25.44,Baja,42892.0,Providencia,Entregado
508881,10182,20251216,Estándar,10,27.01,Alta,85642.0,San Bernardo,Entregado
508882,10001,20260314,Estándar,9,45.72,Media,79453.0,Renca,Entregado
508883,10236,20260921,Express,6,8.13,Alta,50421.0,San Miguel,Cancelado
508884,10192,20260426,Programado,5,25.75,Baja,37683.0,Quilicura,Entregado
508885,10150,20250719,Estándar,5,15.89,Media,38920.0,Lo Barnechea,En ruta
508886,10488,20260621,Estándar,8,33.39,Alta,66654.0,Independencia,Cancelado
508887,10330,20250304,Express,13,23.98,Alta,93080.0,Puente Alto,Entregado
508888,10053,20260523,Estándar,1,5.7,Media,16710.0,Lo Prado,En preparación
508889,10288,20261120,Estándar,15,110.5,Media,92557.0,Conchalí,Entregado
508890,10064,20260508,Express,15,49.98,Media,138159.0,Pudahuel,Pendiente
508891,10492,20250907,Estándar,14,89.9,Media,81837.0,La Reina,Entregado
508892,10078,20260928,Estándar,11,81.14,Baja,88446.0,Colina,Entregado
508893,10370,20250704,Programado,12,12.11,Baja,67397.0,La Granja,En ruta
508894,10347,20260824,Express,15,89.29,Alta,164601.0,Providencia,Pendiente
508895,10321,20250806,Programado,13,29.68,Baja,98183.0,Quinta Normal,Entregado
508896,10422,20260702,Express,7,48.35,Alta,68278.0,Buin,Pendiente
508897,10183,20260211,Estándar,7,22.6,Media,84237.0,Peñalolén,En ruta
508898,10309,20261220,Express,6,30.67,Urgente,71959.0,Cerrillos,Entregado
508899,10052,20260930,Estándar,10,59.38,Baja,33255.0,Vitacura,Pendiente
508900,10201,20260623,Estándar,3,13.62,Media,44639.0,Vitacura,Entregado
508901,10035,20260909,Estándar,4,30.28,Alta,49686.0,Vitacura,En ruta
508902,10095,20251016,Express,9,35.42,Media,86328.0,San Bernardo,Entregado
508903,10434,20250517,Estándar,15,95.87,Media,128939.0,Conchalí,Entregado
508904,10484,20261022,Estándar,14,53.48,Media,61998.0,Cerrillos,Entregado
508905,10374,20261221,Estándar,9,54.99,Alta,69382.0,Santiago,En ruta
508906,10361,20250321,Estándar,10,32.72,Media,40318.0,Independencia,Entregado
508907,10302,20250324,Express,14,44.71,Media,78062.0,Vitacura,Entregado
508908,10329,20261229,Estándar,8,32.85,Baja,45156.0,Ñuñoa,En ruta
508909,10172,20261119,Express,12,35.58,Urgente,126368.0,La Reina,Cancelado
508910,10364,20250817,Estándar,5,15.87,Alta,44104.0,Peñalolén,Entregado
508911,10205,20250501,Express,3,21.24,Urgente,54778.0,Ñuñoa,En ruta
508912,10405,20260126,Estándar,14,70.9,Alta,85617.0,El Bosque,Entregado
508913,10129,20251106,Estándar,12,90.66,Media,62397.0,Providencia,Entregado
508914,10454,20250705,Estándar,13,20.68,Media,63727.0,San Miguel,En ruta
508915,10390,20260204,Express,13,24.16,Alta,148653.0,Lo Espejo,Entregado
508916,10175,20250531,Estándar,1,6.35,Media,23250.0,Puente Alto,En ruta
508917,10237,20260726,Programado,13,96.46,Baja,86504.0,San Ramón,Entregado
508918,10406,20260202,Estándar,3,22.92,Urgente,35441.0,Independencia,En ruta
508919,10028,20260624,Estándar,14,34.98,Alta,122687.0,La Granja,En ruta
508920,10215,20250201,Express,11,66.87,Media,83574.0,Ñuñoa,En ruta
508921,10021,20260314,Estándar,8,33.47,Media,70444.0,La Florida,En ruta
508922,10115,20260404,Express,5,24.14,Alta,69636.0,Ñuñoa,Entregado
508923,10138,20250506,Express,13,100.7,Alta,76299.0,Huechuraba,Entregado
508924,10042,20261228,Estándar,7,46.51,Media,70646.0,Vitacura,En preparación
508925,10314,20261226,Estándar,6,22.07,Media,41150.0,Recoleta,En ruta
508926,10484,20260817,Estándar,6,40.62,Media,44359.0,Lo Prado,Cancelado
508927,10217,20250331,Estándar,2,6.37,Alta,21593.0,Lo Barnechea,Pendiente
508928,10014,20260204,Programado,9,30.1,Media,64035.0,Las Condes,En ruta
508929,10108,20251018,Estándar,14,25.72,Media,113557.0,Buin,Entregado
508930,10473,20251001,Estándar,7,31.78,Media,38835.0,La Florida,Entregado
508931,10122,20251115,Estándar,13,83.73,Alta,88070.0,San Bernardo,Entregado
508932,10301,20250425,Estándar,10,10.62,Alta,45709.0,Santiago,Entregado
508933,10233,20250824,Estándar,9,42.16,Media,88299.0,El Bosque,Entregado
508934,10334,20250411,Express,15,53.73,Urgente,112822.0,Quinta Normal,Entregado
508935,10349,20250331,Express,9,20.28,Urgente,94886.0,Macul,En ruta
508936,10119,20260712,Estándar,4,8.54,Baja,33618.0,Huechuraba,Entregado
508937,10247,20261105,Estándar,2,3.89,Media,30630.0,Lo Espejo,Entregado
508938,10436,20250303,Estándar,6,24.0,Baja,59949.0,Pudahuel,Entregado
508939,10352,20250324,Estándar,3,11.16,Alta,38933.0,El Bosque,Entregado
508940,10484,20260120,Estándar,9,54.53,Media,83993.0,San Ramón,Entregado
508941,10442,20261121,Express,4,5.26,Media,44346.0,Colina,Entregado
508942,10191,20250722,Express,4,25.72,Alta,30459.0,Lampa,Entregado
508943,10012,20250914,Express,12,58.75,Media,110504.0,Buin,Entregado
508944,10302,20260504,Express,12,75.76,Alta,111613.0,Vitacura,Entregado
508945,10019,20251114,Express,12,28.7,Media,147628.0,Independencia,Entregado
508946,10138,20260407,Estándar,2,11.32,Media,40347.0,Pudahuel,Entregado
508947,10391,20251120,Express,5,23.96,Alta,64379.0,San Joaquín,En ruta
508948,10070,20250624,Estándar,14,36.77,Media,100719.0,Lo Prado,En preparación
508949,10362,20260513,Estándar,15,45.0,Media,56517.0,Cerrillos,Entregado
508950,10491,20250509,Estándar,3,12.44,Media,37063.0,Lo Prado,Entregado
508951,10307,20261226,Estándar,13,75.78,Baja,86199.0,Estación Central,Pendiente
508952,10139,20250609,Estándar,5,36.81,Baja,41226.0,Vitacura,En preparación
508953,10008,20260628,Estándar,13,25.15,Alta,45557.0,Maipú,Entregado
508954,10021,20260622,Express,11,18.81,Baja,74953.0,San Bernardo,Entregado
508955,10125,20261024,Estándar,4,9.29,Media,57047.0,San Ramón,Pendiente
508956,10199,20250709,Estándar,7,32.74,Baja,49068.0,Ñuñoa,Entregado
508957,10222,20250118,Express,1,6.05,Urgente,38159.0,San Bernardo,En ruta
508958,10354,20250109,Estándar,9,10.75,Media,75574.0,Maipú,Entregado
508959,10301,20260723,Estándar,14,15.43,Baja,85450.0,Quilicura,Pendiente
508960,10248,20250319,Estándar,14,108.03,Media,57449.0,Maipú,Entregado
508961,10420,20261126,Programado,13,73.23,Baja,67861.0,Independencia,En preparación
508962,10448,20251009,Estándar,7,17.42,Media,80156.0,San Miguel,Entregado
508963,10006,20261026,Estándar,5,17.07,Media,45249.0,Maipú,Entregado
508964,10100,20260317,Estándar,15,76.14,Media,106326.0,Quinta Normal,Entregado
508965,10150,20250509,Programado,2,7.47,Media,30556.0,Pedro Aguirre Cerda,Entregado
508966,10405,20250116,Express,6,44.42,Urgente,71765.0,El Bosque,Cancelado
508967,10452,20260714,Express,10,55.8,Alta,80749.0,San Joaquín,En preparación
508968,10489,20260131,Estándar,8,39.07,Media,72253.0,Quinta Normal,En ruta
508969,10205,20260107,Programado,15,90.89,Baja,96297.0,Vitacura,En ruta
508970,10174,20250223,Express,4,4.9,Media,53147.0,Quilicura,Cancelado
508971,10338,20260103,Express,12,84.07,Alta,116281.0,La Cisterna,Pendiente
508972,10343,20250131,Estándar,10,47.88,Baja,100548.0,La Reina,Entregado
508973,10405,20250316,Estándar,6,13.94,Alta,40771.0,Lo Barnechea,Pendiente
508974,10213,20260203,Express,3,6.3,Alta,30491.0,Providencia,En ruta
508975,10308,20261104,Estándar,11,52.39,Alta,66608.0,Quinta Normal,Cancelado
508976,10489,20260915,Express,1,3.88,Media,42694.0,Recoleta,Pendiente
508977,10438,20260203,Estándar,11,23.0,Alta,103116.0,La Granja,En preparación
508978,10108,20250105,Estándar,3,5.71,Urgente,44463.0,La Cisterna,Pendiente
508979,10045,20261008,Estándar,10,38.08,Alta,93811.0,La Granja,Entregado
508980,10211,20260721,Estándar,4,9.31,Media,45477.0,Maipú,Entregado
508981,10322,20251012,Estándar,5,9.24,Media,55832.0,Quilicura,Entregado
508982,10299,20261130,Express,13,70.32,Alta,93402.0,Peñalolén,En ruta
508983,10135,20261213,Estándar,12,68.14,Baja,96779.0,Lo Barnechea,Entregado
508984,10017,20250705,Estándar,15,93.42,Media,132124.0,Independencia,En preparación
508985,10009,20250109,Express,13,35.04,Alta,87846.0,Estación Central,Entregado
508986,10318,20261214,Programado,13,86.6,Media,75884.0,Providencia,Entregado
508987,10489,20261227,Express,1,7.39,Alta,23414.0,Maipú,Entregado
508988,10482,20250905,Programado,6,47.78,Baja,54483.0,Macul,Entregado
508989,10437,20251205,Express,12,47.27,Alta,111754.0,Renca,Entregado
508990,10348,20250429,Express,3,16.39,Urgente,43556.0,Independencia,Entregado
508991,10087,20250214,Estándar,9,52.53,Media,77712.0,Recoleta,Entregado
508992,10237,20250630,Estándar,13,102.4,Media,70233.0,La Granja,Entregado
508993,10282,20251102,Express,11,45.92,Urgente,46614.0,Huechuraba,Entregado
508994,10403,20260728,Estándar,13,49.06,Baja,107275.0,Quilicura,En preparación
508995,10487,20260113,Estándar,2,10.68,Baja,22110.0,San Miguel,Pendiente
508996,10397,20260206,Estándar,7,9.97,Media,80736.0,Huechuraba,Pendiente
508997,10111,20250321,Programado,4,31.67,Media,59165.0,Santiago,Entregado
508998,10024,20250423,Programado,2,5.93,Media,40897.0,Independencia,Entregado
508999,10013,20260215,Estándar,11,60.83,Media,98629.0,Lo Barnechea,Entregado
509000,10350,20260317,Programado,4,18.31,Media,47324.0,San Bernardo,Entregado
509001,10019,20260303,Estándar,8,12.01,Media,71804.0,San Joaquín,Entregado
509002,10486,20250719,Estándar,2,12.71,Alta,21252.0,Renca,Entregado
509003,10383,20251104,Estándar,1,7.28,Alta,23503.0,Renca,Entregado
509004,10129,20261231,Estándar,5,34.99,Baja,42312.0,Huechuraba,En ruta
509005,10113,20260225,Estándar,4,24.52,Alta,17798.0,Lo Espejo,Entregado
509006,10426,20250322,Estándar,1,2.22,Baja,35237.0,Lo Prado,Entregado
509007,10409,20250507,Estándar,8,36.15,Media,63481.0,Huechuraba,Entregado
509008,10052,20261210,Estándar,6,29.33,Media,56627.0,Las Condes,Entregado
509009,10496,20261126,Estándar,5,28.41,Media,40898.0,Pedro Aguirre Cerda,En ruta
509010,10141,20260126,Estándar,7,8.7,Media,43743.0,Santiago,En ruta
509011,10482,20250607,Express,2,2.46,Alta,49586.0,Lampa,Entregado
509012,10169,20260619,Estándar,4,15.64,Media,54946.0,Huechuraba,Entregado
509013,10273,20260101,Estándar,12,22.21,Media,73704.0,Lo Barnechea,Entregado
509014,10369,20250820,Estándar,8,29.67,Baja,44374.0,Providencia,Cancelado
509015,10054,20260616,Express,5,18.11,Urgente,72881.0,Peñalolén,Entregado
509016,10152,20250620,Estándar,3,11.79,Media,36856.0,Ñuñoa,En preparación
509017,10071,20250701,Express,12,62.57,Alta,147828.0,Las Condes,Entregado
509018,10482,20260214,Estándar,7,43.12,Media,41753.0,Lo Prado,Entregado
509019,10280,20250522,Estándar,6,7.24,Alta,51662.0,Cerrillos,Entregado
509020,10218,20250713,Estándar,12,45.8,Baja,36842.0,Macul,En ruta
509021,10099,20260105,Express,8,8.07,Alta,96003.0,Conchalí,Entregado
509022,10500,20260515,Estándar,10,26.12,Media,56829.0,San Ramón,Entregado
509023,10216,20250721,Estándar,7,10.19,Media,59101.0,Conchalí,Pendiente
509024,10409,20250827,Estándar,13,48.48,Alta,55637.0,El Bosque,Entregado
509025,10273,20250318,Estándar,8,60.34,Baja,85731.0,Santiago,Entregado
509026,10151,20250708,Express,9,69.57,Media,124049.0,La Granja,Entregado
509027,10098,20250212,Express,6,42.13,Media,81036.0,Vitacura,En preparación
509028,10348,20261118,Estándar,14,99.04,Media,54539.0,San Bernardo,Entregado
509029,10458,20261006,Express,13,78.25,Urgente,111939.0,La Florida,Cancelado
509030,10184,20250518,Programado,5,23.73,Baja,40121.0,Pedro Aguirre Cerda,Entregado
509031,10322,20260221,Express,12,70.35,Alta,68657.0,San Bernardo,Entregado
509032,10326,20251122,Estándar,3,18.72,Urgente,48955.0,San Bernardo,Entregado
509033,10240,20260424,Express,10,12.33,Urgente,85284.0,Lo Espejo,Entregado
509034,10429,20261001,Estándar,1,6.47,Alta,12313.0,Quinta Normal,Entregado
509035,10333,20260412,Estándar,13,95.66,Media,79531.0,Providencia,Entregado
509036,10479,20261029,Express,10,47.21,Media,66335.0,Estación Central,Entregado
509037,10469,20250221,Programado,7,48.84,Alta,41427.0,Independencia,Entregado
509038,10020,20251126,Estándar,10,51.35,Media,90146.0,La Florida,En ruta
509039,10327,20260930,Estándar,12,87.15,Baja,69745.0,Lo Prado,Entregado
509040,10450,20250123,Estándar,7,29.97,Media,70909.0,Macul,Entregado
509041,10461,20261108,Estándar,15,18.89,Alta,126593.0,San Bernardo,Entregado
509042,10148,20261107,Estándar,1,6.04,Media,16515.0,Cerrillos,Entregado
509043,10070,20250506,Estándar,5,35.47,Media,41469.0,San Bernardo,Entregado
509044,10413,20261225,Express,9,64.02,Media,74277.0,Lo Prado,En ruta
509045,10326,20250811,Estándar,10,57.39,Alta,78821.0,San Bernardo,Entregado
509046,10330,20261011,Estándar,7,26.42,Media,58215.0,Cerrillos,Entregado
509047,10386,20261209,Programado,15,98.27,Media,148450.0,Lampa,Entregado
509048,10115,20261105,Programado,11,69.38,Baja,78401.0,La Granja,Entregado
509049,10496,20261111,Programado,15,96.9,Baja,88346.0,Pudahuel,En ruta
509050,10246,20251024,Estándar,6,20.4,Media,63084.0,Estación Central,En preparación
509051,10002,20260420,Express,15,110.89,Baja,144901.0,Providencia,En preparación
509052,10205,20250217,Estándar,9,9.06,Alta,65604.0,San Bernardo,Entregado
509053,10437,20260806,Estándar,14,49.23,Media,47111.0,Lo Prado,Entregado
509054,10172,20250129,Programado,1,3.1,Media,30347.0,La Cisterna,Entregado
509055,10139,20250503,Estándar,13,18.05,Baja,69256.0,La Florida,Entregado
509056,10297,20260924,Express,6,21.48,Urgente,74870.0,San Ramón,En ruta
509057,10065,20260109,Programado,7,54.23,Baja,70402.0,Lo Espejo,Entregado
509058,10069,20260306,Express,8,59.78,Baja,91584.0,Lo Barnechea,Entregado
509059,10299,20260103,Express,8,60.18,Alta,106267.0,Colina,Cancelado
509060,10307,20251002,Estándar,1,1.91,Baja,18831.0,Renca,Entregado
509061,10022,20260315,Express,13,67.8,Media,78249.0,Pudahuel,En ruta
509062,10192,20260522,Estándar,14,33.45,Media,114033.0,Las Condes,Entregado
509063,10306,20260316,Express,5,7.14,Alta,37997.0,Maipú,Entregado
509064,10200,20250704,Express,8,45.16,Alta,80757.0,Puente Alto,En preparación
509065,10171,20260214,Estándar,12,30.23,Media,64974.0,San Joaquín,Entregado
509066,10189,20250709,Estándar,5,12.12,Media,62037.0,Renca,Entregado
509067,10356,20250220,Estándar,13,60.72,Media,42026.0,Cerrillos,En ruta
509068,10071,20250424,Estándar,1,7.01,Media,14620.0,Lampa,En ruta
509069,10250,20260420,Estándar,5,27.96,Baja,38965.0,Maipú,Pendiente
509070,10275,20251209,Programado,9,52.42,Media,70612.0,Huechuraba,Cancelado
509071,10213,20260922,Programado,7,41.29,Baja,83317.0,La Reina,Entregado
509072,10108,20251204,Estándar,9,61.84,Media,56487.0,Providencia,Cancelado
509073,10112,20260110,Express,8,17.25,Alta,53756.0,San Miguel,Entregado
509074,10189,20250813,Programado,9,46.5,Baja,56242.0,La Reina,Entregado
509075,10132,20250118,Estándar,10,28.97,Baja,92297.0,San Miguel,En preparación
509076,10485,20251018,Estándar,5,5.94,Baja,31352.0,La Florida,Entregado
509077,10473,20250621,Estándar,2,9.32,Media,30780.0,Lo Prado,Pendiente
509078,10140,20250728,Programado,9,24.02,Baja,44374.0,Pudahuel,Pendiente
509079,10051,20261009,Estándar,14,27.73,Baja,119295.0,Ñuñoa,Cancelado
509080,10318,20260902,Express,10,11.1,Urgente,117509.0,Pudahuel,Entregado
509081,10171,20260409,Estándar,4,8.84,Baja,48697.0,Pudahuel,En preparación
509082,10455,20250403,Express,11,74.72,Alta,130311.0,Lo Espejo,Entregado
509083,10025,20260802,Estándar,11,65.84,Baja,34550.0,Renca,Entregado
509084,10396,20260527,Express,15,101.67,Urgente,150840.0,Ñuñoa,Entregado
509085,10274,20250316,Estándar,14,82.59,Alta,93620.0,El Bosque,Entregado
509086,10406,20260129,Estándar,8,59.77,Media,55894.0,Buin,Cancelado
509087,10403,20250128,Express,7,44.82,Media,39316.0,Las Condes,Entregado
509088,10334,20250718,Estándar,13,25.67,Media,64029.0,La Granja,Entregado
509089,10407,20261013,Programado,3,3.08,Alta,43796.0,Lo Barnechea,En ruta
509090,10058,20250723,Estándar,8,51.09,Alta,68853.0,Lo Prado,Entregado
509091,10248,20251225,Estándar,9,27.88,Baja,55903.0,La Florida,En preparación
509092,10204,20250129,Estándar,4,15.08,Baja,37466.0,San Bernardo,Pendiente
509093,10079,20260512,Estándar,2,9.7,Media,31176.0,Huechuraba,Entregado
509094,10316,20260626,Programado,5,23.42,Baja,57762.0,Pudahuel,Entregado
509095,10098,20250824,Estándar,4,31.74,Media,43036.0,El Bosque,Entregado
509096,10268,20260404,Express,5,14.65,Urgente,36955.0,Huechuraba,En preparación
509097,10249,20251225,Estándar,7,12.12,Media,35383.0,Peñalolén,Entregado
509098,10120,20250924,Estándar,5,29.58,Alta,34528.0,La Florida,En ruta
509099,10041,20260429,Express,7,52.16,Urgente,55272.0,Macul,Pendiente
509100,10382,20250701,Programado,1,4.67,Alta,34006.0,Colina,Entregado
509101,10182,20250322,Express,9,23.33,Alta,61834.0,Macul,Entregado
509102,10492,20251028,Estándar,14,100.14,Alta,81943.0,Cerrillos,Entregado
509103,10473,20261206,Estándar,14,91.02,Media,82837.0,Lo Barnechea,Entregado
509104,10155,20260822,Estándar,9,17.42,Media,65373.0,Independencia,En ruta
509105,10270,20261010,Estándar,12,78.82,Media,96305.0,Lo Prado,Cancelado
509106,10142,20260802,Estándar,11,69.56,Media,113494.0,Lo Barnechea,Entregado
509107,10367,20251103,Estándar,13,90.68,Alta,72873.0,Colina,Entregado
509108,10169,20250723,Estándar,8,16.89,Media,33207.0,San Ramón,Entregado
509109,10319,20260519,Estándar,2,14.2,Alta,32167.0,Buin,En ruta
509110,10484,20250605,Express,12,25.05,Alta,119814.0,La Granja,Entregado
509111,10146,20251114,Express,1,6.54,Urgente,44888.0,Lo Barnechea,Entregado
509112,10450,20250502,Estándar,7,49.14,Urgente,64374.0,Lo Prado,Entregado
509113,10473,20261125,Estándar,2,2.18,Baja,41841.0,Colina,Entregado
509114,10478,20250912,Estándar,9,12.13,Media,78199.0,Pedro Aguirre Cerda,En preparación
509115,10499,20261010,Estándar,7,55.49,Media,55253.0,Lo Barnechea,Entregado
509116,10357,20250624,Estándar,5,35.7,Media,38496.0,Conchalí,Entregado
509117,10217,20261016,Estándar,10,39.1,Baja,54126.0,La Cisterna,Entregado
509118,10088,20250905,Express,9,39.63,Media,56745.0,Pudahuel,Entregado
509119,10182,20250803,Estándar,7,11.57,Media,54101.0,La Granja,Entregado
509120,10158,20250831,Express,11,83.93,Media,119873.0,Ñuñoa,En preparación
509121,10198,20261101,Estándar,12,26.21,Media,71214.0,La Florida,Entregado
509122,10225,20250102,Estándar,4,30.4,Media,38669.0,Cerrillos,Entregado
509123,10294,20250306,Express,2,13.61,Alta,44057.0,Las Condes,Entregado
509124,10359,20251216,Estándar,7,16.83,Alta,51307.0,San Ramón,En ruta
509125,10191,20260828,Estándar,11,23.42,Media,48539.0,Lo Barnechea,Pendiente
509126,10281,20250122,Programado,13,73.28,Media,103299.0,Lampa,En ruta
509127,10441,20260303,Estándar,11,34.85,Alta,103258.0,San Joaquín,En ruta
509128,10407,20260815,Programado,5,33.52,Alta,49140.0,Buin,Entregado
509129,10137,20261012,Estándar,9,61.39,Media,49025.0,Las Condes,Entregado
509130,10210,20250702,Express,13,54.54,Media,132180.0,San Ramón,Entregado
509131,10163,20251122,Express,2,12.21,Urgente,43964.0,Conchalí,Entregado
509132,10348,20250222,Estándar,10,13.03,Urgente,39628.0,Pudahuel,Entregado
509133,10076,20250925,Express,12,85.71,Alta,94181.0,Lampa,Entregado
509134,10139,20250218,Estándar,9,40.88,Media,78484.0,Lo Espejo,Cancelado
509135,10238,20261024,Estándar,5,12.89,Media,33115.0,San Miguel,En ruta
509136,10147,20250219,Express,10,47.6,Urgente,74878.0,Lo Prado,En ruta
509137,10363,20260422,Estándar,10,36.21,Baja,98229.0,Vitacura,Entregado
509138,10460,20250409,Express,6,47.79,Baja,57459.0,Recoleta,Cancelado
509139,10357,20250829,Estándar,3,20.89,Media,16950.0,Ñuñoa,Entregado
509140,10038,20260528,Programado,13,13.39,Media,56151.0,San Miguel,Entregado
509141,10061,20250322,Estándar,14,95.32,Alta,98531.0,La Florida,Entregado
509142,10181,20261018,Express,9,67.59,Alta,60700.0,Quinta Normal,Entregado
509143,10355,20250616,Estándar,15,29.49,Media,70365.0,Providencia,Entregado
509144,10091,20250806,Estándar,8,41.2,Baja,50251.0,Lo Barnechea,Entregado
509145,10291,20250208,Estándar,14,52.15,Media,111202.0,Maipú,Entregado
509146,10471,20251104,Express,3,4.73,Alta,51770.0,La Reina,Entregado
509147,10414,20261016,Express,10,63.48,Media,99858.0,Pudahuel,En preparación
509148,10309,20260306,Estándar,12,39.01,Baja,118297.0,Recoleta,Cancelado
509149,10033,20250407,Estándar,11,56.14,Media,77394.0,San Joaquín,Entregado
509150,10470,20261219,Estándar,12,43.52,Baja,70849.0,La Granja,Entregado
509151,10458,20250619,Estándar,2,12.97,Media,43452.0,La Cisterna,Entregado
509152,10406,20261011,Estándar,1,1.18,Baja,20304.0,Lampa,En preparación
509153,10270,20260727,Estándar,6,25.76,Baja,56368.0,La Florida,Entregado
509154,10189,20251004,Programado,1,2.76,Media,35798.0,Puente Alto,Entregado
509155,10087,20261114,Estándar,6,7.68,Media,41031.0,La Reina,Entregado
509156,10084,20250708,Express,15,66.65,Media,144937.0,Peñalolén,Entregado
509157,10268,20251110,Estándar,4,30.95,Media,50106.0,Huechuraba,En ruta
509158,10082,20260204,Programado,13,103.33,Baja,119994.0,Independencia,Entregado
509159,10182,20261212,Estándar,14,47.11,Alta,69540.0,Lo Espejo,En ruta
509160,10280,20250618,Estándar,12,53.6,Alta,106999.0,Pedro Aguirre Cerda,Entregado
509161,10326,20261009,Estándar,9,52.84,Media,46747.0,Lo Prado,Entregado
509162,10296,20260514,Programado,10,46.89,Alta,66415.0,Cerrillos,Cancelado
509163,10471,20260219,Estándar,1,2.49,Media,19158.0,San Bernardo,Entregado
509164,10128,20260505,Express,9,15.04,Urgente,73367.0,San Miguel,Entregado
509165,10010,20260704,Estándar,15,95.97,Baja,64448.0,Independencia,En preparación
509166,10312,20260708,Express,3,19.34,Alta,39058.0,Vitacura,En ruta
509167,10271,20261211,Express,15,99.44,Media,118777.0,Vitacura,Entregado
509168,10493,20260917,Estándar,8,17.87,Media,77517.0,Lo Barnechea,En ruta
509169,10053,20250704,Estándar,10,69.0,Baja,76024.0,San Miguel,En preparación
509170,10237,20250521,Express,13,32.82,Alta,119146.0,Lampa,Entregado
509171,10188,20251102,Estándar,12,52.97,Alta,104828.0,Cerrillos,Entregado
509172,10328,20250121,Estándar,1,7.7,Alta,19177.0,Quilicura,Entregado
509173,10484,20250605,Estándar,8,19.15,Media,46061.0,Pudahuel,Entregado
509174,10096,20250806,Estándar,4,16.66,Media,31013.0,Buin,Entregado
509175,10062,20260916,Estándar,3,13.98,Alta,31680.0,Colina,Entregado
509176,10211,20260815,Estándar,1,6.3,Alta,18425.0,Renca,Entregado
509177,10115,20251022,Programado,6,14.69,Media,65245.0,Maipú,Entregado
509178,10334,20250303,Express,15,69.92,Media,123732.0,La Reina,Entregado
509179,10193,20261101,Estándar,4,13.95,Baja,42187.0,Recoleta,Entregado
509180,10097,20251022,Estándar,15,16.03,Media,50519.0,Huechuraba,En ruta
509181,10345,20250819,Estándar,1,3.71,Media,14647.0,La Granja,En ruta
509182,10248,20260421,Estándar,5,36.05,Media,38860.0,El Bosque,En ruta
509183,10054,20250622,Programado,2,3.14,Media,29904.0,La Cisterna,Entregado
509184,10053,20260812,Programado,14,54.32,Media,62865.0,Ñuñoa,Pendiente
509185,10347,20261212,Estándar,14,100.23,Media,72679.0,Lo Espejo,Entregado
509186,10321,20251013,Estándar,1,7.03,Media,15859.0,Puente Alto,Entregado
509187,10283,20260722,Estándar,10,21.93,Baja,55644.0,Peñalolén,En ruta
509188,10222,20250323,Express,8,40.02,Alta,101808.0,Lo Espejo,Entregado
509189,10366,20260422,Estándar,7,49.47,Baja,46776.0,Independencia,Entregado
509190,10044,20261027,Express,6,26.19,Alta,62712.0,El Bosque,Entregado
509191,10491,20260720,Estándar,3,23.67,Alta,29449.0,Colina,En ruta
509192,10155,20261214,Express,6,21.58,Urgente,65246.0,Quinta Normal,En ruta
509193,10348,20260129,Programado,13,72.41,Media,138889.0,Recoleta,Pendiente
509194,10423,20260425,Express,5,39.87,Media,47979.0,Buin,En ruta
509195,10392,20251127,Estándar,7,44.53,Baja,60931.0,Las Condes,Cancelado
509196,10264,20250501,Estándar,1,1.67,Alta,20084.0,El Bosque,Entregado
509197,10488,20260809,Estándar,11,62.81,Media,83091.0,Puente Alto,En preparación
509198,10113,20260519,Estándar,9,27.58,Baja,62711.0,La Florida,En preparación
509199,10125,20260714,Express,10,55.73,Alta,97972.0,Puente Alto,Entregado
509200,10209,20250524,Programado,5,17.66,Alta,33593.0,Las Condes,En ruta
509201,10096,20251225,Programado,6,36.55,Media,31955.0,Pedro Aguirre Cerda,Entregado
509202,10077,20260120,Estándar,4,8.3,Alta,38836.0,Buin,Entregado
509203,10219,20260328,Estándar,10,11.74,Baja,77042.0,Buin,Entregado
509204,10086,20250622,Express,3,21.31,Media,57804.0,Lampa,En preparación
509205,10154,20250404,Estándar,4,11.45,Media,29961.0,Pudahuel,Entregado
509206,10157,20251108,Express,4,7.76,Urgente,51129.0,San Bernardo,Entregado
509207,10222,20260402,Express,11,19.03,Baja,110055.0,Lo Prado,Entregado
509208,10038,20251119,Estándar,14,66.17,Alta,102265.0,La Florida,Entregado
509209,10123,20251026,Estándar,12,87.37,Media,51786.0,Estación Central,Entregado
509210,10291,20251011,Estándar,11,28.79,Baja,77848.0,Las Condes,En ruta
509211,10457,20260125,Estándar,11,61.16,Media,45020.0,Lo Barnechea,Entregado
509212,10142,20250924,Estándar,15,64.66,Baja,73894.0,Ñuñoa,Entregado
509213,10218,20250713,Estándar,9,44.69,Media,77076.0,Renca,En ruta
509214,10033,20250217,Estándar,4,23.6,Media,36161.0,Vitacura,Entregado
509215,10009,20261104,Express,9,32.4,Urgente,115422.0,Macul,Entregado
509216,10074,20260601,Estándar,4,6.32,Media,37196.0,Quinta Normal,Entregado
509217,10323,20260712,Express,6,22.19,Media,49243.0,Vitacura,Entregado
509218,10023,20250917,Estándar,12,85.54,Media,38086.0,Lo Barnechea,En preparación
509219,10359,20260305,Estándar,9,62.0,Media,56204.0,Quilicura,En preparación
509220,10279,20250507,Estándar,14,33.26,Media,113984.0,El Bosque,Cancelado
509221,10455,20260402,Estándar,6,22.42,Urgente,69437.0,San Miguel,Entregado
509222,10116,20250903,Estándar,4,6.06,Media,57108.0,La Reina,Entregado
509223,10300,20251206,Estándar,4,26.51,Baja,55453.0,La Cisterna,En ruta
509224,10305,20260621,Estándar,4,7.9,Media,49108.0,Lo Prado,Entregado
509225,10192,20260618,Estándar,6,44.82,Media,58649.0,San Ramón,En preparación
509226,10458,20260817,Estándar,10,17.73,Media,62948.0,Las Condes,Entregado
509227,10391,20250508,Estándar,5,30.19,Alta,46770.0,Conchalí,En ruta
509228,10445,20261120,Programado,3,13.0,Media,17408.0,Estación Central,En preparación
509229,10461,20260718,Programado,10,43.5,Baja,83849.0,Buin,Entregado
509230,10367,20250418,Estándar,2,7.58,Baja,42554.0,La Granja,Entregado
509231,10269,20261225,Estándar,4,27.96,Baja,29545.0,Las Condes,Entregado
509232,10009,20250204,Estándar,2,5.6,Baja,34598.0,Cerrillos,Entregado
509233,10492,20260910,Programado,13,73.22,Media,88210.0,San Miguel,Entregado
509234,10351,20250421,Estándar,12,50.21,Media,69753.0,Conchalí,Entregado
509235,10292,20251112,Express,15,119.76,Urgente,91962.0,Santiago,Entregado
509236,10384,20250528,Express,14,110.96,Urgente,98936.0,Santiago,En preparación
509237,10264,20250730,Estándar,8,44.84,Media,67208.0,Huechuraba,Entregado
509238,10261,20260501,Estándar,11,39.65,Media,50323.0,San Miguel,Entregado
509239,10448,20260407,Estándar,7,53.55,Baja,82665.0,San Bernardo,Entregado
509240,10335,20250722,Estándar,15,47.63,Media,84164.0,Lampa,En preparación
509241,10221,20250605,Estándar,14,110.47,Media,119606.0,Huechuraba,Entregado
509242,10341,20251225,Estándar,13,20.16,Media,91808.0,Independencia,Entregado
509243,10402,20251010,Estándar,4,16.09,Media,30870.0,Colina,En ruta
509244,10366,20260207,Estándar,7,20.16,Baja,31469.0,Renca,Entregado
509245,10377,20250714,Express,15,88.68,Urgente,169804.0,Peñalolén,Entregado
509246,10266,20250206,Estándar,2,7.43,Alta,24304.0,Puente Alto,Entregado
509247,10341,20250506,Estándar,6,41.33,Baja,44747.0,La Cisterna,Pendiente
509248,10495,20251216,Estándar,9,61.47,Media,54426.0,Recoleta,Entregado
509249,10354,20260225,Estándar,12,56.75,Media,93495.0,Pudahuel,Entregado
509250,10310,20250328,Estándar,3,6.26,Urgente,32143.0,San Ramón,Entregado
509251,10352,20250520,Express,1,4.11,Alta,18546.0,Renca,Entregado
509252,10214,20260906,Estándar,11,62.41,Alta,50964.0,Las Condes,En preparación
509253,10401,20260315,Express,1,6.46,Alta,35763.0,Quilicura,Entregado
509254,10317,20250101,Express,11,39.93,Urgente,129557.0,Huechuraba,Entregado
509255,10370,20260710,Estándar,6,47.83,Alta,41138.0,Colina,Cancelado
509256,10018,20260916,Express,2,2.77,Alta,47619.0,Renca,Entregado
509257,10277,20250919,Estándar,11,29.81,Media,55085.0,Macul,Entregado
509258,10289,20260719,Programado,8,28.61,Baja,52400.0,Lo Prado,En ruta
509259,10183,20261205,Express,14,88.62,Alta,133755.0,Renca,Entregado
509260,10209,20261003,Programado,15,87.15,Baja,98623.0,Lampa,Entregado
509261,10493,20250611,Estándar,3,22.84,Media,16755.0,Quinta Normal,En ruta
509262,10225,20260208,Programado,10,13.56,Media,63781.0,San Joaquín,Entregado
509263,10181,20251202,Estándar,3,21.47,Media,48998.0,Lo Barnechea,Entregado
509264,10004,20260501,Estándar,14,96.7,Baja,73881.0,Ñuñoa,Entregado
509265,10192,20260709,Express,9,18.55,Urgente,80858.0,Pedro Aguirre Cerda,En ruta
509266,10200,20260514,Programado,11,65.53,Baja,88395.0,Quinta Normal,Entregado
509267,10101,20261214,Estándar,3,4.62,Baja,29515.0,San Bernardo,Entregado
509268,10319,20250309,Programado,11,58.99,Media,49462.0,San Miguel,En ruta
509269,10032,20250323,Programado,5,15.19,Media,64723.0,Quinta Normal,Pendiente
509270,10421,20250429,Express,13,36.59,Urgente,113117.0,Recoleta,Pendiente
509271,10271,20260311,Estándar,6,6.38,Media,34782.0,Maipú,Entregado
509272,10018,20251207,Estándar,12,67.21,Media,105843.0,Lo Espejo,En ruta
509273,10001,20260501,Estándar,8,19.62,Alta,47901.0,Lo Espejo,Entregado
509274,10253,20250113,Estándar,12,91.33,Media,53442.0,La Reina,Entregado
509275,10055,20260626,Programado,1,1.07,Baja,13133.0,San Bernardo,Entregado
509276,10368,20250802,Estándar,15,31.79,Media,109944.0,Colina,Entregado
509277,10056,20251020,Programado,10,56.13,Media,75591.0,Recoleta,Entregado
509278,10471,20260108,Estándar,8,10.74,Media,77244.0,Cerrillos,Entregado
509279,10500,20250905,Express,15,20.07,Urgente,193263.0,San Ramón,Entregado
509280,10265,20260322,Express,7,14.64,Urgente,54593.0,Peñalolén,Entregado
509281,10473,20250623,Estándar,15,16.74,Media,117266.0,La Cisterna,Cancelado
509282,10435,20261010,Express,3,16.0,Alta,44986.0,Lo Barnechea,Entregado
509283,10066,20251111,Estándar,5,29.94,Media,49956.0,Providencia,Entregado
509284,10086,20250102,Estándar,9,60.89,Urgente,38118.0,Quilicura,En preparación
509285,10486,20250828,Estándar,3,4.05,Media,31935.0,La Cisterna,Entregado
509286,10123,20260114,Express,9,11.59,Media,62540.0,Maipú,Entregado
509287,10077,20260108,Express,6,27.15,Media,61456.0,Renca,Cancelado
509288,10156,20250622,Express,4,12.46,Alta,58309.0,Ñuñoa,Entregado
509289,10138,20260730,Estándar,14,93.53,Media,120659.0,Lo Espejo,En ruta
509290,10089,20250408,Estándar,4,28.67,Baja,37856.0,La Florida,En ruta
509291,10178,20251022,Express,12,17.4,Urgente,145735.0,Pedro Aguirre Cerda,Entregado
509292,10425,20250705,Estándar,14,74.17,Media,101649.0,Buin,En preparación
509293,10039,20250901,Estándar,2,14.15,Alta,38988.0,Quilicura,En preparación
509294,10349,20261113,Express,1,4.79,Media,25080.0,Quinta Normal,Entregado
509295,10100,20251226,Estándar,14,98.26,Media,80114.0,San Miguel,Entregado
509296,10288,20251223,Estándar,5,10.73,Media,60023.0,Las Condes,Entregado
509297,10139,20250130,Express,13,14.24,Alta,95147.0,Independencia,En ruta
509298,10217,20260314,Estándar,1,6.46,Baja,20244.0,El Bosque,Entregado
509299,10347,20250421,Estándar,6,36.22,Alta,59322.0,La Cisterna,Entregado
509300,10007,20261212,Programado,10,16.57,Baja,53782.0,Vitacura,Entregado
509301,10414,20250414,Programado,2,11.01,Media,37267.0,Buin,Entregado
509302,10020,20261121,Estándar,13,87.39,Alta,78390.0,San Bernardo,Entregado
509303,10098,20251111,Estándar,12,22.39,Media,53065.0,Macul,En ruta
509304,10366,20251229,Express,13,94.96,Urgente,75614.0,San Miguel,Entregado
509305,10330,20250117,Estándar,4,27.54,Media,37311.0,Conchalí,Entregado
509306,10145,20250916,Programado,2,6.81,Media,36061.0,Estación Central,Entregado
509307,10368,20260411,Programado,9,60.32,Baja,36018.0,Ñuñoa,Entregado
509308,10350,20260414,Estándar,11,58.06,Media,65643.0,Macul,En ruta
509309,10164,20261028,Express,12,58.53,Baja,79919.0,La Granja,Cancelado
509310,10308,20260310,Programado,11,53.27,Baja,94241.0,La Florida,En ruta
509311,10423,20251020,Estándar,14,102.67,Alta,98093.0,Cerrillos,En preparación
509312,10158,20250414,Express,6,28.83,Media,57969.0,Maipú,Entregado
509313,10210,20260305,Estándar,10,54.47,Baja,72492.0,Santiago,Pendiente
509314,10376,20260827,Estándar,15,63.41,Media,58486.0,Lo Prado,Entregado
509315,10437,20250527,Programado,6,37.55,Media,70614.0,Colina,Entregado
509316,10050,20260511,Estándar,10,51.72,Baja,71740.0,San Joaquín,Pendiente
509317,10397,20260503,Programado,7,19.09,Baja,51577.0,San Ramón,Entregado
509318,10282,20250612,Estándar,10,34.28,Media,85072.0,Renca,Cancelado
509319,10272,20261111,Estándar,2,8.52,Baja,36489.0,Lo Prado,Entregado
509320,10240,20260130,Express,8,36.06,Alta,81273.0,La Reina,En ruta
509321,10102,20250810,Estándar,15,20.02,Baja,121813.0,Pedro Aguirre Cerda,Entregado
509322,10053,20261120,Express,14,60.63,Alta,92565.0,Maipú,En preparación
509323,10139,20251218,Estándar,14,111.52,Media,81704.0,Ñuñoa,Entregado
509324,10444,20260213,Estándar,9,26.44,Baja,55439.0,Conchalí,Entregado
509325,10252,20260227,Estándar,12,18.19,Media,38911.0,La Florida,Cancelado
509326,10445,20260627,Programado,14,107.2,Media,129182.0,Quinta Normal,En ruta
509327,10489,20260225,Estándar,8,55.12,Media,75847.0,La Granja,Entregado
509328,10164,20250325,Programado,5,35.21,Baja,70882.0,Lo Prado,Entregado
509329,10379,20250328,Programado,1,6.7,Media,35658.0,Macul,Cancelado
509330,10151,20260112,Express,13,80.75,Alta,115272.0,La Granja,Entregado
509331,10369,20250802,Express,11,20.61,Media,125017.0,Vitacura,En ruta
509332,10235,20251112,Estándar,15,16.42,Baja,68054.0,Lampa,Entregado
509333,10159,20250404,Estándar,13,84.38,Media,65924.0,Lo Prado,En ruta
509334,10120,20260806,Estándar,11,80.85,Baja,96525.0,Lampa,Entregado
509335,10277,20260102,Programado,12,47.95,Media,72997.0,Puente Alto,Entregado
509336,10281,20250803,Estándar,10,14.54,Baja,89324.0,Ñuñoa,Entregado
509337,10134,20261210,Estándar,5,23.17,Baja,48164.0,San Ramón,Entregado
509338,10114,20260927,Express,5,10.33,Media,73985.0,La Granja,Entregado
509339,10157,20251012,Estándar,15,39.7,Media,121014.0,San Ramón,Entregado
509340,10241,20260307,Estándar,14,14.27,Baja,67038.0,Lo Barnechea,Entregado
509341,10368,20260318,Programado,15,51.33,Alta,143456.0,Recoleta,Entregado
509342,10345,20260321,Estándar,7,33.85,Media,47994.0,Huechuraba,Entregado
509343,10375,20250112,Estándar,2,11.83,Baja,22839.0,La Reina,Entregado
509344,10300,20260806,Estándar,6,19.49,Media,62756.0,La Cisterna,Pendiente
509345,10450,20260218,Estándar,2,4.79,Media,13584.0,La Florida,En ruta
509346,10435,20260704,Estándar,10,74.16,Alta,83144.0,Quilicura,Entregado
509347,10052,20260224,Estándar,8,49.52,Urgente,44371.0,Vitacura,Entregado
509348,10402,20261111,Estándar,12,21.8,Baja,39469.0,Lampa,Pendiente
509349,10327,20260930,Programado,13,23.95,Media,110934.0,San Miguel,En ruta
509350,10088,20260529,Programado,11,45.13,Alta,69149.0,Independencia,Entregado
509351,10254,20250307,Express,14,82.83,Media,151731.0,Ñuñoa,Entregado
509352,10001,20261015,Estándar,9,56.3,Urgente,47602.0,La Granja,En ruta
509353,10434,20260504,Estándar,11,59.5,Media,87985.0,San Ramón,Entregado
509354,10289,20260521,Estándar,1,6.01,Media,36174.0,Pedro Aguirre Cerda,Entregado
509355,10500,20250828,Estándar,7,36.54,Alta,75218.0,Buin,Entregado
509356,10043,20250519,Estándar,2,12.12,Alta,29421.0,Ñuñoa,Entregado
509357,10414,20260326,Estándar,6,42.07,Media,63736.0,Ñuñoa,Pendiente
509358,10056,20250403,Programado,7,50.23,Media,71140.0,San Joaquín,En preparación
509359,10182,20261111,Estándar,2,14.78,Alta,27888.0,El Bosque,Cancelado
509360,10175,20250724,Estándar,1,2.31,Alta,14849.0,Lo Prado,Entregado
509361,10422,20260803,Estándar,13,86.9,Baja,86220.0,Renca,Cancelado
509362,10332,20261011,Estándar,7,16.33,Alta,50063.0,Peñalolén,En preparación
509363,10105,20250618,Estándar,15,83.76,Baja,120698.0,Lo Prado,Entregado
509364,10353,20260614,Estándar,15,43.03,Alta,113813.0,Macul,En ruta
509365,10168,20260124,Estándar,14,101.13,Media,109268.0,Buin,Entregado
509366,10480,20260423,Estándar,15,100.01,Media,115521.0,Peñalolén,En preparación
509367,10235,20260226,Estándar,8,39.95,Media,52189.0,San Joaquín,Entregado
509368,10259,20251111,Estándar,8,10.79,Media,52681.0,Quilicura,Entregado
509369,10240,20261026,Estándar,14,52.5,Media,98509.0,Renca,Entregado
509370,10219,20250501,Express,2,3.15,Urgente,42159.0,Estación Central,Entregado
509371,10393,20260808,Express,2,13.94,Alta,54317.0,Providencia,Entregado
509372,10069,20250429,Programado,8,29.75,Alta,67301.0,Independencia,Entregado
509373,10248,20250529,Estándar,7,33.27,Media,41434.0,Las Condes,Cancelado
509374,10191,20250126,Express,6,29.96,Media,46331.0,La Granja,Entregado
509375,10038,20260717,Estándar,11,44.41,Media,97759.0,La Granja,Entregado
509376,10024,20250610,Estándar,13,73.36,Media,64186.0,La Granja,Entregado
509377,10423,20251127,Estándar,3,18.53,Media,37828.0,Lo Prado,Entregado
509378,10241,20251115,Estándar,14,82.41,Alta,107548.0,Lampa,Entregado
509379,10240,20250821,Estándar,15,37.72,Alta,52491.0,San Miguel,Entregado
509380,10286,20250620,Express,2,4.96,Urgente,32492.0,La Granja,Entregado
509381,10394,20260710,Estándar,7,41.1,Baja,68723.0,Renca,Entregado
509382,10126,20260315,Estándar,4,23.32,Baja,40178.0,Macul,Entregado
509383,10435,20251210,Estándar,15,42.24,Baja,111417.0,Huechuraba,En ruta
509384,10347,20250420,Estándar,3,17.83,Urgente,34955.0,San Miguel,Cancelado
509385,10101,20250817,Express,4,25.63,Media,60206.0,La Cisterna,En preparación
509386,10404,20250314,Estándar,10,70.18,Media,81382.0,Conchalí,En preparación
509387,10077,20260726,Estándar,2,4.35,Media,18094.0,La Cisterna,Pendiente
509388,10273,20250724,Express,15,78.35,Urgente,198462.0,Macul,En preparación
509389,10129,20250418,Estándar,6,11.58,Alta,49949.0,Ñuñoa,Cancelado
509390,10078,20251116,Estándar,4,28.77,Alta,25885.0,Recoleta,En ruta
509391,10474,20260809,Estándar,10,21.51,Media,48263.0,Cerrillos,En ruta
509392,10053,20250828,Programado,9,28.32,Alta,69838.0,Pedro Aguirre Cerda,Entregado
509393,10379,20260326,Programado,2,4.52,Alta,29987.0,Vitacura,En ruta
509394,10067,20261121,Programado,8,60.21,Media,43262.0,La Granja,Entregado
509395,10093,20250919,Estándar,12,51.31,Media,84448.0,Renca,En preparación
509396,10248,20250623,Programado,1,5.09,Baja,18807.0,San Miguel,Entregado
509397,10192,20250713,Estándar,8,44.59,Media,89089.0,Peñalolén,Cancelado
509398,10132,20250726,Estándar,15,57.31,Media,75666.0,Peñalolén,Pendiente
509399,10488,20261117,Estándar,11,46.61,Baja,96802.0,Lampa,Entregado
509400,10208,20260402,Programado,13,93.73,Baja,72101.0,Huechuraba,Entregado
509401,10028,20260918,Estándar,14,68.32,Media,132790.0,Quinta Normal,Pendiente
509402,10389,20250827,Programado,1,7.81,Alta,17032.0,Macul,Entregado
509403,10063,20251201,Estándar,1,3.68,Alta,24804.0,Pedro Aguirre Cerda,Entregado
509404,10295,20260819,Programado,1,5.54,Baja,37095.0,Huechuraba,Entregado
509405,10026,20260424,Estándar,14,83.43,Alta,95108.0,Estación Central,Entregado
509406,10342,20260102,Estándar,7,38.03,Media,51077.0,Macul,Entregado
509407,10005,20250721,Express,7,28.89,Urgente,56425.0,Lo Barnechea,En preparación
509408,10339,20250203,Estándar,7,45.33,Media,78369.0,San Miguel,Entregado
509409,10351,20250212,Express,4,9.27,Baja,43308.0,Pedro Aguirre Cerda,Pendiente
509410,10278,20250204,Express,6,25.25,Alta,35523.0,Macul,Entregado
509411,10486,20250126,Programado,14,17.62,Media,61822.0,Macul,Entregado
509412,10249,20261212,Express,10,55.03,Urgente,110002.0,Macul,Entregado
509413,10036,20261018,Programado,13,62.9,Baja,136636.0,San Bernardo,En preparación
509414,10014,20251206,Estándar,10,31.44,Media,57530.0,La Reina,En preparación
509415,10119,20250222,Estándar,6,43.58,Media,71209.0,Pedro Aguirre Cerda,Entregado
509416,10403,20250331,Express,7,16.62,Urgente,63076.0,Colina,Entregado
509417,10027,20260805,Estándar,12,32.85,Media,50757.0,Conchalí,Entregado
509418,10231,20250819,Estándar,13,71.23,Alta,84023.0,Santiago,Entregado
509419,10409,20260704,Estándar,12,32.75,Alta,68218.0,Colina,Entregado
509420,10106,20250221,Estándar,14,50.44,Alta,94718.0,Lo Barnechea,Entregado
509421,10387,20250927,Express,14,33.03,Urgente,114192.0,San Ramón,En preparación
509422,10476,20251114,Estándar,2,14.66,Baja,32754.0,Pedro Aguirre Cerda,En ruta
509423,10263,20251116,Estándar,10,74.19,Alta,80917.0,Providencia,Entregado
509424,10449,20250124,Estándar,9,63.66,Media,45015.0,San Bernardo,Entregado
509425,10445,20260208,Estándar,3,17.12,Baja,21448.0,Quinta Normal,En ruta
509426,10104,20250917,Estándar,15,64.17,Baja,90817.0,Macul,Entregado
509427,10487,20261006,Estándar,5,32.44,Media,38570.0,Santiago,Entregado
509428,10010,20260113,Express,3,4.04,Urgente,46482.0,Ñuñoa,Entregado
509429,10108,20260920,Estándar,10,70.58,Alta,81501.0,Estación Central,Entregado
509430,10322,20260412,Programado,9,67.13,Media,85978.0,San Bernardo,Entregado
509431,10385,20251006,Estándar,7,55.38,Baja,68154.0,Las Condes,En preparación
509432,10123,20260324,Express,10,75.83,Alta,107248.0,Santiago,En ruta
509433,10498,20260101,Express,8,22.81,Urgente,111330.0,Macul,En preparación
509434,10366,20260525,Estándar,12,61.83,Media,104058.0,Pedro Aguirre Cerda,Entregado
509435,10495,20250321,Estándar,6,13.03,Baja,47432.0,Independencia,Entregado
509436,10120,20260517,Estándar,8,32.16,Baja,59459.0,Macul,Entregado
509437,10081,20250930,Express,9,28.59,Urgente,131066.0,Pedro Aguirre Cerda,Entregado
509438,10465,20251011,Estándar,10,51.08,Baja,85530.0,El Bosque,Entregado
509439,10266,20261229,Estándar,15,56.02,Alta,94500.0,Maipú,En ruta
509440,10474,20260404,Estándar,1,1.72,Media,26389.0,Pedro Aguirre Cerda,En ruta
509441,10276,20250620,Estándar,7,11.68,Media,45129.0,Santiago,Entregado
509442,10099,20260820,Estándar,9,48.87,Baja,47411.0,Conchalí,Entregado
509443,10204,20260929,Programado,5,12.72,Media,36620.0,Pedro Aguirre Cerda,En ruta
509444,10297,20250822,Estándar,10,50.48,Alta,49577.0,Ñuñoa,Entregado
509445,10394,20260429,Estándar,4,6.91,Media,28844.0,Maipú,En ruta
509446,10283,20250319,Express,5,8.7,Alta,40204.0,La Cisterna,En ruta
509447,10180,20260907,Programado,1,1.06,Media,28064.0,Buin,En preparación
509448,10131,20250112,Express,10,72.34,Media,89851.0,Colina,Entregado
509449,10390,20250725,Estándar,4,24.46,Media,42916.0,Recoleta,En preparación
509450,10408,20250719,Estándar,14,85.31,Alta,133868.0,La Granja,Entregado
509451,10171,20260416,Estándar,9,36.39,Media,68135.0,Lo Espejo,En preparación
509452,10209,20261001,Estándar,13,96.78,Media,105661.0,Peñalolén,Entregado
509453,10064,20261022,Estándar,3,21.56,Media,31772.0,Vitacura,Entregado
509454,10425,20260730,Estándar,3,3.96,Media,27990.0,Recoleta,Entregado
509455,10403,20261211,Estándar,11,54.83,Media,40105.0,Ñuñoa,Entregado
509456,10026,20250625,Estándar,15,68.58,Alta,141616.0,Vitacura,Entregado
509457,10161,20250730,Express,8,32.63,Alta,98813.0,Maipú,Entregado
509458,10244,20260915,Programado,10,70.58,Baja,76712.0,La Florida,En preparación
509459,10469,20260619,Estándar,2,8.83,Media,27889.0,Colina,Pendiente
509460,10272,20250424,Express,6,6.59,Media,90445.0,Las Condes,Entregado
509461,10344,20250615,Estándar,3,12.47,Urgente,36697.0,Buin,En preparación
509462,10356,20261221,Express,8,22.24,Urgente,100954.0,El Bosque,En preparación
509463,10106,20260817,Programado,5,27.3,Alta,62602.0,Vitacura,Entregado
509464,10015,20261117,Estándar,13,13.95,Media,101009.0,Ñuñoa,Entregado
509465,10455,20260520,Estándar,3,9.71,Media,48128.0,Lampa,Entregado
509466,10022,20260820,Estándar,6,26.93,Baja,40552.0,Quinta Normal,Entregado
509467,10227,20250104,Estándar,8,13.18,Media,40064.0,Quinta Normal,Pendiente
509468,10289,20250406,Estándar,10,14.3,Media,51148.0,Santiago,Entregado
509469,10290,20250217,Express,11,38.99,Alta,67711.0,Conchalí,Pendiente
509470,10279,20250329,Estándar,3,5.53,Media,29890.0,Estación Central,Entregado
509471,10456,20250910,Programado,2,10.4,Media,24508.0,Lo Espejo,Entregado
509472,10069,20260905,Estándar,10,69.43,Media,88837.0,Cerrillos,Entregado
509473,10370,20261221,Estándar,4,8.01,Media,46124.0,Lampa,Entregado
509474,10221,20260425,Programado,14,47.39,Media,127672.0,San Ramón,En preparación
509475,10479,20250126,Estándar,11,61.83,Baja,106802.0,Ñuñoa,En ruta
509476,10171,20251114,Programado,2,2.25,Baja,14494.0,Lo Prado,Entregado
509477,10412,20251220,Estándar,12,95.07,Alta,49363.0,Conchalí,Entregado
509478,10377,20260613,Estándar,13,33.08,Baja,97352.0,Puente Alto,Entregado
509479,10042,20251030,Estándar,4,12.04,Alta,50908.0,San Miguel,Entregado
509480,10016,20250909,Estándar,14,81.74,Media,55028.0,Santiago,En ruta
509481,10409,20260928,Express,1,4.22,Urgente,42628.0,Conchalí,En preparación
509482,10472,20250924,Programado,1,5.01,Media,28354.0,San Bernardo,Entregado
509483,10041,20250625,Programado,15,43.51,Alta,127717.0,El Bosque,Entregado
509484,10451,20251107,Express,3,11.23,Urgente,57541.0,San Bernardo,Entregado
509485,10370,20250914,Estándar,3,23.07,Media,21335.0,Colina,Entregado
509486,10299,20251021,Estándar,11,61.86,Urgente,94059.0,Providencia,En ruta
509487,10466,20260113,Estándar,3,3.54,Media,38064.0,San Joaquín,Entregado
509488,10084,20250221,Express,2,13.15,Alta,40229.0,La Cisterna,En preparación
509489,10020,20250609,Programado,11,74.31,Urgente,103232.0,La Reina,Entregado
509490,10188,20260411,Estándar,8,39.58,Media,31927.0,San Ramón,En preparación
509491,10345,20250822,Estándar,12,64.24,Media,90121.0,Lo Espejo,Entregado
509492,10031,20250713,Express,5,10.3,Urgente,76143.0,Pudahuel,Entregado
509493,10271,20251029,Programado,13,62.97,Alta,121843.0,Lampa,En preparación
509494,10186,20250103,Estándar,5,24.38,Baja,47234.0,Recoleta,Pendiente
509495,10072,20251005,Estándar,4,10.1,Baja,59236.0,Quilicura,En ruta
509496,10341,20260410,Estándar,11,54.67,Media,59875.0,Santiago,Entregado
509497,10009,20260509,Estándar,15,46.88,Media,129117.0,Santiago,En preparación
509498,10280,20261219,Programado,4,30.56,Baja,40780.0,Las Condes,Entregado
509499,10420,20260923,Estándar,15,113.42,Media,81580.0,Maipú,Entregado
509500,10203,20260913,Estándar,11,39.22,Baja,59293.0,Pedro Aguirre Cerda,Entregado
509501,10284,20260307,Express,6,13.09,Media,55852.0,El Bosque,En preparación
509502,10001,20260711,Express,9,12.04,Alta,75404.0,Maipú,Entregado
509503,10292,20250313,Estándar,9,62.79,Alta,99302.0,San Ramón,Pendiente
509504,10129,20250506,Estándar,4,18.45,Alta,52674.0,Cerrillos,En preparación
509505,10310,20261122,Express,5,30.1,Media,73988.0,Santiago,En ruta
509506,10358,20250215,Estándar,12,52.74,Baja,38947.0,Colina,En ruta
509507,10216,20261221,Estándar,7,34.03,Alta,38092.0,San Ramón,Entregado
509508,10219,20261117,Estándar,3,17.82,Media,35135.0,San Joaquín,Entregado
509509,10291,20260422,Express,9,45.83,Alta,85312.0,Las Condes,Entregado
509510,10084,20250115,Express,11,50.38,Urgente,126239.0,Huechuraba,Pendiente
509511,10165,20250206,Estándar,11,61.18,Alta,64778.0,Pedro Aguirre Cerda,Entregado
509512,10158,20250416,Estándar,7,22.75,Media,57120.0,Lo Espejo,Entregado
509513,10202,20261025,Estándar,5,12.41,Media,41362.0,Maipú,En ruta
509514,10430,20260226,Estándar,11,45.31,Alta,84519.0,Peñalolén,Entregado
509515,10422,20260115,Programado,9,15.86,Media,95487.0,Colina,Entregado
509516,10487,20250120,Programado,15,87.28,Baja,135264.0,La Cisterna,Entregado
509517,10047,20260407,Estándar,10,33.32,Media,59871.0,La Reina,Entregado
509518,10037,20251023,Estándar,8,28.98,Alta,54603.0,Puente Alto,Entregado
509519,10448,20260907,Estándar,4,27.0,Media,33226.0,Vitacura,En preparación
509520,10414,20250217,Express,1,1.43,Urgente,47089.0,Renca,Pendiente
509521,10223,20260829,Estándar,5,22.71,Alta,52302.0,Renca,Entregado
509522,10022,20250304,Express,1,3.18,Alta,41704.0,Independencia,En ruta
509523,10022,20260111,Express,8,19.35,Baja,74971.0,Lampa,Entregado
509524,10371,20250930,Estándar,1,5.92,Media,17801.0,San Bernardo,Entregado
509525,10099,20261121,Estándar,10,22.1,Alta,57424.0,El Bosque,En ruta
509526,10349,20261024,Estándar,2,3.12,Urgente,32542.0,La Cisterna,En preparación
509527,10142,20260501,Estándar,14,43.64,Alta,79667.0,Renca,Entregado
509528,10128,20251117,Estándar,10,39.39,Media,61238.0,Santiago,Cancelado
509529,10269,20260526,Programado,4,15.77,Baja,50542.0,Renca,Pendiente
509530,10439,20260817,Express,4,25.68,Urgente,82947.0,Independencia,En ruta
509531,10230,20250107,Estándar,15,73.84,Baja,72554.0,Pudahuel,En ruta
509532,10362,20260325,Estándar,10,73.1,Media,77573.0,Peñalolén,Entregado
509533,10352,20260524,Estándar,12,60.96,Media,71119.0,Pedro Aguirre Cerda,Entregado
509534,10137,20250218,Estándar,4,13.39,Media,40145.0,Conchalí,Cancelado
509535,10472,20250806,Estándar,7,8.86,Media,71989.0,Maipú,Pendiente
509536,10413,20250217,Estándar,6,8.93,Media,49288.0,Lo Espejo,Entregado
509537,10282,20260319,Estándar,1,3.33,Urgente,32826.0,San Miguel,Entregado
509538,10240,20260919,Estándar,15,111.88,Media,111402.0,Peñalolén,Entregado
509539,10267,20251209,Estándar,8,13.55,Baja,26010.0,Cerrillos,Pendiente
509540,10481,20260311,Estándar,4,26.93,Media,39949.0,La Reina,En ruta
509541,10395,20260223,Express,7,24.75,Alta,48125.0,Cerrillos,Cancelado
509542,10087,20250608,Estándar,7,42.39,Media,52030.0,Estación Central,Cancelado
509543,10088,20250812,Express,15,100.45,Media,137254.0,Las Condes,Pendiente
509544,10380,20261209,Estándar,14,24.29,Media,118226.0,Cerrillos,En ruta
509545,10191,20250724,Estándar,8,63.52,Urgente,25638.0,Independencia,Entregado
509546,10397,20250216,Estándar,5,26.84,Media,49887.0,Huechuraba,En ruta
509547,10081,20250219,Express,9,59.25,Alta,106222.0,La Florida,Entregado
509548,10085,20260120,Programado,4,7.72,Media,46346.0,Independencia,Entregado
509549,10106,20250210,Express,1,2.51,Urgente,25153.0,Recoleta,Entregado
509550,10208,20250816,Estándar,11,14.52,Baja,55130.0,Ñuñoa,Cancelado
509551,10445,20260122,Estándar,3,18.85,Media,26872.0,Lampa,Entregado
509552,10493,20250609,Express,15,19.36,Alta,112570.0,La Cisterna,Entregado
509553,10056,20260904,Express,6,34.33,Urgente,74552.0,San Bernardo,Entregado
509554,10355,20251123,Estándar,9,10.84,Baja,66188.0,Lampa,En ruta
509555,10401,20250130,Estándar,5,13.12,Media,31064.0,Renca,Entregado
509556,10218,20250130,Estándar,1,4.84,Alta,36114.0,La Cisterna,Entregado
509557,10159,20260413,Express,13,70.89,Alta,103565.0,La Cisterna,Entregado
509558,10342,20250416,Estándar,7,35.52,Alta,36579.0,La Cisterna,Entregado
509559,10104,20260121,Programado,13,67.84,Media,81321.0,Lo Barnechea,En ruta
509560,10018,20250311,Estándar,7,47.75,Urgente,47115.0,La Cisterna,En ruta
509561,10358,20250609,Estándar,12,22.79,Media,103931.0,San Joaquín,En preparación
509562,10413,20250525,Estándar,8,27.23,Media,37822.0,Santiago,Pendiente
509563,10484,20260118,Express,13,27.42,Alta,53183.0,Macul,Entregado
509564,10387,20250902,Estándar,4,26.31,Media,52792.0,Maipú,Entregado
509565,10004,20260214,Programado,5,11.54,Baja,50534.0,El Bosque,En ruta
509566,10388,20250212,Estándar,12,25.81,Alta,73746.0,La Reina,En preparación
509567,10323,20250127,Estándar,14,58.89,Alta,118558.0,Cerrillos,Entregado
509568,10499,20260923,Estándar,2,7.12,Media,30126.0,Santiago,Entregado
509569,10409,20260922,Express,15,41.02,Media,99892.0,Lo Prado,Entregado
509570,10022,20251026,Programado,1,6.25,Media,23542.0,Providencia,Cancelado
509571,10490,20260503,Estándar,9,33.75,Alta,80616.0,Lo Prado,En ruta
509572,10434,20250509,Estándar,11,83.08,Baja,68477.0,El Bosque,Entregado
509573,10336,20250224,Programado,4,12.65,Urgente,53724.0,San Joaquín,Entregado
509574,10263,20250114,Express,15,54.69,Baja,168718.0,Lo Barnechea,Entregado
509575,10257,20261205,Estándar,8,31.01,Urgente,75468.0,La Granja,Entregado
509576,10351,20250821,Programado,7,25.93,Baja,50824.0,Peñalolén,Entregado
509577,10125,20250519,Estándar,12,38.44,Media,50115.0,Cerrillos,Entregado
509578,10349,20260812,Estándar,14,63.31,Urgente,103699.0,Quilicura,Entregado
509579,10322,20250202,Express,1,7.92,Urgente,45199.0,Huechuraba,Entregado
509580,10357,20250715,Express,3,4.95,Alta,46318.0,Las Condes,En ruta
509581,10133,20260622,Estándar,5,8.49,Baja,48387.0,Peñalolén,Cancelado
509582,10224,20250119,Estándar,11,43.32,Alta,63442.0,Providencia,Cancelado
509583,10442,20250301,Estándar,15,117.98,Alta,59306.0,Lampa,Entregado
509584,10336,20250731,Estándar,3,15.23,Media,37767.0,Puente Alto,Entregado
509585,10103,20250712,Estándar,1,3.6,Alta,28424.0,Estación Central,Entregado
509586,10172,20250215,Estándar,9,12.93,Media,76714.0,Quilicura,Entregado
509587,10024,20250114,Estándar,3,7.25,Baja,37364.0,Conchalí,En preparación
509588,10133,20251217,Programado,1,3.87,Media,39422.0,La Cisterna,Pendiente
509589,10230,20250122,Estándar,1,4.89,Baja,21593.0,Las Condes,Entregado
509590,10312,20250712,Estándar,2,11.91,Media,23082.0,Recoleta,Pendiente
509591,10376,20260831,Programado,9,70.41,Media,39426.0,Quilicura,En ruta
509592,10240,20260222,Estándar,5,14.96,Media,43849.0,Providencia,Entregado
509593,10460,20260721,Estándar,4,10.2,Media,40394.0,Conchalí,Entregado
509594,10007,20260924,Express,10,69.83,Urgente,92085.0,Recoleta,En ruta
509595,10142,20250420,Estándar,4,6.35,Baja,25478.0,Estación Central,Entregado
509596,10034,20260620,Programado,5,7.0,Alta,69460.0,Santiago,Entregado
509597,10002,20260310,Estándar,3,22.2,Media,44479.0,Lo Espejo,Entregado
509598,10183,20251126,Estándar,3,9.72,Alta,41145.0,Lo Prado,En preparación
509599,10121,20261213,Estándar,6,45.56,Media,49511.0,La Reina,En ruta
509600,10401,20261221,Estándar,3,13.78,Baja,17384.0,La Granja,Entregado
509601,10478,20260930,Express,12,37.24,Alta,133299.0,Maipú,Entregado
509602,10148,20260505,Estándar,4,27.38,Baja,39737.0,Lampa,Entregado
509603,10257,20250205,Express,10,45.99,Alta,65236.0,Conchalí,En ruta
509604,10010,20260901,Estándar,11,11.97,Media,56985.0,Renca,En preparación
509605,10082,20261002,Estándar,14,30.99,Media,128797.0,Quinta Normal,Entregado
509606,10420,20261110,Estándar,6,9.03,Alta,57478.0,El Bosque,Entregado
509607,10042,20260303,Estándar,12,44.04,Media,81217.0,San Miguel,Entregado
509608,10134,20260518,Estándar,12,65.42,Alta,114862.0,Ñuñoa,Entregado
509609,10336,20261220,Estándar,12,58.62,Media,111186.0,Maipú,En ruta
509610,10363,20251125,Estándar,8,9.7,Media,42607.0,Macul,En preparación
509611,10310,20251018,Estándar,5,32.07,Media,29936.0,Recoleta,Entregado
509612,10421,20250528,Estándar,5,37.5,Media,35435.0,Puente Alto,Entregado
509613,10181,20261006,Estándar,10,47.66,Media,59465.0,Conchalí,Entregado
509614,10182,20261222,Estándar,15,56.05,Media,80597.0,Ñuñoa,Entregado
509615,10422,20250701,Programado,13,43.25,Alta,97137.0,Estación Central,Cancelado
509616,10059,20260114,Estándar,8,49.33,Urgente,84081.0,San Miguel,Entregado
509617,10025,20260821,Estándar,12,42.98,Alta,74039.0,San Ramón,En preparación
509618,10183,20251021,Estándar,4,10.93,Baja,40965.0,Recoleta,Entregado
509619,10495,20260623,Express,11,68.65,Urgente,76733.0,Lampa,En ruta
509620,10302,20250220,Estándar,4,13.92,Alta,42899.0,El Bosque,Entregado
509621,10001,20261213,Programado,15,116.61,Media,122491.0,Las Condes,En ruta
509622,10341,20250508,Estándar,14,63.13,Media,113582.0,Vitacura,Entregado
509623,10122,20260822,Estándar,12,82.05,Urgente,83761.0,Estación Central,Pendiente
509624,10464,20250913,Estándar,11,34.63,Alta,63656.0,Vitacura,Entregado
509625,10289,20251004,Estándar,15,80.86,Alta,93688.0,Huechuraba,Pendiente
509626,10003,20250619,Estándar,15,109.52,Alta,74476.0,Puente Alto,Entregado
509627,10175,20260802,Estándar,7,50.89,Media,35501.0,San Ramón,Entregado
509628,10485,20250203,Programado,2,12.98,Baja,26406.0,El Bosque,Entregado
509629,10184,20250615,Express,6,14.85,Alta,74501.0,La Reina,Entregado
509630,10052,20261130,Estándar,14,85.98,Media,82321.0,Maipú,Entregado
509631,10363,20260518,Estándar,13,40.94,Media,61953.0,Estación Central,Entregado
509632,10172,20250330,Express,8,56.8,Alta,50995.0,La Reina,Entregado
509633,10393,20250310,Express,5,5.07,Alta,67590.0,Las Condes,Entregado
509634,10002,20251119,Estándar,9,47.5,Media,60264.0,San Ramón,Entregado
509635,10262,20260720,Express,8,57.12,Alta,113847.0,Huechuraba,Entregado
509636,10388,20260421,Express,7,38.73,Urgente,75099.0,Buin,En preparación
509637,10334,20261116,Programado,8,54.17,Media,70334.0,La Reina,Entregado
509638,10229,20261006,Programado,2,7.51,Baja,40975.0,Puente Alto,En preparación
509639,10117,20260615,Estándar,2,2.17,Alta,38019.0,Estación Central,Entregado
509640,10434,20250712,Estándar,12,85.77,Baja,97908.0,Huechuraba,En preparación
509641,10477,20260415,Estándar,7,24.9,Urgente,31431.0,Maipú,Entregado
509642,10391,20260702,Programado,12,90.87,Baja,119535.0,Puente Alto,Entregado
509643,10358,20260714,Estándar,4,14.07,Baja,36155.0,Conchalí,Entregado
509644,10293,20251219,Estándar,12,49.93,Media,84142.0,Buin,En preparación
509645,10321,20260330,Express,12,88.09,Alta,101312.0,San Joaquín,Entregado
509646,10497,20260315,Estándar,14,49.96,Alta,72786.0,Recoleta,En ruta
509647,10286,20261117,Estándar,8,12.16,Alta,41910.0,Colina,Entregado
509648,10144,20260415,Estándar,15,73.32,Media,123939.0,Lo Prado,Entregado
509649,10190,20260408,Estándar,7,54.1,Media,59251.0,Pedro Aguirre Cerda,Pendiente
509650,10454,20260401,Estándar,8,25.07,Baja,63133.0,Lampa,Entregado
509651,10410,20250217,Programado,5,29.22,Baja,21058.0,Buin,Entregado
509652,10347,20250803,Estándar,8,51.52,Baja,52673.0,Macul,Entregado
509653,10342,20251117,Estándar,9,24.02,Baja,72599.0,Peñalolén,Cancelado
509654,10176,20260604,Estándar,4,7.6,Alta,31604.0,Renca,Cancelado
509655,10248,20260514,Programado,9,53.02,Media,57548.0,Santiago,Entregado
509656,10331,20260115,Estándar,12,89.67,Media,65534.0,San Ramón,Pendiente
509657,10061,20260827,Estándar,9,52.8,Media,80957.0,Colina,Entregado
509658,10367,20260401,Programado,15,52.28,Media,65894.0,Estación Central,Entregado
509659,10374,20260923,Estándar,1,6.39,Baja,30169.0,Recoleta,En ruta
509660,10047,20251129,Express,15,25.99,Media,93413.0,Santiago,Entregado
509661,10045,20261011,Programado,2,7.17,Media,28856.0,Maipú,Entregado
509662,10174,20261114,Estándar,15,98.82,Urgente,135844.0,Vitacura,Entregado
509663,10096,20250413,Estándar,4,9.17,Media,30010.0,Huechuraba,Entregado
509664,10377,20251019,Estándar,11,81.77,Baja,68411.0,Maipú,En ruta
509665,10493,20250522,Express,9,18.33,Alta,101189.0,Buin,En preparación
509666,10443,20260801,Estándar,6,26.49,Media,49246.0,Lo Espejo,Cancelado
509667,10277,20261221,Estándar,8,47.17,Alta,61869.0,Macul,En ruta
509668,10042,20261207,Estándar,7,32.2,Urgente,50015.0,El Bosque,En ruta
509669,10234,20260420,Estándar,12,75.27,Media,50331.0,La Florida,Cancelado
509670,10287,20260722,Estándar,4,29.74,Baja,35951.0,Lampa,Entregado
509671,10485,20260907,Estándar,3,6.49,Media,33816.0,La Reina,En preparación
509672,10375,20250415,Estándar,2,12.29,Baja,14713.0,Huechuraba,Pendiente
509673,10152,20261201,Estándar,11,85.45,Baja,41649.0,San Ramón,Entregado
509674,10426,20251110,Express,13,14.94,Media,111885.0,Huechuraba,Entregado
509675,10191,20260408,Express,5,11.64,Urgente,64525.0,El Bosque,Pendiente
509676,10122,20251205,Estándar,12,30.95,Alta,111142.0,San Joaquín,Entregado
509677,10320,20250417,Express,8,49.04,Urgente,97268.0,El Bosque,Entregado
509678,10192,20250206,Estándar,7,33.3,Baja,56738.0,La Cisterna,En ruta
509679,10055,20260811,Estándar,3,22.13,Alta,42435.0,La Granja,En ruta
509680,10180,20250128,Express,5,18.49,Urgente,70413.0,Lo Barnechea,Cancelado
509681,10252,20250702,Programado,5,18.19,Baja,68354.0,Lo Barnechea,Entregado
509682,10311,20250727,Estándar,7,13.2,Media,63862.0,Recoleta,En ruta
509683,10002,20261123,Estándar,11,47.92,Alta,100484.0,Recoleta,Entregado
509684,10176,20260921,Express,9,42.43,Urgente,91234.0,La Reina,Cancelado
509685,10058,20260927,Express,11,70.12,Media,84534.0,Lampa,Entregado
509686,10009,20250123,Estándar,9,42.61,Alta,57214.0,Renca,Entregado
509687,10017,20250604,Estándar,3,14.83,Baja,32871.0,Peñalolén,Entregado
509688,10395,20261122,Estándar,8,47.06,Media,74670.0,Buin,Cancelado
509689,10315,20260826,Express,8,43.08,Alta,105647.0,Renca,En ruta
509690,10088,20250801,Estándar,13,85.21,Media,67684.0,Puente Alto,Entregado
509691,10208,20251229,Express,9,29.74,Media,53806.0,Quilicura,Cancelado
509692,10401,20261206,Express,8,16.95,Alta,65864.0,Independencia,En ruta
509693,10315,20260122,Programado,10,52.06,Alta,37243.0,Lo Barnechea,Entregado
509694,10390,20251205,Programado,11,82.7,Alta,123888.0,Recoleta,Entregado
509695,10500,20261119,Estándar,1,4.06,Media,25326.0,Pudahuel,Entregado
509696,10498,20250409,Estándar,8,35.36,Alta,66451.0,Colina,Entregado
509697,10330,20260122,Estándar,4,17.14,Baja,38202.0,La Reina,Entregado
509698,10052,20251125,Estándar,9,18.63,Media,83322.0,Independencia,Entregado
509699,10484,20260904,Estándar,5,10.2,Media,40844.0,San Joaquín,En ruta
509700,10003,20260610,Estándar,14,79.76,Baja,54213.0,San Bernardo,Entregado
509701,10379,20260614,Estándar,10,77.0,Alta,75480.0,Conchalí,En preparación
509702,10271,20261013,Estándar,7,19.22,Urgente,39146.0,Lampa,Entregado
509703,10287,20251017,Estándar,12,93.0,Media,54251.0,El Bosque,Entregado
509704,10250,20250907,Express,12,62.72,Media,73000.0,Renca,Entregado
509705,10489,20250606,Estándar,13,13.06,Media,124879.0,Quinta Normal,Entregado
509706,10486,20260711,Estándar,1,3.53,Baja,29530.0,Ñuñoa,Entregado
509707,10437,20261227,Estándar,15,16.81,Media,129083.0,Quilicura,En preparación
509708,10037,20260512,Express,10,69.69,Urgente,47408.0,Providencia,Entregado
509709,10111,20261013,Estándar,12,79.75,Media,78475.0,Pedro Aguirre Cerda,Entregado
509710,10130,20250204,Estándar,13,21.25,Media,77174.0,Independencia,Entregado
509711,10230,20251124,Express,13,85.07,Urgente,70251.0,Quinta Normal,Entregado
509712,10112,20260722,Estándar,10,24.93,Media,51436.0,Lo Espejo,Entregado
509713,10434,20261118,Express,7,44.0,Alta,75470.0,Pudahuel,En ruta
509714,10448,20250923,Estándar,4,29.18,Media,39375.0,Independencia,Entregado
509715,10195,20251020,Estándar,5,35.08,Alta,33447.0,La Florida,En ruta
509716,10237,20261203,Programado,8,52.13,Alta,32585.0,Ñuñoa,Entregado
509717,10033,20250806,Estándar,2,10.78,Baja,34619.0,Puente Alto,Entregado
509718,10125,20260420,Programado,15,44.63,Media,139976.0,Peñalolén,Entregado
509719,10251,20260819,Programado,2,9.62,Baja,46886.0,Providencia,En ruta
509720,10226,20260526,Estándar,13,35.7,Media,72059.0,Huechuraba,Entregado
509721,10156,20250201,Estándar,6,39.3,Media,51832.0,San Bernardo,Entregado
509722,10245,20260909,Programado,11,48.58,Alta,80206.0,Independencia,Entregado
509723,10283,20250228,Estándar,9,71.79,Media,41684.0,Macul,Entregado
509724,10438,20251228,Estándar,9,29.84,Media,69422.0,Quinta Normal,En preparación
509725,10189,20250219,Estándar,6,42.54,Baja,74584.0,La Florida,Entregado
509726,10350,20250211,Estándar,1,5.62,Urgente,14267.0,Ñuñoa,Entregado
509727,10025,20261009,Express,12,13.19,Media,100969.0,Macul,Entregado
509728,10072,20250314,Estándar,4,21.05,Media,46214.0,Recoleta,En ruta
509729,10137,20251004,Express,8,53.38,Alta,97481.0,Pedro Aguirre Cerda,Entregado
509730,10454,20260524,Estándar,6,15.43,Baja,43916.0,Vitacura,Entregado
509731,10384,20260107,Programado,13,35.8,Media,99579.0,La Cisterna,Entregado
509732,10086,20250829,Programado,11,49.79,Alta,67040.0,La Cisterna,Entregado
509733,10498,20260613,Estándar,1,3.33,Alta,30402.0,Lo Prado,Cancelado
509734,10039,20260823,Estándar,1,4.03,Baja,13522.0,La Reina,Entregado
509735,10493,20260417,Estándar,3,9.11,Media,31335.0,La Florida,En preparación
509736,10147,20251031,Programado,6,33.62,Baja,67830.0,Conchalí,Entregado
509737,10046,20261018,Estándar,12,13.01,Media,80131.0,La Florida,Entregado
509738,10145,20260409,Express,12,47.51,Alta,158000.0,San Ramón,Entregado
509739,10368,20261130,Express,9,67.2,Alta,43439.0,Recoleta,Entregado
509740,10398,20260411,Estándar,13,64.98,Media,106356.0,La Florida,Entregado
509741,10374,20250323,Express,5,24.38,Urgente,72611.0,La Granja,Entregado
509742,10157,20250921,Estándar,7,54.75,Media,48842.0,La Florida,Entregado
509743,10347,20251201,Programado,2,8.96,Media,37695.0,San Bernardo,Cancelado
509744,10297,20250615,Express,8,47.41,Alta,93833.0,San Miguel,Entregado
509745,10118,20250514,Estándar,15,23.02,Media,86161.0,Maipú,Entregado
509746,10408,20250407,Programado,10,37.63,Media,62246.0,Huechuraba,Entregado
509747,10164,20260916,Express,7,35.85,Media,64919.0,Vitacura,Entregado
509748,10380,20250829,Programado,15,98.65,Baja,153787.0,Recoleta,Entregado
509749,10202,20250725,Estándar,8,57.94,Alta,78051.0,San Ramón,Entregado
509750,10107,20250318,Programado,4,19.37,Media,40166.0,Pudahuel,Entregado
509751,10110,20251013,Estándar,14,78.42,Media,62119.0,Quilicura,Pendiente
509752,10365,20251103,Programado,6,6.05,Media,76265.0,San Ramón,En ruta
509753,10264,20260805,Estándar,10,25.21,Alta,42768.0,Ñuñoa,Entregado
509754,10078,20250103,Estándar,10,14.67,Media,103942.0,Santiago,Entregado
509755,10457,20250408,Estándar,13,60.05,Media,114022.0,Renca,En ruta
509756,10115,20250616,Express,12,95.72,Urgente,129114.0,La Granja,Entregado
509757,10413,20261123,Estándar,7,43.36,Baja,36881.0,Las Condes,Entregado
509758,10297,20260106,Programado,4,25.04,Alta,41983.0,Las Condes,Entregado
509759,10452,20260413,Estándar,1,3.3,Baja,27675.0,Renca,En preparación
509760,10368,20250712,Estándar,7,34.94,Media,74014.0,Colina,Entregado
509761,10153,20251019,Estándar,14,17.18,Media,98866.0,Lo Barnechea,En preparación
509762,10430,20260821,Estándar,1,4.44,Media,28625.0,Peñalolén,Entregado
509763,10449,20251216,Express,4,15.61,Urgente,59420.0,Providencia,Pendiente
509764,10269,20260914,Estándar,9,22.73,Alta,61918.0,La Florida,En ruta
509765,10120,20250612,Estándar,14,78.69,Media,77155.0,Vitacura,Entregado
509766,10215,20260910,Express,11,33.65,Urgente,134179.0,Buin,Entregado
509767,10280,20250224,Estándar,13,89.04,Media,90341.0,Colina,Entregado
509768,10243,20260815,Programado,13,99.07,Baja,101075.0,Pedro Aguirre Cerda,Entregado
509769,10156,20251216,Estándar,9,35.47,Urgente,81057.0,Ñuñoa,Entregado
509770,10071,20250302,Estándar,11,55.87,Media,76553.0,Puente Alto,Entregado
509771,10013,20250508,Estándar,10,63.96,Baja,55888.0,Ñuñoa,Entregado
509772,10286,20251224,Express,11,60.07,Alta,87283.0,San Miguel,En ruta
509773,10278,20260928,Estándar,3,14.42,Baja,35166.0,Conchalí,Pendiente
509774,10406,20250206,Estándar,10,49.38,Baja,99695.0,Quilicura,En ruta
509775,10005,20260907,Estándar,8,42.36,Urgente,76384.0,Macul,Entregado
509776,10369,20260505,Programado,13,102.48,Media,121657.0,Lo Barnechea,Entregado
509777,10047,20250505,Estándar,12,64.47,Alta,83376.0,Pudahuel,Entregado
509778,10294,20261122,Programado,10,68.51,Baja,57174.0,Lo Prado,Entregado
509779,10036,20261020,Express,14,27.54,Urgente,168298.0,Independencia,Pendiente
509780,10448,20260922,Estándar,15,54.29,Media,71324.0,Las Condes,Entregado
509781,10027,20251017,Programado,12,34.74,Alta,52226.0,Pedro Aguirre Cerda,En ruta
509782,10210,20260228,Estándar,2,15.97,Media,22550.0,Conchalí,Entregado
509783,10155,20251128,Express,13,89.84,Alta,67329.0,Maipú,En ruta
509784,10145,20250926,Express,5,12.8,Alta,54404.0,San Joaquín,En ruta
509785,10056,20250922,Estándar,6,12.95,Media,64716.0,Independencia,En ruta
509786,10029,20260622,Estándar,11,55.18,Alta,110972.0,San Bernardo,Pendiente
509787,10464,20260525,Estándar,8,16.59,Media,56770.0,San Ramón,Entregado
509788,10312,20260625,Estándar,3,16.4,Urgente,34660.0,La Reina,Entregado
509789,10014,20250122,Estándar,12,52.26,Baja,69817.0,Conchalí,En ruta
509790,10077,20250920,Estándar,2,3.16,Alta,41843.0,San Joaquín,Entregado
509791,10323,20250424,Estándar,1,6.28,Media,20122.0,Lo Barnechea,Entregado
509792,10276,20251125,Estándar,1,3.85,Baja,28391.0,Quilicura,En ruta
509793,10301,20260611,Estándar,12,40.75,Media,83810.0,San Miguel,En preparación
509794,10298,20250812,Estándar,15,78.08,Media,124412.0,Lampa,Entregado
509795,10331,20260531,Programado,14,100.47,Baja,92748.0,La Reina,Cancelado
509796,10059,20251209,Estándar,10,21.72,Alta,43400.0,Vitacura,Entregado
509797,10040,20251031,Estándar,10,41.29,Media,34532.0,Pudahuel,En ruta
509798,10219,20260130,Programado,14,81.04,Baja,90816.0,La Granja,Entregado
509799,10361,20261103,Estándar,12,23.34,Alta,96364.0,Vitacura,Entregado
509800,10420,20251218,Estándar,5,29.91,Media,46651.0,Lo Prado,Entregado
509801,10144,20250205,Estándar,15,77.7,Media,91851.0,Estación Central,Entregado
509802,10014,20250915,Estándar,6,27.35,Media,59643.0,La Florida,Entregado
509803,10361,20250830,Estándar,2,5.76,Media,18234.0,Providencia,Entregado
509804,10008,20260322,Estándar,3,4.91,Media,31761.0,Colina,Cancelado
509805,10445,20260416,Estándar,2,8.35,Baja,32589.0,La Cisterna,Entregado
509806,10193,20261214,Estándar,7,23.96,Media,49664.0,Huechuraba,Entregado
509807,10210,20250508,Estándar,12,91.32,Media,67990.0,Huechuraba,Pendiente
509808,10258,20250706,Express,13,90.03,Alta,146831.0,Buin,Entregado
509809,10208,20251117,Estándar,5,7.98,Media,32410.0,Pedro Aguirre Cerda,En ruta
509810,10011,20260602,Estándar,11,44.78,Media,114086.0,Peñalolén,Entregado
509811,10434,20261016,Estándar,1,4.65,Alta,24577.0,La Reina,Entregado
509812,10098,20260818,Estándar,1,6.58,Media,19225.0,Recoleta,En ruta
509813,10252,20250123,Programado,11,48.53,Alta,97126.0,Independencia,Entregado
509814,10399,20260303,Estándar,9,64.64,Media,42823.0,Puente Alto,Entregado
509815,10448,20250221,Express,4,20.23,Media,47065.0,Colina,En ruta
509816,10443,20260412,Programado,12,19.64,Baja,103656.0,Macul,Entregado
509817,10088,20251210,Estándar,15,84.87,Media,87908.0,Pudahuel,Entregado
509818,10258,20260207,Estándar,15,35.74,Alta,80008.0,Las Condes,En preparación
509819,10397,20250729,Express,1,5.05,Alta,36604.0,Peñalolén,Entregado
509820,10230,20260503,Programado,4,11.99,Media,42679.0,Colina,Entregado
509821,10318,20250602,Estándar,10,74.84,Media,32889.0,San Bernardo,En preparación
509822,10019,20251006,Programado,7,45.4,Baja,70529.0,Renca,Cancelado
509823,10365,20251130,Estándar,11,52.82,Urgente,105597.0,Lo Barnechea,Entregado
509824,10036,20250707,Express,1,6.96,Baja,44608.0,Ñuñoa,Entregado
509825,10227,20250102,Programado,7,39.92,Media,37431.0,Peñalolén,Entregado
509826,10409,20260716,Estándar,7,15.85,Media,45145.0,Peñalolén,En preparación
509827,10172,20251112,Estándar,11,79.5,Media,91470.0,Las Condes,Entregado
509828,10102,20260930,Express,1,6.2,Alta,33009.0,La Granja,Entregado
509829,10041,20260428,Estándar,2,4.26,Media,34731.0,Peñalolén,En ruta
509830,10430,20260603,Estándar,5,34.42,Media,40300.0,La Florida,Entregado
509831,10069,20260823,Estándar,1,7.4,Media,18014.0,La Florida,Entregado
509832,10120,20260707,Estándar,1,6.4,Baja,17773.0,Recoleta,Entregado
509833,10192,20250709,Express,12,82.39,Alta,83923.0,Pudahuel,Entregado
509834,10136,20260703,Estándar,14,107.3,Media,102599.0,Vitacura,En ruta
509835,10465,20250622,Estándar,12,13.06,Media,45608.0,Independencia,Entregado
509836,10309,20260323,Estándar,2,4.95,Media,24510.0,Macul,Pendiente
509837,10260,20250709,Express,7,26.8,Alta,112656.0,Lampa,Pendiente
509838,10082,20250915,Programado,3,13.74,Baja,35746.0,Lo Barnechea,Entregado
509839,10034,20260202,Estándar,3,6.79,Media,17015.0,Macul,En ruta
509840,10422,20250310,Estándar,9,19.69,Alta,67007.0,Pudahuel,En ruta
509841,10445,20250327,Estándar,6,23.97,Alta,57919.0,San Miguel,Entregado
509842,10360,20261222,Express,9,30.21,Urgente,104324.0,Lo Prado,Pendiente
509843,10376,20250221,Estándar,9,30.48,Media,84246.0,Santiago,En ruta
509844,10076,20260117,Express,9,64.41,Media,86264.0,Renca,Entregado
509845,10457,20250112,Programado,4,4.54,Alta,49317.0,Puente Alto,Entregado
509846,10497,20260319,Estándar,13,97.41,Alta,52356.0,Lampa,Pendiente
509847,10190,20250410,Estándar,3,7.28,Baja,18086.0,San Miguel,Entregado
509848,10266,20260616,Express,12,63.79,Media,124446.0,San Joaquín,Entregado
509849,10360,20261012,Estándar,7,45.34,Media,46186.0,San Ramón,Entregado
509850,10248,20251029,Estándar,15,72.21,Alta,45065.0,Pedro Aguirre Cerda,Entregado
509851,10026,20250729,Programado,6,14.52,Urgente,49896.0,Cerrillos,Pendiente
509852,10308,20260730,Estándar,12,83.8,Media,74063.0,Estación Central,En ruta
509853,10373,20260223,Estándar,7,15.49,Baja,53622.0,Puente Alto,Entregado
509854,10402,20250416,Estándar,12,16.37,Baja,91530.0,San Joaquín,Entregado
509855,10409,20260611,Programado,15,19.53,Baja,76493.0,San Miguel,Entregado
509856,10191,20250816,Programado,5,32.07,Baja,42811.0,Quinta Normal,Entregado
509857,10458,20260930,Estándar,4,24.14,Baja,31328.0,Peñalolén,Entregado
509858,10429,20250430,Express,2,12.05,Urgente,35609.0,Quilicura,Entregado
509859,10238,20250520,Programado,5,14.72,Media,27994.0,San Ramón,Cancelado
509860,10263,20250313,Programado,12,83.68,Baja,91346.0,El Bosque,Entregado
509861,10405,20260706,Express,10,48.71,Urgente,87769.0,Huechuraba,En preparación
509862,10403,20251009,Estándar,7,34.79,Media,59984.0,Huechuraba,Entregado
509863,10229,20250628,Estándar,7,19.43,Media,51014.0,El Bosque,Pendiente
509864,10499,20260518,Express,8,23.16,Alta,54687.0,Pedro Aguirre Cerda,En ruta
509865,10439,20251030,Express,9,58.47,Media,52024.0,Ñuñoa,Entregado
509866,10344,20251117,Estándar,3,22.53,Alta,31816.0,San Miguel,Entregado
509867,10470,20250323,Estándar,10,40.65,Baja,56430.0,Recoleta,Entregado
509868,10156,20261028,Estándar,11,71.2,Media,77009.0,Recoleta,Entregado
509869,10356,20250719,Programado,8,59.38,Media,46108.0,Santiago,En preparación
509870,10403,20250704,Programado,14,77.34,Media,94239.0,Las Condes,Entregado
509871,10175,20250327,Express,4,16.96,Alta,79001.0,Colina,Entregado
509872,10102,20260713,Estándar,12,71.99,Alta,108543.0,Santiago,Entregado
509873,10472,20260916,Estándar,10,30.85,Media,70890.0,Recoleta,Entregado
509874,10494,20260112,Express,5,35.66,Alta,70091.0,Quilicura,Entregado
509875,10187,20260705,Programado,5,26.66,Media,66822.0,La Reina,Entregado
509876,10173,20250903,Express,10,64.97,Alta,116699.0,La Granja,En ruta
509877,10042,20261209,Estándar,1,5.38,Media,15896.0,Quinta Normal,En preparación
509878,10332,20250702,Programado,12,18.49,Media,114929.0,Providencia,En preparación
509879,10255,20250307,Estándar,6,6.9,Media,50142.0,Estación Central,En preparación
509880,10283,20250818,Programado,1,1.56,Media,25761.0,Buin,Entregado
509881,10334,20250922,Estándar,10,39.19,Alta,71666.0,Cerrillos,Entregado
509882,10305,20260211,Estándar,2,2.01,Media,44592.0,Santiago,En ruta
509883,10092,20250221,Estándar,4,4.48,Alta,35165.0,Vitacura,Entregado
509884,10195,20250125,Estándar,11,38.39,Baja,73234.0,Renca,Entregado
509885,10281,20250622,Estándar,3,16.55,Media,40911.0,San Miguel,Cancelado
509886,10074,20261102,Estándar,6,17.58,Media,57509.0,San Bernardo,Entregado
509887,10174,20250823,Estándar,8,20.86,Media,88299.0,Ñuñoa,Pendiente
509888,10386,20260505,Programado,13,89.79,Media,130341.0,Ñuñoa,Entregado
509889,10414,20250404,Estándar,4,17.82,Media,37571.0,Pedro Aguirre Cerda,Entregado
509890,10192,20250618,Express,8,22.75,Urgente,64913.0,Conchalí,Entregado
509891,10208,20250217,Programado,5,28.54,Baja,48107.0,Santiago,Entregado
509892,10052,20260201,Programado,6,40.38,Media,39439.0,Puente Alto,Entregado
509893,10019,20250113,Estándar,9,24.05,Media,46446.0,San Miguel,En ruta
509894,10357,20250629,Programado,1,7.45,Baja,16248.0,Buin,Entregado
509895,10254,20260520,Estándar,3,22.27,Baja,38659.0,Santiago,En preparación
509896,10025,20260224,Estándar,7,25.66,Media,48721.0,Quinta Normal,En preparación
509897,10419,20260512,Estándar,3,15.99,Media,38255.0,Lampa,Entregado
509898,10409,20251019,Estándar,5,26.5,Media,33454.0,Huechuraba,Entregado
509899,10422,20261215,Estándar,5,6.48,Alta,41601.0,San Bernardo,Entregado
509900,10030,20260825,Programado,15,103.27,Urgente,100005.0,San Joaquín,Entregado
509901,10098,20251012,Express,7,45.93,Alta,70348.0,Pedro Aguirre Cerda,Pendiente
509902,10471,20260518,Express,7,34.33,Urgente,60873.0,Quilicura,Entregado
509903,10346,20250211,Estándar,11,86.37,Alta,73367.0,Peñalolén,Entregado
509904,10389,20250314,Estándar,4,28.4,Media,57340.0,Quinta Normal,Entregado
509905,10044,20261208,Estándar,14,81.87,Baja,84650.0,Recoleta,Entregado
509906,10458,20250928,Programado,7,41.07,Urgente,68968.0,Quinta Normal,Entregado
509907,10467,20251228,Programado,5,25.05,Alta,59882.0,Peñalolén,En ruta
509908,10343,20261124,Estándar,13,46.81,Media,105265.0,Pedro Aguirre Cerda,Entregado
509909,10221,20260114,Express,6,41.76,Alta,59836.0,Quilicura,En preparación
509910,10228,20251213,Estándar,6,40.74,Media,37272.0,Lo Barnechea,Entregado
509911,10203,20250725,Estándar,6,14.28,Baja,71570.0,Santiago,Pendiente
509912,10313,20250122,Estándar,15,40.49,Baja,118544.0,Puente Alto,Entregado
509913,10131,20260619,Estándar,10,11.71,Urgente,88712.0,Colina,Entregado
509914,10307,20250517,Estándar,14,49.75,Media,59136.0,Macul,Entregado
509915,10317,20260927,Estándar,9,46.76,Media,61835.0,San Ramón,Entregado
509916,10247,20250506,Programado,10,77.25,Media,56526.0,Providencia,En ruta
509917,10315,20261010,Estándar,1,2.14,Media,17643.0,Macul,Pendiente
509918,10255,20260206,Estándar,3,11.52,Baja,37844.0,Renca,En preparación
509919,10140,20260423,Express,14,83.69,Alta,117064.0,Estación Central,En preparación
509920,10344,20260422,Express,13,13.05,Baja,157502.0,Lo Prado,Entregado
509921,10232,20260902,Express,3,5.5,Alta,44200.0,Macul,Entregado
509922,10044,20260122,Programado,13,40.33,Baja,60731.0,Buin,En ruta
509923,10465,20260202,Estándar,1,3.81,Media,26937.0,Puente Alto,Entregado
509924,10181,20250618,Estándar,13,72.72,Urgente,103252.0,San Ramón,En preparación
509925,10271,20260716,Estándar,15,64.86,Media,109756.0,La Granja,Entregado
509926,10117,20260624,Express,11,63.26,Alta,132377.0,Maipú,Entregado
509927,10475,20261110,Estándar,9,58.27,Alta,67725.0,Quilicura,Entregado
509928,10193,20260406,Estándar,3,21.91,Alta,44729.0,La Cisterna,Entregado
509929,10341,20250223,Estándar,14,19.36,Media,81118.0,San Bernardo,Entregado
509930,10050,20250226,Express,13,88.33,Urgente,131304.0,Ñuñoa,Pendiente
509931,10239,20250509,Estándar,1,5.43,Alta,26800.0,La Florida,Entregado
509932,10023,20251017,Express,10,10.75,Alta,65861.0,Pudahuel,Entregado
509933,10183,20250816,Programado,3,17.2,Media,36300.0,Cerrillos,Entregado
509934,10372,20260728,Estándar,3,21.22,Media,40213.0,La Granja,Entregado
509935,10365,20250414,Programado,4,24.78,Baja,39047.0,Vitacura,Entregado
509936,10240,20250221,Estándar,8,34.39,Baja,44351.0,Colina,Entregado
509937,10161,20260903,Estándar,7,48.88,Media,81098.0,La Florida,Entregado
509938,10312,20260317,Programado,14,52.69,Media,114704.0,Recoleta,En preparación
509939,10268,20260708,Estándar,8,60.14,Media,81875.0,San Bernardo,En ruta
509940,10467,20250325,Express,4,27.64,Alta,64801.0,Peñalolén,Entregado
509941,10478,20260131,Estándar,6,39.89,Baja,44801.0,Cerrillos,Cancelado
509942,10267,20260409,Express,6,7.47,Alta,62513.0,Recoleta,Entregado
509943,10419,20251227,Programado,10,52.36,Baja,57466.0,La Cisterna,Entregado
509944,10423,20250701,Express,3,13.33,Media,46185.0,Ñuñoa,Entregado
509945,10397,20260920,Estándar,8,40.64,Media,56100.0,Peñalolén,Entregado
509946,10090,20260228,Express,4,8.38,Urgente,48731.0,Peñalolén,Entregado
509947,10329,20250703,Estándar,6,12.15,Media,40073.0,La Cisterna,Entregado
509948,10330,20251110,Estándar,9,29.26,Media,63773.0,Las Condes,Entregado
509949,10191,20251229,Estándar,14,89.98,Media,82502.0,San Joaquín,En ruta
509950,10237,20260522,Estándar,14,75.68,Media,126638.0,Puente Alto,Pendiente
509951,10115,20261017,Estándar,1,4.39,Media,35097.0,Buin,Entregado
509952,10253,20260921,Estándar,15,45.96,Media,134522.0,El Bosque,Entregado
509953,10069,20261213,Estándar,9,31.76,Media,80583.0,Lo Espejo,En preparación
509954,10033,20250531,Programado,3,13.23,Baja,29861.0,Lo Prado,Entregado
509955,10341,20260503,Estándar,11,31.87,Alta,76765.0,San Joaquín,Entregado
509956,10089,20260911,Estándar,12,94.41,Media,39392.0,Las Condes,Cancelado
509957,10259,20261204,Express,3,22.85,Alta,51440.0,Maipú,Entregado
509958,10064,20251011,Estándar,5,29.57,Alta,60875.0,Macul,Entregado
509959,10024,20260909,Estándar,7,34.73,Baja,64286.0,Lo Prado,Entregado
509960,10129,20250402,Estándar,15,88.7,Alta,101056.0,San Bernardo,En ruta
509961,10250,20250819,Express,4,28.33,Media,52380.0,Renca,Entregado
509962,10378,20261122,Estándar,10,73.27,Baja,71302.0,Lo Barnechea,Pendiente
509963,10468,20260218,Estándar,8,34.54,Media,52748.0,Quilicura,Entregado
509964,10225,20260216,Estándar,7,35.65,Baja,37354.0,San Bernardo,Entregado
509965,10402,20261230,Estándar,1,2.23,Media,36934.0,Conchalí,En ruta
509966,10495,20250609,Estándar,4,9.87,Alta,17912.0,La Reina,En ruta
509967,10322,20261005,Estándar,4,31.35,Baja,33045.0,La Granja,Entregado
509968,10463,20250403,Estándar,8,52.37,Media,47533.0,Ñuñoa,Entregado
509969,10020,20250919,Express,3,3.34,Media,37195.0,Independencia,Entregado
509970,10390,20250422,Estándar,5,9.4,Alta,36977.0,Puente Alto,Entregado
509971,10131,20260308,Estándar,2,15.01,Media,27130.0,La Reina,En ruta
509972,10050,20251022,Estándar,1,2.32,Alta,15100.0,Santiago,Entregado
509973,10462,20261004,Programado,7,49.17,Alta,69423.0,La Cisterna,Entregado
509974,10297,20260417,Estándar,7,35.17,Media,65339.0,Recoleta,Entregado
509975,10215,20250514,Express,10,51.13,Alta,51949.0,Vitacura,Entregado
509976,10290,20250308,Programado,15,110.72,Baja,132814.0,Las Condes,En preparación
509977,10168,20261128,Estándar,5,28.12,Media,60888.0,Providencia,En ruta
509978,10239,20250717,Estándar,2,12.06,Media,17228.0,Lo Barnechea,Entregado
509979,10336,20260625,Programado,5,30.68,Baja,57600.0,La Reina,Entregado
509980,10415,20260407,Express,5,14.63,Urgente,73879.0,Colina,Entregado
509981,10219,20250113,Express,13,24.94,Alta,149355.0,Pudahuel,Entregado
509982,10082,20261029,Estándar,9,63.69,Baja,95906.0,Cerrillos,En ruta
509983,10468,20250311,Estándar,13,76.92,Media,110290.0,Quilicura,Entregado
509984,10190,20250127,Estándar,12,28.85,Baja,40009.0,Colina,Entregado
509985,10074,20251031,Express,8,12.23,Media,117642.0,La Florida,Entregado
509986,10399,20250220,Express,3,23.79,Alta,53888.0,Huechuraba,Entregado
509987,10376,20260107,Express,11,43.95,Alta,151343.0,Ñuñoa,Entregado
509988,10034,20260912,Programado,5,25.43,Media,58296.0,Recoleta,Entregado
509989,10116,20260716,Estándar,5,27.01,Alta,40362.0,La Florida,En ruta
509990,10335,20250605,Express,10,26.78,Urgente,115618.0,Quilicura,Entregado
509991,10300,20261019,Express,9,12.15,Alta,83460.0,Lo Espejo,Cancelado
509992,10205,20260219,Estándar,13,23.42,Alta,85076.0,San Joaquín,Entregado
509993,10294,20260101,Express,6,8.87,Alta,46505.0,Peñalolén,En ruta
509994,10122,20251215,Programado,9,19.78,Baja,67234.0,San Joaquín,Entregado
509995,10316,20260112,Programado,5,37.63,Baja,48767.0,Quinta Normal,Entregado
509996,10106,20260710,Estándar,5,27.82,Media,35177.0,Peñalolén,Entregado
509997,10459,20250108,Express,4,20.38,Alta,54344.0,Pudahuel,En preparación
509998,10353,20261119,Estándar,14,30.38,Alta,107073.0,La Reina,En preparación
509999,10149,20260726,Estándar,11,36.86,Baja,68394.0,La Florida,Entregado
510000,10445,20250430,Express,7,48.61,Alta,108262.0,Lo Barnechea,Entregado
